time_step,total_population,asia_population,asia_prop_age_0_5,asia_prop_age_6_14,asia_prop_age_15_49,asia_prop_age_50_79,asia_prop_age_80plus,africa_population,africa_prop_age_0_5,africa_prop_age_6_14,africa_prop_age_15_49,africa_prop_age_50_79,africa_prop_age_80plus,europe_population,europe_prop_age_0_5,europe_prop_age_6_14,europe_prop_age_15_49,europe_prop_age_50_79,europe_prop_age_80plus,north_america_population,north_america_prop_age_0_5,north_america_prop_age_6_14,north_america_prop_age_15_49,north_america_prop_age_50_79,north_america_prop_age_80plus,south_america_population,south_america_prop_age_0_5,south_america_prop_age_6_14,south_america_prop_age_15_49,south_america_prop_age_50_79,south_america_prop_age_80plus,oceania_population,oceania_prop_age_0_5,oceania_prop_age_6_14,oceania_prop_age_15_49,oceania_prop_age_50_79,oceania_prop_age_80plus
33580,5575665,3096285,0.122781,0.168985,0.49953799999999998,0.204154,0.0045430000000000002,982836,0.121554,0.17130899999999999,0.50063800000000003,0.20228099999999999,0.0042170000000000003,693013,0.103197,0.142207,0.46812500000000001,0.26972699999999999,0.016743999999999998,382466,0.116656,0.16117000000000001,0.48769800000000002,0.223887,0.010588999999999999,277675,0.12997900000000001,0.17652999999999999,0.48772100000000002,0.19989899999999999,0.0058700000000000002,143390,0.1124,0.13388700000000001,0.49833300000000003,0.23921500000000001,0.016166
33581,5575917,3096551,0.122781,0.168962,0.49954599999999999,0.20416300000000001,0.0045490000000000001,982893,0.121557,0.171315,0.50063100000000005,0.20227100000000001,0.0042249999999999996,693038,0.103212,0.14219399999999999,0.46812700000000002,0.26971200000000001,0.016754000000000002,382394,0.116631,0.161192,0.48773300000000003,0.22383500000000001,0.010609,277668,0.13001099999999999,0.176563,0.487626,0.19991100000000001,0.005888,143373,0.112427,0.13391600000000001,0.49825999999999998,0.239201,0.016195999999999999
33582,5576142,3096664,0.12277399999999999,0.16897200000000001,0.49953500000000001,0.20416799999999999,0.0045510000000000004,982943,0.121548,0.17131399999999999,0.50064399999999998,0.202261,0.0042319999999999997,693071,0.103197,0.14217199999999999,0.46816099999999999,0.2697,0.01677,382388,0.11663,0.16117400000000001,0.48768299999999998,0.22387499999999999,0.010638,277681,0.13002,0.176566,0.48760300000000001,0.19992699999999999,0.0058840000000000003,143395,0.112473,0.13389599999999999,0.49828800000000001,0.239151,0.016192999999999999
33583,5576363,3096799,0.122782,0.168964,0.49952299999999999,0.20417199999999999,0.0045589999999999997,982956,0.121528,0.17130500000000001,0.50066500000000003,0.202265,0.0042360000000000002,693125,0.103182,0.14217299999999999,0.46814099999999997,0.26974500000000001,0.016759,382409,0.116606,0.161131,0.48775000000000002,0.223881,0.010633,277700,0.13003200000000001,0.17652100000000001,0.48770599999999997,0.19983400000000001,0.0059059999999999998,143374,0.112566,0.13378300000000001,0.49834000000000001,0.239067,0.016244000000000001
33584,5576578,3096868,0.122767,0.168959,0.49952999999999997,0.204177,0.0045669999999999999,983049,0.121541,0.17131099999999999,0.50064500000000001,0.202266,0.0042370000000000003,693172,0.10319399999999999,0.14218700000000001,0.46810000000000002,0.26974100000000001,0.016778000000000001,382422,0.11659600000000001,0.16111800000000001,0.48775400000000002,0.22389400000000001,0.010637000000000001,277679,0.13004599999999999,0.17649899999999999,0.48770000000000002,0.19986000000000001,0.0058950000000000001,143388,0.11259,0.13369300000000001,0.49836799999999998,0.239093,0.016257000000000001
33585,5576776,3096948,0.122765,0.16894700000000001,0.49954100000000001,0.20417299999999999,0.0045739999999999999,983088,0.121517,0.17130600000000001,0.50064900000000001,0.20228599999999999,0.0042420000000000001,693179,0.103223,0.142203,0.46806399999999998,0.26972499999999999,0.016785000000000001,382451,0.116614,0.161134,0.48774400000000001,0.223859,0.01065,277684,0.13003999999999999,0.17651700000000001,0.48768699999999998,0.199853,0.0059020000000000001,143426,0.11254599999999999,0.13370000000000001,0.49831300000000001,0.239176,0.016265999999999999
33586,5576972,3097095,0.122769,0.16893,0.499527,0.20419599999999999,0.0045779999999999996,983123,0.121514,0.17128599999999999,0.50065400000000004,0.202296,0.0042509999999999996,693167,0.10320600000000001,0.14223,0.46810499999999999,0.26966200000000001,0.016796999999999999,382457,0.116593,0.161134,0.48780600000000002,0.223803,0.010663000000000001,277693,0.129964,0.17655799999999999,0.48773300000000003,0.19983899999999999,0.0059059999999999998,143437,0.112607,0.13361300000000001,0.49833,0.23916399999999999,0.016285999999999998
33587,5577195,3097276,0.122769,0.16891900000000001,0.49953199999999998,0.20419599999999999,0.0045840000000000004,983142,0.121501,0.171295,0.50065000000000004,0.20230000000000001,0.004254,693231,0.10322000000000001,0.142207,0.46811399999999997,0.26964500000000002,0.016815,382424,0.116609,0.16112199999999999,0.48780899999999999,0.22378799999999999,0.010671,277682,0.129972,0.176562,0.487734,0.19982900000000001,0.0059020000000000001,143440,0.112591,0.13361700000000001,0.49824299999999999,0.239285,0.016265000000000002
33588,5577452,3097400,0.122781,0.16891400000000001,0.49952600000000003,0.20419300000000001,0.0045859999999999998,983174,0.121514,0.17127700000000001,0.50065400000000004,0.202291,0.0042649999999999997,693231,0.10317800000000001,0.14219899999999999,0.46815400000000001,0.269646,0.016823000000000001,382487,0.116616,0.16104099999999999,0.48788599999999999,0.223772,0.010685,277696,0.129915,0.176646,0.48770200000000002,0.199826,0.0059090000000000002,143464,0.11266900000000001,0.133525,0.49817400000000001,0.23936299999999999,0.016268999999999999
33589,5577658,3097492,0.122769,0.16891900000000001,0.49953199999999998,0.20419000000000001,0.0045900000000000003,983230,0.121518,0.17127300000000001,0.50064600000000004,0.20229,0.0042729999999999999,693276,0.103209,0.14216599999999999,0.46812100000000001,0.26967600000000003,0.016829,382526,0.116604,0.16105800000000001,0.48792000000000002,0.223718,0.010699999999999999,277668,0.12995399999999999,0.17660300000000001,0.48765799999999998,0.19986499999999999,0.005921,143466,0.112542,0.13355800000000001,0.49829200000000001,0.239346,0.016261999999999999
33590,5577833,3097533,0.122764,0.16891800000000001,0.49953199999999998,0.20419200000000001,0.004594,983280,0.121507,0.17127500000000001,0.50063999999999997,0.202295,0.0042839999999999996,693277,0.103226,0.14218,0.468107,0.26965800000000001,0.016829,382599,0.11655500000000001,0.161082,0.48792600000000003,0.22373599999999999,0.010699999999999999,277677,0.12997800000000001,0.17660100000000001,0.487595,0.19988700000000001,0.0059389999999999998,143467,0.112458,0.13351499999999999,0.49832399999999999,0.23943500000000001,0.016268999999999999
33591,5578069,3097673,0.12277100000000001,0.168908,0.499529,0.20419300000000001,0.0045979999999999997,983312,0.12151099999999999,0.17125499999999999,0.500637,0.20230799999999999,0.0042900000000000004,693329,0.103182,0.142176,0.46812100000000001,0.26968700000000001,0.016833000000000001,382623,0.11654299999999999,0.16113,0.48792400000000002,0.22369,0.010713,277701,0.129964,0.17657500000000001,0.48763200000000001,0.19988,0.0059490000000000003,143431,0.1125,0.133549,0.49828800000000001,0.23941100000000001,0.016251999999999999
33592,5578291,3097648,0.122767,0.168902,0.49952999999999997,0.20419599999999999,0.0046049999999999997,983405,0.121516,0.17124300000000001,0.50063800000000003,0.20231199999999999,0.0042909999999999997,693336,0.10319399999999999,0.142123,0.46815000000000001,0.2697,0.016833000000000001,382731,0.116518,0.16117300000000001,0.48787000000000003,0.223718,0.01072,277748,0.12997,0.17660600000000001,0.48761100000000002,0.19985,0.0059620000000000003,143423,0.11250599999999999,0.133605,0.49835800000000002,0.239257,0.016274
33593,5578509,3097808,0.12277399999999999,0.16888400000000001,0.499531,0.20420099999999999,0.0046109999999999996,983380,0.121506,0.17124500000000001,0.50061299999999997,0.20233999999999999,0.0042950000000000002,693328,0.103224,0.14210700000000001,0.468144,0.26968500000000001,0.016840999999999998,382767,0.11652,0.16120000000000001,0.48791000000000001,0.223661,0.010709,277787,0.12995899999999999,0.176538,0.48765799999999998,0.19988,0.0059649999999999998,143439,0.112515,0.133632,0.49828800000000001,0.23927200000000001,0.016292999999999998
33594,5578714,3097915,0.122768,0.168873,0.49953799999999998,0.204209,0.0046129999999999999,983430,0.12152300000000001,0.171263,0.50060199999999999,0.20231399999999999,0.0042979999999999997,693372,0.103187,0.14208200000000001,0.46819,0.26968799999999998,0.016851999999999999,382755,0.11655500000000001,0.16118099999999999,0.48790699999999998,0.22364400000000001,0.010711999999999999,277777,0.129964,0.176537,0.487618,0.199905,0.0059760000000000004,143465,0.112543,0.13374,0.49811499999999997,0.239313,0.016289999999999999
33595,5578973,3098010,0.122762,0.16886699999999999,0.49955500000000003,0.20419499999999999,0.00462,983495,0.121532,0.17125899999999999,0.50058199999999997,0.202316,0.0043109999999999997,693409,0.103189,0.142069,0.468171,0.26971000000000001,0.016861999999999999,382779,0.116576,0.16123100000000001,0.48785899999999999,0.22364100000000001,0.010692999999999999,277762,0.12995699999999999,0.17654,0.48766599999999999,0.19985800000000001,0.0059800000000000001,143518,0.112522,0.133774,0.49802099999999999,0.23939199999999999,0.016291
33596,5579180,3098086,0.122763,0.16887199999999999,0.49954700000000002,0.20418900000000001,0.0046290000000000003,983449,0.121528,0.17126,0.50056699999999998,0.20232600000000001,0.0043189999999999999,693456,0.103212,0.14204700000000001,0.46820400000000001,0.269675,0.016861999999999999,382851,0.116526,0.16118499999999999,0.487929,0.223659,0.010701,277774,0.129937,0.17650299999999999,0.48767300000000002,0.19989299999999999,0.0059940000000000002,143564,0.11257,0.133745,0.49801499999999999,0.23941899999999999,0.016251000000000002
33597,5579425,3098241,0.122777,0.16886300000000001,0.49954199999999999,0.20418500000000001,0.004633,983491,0.12149,0.17127700000000001,0.50056,0.202347,0.0043270000000000001,693513,0.10319299999999999,0.14204600000000001,0.46820000000000001,0.269681,0.016879000000000002,382844,0.116572,0.161188,0.487875,0.22365499999999999,0.010709,277801,0.129913,0.17654400000000001,0.48771199999999998,0.19983400000000001,0.0059969999999999997,143535,0.11261400000000001,0.13373699999999999,0.49796899999999999,0.23946100000000001,0.016219000000000001
33598,5579656,3098327,0.12277200000000001,0.16886300000000001,0.499527,0.20419899999999999,0.0046389999999999999,983548,0.121474,0.17128199999999999,0.50055700000000003,0.20235400000000001,0.0043319999999999999,693487,0.10318099999999999,0.14204900000000001,0.46821400000000002,0.26967099999999999,0.016886000000000002,382919,0.11659899999999999,0.16122700000000001,0.48788599999999999,0.223583,0.010704999999999999,277839,0.129856,0.17652300000000001,0.48771100000000001,0.19989299999999999,0.0060179999999999999,143536,0.11264100000000001,0.13369500000000001,0.49803500000000001,0.23938899999999999,0.016240000000000001
33599,5579890,3098462,0.122762,0.16885700000000001,0.49953199999999998,0.204205,0.0046449999999999998,983599,0.121503,0.17128399999999999,0.50052700000000006,0.202349,0.0043369999999999997,693501,0.103171,0.142044,0.46820000000000001,0.26967099999999999,0.016913999999999998,382885,0.116633,0.16118399999999999,0.48795300000000003,0.22353700000000001,0.010692999999999999,277894,0.129916,0.17646999999999999,0.48765700000000001,0.199929,0.0060270000000000002,143549,0.112679,0.13370299999999999,0.49804599999999999,0.239319,0.016251999999999999
33600,5580114,3098594,0.122748,0.16884299999999999,0.49954500000000002,0.20421500000000001,0.0046490000000000004,983647,0.121488,0.17130000000000001,0.50050499999999998,0.20235900000000001,0.0043480000000000003,693545,0.103225,0.142038,0.46819300000000003,0.26964199999999999,0.016902,382912,0.116661,0.16120399999999999,0.487898,0.22353999999999999,0.010697,277874,0.12989300000000001,0.176483,0.48766300000000001,0.199907,0.0060530000000000002,143542,0.11268499999999999,0.133682,0.49795200000000001,0.23936499999999999,0.016316000000000001
33601,5580328,3098685,0.122754,0.16882800000000001,0.49954599999999999,0.20421500000000001,0.0046560000000000004,983672,0.121473,0.17130500000000001,0.50051500000000004,0.20235500000000001,0.0043509999999999998,693561,0.103209,0.14207500000000001,0.46817399999999998,0.26963500000000001,0.016906999999999998,383012,0.116605,0.161188,0.48798200000000003,0.22351499999999999,0.010710000000000001,277868,0.12993199999999999,0.17644299999999999,0.48764200000000002,0.19991900000000001,0.0060639999999999999,143530,0.112632,0.13370699999999999,0.49790299999999998,0.23944099999999999,0.016317000000000002
33602,5580546,3098838,0.122755,0.16881599999999999,0.499552,0.20421700000000001,0.0046610000000000002,983719,0.12146800000000001,0.17130699999999999,0.50052700000000006,0.20233400000000001,0.0043639999999999998,693542,0.10322099999999999,0.14207400000000001,0.46814600000000001,0.26964300000000002,0.016916,383021,0.116581,0.16122900000000001,0.48798900000000001,0.22348100000000001,0.01072,277876,0.12992500000000001,0.17641000000000001,0.48763499999999999,0.19996,0.006071,143550,0.11269899999999999,0.13377900000000001,0.49784,0.23935200000000001,0.016329
33603,5580782,3098991,0.122754,0.16880300000000001,0.499556,0.20422000000000001,0.0046670000000000001,983772,0.121485,0.171267,0.50053800000000004,0.20233799999999999,0.004372,693559,0.103184,0.14210500000000001,0.46810299999999999,0.26967600000000003,0.016933,383036,0.11658399999999999,0.16123299999999999,0.48801899999999998,0.223436,0.010727,277889,0.12992200000000001,0.176423,0.48764800000000003,0.19994300000000001,0.0060639999999999999,143535,0.112676,0.13389100000000001,0.49785800000000002,0.239259,0.016317000000000002
33604,5581016,3099123,0.122754,0.16880400000000001,0.499552,0.20421400000000001,0.0046759999999999996,983770,0.121465,0.17126,0.50055400000000005,0.20234199999999999,0.0043790000000000001,693583,0.10316599999999999,0.142124,0.468055,0.26972400000000002,0.016931000000000002,383078,0.11661299999999999,0.161215,0.48796899999999999,0.223469,0.010734,277933,0.13000600000000001,0.17636299999999999,0.487653,0.19989699999999999,0.0060809999999999996,143529,0.11266,0.13392399999999999,0.497892,0.23916399999999999,0.016358999999999999
33605,5581226,3099212,0.122752,0.168792,0.49956,0.20421400000000001,0.0046829999999999997,983800,0.121473,0.17121800000000001,0.50057600000000002,0.20235300000000001,0.0043800000000000002,693555,0.103189,0.14213700000000001,0.46798200000000001,0.269762,0.016930000000000001,383187,0.116609,0.16122900000000001,0.48797299999999999,0.22345499999999999,0.010734,277951,0.13001599999999999,0.17633699999999999,0.48766100000000001,0.199909,0.0060769999999999999,143521,0.112715,0.13391800000000001,0.49792700000000001,0.23904500000000001,0.016395
33606,5581455,3099400,0.122753,0.16878899999999999,0.499533,0.204236,0.0046880000000000003,983808,0.121463,0.171233,0.50055799999999995,0.20236399999999999,0.0043829999999999997,693567,0.10320699999999999,0.142092,0.46800799999999998,0.26974500000000001,0.016948999999999999,383198,0.11658200000000001,0.16122500000000001,0.488043,0.223409,0.010741000000000001,278004,0.129969,0.176343,0.48769400000000002,0.199904,0.0060899999999999999,143478,0.112749,0.133909,0.49787399999999998,0.239068,0.016400000000000001
33607,5581709,3099523,0.12275899999999999,0.16878499999999999,0.49951800000000002,0.20424400000000001,0.0046940000000000003,983841,0.121465,0.171238,0.50053599999999998,0.202375,0.0043860000000000001,693636,0.10319399999999999,0.14205300000000001,0.46803499999999998,0.26975199999999999,0.016965999999999998,383281,0.11656999999999999,0.161216,0.48812499999999998,0.22334999999999999,0.010739,278032,0.12998499999999999,0.17635000000000001,0.487653,0.19991900000000001,0.0060930000000000003,143396,0.112744,0.133909,0.497894,0.23901600000000001,0.016437
33608,5581925,3099682,0.12275899999999999,0.16878099999999999,0.49950800000000001,0.20424999999999999,0.0047019999999999996,983868,0.121464,0.17121800000000001,0.50054200000000004,0.20238200000000001,0.0043940000000000003,693591,0.10316,0.14208200000000001,0.46803400000000001,0.269758,0.016965000000000001,383303,0.116581,0.161191,0.48816500000000002,0.223306,0.010756999999999999,278053,0.12997500000000001,0.17640900000000001,0.487626,0.199876,0.0061139999999999996,143428,0.11272600000000001,0.133935,0.497894,0.238984,0.016461
33609,5582142,3099785,0.12275899999999999,0.16877400000000001,0.49949900000000003,0.204259,0.0047099999999999998,983925,0.12145599999999999,0.17122000000000001,0.50053700000000001,0.20238400000000001,0.0044019999999999997,693595,0.103163,0.14206099999999999,0.46808,0.26973200000000003,0.016964,383330,0.116565,0.16125300000000001,0.48817700000000003,0.223246,0.010758,278110,0.13003100000000001,0.17635500000000001,0.487595,0.19991700000000001,0.0061019999999999998,143397,0.112694,0.13395000000000001,0.49791800000000003,0.23897299999999999,0.016465
33610,5582349,3099883,0.12275899999999999,0.16877,0.49949199999999999,0.204264,0.0047149999999999996,983957,0.121459,0.17121700000000001,0.50054200000000004,0.202375,0.0044079999999999996,693612,0.10316,0.142066,0.46807900000000002,0.26972600000000002,0.016969000000000001,383362,0.11655799999999999,0.16128100000000001,0.48812299999999997,0.223269,0.010768,278120,0.12998000000000001,0.17633799999999999,0.48768499999999998,0.19988500000000001,0.0061120000000000002,143415,0.112645,0.13398199999999999,0.49795299999999998,0.23895,0.016469999999999999
33611,5582555,3099888,0.12275899999999999,0.16875599999999999,0.499498,0.204267,0.0047200000000000002,983994,0.121457,0.17119100000000001,0.50055799999999995,0.20238200000000001,0.0044120000000000001,693665,0.103154,0.142099,0.46808499999999997,0.26969799999999999,0.016965000000000001,383434,0.11658300000000001,0.16131100000000001,0.488097,0.22323799999999999,0.010770999999999999,278150,0.12998399999999999,0.17629300000000001,0.48767199999999999,0.19991700000000001,0.0061330000000000004,143424,0.11268,0.13400100000000001,0.49786599999999998,0.23896300000000001,0.016490000000000001
33612,5582740,3100022,0.122752,0.16874500000000001,0.49951800000000002,0.20425699999999999,0.0047270000000000003,984018,0.12145300000000001,0.17119699999999999,0.50053499999999995,0.202399,0.0044169999999999999,693605,0.103175,0.14205100000000001,0.46808300000000003,0.269708,0.016982000000000001,383527,0.11661199999999999,0.16131799999999999,0.48801800000000001,0.22327,0.010782,278141,0.12993399999999999,0.17624899999999999,0.487738,0.19994899999999999,0.00613,143427,0.11265699999999999,0.13408900000000001,0.49782100000000001,0.23899300000000001,0.01644
33613,5582947,3100176,0.122754,0.168741,0.49951699999999999,0.20425699999999999,0.004731,984043,0.12146,0.17115900000000001,0.50054299999999996,0.20241100000000001,0.0044270000000000004,693591,0.10315299999999999,0.14205300000000001,0.46809600000000001,0.26969799999999999,0.017000000000000001,383520,0.116646,0.16126699999999999,0.48808099999999999,0.22320899999999999,0.010796999999999999,278162,0.12987799999999999,0.176264,0.487709,0.200013,0.0061370000000000001,143455,0.112663,0.134105,0.497836,0.238925,0.016472000000000001
33614,5583206,3100314,0.122762,0.16874600000000001,0.499496,0.20426,0.0047369999999999999,984111,0.12146700000000001,0.17113900000000001,0.500556,0.202403,0.0044339999999999996,693614,0.10313700000000001,0.14201800000000001,0.46810600000000002,0.269729,0.017009,383566,0.116629,0.161245,0.48813499999999999,0.22319,0.010801,278152,0.12992500000000001,0.17624500000000001,0.48773300000000003,0.19994500000000001,0.0061510000000000002,143449,0.112618,0.134103,0.49784899999999999,0.23894199999999999,0.016487000000000002
33615,5583417,3100404,0.122764,0.168738,0.49949500000000002,0.20425699999999999,0.0047460000000000002,984131,0.12145599999999999,0.171126,0.50058400000000003,0.20239099999999999,0.004444,693634,0.103105,0.14200699999999999,0.468111,0.26975900000000003,0.017017999999999998,383603,0.11670700000000001,0.16120300000000001,0.48808299999999999,0.22320000000000001,0.010808,278175,0.129994,0.17616599999999999,0.48771100000000001,0.19996800000000001,0.0061619999999999999,143470,0.112595,0.13403499999999999,0.49789499999999998,0.23896999999999999,0.016504999999999999
33616,5583641,3100492,0.12277,0.16872400000000001,0.49949700000000002,0.204259,0.004751,984166,0.121463,0.171129,0.50057300000000005,0.20238500000000001,0.00445,693618,0.10308100000000001,0.14202200000000001,0.46816000000000002,0.269706,0.017031000000000001,383656,0.116717,0.16121199999999999,0.48801299999999997,0.223242,0.010817,278219,0.12994800000000001,0.17613100000000001,0.487738,0.200012,0.0061710000000000003,143490,0.112635,0.133988,0.497784,0.23909,0.016503
33617,5583878,3100603,0.122767,0.16870499999999999,0.49950800000000001,0.204265,0.0047559999999999998,984213,0.12146800000000001,0.17111899999999999,0.50056800000000001,0.20238800000000001,0.0044559999999999999,693664,0.10309599999999999,0.142011,0.46813700000000003,0.26970699999999997,0.017049000000000002,383655,0.11673500000000001,0.16125200000000001,0.48795699999999997,0.22323200000000001,0.010825,278221,0.130023,0.17608699999999999,0.48776000000000003,0.19995299999999999,0.0061789999999999996,143522,0.11253299999999999,0.13409099999999999,0.49769400000000003,0.23919000000000001,0.016492
33618,5584142,3100719,0.12278600000000001,0.168681,0.49950600000000001,0.204266,0.0047609999999999996,984266,0.121477,0.17111199999999999,0.50055300000000003,0.20239299999999999,0.0044640000000000001,693694,0.103051,0.14202200000000001,0.46817799999999998,0.26969700000000002,0.017052000000000001,383641,0.11676499999999999,0.161187,0.487954,0.223269,0.010825,278271,0.13006699999999999,0.17607999999999999,0.48774000000000001,0.199931,0.0061809999999999999,143551,0.112511,0.134189,0.49762099999999998,0.23916200000000001,0.016517
33619,5584362,3100862,0.122783,0.16867299999999999,0.49951600000000002,0.204261,0.0047660000000000003,984298,0.121472,0.171098,0.50054900000000002,0.202404,0.0044770000000000001,693753,0.103058,0.14199700000000001,0.46819,0.26969700000000002,0.017058,383656,0.11676599999999999,0.161191,0.48791400000000001,0.22329399999999999,0.010834999999999999,278265,0.13005900000000001,0.17600499999999999,0.487844,0.19991700000000001,0.0061739999999999998,143528,0.112675,0.134329,0.49746400000000002,0.23902699999999999,0.016504999999999999
33620,5584632,3101012,0.122795,0.16866600000000001,0.49951600000000002,0.20424999999999999,0.0047720000000000002,984319,0.121478,0.171093,0.50054900000000002,0.20239799999999999,0.0044819999999999999,693764,0.103061,0.141986,0.46815899999999999,0.26971899999999999,0.017075,383729,0.116733,0.16112899999999999,0.48790899999999998,0.22337899999999999,0.010848999999999999,278272,0.13007099999999999,0.175979,0.48783900000000002,0.19994500000000001,0.0061669999999999997,143536,0.112738,0.134357,0.49743599999999999,0.23893,0.016539000000000002
33621,5584849,3101246,0.122808,0.16864599999999999,0.49951200000000001,0.20425199999999999,0.0047809999999999997,984330,0.12145599999999999,0.17110700000000001,0.50055000000000005,0.20239799999999999,0.0044889999999999999,693771,0.103005,0.14206299999999999,0.46817199999999998,0.269675,0.017084999999999999,383709,0.116755,0.161109,0.487867,0.22342200000000001,0.010847000000000001,278251,0.130019,0.175931,0.487898,0.19998099999999999,0.0061710000000000003,143542,0.112761,0.13428799999999999,0.49747799999999998,0.238927,0.016546000000000002
33622,5585065,3101307,0.122808,0.16863500000000001,0.49951899999999999,0.20425299999999999,0.0047860000000000003,984429,0.12146899999999999,0.171075,0.50056800000000001,0.20239699999999999,0.0044910000000000002,693805,0.102966,0.14210200000000001,0.46815499999999999,0.269677,0.017101000000000002,383678,0.116762,0.16112199999999999,0.48785699999999999,0.22339800000000001,0.010861000000000001,278254,0.130025,0.17594699999999999,0.48785600000000001,0.19999700000000001,0.0061739999999999998,143592,0.112813,0.13424800000000001,0.497444,0.23894099999999999,0.016553999999999999
33623,5585250,3101371,0.12279900000000001,0.168624,0.49953700000000001,0.20425299999999999,0.0047879999999999997,984474,0.12146800000000001,0.171043,0.50058499999999995,0.202407,0.0044980000000000003,693795,0.10295,0.142121,0.46809899999999999,0.269702,0.017128000000000001,383747,0.116775,0.161187,0.48779499999999998,0.22336600000000001,0.010877,278289,0.12997300000000001,0.17599000000000001,0.48792400000000002,0.19994000000000001,0.0061729999999999997,143574,0.112792,0.13416800000000001,0.49755500000000003,0.238922,0.016563000000000001
33624,5585473,3101545,0.122797,0.16861400000000001,0.49953399999999998,0.204265,0.0047910000000000001,984506,0.12146899999999999,0.171041,0.50058899999999995,0.20239199999999999,0.004509,693811,0.102923,0.14211399999999999,0.46811199999999997,0.26971600000000001,0.017135999999999998,383798,0.11677999999999999,0.16119900000000001,0.48780899999999999,0.22332299999999999,0.010888999999999999,278272,0.13000900000000001,0.17596800000000001,0.48792200000000002,0.19992699999999999,0.0061739999999999998,143541,0.112804,0.13423299999999999,0.49755100000000002,0.23883099999999999,0.016580999999999999
33625,5585746,3101717,0.122804,0.168601,0.499531,0.204265,0.0047980000000000002,984575,0.12146999999999999,0.17103399999999999,0.500587,0.20238800000000001,0.004522,693839,0.102926,0.142122,0.46812700000000002,0.26968500000000001,0.017139000000000001,383812,0.116786,0.161214,0.487734,0.22337000000000001,0.010895999999999999,278291,0.130019,0.17591699999999999,0.48793199999999998,0.19996,0.0061729999999999997,143512,0.11275,0.13435800000000001,0.49742900000000001,0.23886499999999999,0.016598000000000002
33626,5585927,3101764,0.122808,0.168603,0.49951899999999999,0.204263,0.0048069999999999996,984583,0.12146700000000001,0.17103299999999999,0.50058000000000002,0.20239699999999999,0.0045230000000000001,693846,0.10291599999999999,0.14211799999999999,0.46815299999999999,0.26966800000000002,0.017145000000000001,383853,0.116771,0.161213,0.48776199999999997,0.223362,0.010892000000000001,278317,0.130021,0.17591100000000001,0.48790800000000001,0.199984,0.0061760000000000001,143564,0.112758,0.134219,0.49752000000000002,0.23885500000000001,0.016648
33627,5586149,3101933,0.122812,0.168601,0.49951499999999999,0.204258,0.0048139999999999997,984619,0.121464,0.17100699999999999,0.50061699999999998,0.20238100000000001,0.0045310000000000003,693890,0.10294,0.14211499999999999,0.468142,0.26965499999999998,0.017148,383832,0.116726,0.161248,0.48769000000000001,0.22342300000000001,0.010914,278295,0.13000200000000001,0.175954,0.48792099999999999,0.19993900000000001,0.0061840000000000003,143580,0.112746,0.13414799999999999,0.49749300000000002,0.238982,0.016632000000000001
33628,5586409,3102194,0.122818,0.16859099999999999,0.49951600000000002,0.20425599999999999,0.0048190000000000004,984662,0.121475,0.17100199999999999,0.50061,0.202376,0.0045370000000000002,693861,0.102969,0.14208299999999999,0.46815000000000001,0.26965299999999998,0.017145000000000001,383855,0.116734,0.161241,0.48765799999999998,0.22343099999999999,0.010936,278258,0.12998699999999999,0.17599100000000001,0.48793900000000001,0.19988300000000001,0.0061989999999999996,143579,0.11272500000000001,0.13417699999999999,0.49734299999999998,0.23910200000000001,0.016653000000000001
33629,5586624,3102343,0.122832,0.168569,0.49951699999999999,0.20425599999999999,0.0048260000000000004,984681,0.12146899999999999,0.17099200000000001,0.50060899999999997,0.20238300000000001,0.0045469999999999998,693816,0.10295700000000001,0.14204600000000001,0.46816400000000002,0.26966200000000001,0.017170000000000001,383904,0.11672399999999999,0.16123799999999999,0.48769699999999999,0.22340199999999999,0.010938,278304,0.129995,0.17603099999999999,0.48794100000000001,0.19985,0.0061840000000000003,143576,0.11272799999999999,0.134215,0.49733899999999998,0.23908599999999999,0.016632000000000001
33630,5586842,3102522,0.122831,0.16856399999999999,0.49951899999999999,0.20425599999999999,0.0048300000000000001,984691,0.121478,0.17097699999999999,0.50060800000000005,0.20238100000000001,0.0045560000000000002,693816,0.102955,0.14203199999999999,0.46815600000000002,0.26966499999999999,0.017191999999999999,383870,0.11666700000000001,0.161273,0.48771199999999998,0.223417,0.010931,278307,0.12998999999999999,0.17599999999999999,0.48798599999999998,0.19983000000000001,0.006195,143636,0.112799,0.13428399999999999,0.49721500000000002,0.239097,0.016604000000000001
33631,5587093,3102687,0.122824,0.168549,0.499529,0.204258,0.0048399999999999997,984749,0.12148200000000001,0.17096500000000001,0.500583,0.202404,0.0045659999999999997,693800,0.102965,0.142016,0.46817500000000001,0.26965699999999998,0.017187000000000001,383880,0.116703,0.16128999999999999,0.48770999999999998,0.22337399999999999,0.010923,278319,0.13003400000000001,0.17597399999999999,0.48797600000000002,0.199821,0.0061939999999999999,143658,0.1129,0.134215,0.49715999999999999,0.239117,0.016608999999999999
33632,5587274,3102775,0.122804,0.168549,0.499531,0.204265,0.0048500000000000001,984786,0.121474,0.170959,0.500583,0.20241100000000001,0.0045729999999999998,693783,0.102995,0.141984,0.468165,0.26965499999999998,0.017201000000000001,383924,0.1167,0.16128999999999999,0.487761,0.22331999999999999,0.010928999999999999,278338,0.13001099999999999,0.175984,0.48800399999999999,0.19978199999999999,0.0062189999999999997,143668,0.112941,0.13417000000000001,0.49718099999999998,0.239093,0.016615000000000001
33633,5587481,3102909,0.12280199999999999,0.168544,0.49953399999999998,0.204266,0.0048549999999999999,984839,0.121476,0.170955,0.50056199999999995,0.20242599999999999,0.004581,693794,0.10301,0.141961,0.468192,0.26962000000000003,0.017215000000000001,383951,0.11673600000000001,0.161247,0.487765,0.22328400000000001,0.010968,278362,0.129967,0.17599400000000001,0.488062,0.19975799999999999,0.0062189999999999997,143626,0.112911,0.134182,0.49713099999999999,0.23914199999999999,0.016632999999999998
33634,5587696,3103030,0.12280199999999999,0.168542,0.49953500000000001,0.204261,0.0048589999999999996,984897,0.121458,0.17097499999999999,0.50055700000000003,0.202429,0.0045799999999999999,693826,0.103032,0.141932,0.46820499999999998,0.26959499999999997,0.017236000000000001,383911,0.116772,0.16120100000000001,0.48777500000000001,0.223278,0.010973999999999999,278385,0.12995699999999999,0.175979,0.48807600000000001,0.199741,0.0062469999999999999,143647,0.11293,0.134134,0.49703799999999998,0.23926,0.016638
33635,5587917,3103112,0.12281599999999999,0.16852200000000001,0.49954599999999999,0.20424999999999999,0.0048659999999999997,984945,0.121458,0.170955,0.50057200000000002,0.20242099999999999,0.004594,693909,0.103015,0.141931,0.46821800000000002,0.26959,0.017246000000000001,383902,0.116759,0.16125500000000001,0.48773899999999998,0.223244,0.011003000000000001,278395,0.12995899999999999,0.17596600000000001,0.48805799999999999,0.19975899999999999,0.0062570000000000004,143654,0.112896,0.13409299999999999,0.49702099999999999,0.239339,0.016650999999999999
33636,5588129,3103309,0.122822,0.16852200000000001,0.49953500000000001,0.20424700000000001,0.0048739999999999999,984946,0.12146,0.17094100000000001,0.50056800000000001,0.202433,0.0045970000000000004,693884,0.103004,0.14194300000000001,0.46823700000000001,0.269565,0.017250999999999999,383862,0.116782,0.16115699999999999,0.48774800000000001,0.22328300000000001,0.01103,278431,0.12995000000000001,0.17593600000000001,0.48807400000000001,0.19975899999999999,0.0062820000000000003,143697,0.112862,0.13406699999999999,0.49698300000000001,0.23941299999999999,0.016674000000000001
33637,5588334,3103417,0.122817,0.16852800000000001,0.49953199999999998,0.204239,0.0048830000000000002,985015,0.12144199999999999,0.17094000000000001,0.50058400000000003,0.202431,0.0046030000000000003,693994,0.103021,0.141929,0.46816099999999999,0.26963199999999998,0.017257000000000002,383787,0.116742,0.161214,0.48768499999999998,0.22333700000000001,0.011022000000000001,278433,0.12992400000000001,0.17586599999999999,0.48818899999999998,0.19972100000000001,0.0063,143688,0.112793,0.13406799999999999,0.49704199999999998,0.239422,0.016674999999999999
33638,5588565,3103504,0.12282,0.168512,0.49954100000000001,0.20424,0.004888,985058,0.121447,0.170931,0.50058100000000005,0.202436,0.0046059999999999999,694060,0.103023,0.14194200000000001,0.46811799999999998,0.269654,0.017264000000000002,383787,0.116744,0.161217,0.487682,0.22332199999999999,0.011035,278450,0.12989800000000001,0.17587700000000001,0.48820999999999998,0.199709,0.006306,143706,0.112876,0.13400300000000001,0.49707699999999999,0.23937800000000001,0.016666
33639,5588834,3103580,0.122833,0.16850999999999999,0.49953900000000001,0.20422599999999999,0.0048919999999999996,985093,0.121458,0.170907,0.50059299999999995,0.202432,0.0046109999999999996,694116,0.103046,0.141906,0.468086,0.26966699999999999,0.017295000000000001,383810,0.116704,0.161187,0.48773899999999998,0.22333700000000001,0.011034,278492,0.12991800000000001,0.17583599999999999,0.48821500000000001,0.19971800000000001,0.006313,143743,0.112889,0.13392000000000001,0.49706800000000001,0.23944799999999999,0.016676
33640,5589067,3103720,0.12282999999999999,0.16851099999999999,0.499531,0.204231,0.0048970000000000003,985143,0.121479,0.1709,0.50058800000000003,0.20241799999999999,0.0046150000000000002,694170,0.103058,0.141876,0.46805799999999997,0.26969900000000002,0.017308,383791,0.116715,0.16112199999999999,0.487786,0.223332,0.011044999999999999,278495,0.129941,0.17583399999999999,0.48822100000000002,0.19970199999999999,0.0063020000000000003,143748,0.112871,0.13388,0.49712000000000001,0.23944699999999999,0.016681999999999999
33641,5589320,3103883,0.122837,0.16850000000000001,0.49952600000000003,0.204231,0.0049069999999999999,985202,0.121478,0.170906,0.50058800000000003,0.202405,0.0046230000000000004,694230,0.10306999999999999,0.14189499999999999,0.46803699999999998,0.26969900000000002,0.017299999999999999,383739,0.116702,0.16113,0.48776900000000001,0.223358,0.011041,278524,0.12994900000000001,0.175845,0.48824499999999998,0.199627,0.0063330000000000001,143742,0.112918,0.133795,0.49711300000000003,0.23946400000000001,0.016709999999999999
33642,5589517,3103923,0.122833,0.16847300000000001,0.49954799999999999,0.204231,0.0049160000000000002,985227,0.121466,0.17091999999999999,0.50057600000000002,0.20241100000000001,0.0046259999999999999,694254,0.10310800000000001,0.14186499999999999,0.46804200000000001,0.26968500000000001,0.017301,383778,0.11670800000000001,0.16111400000000001,0.48775299999999999,0.223382,0.011043000000000001,278570,0.12991,0.17586599999999999,0.488261,0.19960900000000001,0.0063540000000000003,143765,0.11287899999999999,0.133878,0.49701899999999999,0.23950199999999999,0.016722000000000001
33643,5589753,3104074,0.12282,0.168466,0.49954999999999999,0.204238,0.0049259999999999998,985218,0.121458,0.17091999999999999,0.50058400000000003,0.202406,0.0046319999999999998,694296,0.103142,0.14185600000000001,0.46804200000000001,0.26964900000000003,0.017311,383791,0.116715,0.161103,0.48772599999999999,0.22339999999999999,0.011055000000000001,278629,0.129861,0.17586099999999999,0.48826599999999998,0.19966300000000001,0.0063489999999999996,143745,0.11294999999999999,0.13395199999999999,0.496894,0.23948,0.016723999999999999
33644,5589967,3104188,0.12282,0.16846800000000001,0.499554,0.20422899999999999,0.0049290000000000002,985262,0.121457,0.1709,0.50059699999999996,0.202406,0.00464,694287,0.103189,0.14178399999999999,0.46804099999999998,0.269677,0.017308,383805,0.116648,0.161131,0.48775000000000002,0.22339999999999999,0.011070999999999999,278665,0.129833,0.175846,0.48827100000000001,0.199681,0.0063699999999999998,143760,0.112973,0.13397999999999999,0.49682100000000001,0.23946899999999999,0.016757000000000001
33645,5590174,3104310,0.122818,0.168461,0.49953999999999998,0.20424400000000001,0.0049370000000000004,985300,0.121445,0.170901,0.50062099999999998,0.20238500000000001,0.0046470000000000001,694354,0.10319399999999999,0.14180200000000001,0.46803400000000001,0.26964500000000002,0.017325,383818,0.116605,0.161108,0.487757,0.22346299999999999,0.011068,278659,0.129854,0.17582800000000001,0.488292,0.199653,0.0063730000000000002,143733,0.113064,0.13387299999999999,0.49679600000000002,0.23954800000000001,0.016718
33646,5590416,3104449,0.122826,0.16845499999999999,0.49953399999999998,0.20424,0.0049439999999999996,985361,0.121451,0.17088999999999999,0.50061599999999995,0.20238500000000001,0.0046589999999999999,694359,0.103209,0.141843,0.46797699999999998,0.26963300000000001,0.017337999999999999,383842,0.1166,0.16106599999999999,0.487761,0.22350600000000001,0.011067,278680,0.12975500000000001,0.17579700000000001,0.48839199999999999,0.19967299999999999,0.0063839999999999999,143725,0.113112,0.13377600000000001,0.49683100000000002,0.23954800000000001,0.016733000000000001
33647,5590613,3104615,0.12281599999999999,0.16845499999999999,0.49952800000000003,0.20425299999999999,0.0049490000000000003,985389,0.121438,0.17086599999999999,0.50064299999999995,0.20238200000000001,0.0046709999999999998,694361,0.103229,0.14180999999999999,0.46800900000000001,0.26960600000000001,0.017347000000000001,383885,0.116564,0.161082,0.48775299999999999,0.22351199999999999,0.011089,278676,0.12976699999999999,0.175756,0.488427,0.19964799999999999,0.0064019999999999997,143687,0.113121,0.13381899999999999,0.49670500000000001,0.23960400000000001,0.016752
33648,5590844,3104715,0.122805,0.16844600000000001,0.49952200000000002,0.20427200000000001,0.0049550000000000002,985447,0.12143900000000001,0.170845,0.50067700000000004,0.20236000000000001,0.0046779999999999999,694369,0.10324899999999999,0.14180799999999999,0.46799000000000002,0.26959,0.017363,383880,0.11655699999999999,0.16108700000000001,0.48781099999999999,0.22345300000000001,0.011091999999999999,278696,0.129826,0.17582600000000001,0.48830299999999999,0.199626,0.0064190000000000002,143737,0.11308799999999999,0.13372999999999999,0.49685200000000002,0.239569,0.016760000000000001
33649,5591033,3104821,0.122798,0.16844700000000001,0.49952000000000002,0.20427500000000001,0.00496,985489,0.12142699999999999,0.170819,0.50069300000000005,0.202377,0.0046849999999999999,694332,0.10329199999999999,0.141761,0.46799400000000002,0.26958100000000002,0.017371999999999999,383958,0.116547,0.16111400000000001,0.48783199999999999,0.22342000000000001,0.011087,278709,0.12979499999999999,0.175818,0.48833399999999999,0.199624,0.00643,143724,0.113022,0.133798,0.49680600000000003,0.23960500000000001,0.016768000000000002
33650,5591262,3104927,0.12279900000000001,0.16844100000000001,0.49952200000000002,0.20427100000000001,0.0049659999999999999,985504,0.12141200000000001,0.17080100000000001,0.50071600000000005,0.20238,0.0046909999999999999,694367,0.10331600000000001,0.14171900000000001,0.46799499999999999,0.26959100000000003,0.01738,384002,0.11654399999999999,0.16108,0.48787199999999997,0.223382,0.011122,278734,0.12984399999999999,0.175788,0.48834699999999998,0.19959199999999999,0.0064289999999999998,143728,0.112984,0.13387099999999999,0.49684099999999998,0.23955699999999999,0.016747000000000001
33651,5591492,3105131,0.122797,0.168435,0.49952000000000002,0.20427000000000001,0.0049769999999999997,985546,0.12143,0.17078399999999999,0.50072099999999997,0.202371,0.0046940000000000003,694389,0.10333000000000001,0.14171300000000001,0.46801399999999999,0.26954899999999998,0.017394,383992,0.116534,0.16112099999999999,0.48779400000000001,0.22342400000000001,0.011128000000000001,278755,0.12984200000000001,0.17577799999999999,0.48835699999999999,0.19958400000000001,0.0064390000000000003,143679,0.112939,0.13391,0.49695499999999998,0.23949200000000001,0.016704
33652,5591738,3105271,0.122793,0.168432,0.49951400000000001,0.20427699999999999,0.0049839999999999997,985609,0.12142500000000001,0.170791,0.50070700000000001,0.202376,0.0047010000000000003,694414,0.103349,0.14169599999999999,0.46805200000000002,0.26950099999999999,0.017402000000000001,383949,0.116547,0.16106799999999999,0.48780699999999999,0.223444,0.011134,278784,0.12981400000000001,0.17575299999999999,0.488317,0.19967099999999999,0.0064460000000000003,143711,0.11307399999999999,0.13381000000000001,0.49698999999999999,0.23940400000000001,0.016721
33653,5591960,3105361,0.122792,0.16842799999999999,0.499525,0.204261,0.0049940000000000002,985666,0.121401,0.17081199999999999,0.50068500000000005,0.20239099999999999,0.0047109999999999999,694428,0.103383,0.141678,0.46799400000000002,0.26954099999999998,0.017403999999999999,383943,0.116536,0.16102900000000001,0.48778899999999997,0.22351199999999999,0.011134,278818,0.129776,0.17576700000000001,0.488344,0.19966800000000001,0.0064450000000000002,143744,0.113132,0.13366800000000001,0.49707099999999999,0.239426,0.016702999999999999
33654,5592193,3105541,0.122784,0.168431,0.49951600000000002,0.204267,0.0050020000000000004,985753,0.12141100000000001,0.170823,0.50068199999999996,0.20236999999999999,0.0047140000000000003,694445,0.10338600000000001,0.141681,0.46794200000000002,0.26958199999999999,0.017408,383899,0.11654399999999999,0.16103200000000001,0.48786800000000002,0.223416,0.011141,278805,0.129833,0.17573900000000001,0.48832700000000001,0.19964799999999999,0.0064530000000000004,143750,0.11312700000000001,0.13361400000000001,0.49709199999999998,0.23943700000000001,0.016729999999999998
33655,5592427,3105643,0.122782,0.16841900000000001,0.499527,0.20427000000000001,0.0050029999999999996,985821,0.121406,0.17081499999999999,0.50067300000000003,0.20238500000000001,0.0047210000000000004,694480,0.103392,0.14169899999999999,0.46789399999999998,0.26958300000000002,0.017432,383912,0.116521,0.16100300000000001,0.48793199999999998,0.22339500000000001,0.011148,278836,0.12981799999999999,0.17571300000000001,0.488373,0.19964100000000001,0.0064549999999999998,143735,0.113201,0.133572,0.496977,0.23953099999999999,0.016718
33656,5592663,3105769,0.122784,0.168407,0.49952800000000003,0.20427200000000001,0.0050090000000000004,985862,0.121401,0.17082,0.50064900000000001,0.202403,0.0047270000000000003,694491,0.10338799999999999,0.14164499999999999,0.46793600000000002,0.26959499999999997,0.017437000000000001,383968,0.11652800000000001,0.160995,0.48795500000000003,0.223362,0.01116,278823,0.12981699999999999,0.17571000000000001,0.48838500000000001,0.19964299999999999,0.0064450000000000002,143750,0.11322400000000001,0.133635,0.49693900000000002,0.239485,0.016716999999999999
33657,5592894,3105808,0.12278500000000001,0.168403,0.49951400000000001,0.20428199999999999,0.0050159999999999996,985896,0.12139800000000001,0.170825,0.50065000000000004,0.20239799999999999,0.0047289999999999997,694530,0.103382,0.14166799999999999,0.46793800000000002,0.26955899999999999,0.017451999999999999,384043,0.11651300000000001,0.161024,0.48791699999999999,0.22337899999999999,0.011168000000000001,278857,0.12981599999999999,0.175653,0.48839700000000003,0.19969700000000001,0.006437,143760,0.113216,0.13361899999999999,0.49706499999999998,0.239371,0.016729000000000001
33658,5593114,3105979,0.122775,0.168406,0.49951000000000001,0.204288,0.0050200000000000002,985914,0.121388,0.17080699999999999,0.50068199999999996,0.20238800000000001,0.0047359999999999998,694590,0.103396,0.14166100000000001,0.46792899999999998,0.26955000000000001,0.017464,384068,0.116578,0.161026,0.48788799999999999,0.22331200000000001,0.011195999999999999,278818,0.12978000000000001,0.17563100000000001,0.48840800000000001,0.19973199999999999,0.0064489999999999999,143745,0.113207,0.13362599999999999,0.49694899999999997,0.23946600000000001,0.016752
33659,5593337,3106101,0.122776,0.16838700000000001,0.49951299999999998,0.20429600000000001,0.0050280000000000004,985976,0.12138599999999999,0.17082900000000001,0.50066600000000006,0.202377,0.0047410000000000004,694619,0.10340199999999999,0.141653,0.46790300000000001,0.269565,0.017476999999999999,384080,0.116614,0.161026,0.48784100000000002,0.223328,0.01119,278847,0.12978100000000001,0.175591,0.488479,0.199708,0.0064409999999999997,143714,0.113134,0.13366800000000001,0.496952,0.23947599999999999,0.016768999999999999
33660,5593527,3106174,0.122782,0.16838800000000001,0.49950899999999998,0.204287,0.0050340000000000003,985994,0.121366,0.170848,0.50068100000000004,0.20236100000000001,0.004744,694691,0.103417,0.141677,0.46785300000000002,0.26956599999999997,0.017486999999999999,384121,0.11656999999999999,0.160991,0.48784899999999998,0.223388,0.011202,278849,0.12973299999999999,0.175543,0.488512,0.19975299999999999,0.0064590000000000003,143698,0.113119,0.13369700000000001,0.49700100000000003,0.23941200000000001,0.016771000000000001
33661,5593722,3106281,0.122782,0.16838700000000001,0.49951299999999998,0.20427799999999999,0.0050390000000000001,986045,0.121364,0.17084099999999999,0.50067200000000001,0.202376,0.0047470000000000004,694740,0.10344399999999999,0.14163999999999999,0.46787299999999998,0.26955299999999999,0.017489999999999999,384088,0.116554,0.16103300000000001,0.48781999999999998,0.22337599999999999,0.011216,278885,0.12967000000000001,0.175542,0.48850199999999999,0.199821,0.0064650000000000003,143683,0.113013,0.133662,0.496948,0.23961099999999999,0.016766
33662,5593985,3106446,0.12278699999999999,0.168377,0.49951499999999999,0.20427600000000001,0.0050460000000000001,986083,0.12137299999999999,0.17083000000000001,0.50067200000000001,0.20236999999999999,0.0047540000000000004,694742,0.103474,0.14160200000000001,0.46786899999999998,0.269542,0.017513000000000001,384119,0.116524,0.16107199999999999,0.48775800000000002,0.22343299999999999,0.011213000000000001,278871,0.12964800000000001,0.17557200000000001,0.48853400000000002,0.19977,0.006476,143724,0.113078,0.13361000000000001,0.49686900000000001,0.23966799999999999,0.016775000000000002
33663,5594185,3106590,0.122784,0.168383,0.49950299999999997,0.20427999999999999,0.0050509999999999999,986091,0.121377,0.170819,0.50064200000000003,0.20239599999999999,0.0047650000000000001,694753,0.103489,0.14158000000000001,0.467891,0.269513,0.017527000000000001,384141,0.116504,0.16103999999999999,0.487813,0.223436,0.011207,278900,0.12967000000000001,0.17557500000000001,0.48850500000000002,0.199792,0.0064580000000000002,143710,0.11296399999999999,0.13358800000000001,0.49708400000000003,0.23957999999999999,0.016784
33664,5594402,3106721,0.122776,0.16838400000000001,0.49950600000000001,0.20427400000000001,0.0050610000000000004,986113,0.121377,0.17081099999999999,0.50064600000000004,0.202399,0.0047670000000000004,694740,0.10351399999999999,0.14156099999999999,0.46790300000000001,0.26948899999999998,0.017533,384170,0.11654,0.16094700000000001,0.48782300000000001,0.22348199999999999,0.011209,278925,0.129741,0.175596,0.48841099999999998,0.199796,0.0064570000000000001,143733,0.113029,0.13358800000000001,0.497081,0.239486,0.016816000000000001
33665,5594654,3106802,0.12277,0.168379,0.49950600000000001,0.20427799999999999,0.0050670000000000003,986185,0.12135899999999999,0.17079800000000001,0.50066299999999997,0.20239199999999999,0.0047889999999999999,694814,0.10353999999999999,0.14152999999999999,0.46783000000000002,0.26955299999999999,0.017547,384218,0.116535,0.161028,0.48777999999999999,0.22345599999999999,0.011199000000000001,278911,0.12975100000000001,0.17561199999999999,0.48841699999999999,0.199763,0.0064570000000000001,143724,0.11312700000000001,0.13356199999999999,0.49716100000000002,0.23932,0.016830999999999999
33666,5594832,3106884,0.122752,0.16837199999999999,0.49951699999999999,0.204287,0.0050730000000000003,986231,0.121365,0.170795,0.50064500000000001,0.20239699999999999,0.0047980000000000002,694718,0.103528,0.141538,0.467839,0.269534,0.017561,384323,0.116535,0.16103899999999999,0.48774099999999998,0.22347900000000001,0.011207,278943,0.12979399999999999,0.17560600000000001,0.48837900000000001,0.19975000000000001,0.0064710000000000002,143733,0.113231,0.133518,0.49706699999999998,0.23935999999999999,0.016823000000000001
33667,5595049,3107005,0.122749,0.168383,0.499504,0.20428199999999999,0.0050819999999999997,986285,0.121347,0.17079,0.50063800000000003,0.20241700000000001,0.0048069999999999996,694755,0.103556,0.14152500000000001,0.46788999999999997,0.26945999999999998,0.017569000000000001,384335,0.11656999999999999,0.160938,0.48773300000000003,0.223555,0.011204,278938,0.12984599999999999,0.17552999999999999,0.48835600000000001,0.19980400000000001,0.0064640000000000001,143731,0.11319799999999999,0.13347899999999999,0.49706699999999998,0.23940600000000001,0.016851000000000001
33668,5595265,3107127,0.12274599999999999,0.16836200000000001,0.49951400000000001,0.204288,0.0050899999999999999,986323,0.121346,0.17078299999999999,0.500641,0.20240900000000001,0.0048209999999999998,694803,0.10355,0.14155100000000001,0.46786800000000001,0.26946300000000001,0.017568,384361,0.116554,0.16094,0.48774499999999998,0.223553,0.011207999999999999,278923,0.12986700000000001,0.17557500000000001,0.48831400000000003,0.19976099999999999,0.0064819999999999999,143728,0.113256,0.13345299999999999,0.49709199999999998,0.239313,0.016886000000000002
33669,5595475,3107241,0.12274500000000001,0.16835700000000001,0.49950600000000001,0.20429700000000001,0.0050949999999999997,986361,0.121348,0.17077899999999999,0.50063599999999997,0.20240900000000001,0.0048279999999999998,694841,0.103533,0.14155300000000001,0.46783200000000003,0.26951900000000001,0.017562000000000001,384367,0.116579,0.16095300000000001,0.48776799999999998,0.22348399999999999,0.011216,278911,0.12989100000000001,0.17552599999999999,0.48834899999999998,0.199738,0.0064970000000000002,143754,0.113339,0.133464,0.49703000000000003,0.23927699999999999,0.016889999999999999
33670,5595720,3107421,0.122747,0.168347,0.499496,0.20430699999999999,0.0051029999999999999,986383,0.12137299999999999,0.17074600000000001,0.50062099999999998,0.202429,0.0048310000000000002,694844,0.10351200000000001,0.14155599999999999,0.46784500000000001,0.269515,0.017572000000000001,384389,0.116619,0.160941,0.48775800000000002,0.22346099999999999,0.011220000000000001,278924,0.129885,0.17552100000000001,0.48833399999999999,0.19976099999999999,0.0064999999999999997,143759,0.11333600000000001,0.13355700000000001,0.49703999999999998,0.239178,0.016889000000000001
33671,5595949,3107606,0.122734,0.16836300000000001,0.49947599999999998,0.20432,0.0051060000000000003,986409,0.12135600000000001,0.170736,0.50062600000000002,0.20243700000000001,0.0048440000000000002,694940,0.103508,0.141542,0.46788099999999999,0.26949200000000001,0.017576999999999999,384379,0.11663,0.160938,0.48769600000000002,0.22351099999999999,0.011226,278901,0.12990599999999999,0.175478,0.48838100000000001,0.19973399999999999,0.0065009999999999998,143714,0.113371,0.133543,0.49705700000000003,0.23910699999999999,0.016922
33672,5596197,3107842,0.12273299999999999,0.16836000000000001,0.499475,0.20432600000000001,0.0051060000000000003,986432,0.121354,0.17074900000000001,0.50061699999999998,0.202433,0.0048479999999999999,694958,0.103518,0.14153099999999999,0.46784399999999998,0.26949699999999999,0.017610000000000001,384319,0.116632,0.160913,0.48775600000000002,0.223471,0.011228,278902,0.12992699999999999,0.17546300000000001,0.48835400000000001,0.19975100000000001,0.0065040000000000002,143744,0.113299,0.133543,0.49709199999999998,0.23913300000000001,0.016933
33673,5596423,3107940,0.122728,0.16834399999999999,0.49948100000000001,0.20433599999999999,0.0051110000000000001,986462,0.12134499999999999,0.17074800000000001,0.50062899999999999,0.20242299999999999,0.0048560000000000001,695066,0.103523,0.141565,0.46780699999999997,0.26947900000000002,0.017625999999999999,384314,0.11665499999999999,0.16090199999999999,0.487763,0.22344700000000001,0.011233,278891,0.12994,0.17547399999999999,0.48836600000000002,0.19972300000000001,0.0064970000000000002,143750,0.11322400000000001,0.133523,0.49717600000000001,0.23916499999999999,0.016910999999999999
33674,5596654,3108143,0.122726,0.168347,0.49946800000000002,0.20433999999999999,0.0051180000000000002,986521,0.121353,0.17075499999999999,0.50060099999999996,0.202427,0.0048659999999999997,695042,0.103515,0.14153099999999999,0.46782600000000002,0.26950299999999999,0.017624999999999998,384316,0.11663800000000001,0.160886,0.48785099999999998,0.22339200000000001,0.011233,278889,0.12993299999999999,0.17541699999999999,0.48835200000000001,0.19978899999999999,0.0065079999999999999,143743,0.11316,0.133572,0.49724200000000002,0.23908599999999999,0.01694
33675,5596899,3108336,0.122721,0.16834099999999999,0.49947200000000003,0.20433999999999999,0.0051260000000000003,986554,0.121355,0.17075199999999999,0.50059699999999996,0.202427,0.0048690000000000001,695134,0.103531,0.14147599999999999,0.46783599999999997,0.26953700000000003,0.01762,384264,0.11663900000000001,0.16094700000000001,0.48781799999999997,0.22336500000000001,0.011232000000000001,278895,0.13000600000000001,0.17539199999999999,0.48831999999999998,0.19975599999999999,0.0065259999999999997,143716,0.113077,0.13362499999999999,0.49726500000000001,0.23908299999999999,0.01695
33676,5597104,3108358,0.122709,0.16834499999999999,0.49948100000000001,0.20433200000000001,0.0051330000000000004,986594,0.12137299999999999,0.17074600000000001,0.50058400000000003,0.20242299999999999,0.0048739999999999999,695121,0.103542,0.141456,0.46782099999999999,0.26955499999999999,0.017627,384315,0.11669599999999999,0.16090699999999999,0.487759,0.223387,0.011251000000000001,278925,0.13003500000000001,0.17537,0.48830699999999999,0.19977400000000001,0.0065139999999999998,143791,0.11304599999999999,0.13354099999999999,0.49745099999999998,0.238979,0.016983000000000002
33677,5597311,3108484,0.12270300000000001,0.16836599999999999,0.49946600000000002,0.20432700000000001,0.0051370000000000001,986589,0.12137000000000001,0.170735,0.50057700000000005,0.202436,0.0048820000000000001,695213,0.103544,0.141406,0.46788800000000003,0.26952700000000002,0.017635000000000001,384302,0.116635,0.16092000000000001,0.48779600000000001,0.223384,0.011265000000000001,278948,0.130049,0.17530100000000001,0.488342,0.199794,0.0065139999999999998,143775,0.11308600000000001,0.13352800000000001,0.49725599999999998,0.239144,0.016985
33678,5597537,3108651,0.122694,0.16835800000000001,0.49946200000000002,0.204346,0.0051399999999999996,986624,0.121379,0.17075499999999999,0.50055300000000003,0.202431,0.0048820000000000001,695233,0.103496,0.141429,0.46788099999999999,0.26954699999999998,0.017646999999999999,384282,0.116672,0.16085099999999999,0.48788399999999998,0.22330700000000001,0.011285999999999999,278948,0.13009200000000001,0.17530100000000001,0.488367,0.19970399999999999,0.006535,143799,0.11312999999999999,0.133492,0.497257,0.23911199999999999,0.017010000000000001
33679,5597796,3108813,0.122697,0.16834299999999999,0.49947200000000003,0.20433999999999999,0.0051479999999999998,986706,0.121388,0.17075899999999999,0.500556,0.20241000000000001,0.0048869999999999999,695226,0.103502,0.14141999999999999,0.46786100000000003,0.26955400000000002,0.017663000000000002,384303,0.11670700000000001,0.16084399999999999,0.48786800000000002,0.223303,0.011278,278962,0.130075,0.17530299999999999,0.488375,0.19969000000000001,0.0065560000000000002,143786,0.113182,0.133546,0.49713499999999999,0.23910500000000001,0.017031999999999999
33680,5598027,3108912,0.1227,0.16833699999999999,0.49945400000000001,0.20435300000000001,0.005156,986737,0.12137000000000001,0.17078399999999999,0.50054799999999999,0.202401,0.0048970000000000003,695234,0.103516,0.141406,0.46787400000000001,0.26952199999999998,0.017682,384368,0.116703,0.160799,0.48787599999999998,0.22333,0.011291000000000001,278981,0.13006999999999999,0.17535999999999999,0.488367,0.199655,0.0065490000000000001,143795,0.113196,0.133635,0.49697799999999998,0.23916000000000001,0.017031000000000001
33681,5598265,3109063,0.1227,0.16833600000000001,0.49944100000000002,0.20436499999999999,0.0051570000000000001,986745,0.121369,0.17077999999999999,0.50055300000000003,0.20239799999999999,0.004901,695322,0.103546,0.141432,0.46782200000000002,0.26950800000000003,0.017690999999999998,384410,0.116662,0.16073699999999999,0.48798399999999997,0.223301,0.011316,278975,0.13012599999999999,0.175345,0.48836600000000002,0.19961999999999999,0.0065420000000000001,143750,0.113176,0.1336,0.49693199999999998,0.239235,0.017056999999999999
33682,5598485,3109195,0.122698,0.16832900000000001,0.49943900000000002,0.204372,0.0051619999999999999,986777,0.121383,0.170767,0.50054200000000004,0.202405,0.0049030000000000002,695377,0.103534,0.14144699999999999,0.467804,0.26952399999999999,0.017690999999999998,384398,0.11666799999999999,0.160721,0.48798599999999998,0.22329199999999999,0.011332,278981,0.13018099999999999,0.175349,0.48830600000000002,0.19962299999999999,0.0065420000000000001,143757,0.11322599999999999,0.133517,0.49701200000000001,0.23915400000000001,0.017090999999999999
33683,5598706,3109296,0.122699,0.168322,0.49943700000000002,0.204376,0.0051659999999999996,986775,0.12138,0.17075899999999999,0.50051800000000002,0.202434,0.004908,695459,0.103546,0.14144899999999999,0.46779500000000002,0.26951000000000003,0.017701000000000001,384385,0.116662,0.160688,0.48793500000000001,0.22337000000000001,0.011344999999999999,279028,0.13017999999999999,0.175344,0.48832399999999998,0.199575,0.0065760000000000002,143763,0.11327,0.133497,0.49703999999999998,0.239067,0.017125000000000001
33684,5598922,3109441,0.12270499999999999,0.168318,0.49942500000000001,0.204378,0.0051739999999999998,986801,0.121369,0.17076,0.50053400000000003,0.20242399999999999,0.004914,695566,0.103529,0.141433,0.467833,0.26951000000000003,0.017694999999999999,384349,0.116686,0.160633,0.48794700000000002,0.22337299999999999,0.011362000000000001,278988,0.130242,0.17532700000000001,0.48830800000000002,0.19953499999999999,0.0065880000000000001,143777,0.113231,0.13351199999999999,0.49710300000000002,0.23899500000000001,0.017159000000000001
33685,5599155,3109474,0.122706,0.16831599999999999,0.49942900000000001,0.204369,0.0051799999999999997,986842,0.121367,0.17077600000000001,0.50051900000000005,0.20241899999999999,0.0049189999999999998,695682,0.103579,0.14144100000000001,0.46778999999999998,0.26950400000000002,0.017686,384319,0.116614,0.16056500000000001,0.487983,0.223465,0.011372999999999999,279045,0.130216,0.17537,0.48828700000000003,0.19952700000000001,0.0066010000000000001,143793,0.113204,0.13345599999999999,0.49718699999999999,0.23896200000000001,0.017191000000000001
33686,5599373,3109622,0.122714,0.16830500000000001,0.499419,0.204374,0.0051879999999999999,986887,0.121363,0.17075399999999999,0.50053999999999998,0.20241400000000001,0.0049290000000000002,695713,0.103589,0.141425,0.46778799999999998,0.26950000000000002,0.017697999999999998,384335,0.11662500000000001,0.16055800000000001,0.48798599999999998,0.22344,0.011391,279036,0.13018399999999999,0.175375,0.48833100000000002,0.199487,0.0066230000000000004,143780,0.113173,0.13353000000000001,0.497114,0.23902499999999999,0.017158
33687,5599607,3109651,0.122709,0.168292,0.49942999999999999,0.20437900000000001,0.0051900000000000002,986964,0.121378,0.17074400000000001,0.50053099999999995,0.20241200000000001,0.0049350000000000002,695744,0.103613,0.14140800000000001,0.46776499999999999,0.26950299999999999,0.017711000000000001,384354,0.11659,0.16055800000000001,0.487956,0.223492,0.011403999999999999,279080,0.13014500000000001,0.17538699999999999,0.48836499999999999,0.19947999999999999,0.0066220000000000003,143814,0.113132,0.13349900000000001,0.49724600000000002,0.23896100000000001,0.017160999999999999
33688,5599809,3109688,0.122694,0.16830100000000001,0.49942399999999998,0.20438100000000001,0.0051999999999999998,987017,0.12137199999999999,0.17072399999999999,0.50056599999999996,0.202403,0.0049360000000000003,695812,0.103584,0.14144100000000001,0.46781,0.26944600000000002,0.017718999999999999,384360,0.11661199999999999,0.160527,0.48793599999999998,0.22351399999999999,0.011410999999999999,279098,0.13016900000000001,0.17538999999999999,0.48827700000000002,0.19953899999999999,0.0066249999999999998,143834,0.11315799999999999,0.133411,0.49734400000000001,0.2389,0.017186
33689,5600001,3109814,0.122678,0.16830400000000001,0.49942799999999998,0.20438200000000001,0.005208,987063,0.12137000000000001,0.17071600000000001,0.50058100000000005,0.20239199999999999,0.0049410000000000001,695820,0.103558,0.141425,0.46785100000000002,0.26943499999999998,0.017732000000000001,384327,0.116651,0.160496,0.487931,0.22350200000000001,0.01142,279122,0.13020499999999999,0.17541100000000001,0.48822700000000002,0.19952600000000001,0.0066319999999999999,143855,0.113149,0.133433,0.49725799999999998,0.23896999999999999,0.017191000000000001
33690,5600244,3109886,0.12267599999999999,0.16830100000000001,0.49943199999999999,0.204377,0.0052139999999999999,987109,0.12137000000000001,0.17071700000000001,0.50057700000000005,0.20239199999999999,0.0049449999999999997,695854,0.103543,0.141428,0.46786299999999997,0.269426,0.017741,384364,0.116595,0.16045499999999999,0.48792799999999997,0.22359299999999999,0.011429,279122,0.13028400000000001,0.17541100000000001,0.48816300000000001,0.19950399999999999,0.0066389999999999999,143909,0.113245,0.13342499999999999,0.49719600000000003,0.23896999999999999,0.017163999999999999
33691,5600483,3109899,0.122671,0.16830100000000001,0.49943399999999999,0.204375,0.0052189999999999997,987159,0.121396,0.170707,0.50054799999999999,0.20239399999999999,0.0049560000000000003,695951,0.103516,0.141455,0.46786800000000001,0.26941300000000001,0.017748,384416,0.116637,0.16039400000000001,0.48797400000000002,0.223547,0.011449000000000001,279149,0.13025700000000001,0.17538699999999999,0.48813000000000001,0.19958899999999999,0.0066379999999999998,143909,0.11326600000000001,0.133383,0.49720999999999999,0.23897699999999999,0.017163999999999999
33692,5600727,3109973,0.12267,0.16828899999999999,0.499446,0.204373,0.0052209999999999999,987220,0.121405,0.17070199999999999,0.50055700000000003,0.202377,0.0049589999999999999,695954,0.10349800000000001,0.14147499999999999,0.46783400000000003,0.26943699999999998,0.017755,384454,0.116633,0.160415,0.487931,0.22354299999999999,0.011479,279172,0.130271,0.17530799999999999,0.48819699999999999,0.199576,0.0066480000000000003,143954,0.11337,0.13339699999999999,0.49703399999999998,0.238958,0.017242
33693,5600950,3110128,0.12267599999999999,0.16828099999999999,0.499446,0.204372,0.0052259999999999997,987274,0.121405,0.17068900000000001,0.50056,0.202377,0.0049680000000000002,695998,0.103477,0.14150499999999999,0.46781,0.26943899999999998,0.017769,384493,0.116632,0.16042200000000001,0.48792799999999997,0.22353600000000001,0.011483,279126,0.13020999999999999,0.17529400000000001,0.48823800000000001,0.19958000000000001,0.0066779999999999999,143931,0.113409,0.13334199999999999,0.49716199999999999,0.23885100000000001,0.017236999999999999
33694,5601155,3110211,0.12267400000000001,0.168269,0.49945699999999998,0.20436799999999999,0.0052319999999999997,987328,0.12142500000000001,0.17066600000000001,0.50055799999999995,0.20238200000000001,0.0049699999999999996,696014,0.103452,0.14155499999999999,0.46782499999999999,0.26938499999999999,0.017783,384493,0.116671,0.16034100000000001,0.48794900000000002,0.22354599999999999,0.011493,279114,0.13019800000000001,0.17527599999999999,0.48823100000000003,0.19962099999999999,0.0066750000000000004,143995,0.113497,0.13319900000000001,0.49704500000000001,0.23901500000000001,0.017243999999999999
33695,5601402,3110388,0.122679,0.16825100000000001,0.49944699999999997,0.20438300000000001,0.0052399999999999999,987352,0.121429,0.17066899999999999,0.50056299999999998,0.20236799999999999,0.0049719999999999999,696039,0.10344399999999999,0.141545,0.467885,0.26934599999999997,0.017781000000000002,384475,0.116712,0.16033800000000001,0.48794300000000002,0.22350700000000001,0.011499000000000001,279154,0.13023299999999999,0.175262,0.48813899999999999,0.19969600000000001,0.0066699999999999997,143994,0.113442,0.13331100000000001,0.497035,0.23894099999999999,0.017271999999999999
33696,5601645,3110651,0.122682,0.16823399999999999,0.49943700000000002,0.204399,0.0052480000000000001,987338,0.121446,0.170653,0.50055700000000003,0.202372,0.0049719999999999999,695921,0.10344399999999999,0.141543,0.46785900000000002,0.269368,0.017784999999999999,384523,0.116773,0.16034200000000001,0.48792099999999999,0.22345899999999999,0.011505,279167,0.130216,0.175314,0.48816300000000001,0.19960800000000001,0.006698,144045,0.113465,0.133382,0.49701099999999998,0.23883499999999999,0.017306999999999999
33697,5601860,3110761,0.122682,0.16822000000000001,0.49944,0.204404,0.0052550000000000001,987344,0.12143900000000001,0.17064299999999999,0.50056100000000003,0.20238300000000001,0.0049740000000000001,695956,0.103462,0.141512,0.46787200000000001,0.26935799999999999,0.017797,384533,0.116781,0.16033,0.48790099999999997,0.22347900000000001,0.011509999999999999,279199,0.130194,0.17536199999999999,0.48816799999999999,0.19957800000000001,0.006698,144067,0.11344,0.13340299999999999,0.49703999999999998,0.238792,0.017325
33698,5602085,3110897,0.122683,0.168211,0.49944899999999998,0.20439299999999999,0.0052639999999999996,987368,0.12141399999999999,0.170657,0.50055099999999997,0.20239799999999999,0.0049810000000000002,695910,0.103488,0.14149200000000001,0.46790500000000002,0.26931100000000002,0.017804,384592,0.11676499999999999,0.160271,0.48788799999999999,0.22355900000000001,0.011516,279231,0.130136,0.17542099999999999,0.48813299999999998,0.199598,0.006711,144087,0.113425,0.133412,0.49695,0.23888300000000001,0.017330000000000002
33699,5602312,3111039,0.12268800000000001,0.168208,0.49944499999999997,0.20438899999999999,0.0052690000000000002,987393,0.121396,0.170657,0.50055000000000005,0.202406,0.0049899999999999996,695896,0.103505,0.141484,0.46788299999999999,0.269316,0.017812000000000001,384654,0.116702,0.16026099999999999,0.48796299999999998,0.223549,0.011525000000000001,279227,0.13012399999999999,0.175456,0.48812299999999997,0.19956199999999999,0.0067359999999999998,144103,0.11346100000000001,0.133412,0.49681799999999998,0.23897499999999999,0.017335
33700,5602535,3111126,0.12268999999999999,0.168184,0.49945499999999998,0.20439299999999999,0.0052779999999999997,987419,0.121405,0.170631,0.50054299999999996,0.20242599999999999,0.0049950000000000003,695868,0.103505,0.14149800000000001,0.46783999999999998,0.26933699999999999,0.017819000000000002,384703,0.116687,0.16032099999999999,0.487958,0.22351499999999999,0.011518,279255,0.13009599999999999,0.175456,0.48810199999999998,0.19961300000000001,0.0067320000000000001,144164,0.11337800000000001,0.13347300000000001,0.49684400000000001,0.23897099999999999,0.017333999999999999
33701,5602734,3111222,0.12267599999999999,0.16819300000000001,0.49945299999999998,0.20439099999999999,0.0052880000000000002,987438,0.121397,0.17061000000000001,0.50055300000000003,0.20244100000000001,0.004999,695908,0.10351100000000001,0.14147000000000001,0.46787400000000001,0.26930700000000002,0.017839000000000001,384751,0.11666,0.16033500000000001,0.48796,0.223521,0.011524,279281,0.13009100000000001,0.17549300000000001,0.48805999999999999,0.19961300000000001,0.0067419999999999997,144134,0.113457,0.13348699999999999,0.49675999999999998,0.23896500000000001,0.017330999999999999
33702,5602976,3111484,0.122678,0.168182,0.49945099999999998,0.20439399999999999,0.0052950000000000002,987461,0.121419,0.17058899999999999,0.50053599999999998,0.202455,0.0050010000000000002,695910,0.103496,0.141454,0.46792400000000001,0.26927299999999998,0.017853000000000001,384748,0.116661,0.16036,0.48793799999999998,0.22351299999999999,0.01153,279255,0.13006799999999999,0.17544499999999999,0.48809900000000001,0.19963800000000001,0.0067499999999999999,144118,0.113539,0.133599,0.496614,0.23890800000000001,0.017340000000000001
33703,5603180,3111524,0.122673,0.168182,0.499469,0.204378,0.0052989999999999999,987494,0.121432,0.170568,0.500529,0.202459,0.0050130000000000001,695955,0.103522,0.14147000000000001,0.46787400000000001,0.26927899999999999,0.017854999999999999,384740,0.11665,0.16032399999999999,0.48792400000000002,0.22356699999999999,0.011535,279287,0.13011700000000001,0.17547199999999999,0.48807899999999999,0.199569,0.006764,144180,0.113455,0.13358300000000001,0.49656699999999998,0.239062,0.017333000000000001
33704,5603427,3111693,0.12267500000000001,0.168179,0.49945000000000001,0.20438999999999999,0.005306,987555,0.12141100000000001,0.17057700000000001,0.50051400000000001,0.20248099999999999,0.0050169999999999998,695885,0.103519,0.14150299999999999,0.46787200000000001,0.269231,0.017874999999999999,384767,0.116634,0.16028700000000001,0.48792400000000002,0.223605,0.01155,279310,0.13011,0.17546800000000001,0.48807400000000001,0.19958100000000001,0.0067669999999999996,144217,0.11347500000000001,0.13353499999999999,0.49662699999999999,0.23904900000000001,0.017314
33705,5603664,3111864,0.122681,0.16817099999999999,0.49945099999999998,0.20438600000000001,0.0053119999999999999,987614,0.12141299999999999,0.17057900000000001,0.50050099999999997,0.202486,0.0050210000000000003,695911,0.10348300000000001,0.14149700000000001,0.467862,0.26927699999999999,0.017881999999999999,384742,0.116574,0.16032299999999999,0.48794300000000002,0.223604,0.011556,279330,0.130108,0.17546300000000001,0.48809999999999998,0.19953799999999999,0.0067910000000000002,144203,0.113479,0.13362399999999999,0.49651499999999998,0.23905199999999999,0.017330000000000002
33706,5603859,3111985,0.122672,0.16816600000000001,0.49945000000000001,0.20439499999999999,0.0053169999999999997,987647,0.121406,0.170574,0.50050899999999998,0.202482,0.0050289999999999996,695896,0.10349,0.14149,0.46781,0.26929700000000001,0.017913999999999999,384764,0.116588,0.16034499999999999,0.48785200000000001,0.22365399999999999,0.011560000000000001,279347,0.13004599999999999,0.17546600000000001,0.48813800000000002,0.19955100000000001,0.0067980000000000002,144220,0.113563,0.13376099999999999,0.49648500000000001,0.23889199999999999,0.017299999999999999
33707,5604070,3112016,0.12267599999999999,0.168152,0.49946299999999999,0.20438700000000001,0.0053210000000000002,987684,0.121407,0.170573,0.50050799999999995,0.20247999999999999,0.005032,695984,0.103507,0.14152000000000001,0.46776800000000002,0.26927099999999998,0.017933999999999999,384780,0.116552,0.16037499999999999,0.48780600000000002,0.223689,0.011578,279359,0.13001199999999999,0.17544799999999999,0.48816399999999999,0.199596,0.0067799999999999996,144247,0.1135,0.13370099999999999,0.496558,0.23891699999999999,0.017323999999999999
33708,5604285,3112082,0.12267500000000001,0.168152,0.49945600000000001,0.20438700000000001,0.0053290000000000004,987679,0.121416,0.170544,0.50050899999999998,0.202491,0.0050400000000000002,696112,0.103531,0.14150699999999999,0.46778399999999998,0.269237,0.017940999999999999,384807,0.11651300000000001,0.16040499999999999,0.48784499999999997,0.22364200000000001,0.011594999999999999,279358,0.13001199999999999,0.175481,0.488151,0.199568,0.0067869999999999996,144247,0.113437,0.13366700000000001,0.49660700000000002,0.23893,0.017358999999999999
33709,5604526,3112172,0.122681,0.16816200000000001,0.49943599999999999,0.20438700000000001,0.0053350000000000003,987700,0.12141,0.17055000000000001,0.50048999999999999,0.20250399999999999,0.0050460000000000001,696177,0.10353,0.141484,0.46778900000000001,0.26924799999999999,0.017949,384824,0.116534,0.16037199999999999,0.48789100000000002,0.22360099999999999,0.011603,279353,0.13002900000000001,0.17541999999999999,0.488203,0.19955400000000001,0.0067939999999999997,144300,0.113465,0.13367299999999999,0.49665999999999999,0.23880799999999999,0.017394
33710,5604784,3112290,0.122678,0.16816500000000001,0.49943900000000002,0.204373,0.0053449999999999999,987797,0.121416,0.170541,0.50047900000000001,0.20250699999999999,0.0050569999999999999,696197,0.10353800000000001,0.141456,0.467777,0.26926600000000001,0.017963,384833,0.116562,0.16037599999999999,0.487817,0.22362899999999999,0.011615,279361,0.13,0.1754,0.48819299999999999,0.19959099999999999,0.006816,144306,0.113439,0.13373699999999999,0.49657000000000001,0.23884,0.017413999999999999
33711,5605011,3112485,0.122697,0.168152,0.499413,0.20438999999999999,0.0053470000000000002,987845,0.121433,0.17052100000000001,0.50047600000000003,0.202511,0.0050590000000000001,696109,0.10351,0.14144799999999999,0.46783799999999998,0.26922499999999999,0.017979999999999999,384859,0.116536,0.16043499999999999,0.48780699999999999,0.22360099999999999,0.01162,279398,0.12995799999999999,0.175348,0.48825000000000002,0.19962199999999999,0.0068219999999999999,144315,0.11339100000000001,0.13376299999999999,0.49664999999999998,0.23876900000000001,0.017427000000000002
33712,5605223,3112547,0.12268900000000001,0.16814299999999999,0.499421,0.20439299999999999,0.0053540000000000003,987875,0.12142500000000001,0.170513,0.50048199999999998,0.202512,0.0050660000000000002,696102,0.10353900000000001,0.141399,0.46785399999999999,0.26922099999999999,0.017987,384974,0.11652700000000001,0.16050400000000001,0.48779699999999998,0.223553,0.011619000000000001,279407,0.12996099999999999,0.17531099999999999,0.48824099999999998,0.19968,0.0068069999999999997,144318,0.113409,0.133795,0.49654199999999998,0.238841,0.017413000000000001
33713,5605467,3112739,0.12268999999999999,0.168128,0.49942399999999998,0.20439299999999999,0.005365,987944,0.12143900000000001,0.170513,0.50046599999999997,0.20250899999999999,0.0050730000000000003,696005,0.103558,0.14138400000000001,0.46784399999999998,0.26920899999999998,0.018003999999999999,385027,0.116498,0.16059699999999999,0.48772399999999999,0.22356400000000001,0.011617000000000001,279415,0.12995399999999999,0.17527300000000001,0.48824899999999999,0.19971700000000001,0.0068069999999999997,144337,0.113353,0.13376299999999999,0.49670599999999998,0.23880899999999999,0.017368999999999999
33714,5605677,3112980,0.12267,0.16811300000000001,0.49943500000000002,0.20441200000000001,0.0053699999999999998,988009,0.121459,0.17049300000000001,0.50046199999999996,0.20250199999999999,0.0050829999999999998,695945,0.103508,0.141403,0.46785399999999999,0.26921499999999998,0.018019,385006,0.116588,0.160608,0.48764200000000002,0.22352900000000001,0.011634,279422,0.12994,0.17532600000000001,0.48819699999999999,0.19972699999999999,0.0068100000000000001,144315,0.11343200000000001,0.13379099999999999,0.49663600000000002,0.238756,0.017385999999999999
33715,5605921,3113153,0.12267500000000001,0.168101,0.49944499999999997,0.204403,0.0053759999999999997,988018,0.121457,0.170492,0.50046199999999996,0.20250199999999999,0.0050870000000000004,695974,0.10347099999999999,0.141399,0.46787699999999999,0.26921400000000001,0.018038999999999999,384993,0.116574,0.160608,0.48763200000000001,0.22353899999999999,0.011646999999999999,279454,0.130025,0.17529500000000001,0.48813000000000001,0.19973199999999999,0.0068170000000000001,144329,0.11346299999999999,0.13384699999999999,0.49651800000000001,0.238732,0.017439
33716,5606149,3113318,0.122679,0.16809499999999999,0.49943900000000002,0.204406,0.0053819999999999996,988048,0.12146899999999999,0.17046600000000001,0.500475,0.20249200000000001,0.0050980000000000001,695980,0.10347099999999999,0.141379,0.46789399999999998,0.26919700000000002,0.018058000000000001,384981,0.116567,0.16057399999999999,0.48762699999999998,0.22356699999999999,0.011665999999999999,279465,0.13006599999999999,0.175288,0.48808299999999999,0.19975000000000001,0.0068129999999999996,144357,0.113441,0.133911,0.49650499999999997,0.2387,0.017443
33717,5606399,3113540,0.122672,0.16808899999999999,0.49944499999999997,0.204406,0.0053880000000000004,988065,0.121485,0.17044500000000001,0.50046100000000004,0.20250199999999999,0.0051070000000000004,695961,0.10348300000000001,0.14133999999999999,0.46788800000000003,0.269231,0.018058000000000001,384997,0.116565,0.16062199999999999,0.48762699999999998,0.22350600000000001,0.011681,279444,0.130076,0.17519799999999999,0.48814800000000003,0.19976099999999999,0.0068170000000000001,144392,0.11350399999999999,0.133941,0.49649599999999999,0.23857999999999999,0.017479999999999999
33718,5606590,3113703,0.122673,0.16808500000000001,0.49944699999999997,0.204401,0.0053940000000000004,988072,0.12145400000000001,0.17046600000000001,0.50046000000000002,0.20250799999999999,0.0051120000000000002,695987,0.103496,0.141323,0.467864,0.26924599999999999,0.018071,385008,0.116574,0.16062499999999999,0.48760799999999999,0.22350999999999999,0.011683000000000001,279442,0.13006300000000001,0.175124,0.48822300000000002,0.19977700000000001,0.0068139999999999997,144378,0.113508,0.133822,0.49665500000000001,0.23852699999999999,0.017489000000000001
33719,5606828,3113860,0.122673,0.16808200000000001,0.499446,0.204399,0.0054000000000000003,988069,0.121448,0.17044100000000001,0.50047699999999995,0.202513,0.0051209999999999997,695960,0.10347000000000001,0.141346,0.46784399999999998,0.269258,0.018081,385091,0.116679,0.16056699999999999,0.48759400000000003,0.22345899999999999,0.011701,279473,0.13006999999999999,0.17513999999999999,0.48824000000000001,0.19972899999999999,0.0068199999999999997,144375,0.11343399999999999,0.13376299999999999,0.49674099999999999,0.238566,0.017496000000000001
33720,5607089,3114023,0.122678,0.16806399999999999,0.49944899999999998,0.204404,0.0054060000000000002,988160,0.121438,0.17043800000000001,0.50047299999999995,0.20252700000000001,0.0051250000000000002,695962,0.10348300000000001,0.14138800000000001,0.46776699999999999,0.26927299999999998,0.018089000000000001,385125,0.116637,0.16056599999999999,0.48762100000000003,0.22345699999999999,0.011717999999999999,279463,0.13012099999999999,0.17508899999999999,0.48827199999999998,0.19969400000000001,0.0068240000000000002,144356,0.113359,0.133857,0.496807,0.238452,0.017526
33721,5607353,3114227,0.122686,0.16803699999999999,0.499448,0.20441400000000001,0.0054149999999999997,988178,0.12142500000000001,0.17044200000000001,0.50046400000000002,0.20253399999999999,0.0051339999999999997,696079,0.103503,0.14136899999999999,0.46778199999999998,0.269231,0.018116,385087,0.116672,0.16061800000000001,0.48757,0.223417,0.011722,279451,0.13009799999999999,0.17511499999999999,0.48827199999999998,0.199684,0.0068310000000000003,144331,0.11340600000000001,0.13378999999999999,0.49682999999999999,0.23848,0.017495
33722,5607605,3114339,0.122693,0.16803399999999999,0.49943500000000002,0.20441699999999999,0.0054219999999999997,988198,0.121407,0.17044300000000001,0.50047699999999995,0.20252700000000001,0.0051469999999999997,696107,0.103516,0.14131199999999999,0.46781499999999998,0.26923000000000002,0.018127999999999998,385079,0.11663800000000001,0.16067600000000001,0.48757,0.22340099999999999,0.011714,279485,0.130139,0.175122,0.48821199999999998,0.19967799999999999,0.0068479999999999999,144397,0.11343,0.13373499999999999,0.49682500000000002,0.23854400000000001,0.017465999999999999
33723,5607812,3114531,0.122697,0.16802,0.49943300000000002,0.20441999999999999,0.0054279999999999997,988210,0.121392,0.17044300000000001,0.50048499999999996,0.20252100000000001,0.0051599999999999997,696142,0.103544,0.141289,0.46776499999999999,0.26926299999999997,0.01814,385072,0.116656,0.16070799999999999,0.48754799999999998,0.223356,0.011733,279490,0.130137,0.17513000000000001,0.488182,0.19969600000000001,0.006855,144367,0.11344,0.13381199999999999,0.49687900000000002,0.238455,0.017413999999999999
33724,5608035,3114631,0.122698,0.168019,0.49942700000000001,0.20441799999999999,0.0054380000000000001,988226,0.12138500000000001,0.170432,0.50049699999999997,0.202518,0.0051679999999999999,696240,0.10355200000000001,0.141295,0.46770499999999998,0.26928099999999999,0.018168,385109,0.11663999999999999,0.16068199999999999,0.48755799999999999,0.223389,0.011731999999999999,279485,0.13017899999999999,0.17511099999999999,0.48826199999999997,0.199596,0.0068519999999999996,144344,0.113451,0.13367399999999999,0.49696600000000002,0.238507,0.017402999999999998
33725,5608281,3114731,0.122706,0.16800399999999999,0.49943399999999999,0.20441100000000001,0.0054450000000000002,988272,0.12138400000000001,0.17043,0.50048899999999996,0.20252200000000001,0.005176,696360,0.10355399999999999,0.14127300000000001,0.46768799999999999,0.26930799999999999,0.018176999999999999,385133,0.116645,0.16070799999999999,0.48749399999999998,0.22342400000000001,0.011728000000000001,279509,0.13019600000000001,0.17504600000000001,0.48825600000000002,0.19964999999999999,0.0068510000000000003,144276,0.113484,0.133688,0.49694300000000002,0.238487,0.017396999999999999
33726,5608519,3114892,0.122712,0.16799,0.49943300000000002,0.20441400000000001,0.0054510000000000001,988353,0.12137199999999999,0.170427,0.50050899999999998,0.20250799999999999,0.0051840000000000002,696358,0.103529,0.14133100000000001,0.46765499999999999,0.26929799999999998,0.018186999999999998,385111,0.116649,0.16067799999999999,0.48751899999999998,0.223408,0.011745,279512,0.130163,0.17504800000000001,0.48829699999999998,0.199626,0.0068659999999999997,144293,0.113568,0.13366600000000001,0.496892,0.238452,0.017423000000000001
33727,5608750,3115116,0.122722,0.16797500000000001,0.49943199999999999,0.20442099999999999,0.00545,988398,0.12137100000000001,0.17041899999999999,0.50051500000000004,0.20250099999999999,0.0051929999999999997,696344,0.103521,0.14130100000000001,0.46767300000000001,0.26930100000000001,0.018204999999999999,385115,0.11663999999999999,0.16070000000000001,0.48752499999999999,0.223359,0.011776,279493,0.130186,0.17502400000000001,0.48829099999999998,0.19961499999999999,0.0068840000000000004,144284,0.11358799999999999,0.13370199999999999,0.49684600000000001,0.23838400000000001,0.017479000000000001
33728,5608981,3115202,0.122725,0.16795199999999999,0.49943700000000002,0.20443,0.0054559999999999999,988478,0.12138599999999999,0.170403,0.50050700000000004,0.20251,0.0051939999999999998,696432,0.103515,0.14136199999999999,0.46763900000000003,0.26927400000000001,0.01821,385074,0.11665300000000001,0.160715,0.48749300000000001,0.22333900000000001,0.0118,279504,0.130241,0.174956,0.48827199999999998,0.199654,0.0068760000000000002,144291,0.113555,0.133654,0.49696099999999999,0.238345,0.017485000000000001
33729,5609196,3115350,0.122738,0.167935,0.49943199999999999,0.204434,0.0054609999999999997,988545,0.12138,0.17038900000000001,0.50054200000000004,0.202491,0.0051989999999999996,696495,0.10348,0.14139199999999999,0.46759800000000001,0.26929999999999998,0.01823,385049,0.11661100000000001,0.16065699999999999,0.48757200000000001,0.22334599999999999,0.011814,279473,0.13029499999999999,0.17497599999999999,0.488205,0.19964699999999999,0.0068770000000000003,144284,0.113554,0.13364599999999999,0.49702000000000002,0.238287,0.017493000000000002
33730,5609396,3115513,0.122739,0.167936,0.499417,0.20444499999999999,0.005463,988598,0.121382,0.170381,0.50053199999999998,0.20250099999999999,0.0052040000000000003,696483,0.103454,0.141398,0.467615,0.26928000000000002,0.018252999999999998,385038,0.116601,0.16062100000000001,0.48763000000000001,0.22330800000000001,0.01184,279465,0.130299,0.174898,0.48829699999999998,0.199624,0.006881,144299,0.113584,0.13362499999999999,0.49695400000000001,0.23832500000000001,0.017512
33731,5609628,3115591,0.122751,0.16792299999999999,0.49941999999999998,0.20444100000000001,0.0054660000000000004,988655,0.121378,0.170373,0.50053499999999995,0.20250199999999999,0.0052119999999999996,696538,0.103459,0.14144200000000001,0.46754699999999999,0.26928999999999997,0.018262,385086,0.11659700000000001,0.16053000000000001,0.48766799999999999,0.22333700000000001,0.011867000000000001,279483,0.13028699999999999,0.17494100000000001,0.48832700000000001,0.199572,0.0068729999999999998,144275,0.11362999999999999,0.133516,0.49707800000000002,0.23824600000000001,0.017528999999999999
33732,5609896,3115725,0.122767,0.16788800000000001,0.499413,0.204455,0.0054770000000000001,988738,0.12139999999999999,0.17036799999999999,0.50049399999999999,0.202519,0.0052199999999999998,696567,0.103421,0.141432,0.46761000000000003,0.26924599999999999,0.018290000000000001,385090,0.116635,0.160635,0.48756100000000002,0.223301,0.011867000000000001,279525,0.130246,0.17494699999999999,0.48835699999999999,0.19956699999999999,0.0068830000000000002,144251,0.113816,0.13349,0.49709900000000001,0.23805000000000001,0.017545999999999999
33733,5610121,3115799,0.122765,0.167883,0.49940699999999999,0.20446,0.0054850000000000003,988783,0.121421,0.17035500000000001,0.50048599999999999,0.20250899999999999,0.0052300000000000003,696650,0.103391,0.14141500000000001,0.46763199999999999,0.26925900000000003,0.018303,385126,0.116684,0.16061800000000001,0.48757499999999998,0.223272,0.011851,279543,0.13025200000000001,0.174932,0.48833300000000002,0.19959399999999999,0.0068900000000000003,144220,0.113875,0.13359499999999999,0.49699100000000002,0.23797699999999999,0.017562999999999999
33734,5610339,3115951,0.12275899999999999,0.16786899999999999,0.49941000000000002,0.20446800000000001,0.0054929999999999996,988802,0.121423,0.17035800000000001,0.50045099999999998,0.20253399999999999,0.0052350000000000001,696666,0.103423,0.14142199999999999,0.46762900000000002,0.269206,0.018319999999999999,385140,0.116711,0.160578,0.487599,0.22326199999999999,0.011849999999999999,279567,0.13025100000000001,0.17491699999999999,0.48831200000000002,0.19963,0.0068890000000000002,144213,0.113762,0.13359399999999999,0.49700800000000001,0.238065,0.017571
33735,5610589,3116090,0.12277100000000001,0.16785900000000001,0.49940200000000001,0.20446900000000001,0.0054999999999999997,988839,0.12142799999999999,0.17033000000000001,0.500467,0.20253299999999999,0.0052420000000000001,696701,0.10341599999999999,0.14146500000000001,0.46758899999999998,0.26921600000000001,0.018312999999999999,385164,0.116698,0.160524,0.48768099999999998,0.22323499999999999,0.011861999999999999,279569,0.130276,0.17491200000000001,0.48832300000000001,0.19958899999999999,0.0068999999999999999,144226,0.11364100000000001,0.13361000000000001,0.49701200000000001,0.23816100000000001,0.017576999999999999
33736,5610796,3116270,0.122769,0.16785600000000001,0.49940800000000002,0.20446300000000001,0.0055040000000000002,988876,0.12142600000000001,0.17033599999999999,0.50043700000000002,0.202546,0.0052550000000000001,696724,0.103413,0.14141899999999999,0.46760699999999999,0.26925199999999999,0.01831,385144,0.11673,0.16054299999999999,0.48762299999999997,0.22323599999999999,0.011868,279595,0.13025300000000001,0.17488200000000001,0.48833500000000002,0.19961699999999999,0.006914,144187,0.113644,0.13358999999999999,0.49710399999999999,0.238066,0.017595
33737,5611023,3116442,0.12277299999999999,0.16784499999999999,0.499419,0.204454,0.0055100000000000001,988912,0.121424,0.170345,0.50042699999999996,0.202544,0.0052599999999999999,696730,0.103437,0.14144499999999999,0.46753299999999998,0.269262,0.018322999999999999,385127,0.11673600000000001,0.16048499999999999,0.48764400000000002,0.223251,0.011884,279613,0.130298,0.17483099999999999,0.48828199999999999,0.19966900000000001,0.0069199999999999999,144199,0.113468,0.133628,0.49716700000000003,0.23818500000000001,0.017552000000000002
33738,5611225,3116603,0.122763,0.16783000000000001,0.49944,0.204453,0.0055129999999999997,988946,0.121437,0.17032800000000001,0.50043300000000002,0.20253299999999999,0.0052690000000000002,696734,0.103424,0.14146300000000001,0.46748800000000001,0.26928400000000002,0.018341,385087,0.116706,0.160579,0.48757299999999998,0.22325600000000001,0.011886000000000001,279639,0.130357,0.174818,0.48826900000000001,0.199625,0.0069300000000000004,144216,0.113441,0.13366800000000001,0.49709500000000001,0.23825399999999999,0.017543
33739,5611459,3116754,0.122762,0.167828,0.49943599999999999,0.204454,0.0055199999999999997,988920,0.121433,0.17030300000000001,0.50045399999999995,0.20252999999999999,0.0052789999999999998,696709,0.103405,0.14145199999999999,0.46746199999999999,0.26932499999999998,0.018356000000000001,385124,0.116716,0.16061300000000001,0.48754399999999998,0.22325300000000001,0.011873999999999999,279682,0.130352,0.17487,0.48828700000000003,0.199577,0.0069150000000000001,144270,0.113468,0.133631,0.49719999999999998,0.238123,0.017578
33740,5611679,3116906,0.122765,0.16781399999999999,0.49944899999999998,0.20444799999999999,0.0055240000000000003,988938,0.121421,0.170316,0.50044500000000003,0.20253599999999999,0.0052810000000000001,696762,0.10338700000000001,0.141486,0.46743099999999999,0.269314,0.018381999999999999,385130,0.11674,0.16059300000000001,0.48748000000000002,0.223301,0.011887,279685,0.130304,0.174875,0.48833900000000002,0.19957800000000001,0.0069040000000000004,144258,0.113567,0.133601,0.49700499999999997,0.23826800000000001,0.017559000000000002
33741,5611879,3117038,0.122762,0.16781699999999999,0.49943500000000002,0.204458,0.0055290000000000001,988975,0.12139800000000001,0.17033200000000001,0.50045200000000001,0.20253299999999999,0.0052839999999999996,696811,0.10338799999999999,0.14147699999999999,0.46742800000000001,0.26932099999999998,0.018384999999999999,385080,0.116758,0.16050700000000001,0.48749900000000002,0.22333800000000001,0.011899,279696,0.130299,0.17488999999999999,0.488319,0.199574,0.0069179999999999997,144279,0.11354400000000001,0.13356100000000001,0.497141,0.23814299999999999,0.017611999999999999
33742,5612091,3117157,0.122752,0.16781599999999999,0.499446,0.20444999999999999,0.005535,989006,0.12138,0.17033300000000001,0.500467,0.20253099999999999,0.0052890000000000003,696873,0.10341500000000001,0.141509,0.46737400000000001,0.26931300000000002,0.018388999999999999,385070,0.116789,0.16042300000000001,0.48753000000000002,0.22334899999999999,0.01191,279719,0.13028100000000001,0.174847,0.48835800000000001,0.19958600000000001,0.0069280000000000001,144266,0.113637,0.133552,0.497006,0.23821999999999999,0.017586000000000001
33743,5612348,3117193,0.122764,0.16781499999999999,0.49943199999999999,0.20444799999999999,0.0055409999999999999,989045,0.12138500000000001,0.17030200000000001,0.50047699999999995,0.202542,0.0052950000000000002,696950,0.10342899999999999,0.14149700000000001,0.46732600000000002,0.26934599999999997,0.018402000000000002,385146,0.11679200000000001,0.16044600000000001,0.487568,0.22328200000000001,0.011912000000000001,279726,0.130217,0.17482500000000001,0.48840299999999998,0.19961300000000001,0.0069430000000000004,144288,0.11357100000000001,0.13347600000000001,0.49710300000000002,0.23829400000000001,0.017555000000000001
33744,5612604,3117408,0.122761,0.16781399999999999,0.49941099999999999,0.20446400000000001,0.0055500000000000002,989087,0.121389,0.170296,0.50047600000000003,0.20253299999999999,0.005306,696952,0.10345600000000001,0.14149999999999999,0.46728900000000001,0.269341,0.018412999999999999,385128,0.11674,0.16047400000000001,0.487591,0.223274,0.011920999999999999,279756,0.13020300000000001,0.17483799999999999,0.48836800000000002,0.19964199999999999,0.0069490000000000003,144273,0.113646,0.13339300000000001,0.49726599999999999,0.23813200000000001,0.017564
33745,5612795,3117609,0.12275999999999999,0.16781199999999999,0.49939899999999998,0.20447199999999999,0.0055570000000000003,989064,0.12136,0.17030600000000001,0.50048599999999999,0.20252300000000001,0.0053239999999999997,696934,0.103446,0.14144100000000001,0.46732299999999999,0.26936100000000002,0.018429000000000001,385153,0.116754,0.16053600000000001,0.48753400000000002,0.22325900000000001,0.011917000000000001,279785,0.13022500000000001,0.17479900000000001,0.4884,0.19961799999999999,0.0069589999999999999,144250,0.113705,0.13336600000000001,0.49732399999999999,0.23800299999999999,0.017600999999999999
33746,5613016,3117673,0.12277,0.16780400000000001,0.49939699999999998,0.20446800000000001,0.005561,989141,0.121351,0.17030899999999999,0.50048899999999996,0.202513,0.0053379999999999999,696973,0.103452,0.141459,0.46729900000000002,0.26935500000000001,0.018435,385153,0.11673799999999999,0.16043199999999999,0.48760399999999998,0.22329299999999999,0.011932999999999999,279841,0.13014500000000001,0.174874,0.48840600000000001,0.19961300000000001,0.0069610000000000002,144235,0.113689,0.13336600000000001,0.497251,0.238091,0.017603000000000001
33747,5613226,3117763,0.122775,0.16778999999999999,0.49939699999999998,0.20447000000000001,0.0055690000000000002,989175,0.12134,0.17028599999999999,0.50053300000000001,0.20249500000000001,0.0053460000000000001,697029,0.103439,0.14146900000000001,0.46727600000000002,0.26938499999999999,0.018430999999999999,385180,0.11670899999999999,0.160411,0.487645,0.223272,0.011963,279842,0.13012699999999999,0.17489199999999999,0.48840099999999997,0.19959099999999999,0.0069899999999999997,144237,0.113619,0.133489,0.49722300000000003,0.23805299999999999,0.017617000000000001
33748,5613434,3117940,0.122765,0.16777400000000001,0.49940200000000001,0.204484,0.0055760000000000002,989222,0.12134,0.170297,0.50051800000000002,0.202485,0.0053600000000000002,697097,0.103495,0.14145099999999999,0.46726499999999999,0.26934599999999997,0.018443999999999999,385107,0.11665300000000001,0.160413,0.48762800000000001,0.22334799999999999,0.011958,279856,0.13014899999999999,0.17488999999999999,0.48838700000000002,0.19957800000000001,0.0069959999999999996,144212,0.113721,0.13349800000000001,0.49724699999999999,0.23791399999999999,0.01762
33749,5613661,3118129,0.122764,0.167772,0.49939899999999998,0.204481,0.0055830000000000003,989232,0.121336,0.170292,0.50051999999999996,0.202488,0.005365,697101,0.10349,0.14141999999999999,0.46727099999999999,0.26936599999999999,0.018454000000000002,385064,0.116677,0.160412,0.487568,0.22336500000000001,0.011977,279898,0.13015099999999999,0.17488500000000001,0.48838900000000002,0.19958699999999999,0.0069880000000000003,144237,0.113674,0.13350200000000001,0.49727199999999999,0.237928,0.017624000000000001
33750,5613892,3118285,0.12277299999999999,0.16777800000000001,0.49937500000000001,0.204483,0.0055919999999999997,989268,0.121336,0.17028599999999999,0.50051000000000001,0.20249400000000001,0.0053740000000000003,697090,0.10348400000000001,0.14141899999999999,0.46724500000000002,0.26938699999999999,0.018464000000000001,385113,0.116685,0.160387,0.48754500000000001,0.22339400000000001,0.011989,279912,0.13012299999999999,0.174876,0.48840699999999998,0.19959499999999999,0.006999,144224,0.11350399999999999,0.133521,0.49749700000000002,0.23786599999999999,0.017611000000000002
33751,5614127,3118457,0.122762,0.167772,0.49936799999999998,0.20449999999999999,0.0055970000000000004,989346,0.12135899999999999,0.17025699999999999,0.50051100000000004,0.20249500000000001,0.0053769999999999998,697060,0.103502,0.14142099999999999,0.46723100000000001,0.26938000000000001,0.018466,385132,0.11673699999999999,0.16036300000000001,0.487568,0.22334399999999999,0.011988,279927,0.13012299999999999,0.17493800000000001,0.48835899999999999,0.19957,0.0070089999999999996,144205,0.113353,0.13358100000000001,0.49750699999999998,0.237904,0.017655000000000001
33752,5614328,3118532,0.12275800000000001,0.16777300000000001,0.49936700000000001,0.20450099999999999,0.0056020000000000002,989392,0.121378,0.17024700000000001,0.50049999999999994,0.202487,0.0053880000000000004,697078,0.103478,0.141426,0.46729900000000002,0.26933299999999999,0.018464000000000001,385157,0.11672399999999999,0.16034799999999999,0.48753400000000002,0.22340499999999999,0.011990000000000001,279962,0.130164,0.174845,0.48837000000000003,0.199602,0.0070190000000000001,144207,0.11333699999999999,0.13350300000000001,0.49751400000000001,0.23797699999999999,0.017669000000000001
33753,5614535,3118601,0.122755,0.167767,0.49936999999999998,0.20449700000000001,0.0056109999999999997,989440,0.121396,0.17022399999999999,0.50048700000000002,0.20250099999999999,0.0053920000000000001,697053,0.10349,0.141377,0.46734999999999999,0.269314,0.018468999999999999,385189,0.11670899999999999,0.160329,0.487566,0.22339200000000001,0.012004000000000001,280000,0.130107,0.174875,0.48832900000000001,0.19966400000000001,0.007025,144252,0.113302,0.1336,0.49746299999999999,0.23797199999999999,0.017663999999999999
33754,5614771,3118717,0.122764,0.167765,0.49935400000000002,0.20449899999999999,0.0056169999999999996,989443,0.12137100000000001,0.170237,0.50049399999999999,0.20249500000000001,0.0054029999999999998,697131,0.10349999999999999,0.14135700000000001,0.467366,0.269285,0.018492999999999999,385185,0.11668199999999999,0.16028700000000001,0.487599,0.22342000000000001,0.012012,279988,0.130081,0.17488999999999999,0.48836000000000002,0.199659,0.0070109999999999999,144307,0.113293,0.13363900000000001,0.49748100000000001,0.23793700000000001,0.017649999999999999
33755,5615008,3118837,0.122766,0.167766,0.49936000000000003,0.204485,0.0056230000000000004,989470,0.12137100000000001,0.170209,0.50049900000000003,0.20250699999999999,0.0054130000000000003,697166,0.103521,0.14128499999999999,0.46737800000000002,0.26932200000000001,0.018495000000000001,385222,0.11666799999999999,0.16028899999999999,0.48763800000000002,0.22339600000000001,0.012009000000000001,280004,0.130102,0.174901,0.48830000000000001,0.19966100000000001,0.0070359999999999997,144309,0.113271,0.13366500000000001,0.49735600000000002,0.238066,0.017642999999999999
33756,5615205,3118946,0.122756,0.167766,0.49936000000000003,0.20449000000000001,0.0056270000000000001,989516,0.121381,0.17019500000000001,0.50050899999999998,0.20249300000000001,0.0054219999999999997,697172,0.103551,0.14128099999999999,0.46735199999999999,0.26930500000000002,0.018509999999999999,385218,0.11668199999999999,0.16026000000000001,0.48760700000000001,0.22344800000000001,0.012004000000000001,280041,0.13011300000000001,0.174849,0.48833900000000002,0.19966400000000001,0.0070349999999999996,144312,0.11329599999999999,0.13369600000000001,0.497388,0.23799799999999999,0.017621999999999999
33757,5615467,3119180,0.12275800000000001,0.167764,0.49935200000000002,0.20449200000000001,0.0056340000000000001,989542,0.121396,0.17019599999999999,0.50050099999999997,0.20247799999999999,0.0054299999999999999,697142,0.103559,0.14121400000000001,0.46739000000000003,0.26930399999999999,0.018533999999999998,385280,0.116731,0.16030700000000001,0.487487,0.22347900000000001,0.011996,280019,0.13006999999999999,0.17482700000000001,0.48842000000000002,0.19966100000000001,0.0070210000000000003,144304,0.113261,0.133718,0.49740099999999998,0.23796999999999999,0.017649999999999999
33758,5615688,3119303,0.122737,0.16777300000000001,0.49934699999999999,0.20450099999999999,0.0056410000000000002,989566,0.121419,0.17017099999999999,0.50048099999999995,0.20249300000000001,0.005437,697157,0.103601,0.14121600000000001,0.46738499999999999,0.26925199999999999,0.018544999999999999,385329,0.116705,0.16031999999999999,0.48745899999999998,0.22348699999999999,0.012029,280060,0.130051,0.17474799999999999,0.48857,0.199597,0.0070340000000000003,144273,0.113292,0.13373299999999999,0.49731399999999998,0.23802799999999999,0.017632999999999999
33759,5615875,3119384,0.12273199999999999,0.167764,0.499363,0.20449300000000001,0.0056480000000000002,989607,0.121419,0.17016600000000001,0.50047399999999997,0.20249700000000001,0.0054450000000000002,697139,0.103615,0.141237,0.46731,0.26927899999999999,0.018558999999999999,385359,0.116712,0.160331,0.48735899999999999,0.22355800000000001,0.012041,280092,0.13005700000000001,0.17476,0.48849300000000001,0.199656,0.0070330000000000002,144294,0.113206,0.13369900000000001,0.497477,0.237959,0.017658
33760,5616156,3119599,0.12273000000000001,0.167764,0.499357,0.20449100000000001,0.0056579999999999998,989665,0.121445,0.17014799999999999,0.500471,0.202483,0.0054520000000000002,697103,0.10360900000000001,0.14121600000000001,0.46733599999999997,0.26927699999999999,0.018563,385360,0.116769,0.16036700000000001,0.48727900000000002,0.22354199999999999,0.012043,280094,0.130056,0.17477000000000001,0.488454,0.19967599999999999,0.0070439999999999999,144335,0.113202,0.13371,0.49736399999999997,0.238092,0.017632999999999999
33761,5616379,3119781,0.122722,0.16775899999999999,0.49936799999999998,0.204487,0.0056639999999999998,989668,0.121433,0.17014899999999999,0.50048400000000004,0.20247499999999999,0.0054590000000000003,697102,0.103618,0.14121500000000001,0.46728599999999998,0.26930199999999999,0.018579999999999999,385377,0.1168,0.16028500000000001,0.487315,0.223555,0.012045,280091,0.13012599999999999,0.174765,0.48838399999999998,0.19966,0.0070660000000000002,144360,0.11311300000000001,0.13376299999999999,0.49743700000000002,0.23805799999999999,0.01763
33762,5616611,3119874,0.122734,0.16774800000000001,0.49937100000000001,0.20447599999999999,0.0056699999999999997,989728,0.12146,0.17011499999999999,0.50048599999999999,0.20247599999999999,0.005463,697059,0.103601,0.141176,0.46734199999999998,0.26930399999999999,0.018577,385439,0.116797,0.160277,0.487294,0.22357099999999999,0.012062,280115,0.130082,0.17478199999999999,0.48840699999999998,0.199657,0.0070720000000000002,144396,0.113237,0.13370199999999999,0.49731300000000001,0.238123,0.017624999999999998
33763,5616823,3119949,0.122727,0.167739,0.49937900000000002,0.20447299999999999,0.0056829999999999997,989777,0.121443,0.17011100000000001,0.50050399999999995,0.20247999999999999,0.005463,697089,0.103599,0.14114099999999999,0.46734900000000001,0.26932699999999998,0.018582999999999999,385504,0.116785,0.16029099999999999,0.487261,0.22359599999999999,0.012067,280134,0.130106,0.17480599999999999,0.48839500000000002,0.19961499999999999,0.0070790000000000002,144370,0.113251,0.133719,0.49738199999999999,0.237986,0.017663000000000002
33764,5617071,3120153,0.122737,0.16772699999999999,0.499365,0.204482,0.0056899999999999997,989823,0.121462,0.170097,0.50048800000000004,0.202484,0.0054689999999999999,697077,0.103593,0.141128,0.46739199999999997,0.26929700000000001,0.018589999999999999,385489,0.116795,0.16026699999999999,0.48725099999999999,0.223602,0.012086,280175,0.13008700000000001,0.17482300000000001,0.48837999999999998,0.199625,0.0070850000000000002,144354,0.113291,0.133658,0.49741600000000002,0.23799100000000001,0.017644
33765,5617281,3120270,0.122727,0.16772200000000001,0.499365,0.204489,0.0056969999999999998,989886,0.121446,0.17010400000000001,0.50050099999999997,0.20247999999999999,0.0054679999999999998,697111,0.103576,0.141153,0.46738000000000002,0.26927800000000002,0.018613000000000001,385493,0.11681900000000001,0.16021299999999999,0.48728500000000002,0.223579,0.012104,280160,0.13008600000000001,0.174757,0.48843900000000001,0.199632,0.0070850000000000002,144361,0.113375,0.13369300000000001,0.49724000000000002,0.23804900000000001,0.017642999999999999
33766,5617508,3120390,0.12273100000000001,0.167714,0.49936599999999998,0.204486,0.0057019999999999996,989944,0.12145499999999999,0.17007700000000001,0.50051400000000001,0.20247699999999999,0.005476,697111,0.103563,0.14111399999999999,0.46743899999999999,0.26926099999999997,0.018623000000000001,385496,0.116824,0.160248,0.48716700000000002,0.22364999999999999,0.012112,280176,0.13006100000000001,0.17477200000000001,0.48847499999999999,0.19961400000000001,0.0070780000000000001,144391,0.113525,0.13373399999999999,0.49700499999999997,0.238069,0.017666999999999999
33767,5617724,3120509,0.12273199999999999,0.16772200000000001,0.49934699999999999,0.20449200000000001,0.0057060000000000001,990013,0.12145599999999999,0.170069,0.50050700000000004,0.202487,0.0054809999999999998,697098,0.10355499999999999,0.141094,0.46745500000000001,0.26926499999999998,0.018631999999999999,385554,0.116814,0.16020599999999999,0.48723699999999998,0.223631,0.012112,280198,0.13009000000000001,0.174705,0.48852200000000001,0.199605,0.007077,144352,0.113535,0.13372200000000001,0.49704199999999998,0.23800199999999999,0.0177
33768,5617957,3120653,0.122735,0.16769800000000001,0.49935600000000002,0.20449999999999999,0.0057109999999999999,990105,0.121466,0.17005899999999999,0.50049699999999997,0.202487,0.0054910000000000002,697143,0.103573,0.14110700000000001,0.46745900000000001,0.269235,0.018626,385557,0.11680500000000001,0.16017300000000001,0.48725099999999999,0.22364800000000001,0.012123,280195,0.130109,0.174703,0.48851299999999998,0.19959299999999999,0.0070809999999999996,144304,0.11344799999999999,0.133794,0.49688199999999999,0.23815700000000001,0.01772
33769,5618211,3120770,0.122742,0.167682,0.49934699999999999,0.204512,0.0057159999999999997,990170,0.121489,0.17002999999999999,0.50050399999999995,0.20247999999999999,0.005496,697153,0.103564,0.14113000000000001,0.467443,0.269231,0.018633,385591,0.116823,0.160136,0.48730899999999999,0.22359999999999999,0.012132,280226,0.13018099999999999,0.17466999999999999,0.48847699999999999,0.19958500000000001,0.0070870000000000004,144301,0.113381,0.13386600000000001,0.49690600000000001,0.23808599999999999,0.017760999999999999
33770,5618448,3120930,0.12273299999999999,0.16767799999999999,0.499359,0.20450199999999999,0.0057279999999999996,990194,0.12148200000000001,0.17003499999999999,0.50048099999999995,0.20249600000000001,0.0055059999999999996,697139,0.103556,0.14114499999999999,0.46740300000000001,0.269258,0.018637999999999998,385634,0.116857,0.160131,0.48726000000000003,0.22361900000000001,0.012133,280245,0.13017200000000001,0.174676,0.48852600000000002,0.199547,0.0070800000000000004,144306,0.11340500000000001,0.133854,0.49695099999999998,0.238064,0.017725999999999999
33771,5618674,3121057,0.122737,0.167681,0.49934800000000001,0.20450299999999999,0.005731,990218,0.121504,0.17002200000000001,0.50046599999999997,0.20249300000000001,0.0055160000000000001,697108,0.103551,0.141126,0.46740199999999998,0.26927400000000001,0.018647,385684,0.116852,0.16012599999999999,0.487288,0.223608,0.012127000000000001,280285,0.13016800000000001,0.17469000000000001,0.48854599999999998,0.199518,0.0070790000000000002,144322,0.11336499999999999,0.13391600000000001,0.49688199999999999,0.238065,0.017773000000000001
33772,5618884,3121281,0.122729,0.16767499999999999,0.499359,0.20450199999999999,0.0057349999999999996,990240,0.121502,0.170014,0.500471,0.20249400000000001,0.0055189999999999996,697093,0.10351299999999999,0.141128,0.46746399999999999,0.26924199999999998,0.018652999999999999,385648,0.116873,0.16010199999999999,0.48719800000000002,0.22370399999999999,0.012122000000000001,280284,0.13023199999999999,0.174655,0.488508,0.199515,0.0070889999999999998,144338,0.11350399999999999,0.13397700000000001,0.49670199999999998,0.23802499999999999,0.017791999999999999
33773,5619130,3121336,0.12273000000000001,0.16768,0.49936900000000001,0.20448,0.0057409999999999996,990303,0.1215,0.16999900000000001,0.50046100000000004,0.202517,0.0055230000000000001,697109,0.10351299999999999,0.14113600000000001,0.46743000000000001,0.26926099999999997,0.01866,385722,0.116887,0.160076,0.48719299999999999,0.22370799999999999,0.012135999999999999,280280,0.13022700000000001,0.174647,0.48851499999999998,0.19951099999999999,0.0071000000000000004,144380,0.113492,0.133904,0.49656499999999998,0.23822599999999999,0.017814
33774,5619386,3121499,0.12273000000000001,0.16767000000000001,0.49937399999999998,0.20447799999999999,0.0057479999999999996,990345,0.121521,0.17000299999999999,0.50043599999999999,0.202516,0.0055230000000000001,697246,0.103522,0.14119300000000001,0.46739900000000001,0.26920899999999998,0.018678,385679,0.116838,0.16000600000000001,0.48730200000000001,0.223715,0.01214,280257,0.13020499999999999,0.17465800000000001,0.48849799999999999,0.19953799999999999,0.0071009999999999997,144360,0.113508,0.13390099999999999,0.49639800000000001,0.23836199999999999,0.017829999999999999
33775,5619585,3121607,0.122722,0.16766700000000001,0.49936799999999998,0.204487,0.0057549999999999997,990363,0.121546,0.16998199999999999,0.50042200000000003,0.20252200000000001,0.0055279999999999999,697280,0.103515,0.14119000000000001,0.46740900000000002,0.26919999999999999,0.018685,385746,0.116844,0.16003800000000001,0.48728399999999999,0.223686,0.012148000000000001,280278,0.13022800000000001,0.17461599999999999,0.48855799999999999,0.19948399999999999,0.0071139999999999997,144311,0.11354599999999999,0.13386400000000001,0.49640000000000001,0.238346,0.017843000000000001
33776,5619787,3121752,0.12271600000000001,0.16766500000000001,0.49937300000000001,0.204487,0.0057590000000000002,990386,0.121533,0.169989,0.50041899999999995,0.20252400000000001,0.0055339999999999999,697251,0.103491,0.14119699999999999,0.46741100000000002,0.269173,0.018728000000000002,385759,0.116801,0.160053,0.48729600000000001,0.22369700000000001,0.012153000000000001,280309,0.130246,0.17461399999999999,0.48856100000000002,0.199487,0.0070920000000000002,144330,0.113594,0.13383200000000001,0.49634200000000001,0.23835700000000001,0.017876
33777,5620008,3121862,0.122713,0.16767099999999999,0.499365,0.204486,0.0057650000000000002,990427,0.121544,0.16997599999999999,0.50040300000000004,0.20253699999999999,0.0055399999999999998,697258,0.103482,0.14121900000000001,0.46740900000000002,0.26915699999999998,0.018731999999999999,385812,0.116816,0.16006200000000001,0.48732799999999998,0.22365599999999999,0.012137999999999999,280305,0.13025100000000001,0.17450599999999999,0.48857499999999998,0.199575,0.0070920000000000002,144344,0.11359,0.13378499999999999,0.49633500000000003,0.23838899999999999,0.017902000000000001
33778,5620197,3121984,0.122706,0.16766200000000001,0.49938399999999999,0.20447699999999999,0.0057710000000000001,990455,0.121521,0.16996700000000001,0.50042699999999996,0.20253499999999999,0.0055500000000000002,697314,0.103477,0.14121500000000001,0.46742499999999998,0.26912399999999997,0.018759000000000001,385813,0.11681800000000001,0.160028,0.48733500000000002,0.22366800000000001,0.012151,280286,0.13026699999999999,0.17446800000000001,0.488597,0.199575,0.0070930000000000003,144345,0.113693,0.13373499999999999,0.49616500000000002,0.238484,0.017922
33779,5620448,3122080,0.122706,0.167656,0.49937999999999999,0.204485,0.0057730000000000004,990522,0.121514,0.16997899999999999,0.50039900000000004,0.202546,0.0055630000000000002,697284,0.10349700000000001,0.14122100000000001,0.46746199999999999,0.26904800000000001,0.018770999999999999,385865,0.116826,0.15998899999999999,0.48733900000000002,0.22368399999999999,0.012161999999999999,280313,0.13030800000000001,0.17448,0.48857200000000001,0.199545,0.0070959999999999999,144384,0.11379400000000001,0.13378200000000001,0.49596899999999999,0.23854400000000001,0.017911
33780,5620669,3122119,0.122711,0.16764899999999999,0.49938700000000003,0.20447599999999999,0.005777,990530,0.1215,0.169985,0.50040899999999999,0.20253599999999999,0.0055710000000000004,697393,0.10349800000000001,0.14121900000000001,0.46745700000000001,0.26904800000000001,0.018779000000000001,385892,0.116823,0.16001899999999999,0.48721900000000001,0.22376199999999999,0.012177,280325,0.13026299999999999,0.17441499999999999,0.48864400000000002,0.199568,0.00711,144410,0.11389100000000001,0.13383400000000001,0.495921,0.23844599999999999,0.017906999999999999
33781,5620903,3122310,0.122712,0.167629,0.49940600000000002,0.20446900000000001,0.0057840000000000001,990589,0.121502,0.169983,0.50039400000000001,0.202542,0.0055779999999999996,697307,0.103505,0.141183,0.46741199999999999,0.26910699999999999,0.018792,385955,0.116845,0.16001299999999999,0.48725400000000002,0.22370699999999999,0.01218,280299,0.13023199999999999,0.17449200000000001,0.48865700000000001,0.19952300000000001,0.0070959999999999999,144443,0.11389299999999999,0.13394900000000001,0.49578699999999998,0.23844699999999999,0.017923999999999999
33782,5621129,3122477,0.12270399999999999,0.167631,0.49940000000000001,0.20447699999999999,0.0057889999999999999,990645,0.121508,0.16998199999999999,0.50040899999999999,0.202518,0.0055830000000000003,697393,0.103523,0.141207,0.46736899999999998,0.26909499999999997,0.018806,385953,0.116771,0.160027,0.48724099999999998,0.22376299999999999,0.012198000000000001,280246,0.130278,0.17444000000000001,0.48864600000000002,0.19952500000000001,0.0071120000000000003,144415,0.113991,0.13383,0.495807,0.238452,0.017920999999999999
33783,5621303,3122627,0.12268999999999999,0.16763800000000001,0.49940600000000002,0.20447000000000001,0.0057959999999999999,990667,0.12149699999999999,0.16995499999999999,0.50043300000000002,0.20253299999999999,0.0055820000000000002,697381,0.10352699999999999,0.14121700000000001,0.46735399999999999,0.269098,0.018803,385950,0.11679200000000001,0.16001000000000001,0.48719800000000002,0.22378799999999999,0.012211,280275,0.13025100000000001,0.17449999999999999,0.48857699999999998,0.19956099999999999,0.0071110000000000001,144403,0.114007,0.133688,0.49593799999999999,0.23841599999999999,0.017950000000000001
33784,5621515,3122716,0.12268800000000001,0.167625,0.49940000000000001,0.204484,0.0058040000000000001,990701,0.121499,0.16997000000000001,0.50042699999999996,0.202515,0.0055890000000000002,697437,0.10349800000000001,0.14124600000000001,0.46737699999999999,0.269065,0.018814999999999998,385988,0.116794,0.160021,0.487178,0.22378899999999999,0.012218,280300,0.13020999999999999,0.17446300000000001,0.48857699999999998,0.19963600000000001,0.0071139999999999997,144373,0.11405899999999999,0.13367499999999999,0.49596499999999999,0.23835500000000001,0.017947000000000001
33785,5621703,3122785,0.12268999999999999,0.16761200000000001,0.49940000000000001,0.204489,0.0058079999999999998,990725,0.12149600000000001,0.169959,0.50043599999999999,0.20250799999999999,0.0056010000000000001,697499,0.10347099999999999,0.141236,0.46739999999999998,0.26908100000000001,0.018811000000000001,386011,0.116808,0.16004199999999999,0.48719299999999999,0.22373199999999999,0.012225,280301,0.13019600000000001,0.17446999999999999,0.48855700000000002,0.19964599999999999,0.0071320000000000003,144382,0.113913,0.13365199999999999,0.49605900000000003,0.238395,0.017979999999999999
33786,5621899,3122816,0.122681,0.16760800000000001,0.49940600000000002,0.20449000000000001,0.0058139999999999997,990762,0.1215,0.16994100000000001,0.50043300000000002,0.202518,0.0056080000000000001,697549,0.103504,0.141239,0.467339,0.26911400000000002,0.018804000000000001,385998,0.116767,0.15998499999999999,0.48727500000000001,0.223716,0.012257000000000001,280356,0.13017000000000001,0.17451,0.488479,0.19970299999999999,0.0071370000000000001,144418,0.11397500000000001,0.13362599999999999,0.49606699999999998,0.23835700000000001,0.017975999999999999
33787,5622173,3122998,0.122708,0.16758500000000001,0.499394,0.20449600000000001,0.0058180000000000003,990822,0.12148,0.16995399999999999,0.500421,0.20252200000000001,0.0056239999999999997,697575,0.103506,0.14122499999999999,0.46736,0.269094,0.018814999999999998,385981,0.116788,0.15992000000000001,0.48733199999999999,0.223718,0.012241999999999999,280383,0.13017200000000001,0.174543,0.48845,0.19970199999999999,0.0071329999999999996,144414,0.113916,0.13359499999999999,0.49614999999999998,0.23834900000000001,0.017989999999999999
33788,5622405,3123117,0.12270399999999999,0.167576,0.499386,0.20450699999999999,0.0058259999999999996,990882,0.121466,0.16994200000000001,0.50041999999999998,0.202544,0.0056290000000000003,697625,0.103503,0.141203,0.46739900000000001,0.26906600000000003,0.01883,385982,0.11675199999999999,0.15998699999999999,0.48730299999999999,0.22369700000000001,0.012262,280369,0.130193,0.17454900000000001,0.48843500000000001,0.19969000000000001,0.0071329999999999996,144430,0.114,0.13351099999999999,0.49623299999999998,0.23824000000000001,0.018016000000000001
33789,5622651,3123190,0.122707,0.167572,0.49938300000000002,0.20450699999999999,0.0058320000000000004,990894,0.121465,0.169929,0.50042500000000001,0.202546,0.0056340000000000001,697651,0.103492,0.141205,0.467358,0.26911000000000002,0.018835000000000001,386052,0.116767,0.15994700000000001,0.48735699999999998,0.22365099999999999,0.012278000000000001,280412,0.130216,0.17454,0.48841299999999999,0.19969200000000001,0.0071390000000000004,144452,0.11396199999999999,0.13355300000000001,0.49628899999999998,0.23819000000000001,0.018006000000000001
33790,5622869,3123265,0.122699,0.16759199999999999,0.49936799999999998,0.20450199999999999,0.0058380000000000003,990941,0.121449,0.16991800000000001,0.50044699999999998,0.20254800000000001,0.0056379999999999998,697700,0.103504,0.141178,0.46738400000000002,0.26907799999999998,0.018855,386046,0.11670899999999999,0.16001499999999999,0.48738199999999998,0.22359299999999999,0.012302,280471,0.13019500000000001,0.17446400000000001,0.48841400000000001,0.19978199999999999,0.0071450000000000003,144446,0.114056,0.13342699999999999,0.49623400000000001,0.23829,0.017992999999999999
33791,5623054,3123449,0.122695,0.167574,0.499365,0.20452300000000001,0.0058440000000000002,990954,0.121438,0.16991899999999999,0.50046800000000002,0.20252800000000001,0.0056470000000000001,697700,0.103533,0.14119999999999999,0.46731699999999998,0.26909300000000003,0.018858,386035,0.116728,0.16003999999999999,0.48738100000000001,0.22355,0.012302,280480,0.130248,0.174458,0.48838399999999998,0.19975399999999999,0.007156,144436,0.11385000000000001,0.13340199999999999,0.49649700000000002,0.23822299999999999,0.018029
33792,5623260,3123608,0.122685,0.167574,0.499363,0.20452899999999999,0.005849,990966,0.121431,0.169931,0.50046400000000002,0.202517,0.0056569999999999997,697684,0.103507,0.141206,0.46734300000000001,0.269067,0.018877000000000001,386082,0.116747,0.15998699999999999,0.487371,0.22358700000000001,0.012307999999999999,280489,0.13028300000000001,0.174456,0.48837599999999998,0.19972300000000001,0.007162,144431,0.113937,0.13323299999999999,0.496583,0.238204,0.018043
33793,5623457,3123708,0.122682,0.16755800000000001,0.49937300000000001,0.20453099999999999,0.0058560000000000001,990994,0.12142,0.16994400000000001,0.50045899999999999,0.20250799999999999,0.0056699999999999997,697686,0.103532,0.14119000000000001,0.467331,0.26905400000000002,0.018894000000000001,386108,0.116755,0.16003800000000001,0.48728100000000002,0.22361600000000001,0.01231,280495,0.130277,0.174484,0.48834,0.199736,0.007162,144466,0.11393,0.13322200000000001,0.496587,0.238236,0.018024999999999999
33794,5623691,3123884,0.122679,0.16755200000000001,0.499363,0.204536,0.0058700000000000002,991043,0.12142699999999999,0.16992699999999999,0.500467,0.20250099999999999,0.005679,697631,0.103535,0.141206,0.46736299999999997,0.26900800000000002,0.018887999999999999,386126,0.11672399999999999,0.160057,0.48725000000000002,0.22365499999999999,0.012315,280507,0.13028600000000001,0.174484,0.48833700000000002,0.19972400000000001,0.007169,144500,0.113965,0.13323199999999999,0.49656699999999998,0.238173,0.018062000000000002
33795,5623957,3124079,0.122672,0.167549,0.49936199999999997,0.204538,0.0058789999999999997,991095,0.121451,0.16992199999999999,0.50042900000000001,0.202515,0.0056829999999999997,697568,0.10355399999999999,0.14122199999999999,0.46733400000000003,0.268982,0.018908999999999999,386196,0.11675199999999999,0.16007399999999999,0.48725000000000002,0.22361700000000001,0.012307,280526,0.13029499999999999,0.174401,0.48836099999999999,0.19975299999999999,0.0071900000000000002,144493,0.113888,0.133238,0.49666100000000002,0.23813599999999999,0.018076999999999999
33796,5624161,3124295,0.122664,0.167545,0.49936799999999998,0.204539,0.0058840000000000003,991092,0.121449,0.16991300000000001,0.50043499999999996,0.202518,0.0056860000000000001,697579,0.10359400000000001,0.14119699999999999,0.46732499999999999,0.26897300000000002,0.018911000000000001,386193,0.11674,0.16006200000000001,0.48726399999999997,0.223608,0.012324999999999999,280515,0.13023899999999999,0.174458,0.48834499999999997,0.199765,0.0071939999999999999,144487,0.113983,0.13314000000000001,0.49659799999999998,0.238201,0.018078
33797,5624424,3124447,0.12267699999999999,0.16755300000000001,0.49934400000000001,0.20453499999999999,0.0058910000000000004,991134,0.121434,0.169932,0.50041999999999998,0.202518,0.0056979999999999999,697558,0.10358100000000001,0.14110200000000001,0.46740100000000001,0.26899699999999999,0.018918999999999998,386235,0.11673699999999999,0.16003999999999999,0.48726799999999998,0.223631,0.012324,280535,0.130244,0.17446,0.48835299999999998,0.199736,0.007208,144515,0.11404400000000001,0.13314200000000001,0.49664700000000001,0.23807900000000001,0.018088
33798,5624659,3124597,0.122685,0.167542,0.49934000000000001,0.204536,0.0058979999999999996,991154,0.12142699999999999,0.16992299999999999,0.50043700000000002,0.20251,0.0057019999999999996,697613,0.10358299999999999,0.14104800000000001,0.46744400000000003,0.26900600000000002,0.018918999999999998,386251,0.11670899999999999,0.160075,0.48727900000000002,0.22360099999999999,0.012337000000000001,280503,0.130216,0.17445099999999999,0.48829099999999998,0.199823,0.0072189999999999997,144541,0.11408500000000001,0.133159,0.49663400000000002,0.23802200000000001,0.018099000000000001
33799,5624886,3124734,0.12268,0.167547,0.49933,0.204538,0.0059049999999999997,991198,0.121445,0.16989299999999999,0.500444,0.20250699999999999,0.0057099999999999998,697630,0.103586,0.14105200000000001,0.46745100000000001,0.26898899999999998,0.018921,386249,0.116692,0.16003899999999999,0.48728199999999999,0.223636,0.012352,280536,0.13020799999999999,0.17444499999999999,0.48834,0.19978199999999999,0.0072249999999999997,144539,0.11394799999999999,0.13320299999999999,0.49667600000000001,0.23803299999999999,0.01814
33800,5625101,3124786,0.122682,0.167541,0.49931599999999998,0.20455300000000001,0.0059080000000000001,991279,0.121443,0.16988500000000001,0.50046400000000002,0.20249800000000001,0.0057109999999999999,697703,0.103563,0.14107900000000001,0.46748000000000001,0.26895400000000003,0.018925000000000001,386296,0.116739,0.16000200000000001,0.48727100000000001,0.22362599999999999,0.012361,280503,0.13019800000000001,0.17446200000000001,0.48829800000000001,0.199791,0.0072509999999999996,144534,0.113897,0.13320699999999999,0.49681700000000001,0.237951,0.018127000000000001
33801,5625322,3124889,0.122697,0.16752300000000001,0.499303,0.20456299999999999,0.005914,991313,0.121436,0.16988200000000001,0.50047799999999998,0.202487,0.005718,697698,0.10353900000000001,0.14105799999999999,0.467526,0.26892899999999997,0.018948,386320,0.11673500000000001,0.15998899999999999,0.48732399999999998,0.223576,0.012376,280537,0.13020399999999999,0.174455,0.48830600000000002,0.19978099999999999,0.007254,144565,0.113873,0.133269,0.49682100000000001,0.23794100000000001,0.018096000000000001
33802,5625520,3125011,0.122697,0.16750999999999999,0.499307,0.20456199999999999,0.0059230000000000003,991327,0.12144099999999999,0.16986899999999999,0.50048400000000004,0.202485,0.0057210000000000004,697714,0.103517,0.14103599999999999,0.46754099999999998,0.26894299999999999,0.018963000000000001,386359,0.116757,0.159994,0.48728500000000002,0.22358,0.012385,280561,0.13021099999999999,0.17444299999999999,0.48832500000000001,0.199771,0.0072500000000000004,144548,0.11387899999999999,0.13323599999999999,0.49684499999999998,0.23794899999999999,0.018090999999999999
33803,5625732,3125115,0.12269099999999999,0.16750599999999999,0.499309,0.204572,0.0059230000000000003,991357,0.121415,0.16986599999999999,0.50049200000000005,0.20249,0.0057369999999999999,697710,0.103534,0.14103399999999999,0.46752199999999999,0.26893699999999998,0.018971999999999999,386398,0.11679100000000001,0.15998999999999999,0.48724099999999998,0.22357299999999999,0.012404,280589,0.13021199999999999,0.17438999999999999,0.48837599999999998,0.19974800000000001,0.0072740000000000001,144563,0.11393,0.13323599999999999,0.49682799999999999,0.237924,0.018082000000000001
33804,5625990,3125360,0.122694,0.16750499999999999,0.49929400000000002,0.20458100000000001,0.005927,991374,0.121397,0.16983899999999999,0.50054299999999996,0.20247499999999999,0.0057470000000000004,697650,0.103558,0.140986,0.46750900000000001,0.268959,0.018988000000000001,386344,0.116785,0.16,0.48723899999999998,0.223575,0.012401000000000001,280617,0.130249,0.17436199999999999,0.48834499999999997,0.199763,0.00728,144645,0.11396199999999999,0.133188,0.49693399999999999,0.23782400000000001,0.018093000000000001
33805,5626242,3125523,0.122699,0.167488,0.49928800000000001,0.204593,0.0059319999999999998,991438,0.121395,0.16984099999999999,0.50053800000000004,0.20247499999999999,0.005751,697638,0.103564,0.141016,0.46749299999999999,0.268926,0.019001000000000001,386382,0.116822,0.15998899999999999,0.487178,0.22359000000000001,0.01242,280610,0.13020200000000001,0.174345,0.48838999999999999,0.19978299999999999,0.0072810000000000001,144651,0.113874,0.133266,0.497058,0.23768900000000001,0.018113000000000001
33806,5626463,3125658,0.122682,0.16750300000000001,0.49928099999999997,0.204595,0.00594,991484,0.121403,0.169791,0.50057300000000005,0.20247299999999999,0.0057600000000000004,697625,0.10359599999999999,0.140961,0.46748200000000001,0.26893800000000001,0.019023000000000002,386385,0.116886,0.15996199999999999,0.48713099999999998,0.22358800000000001,0.012433,280647,0.130245,0.17430100000000001,0.48842099999999999,0.19975299999999999,0.00728,144664,0.11383600000000001,0.13331599999999999,0.49706899999999998,0.23769599999999999,0.018082999999999998
33807,5626652,3125786,0.122666,0.16750100000000001,0.49926599999999999,0.204619,0.0059480000000000002,991505,0.121375,0.16980799999999999,0.50057200000000002,0.20247699999999999,0.0057679999999999997,697590,0.10361099999999999,0.14097499999999999,0.467472,0.26890900000000001,0.019033000000000001,386429,0.116901,0.15994900000000001,0.48717100000000002,0.223555,0.012423999999999999,280685,0.13026699999999999,0.17433799999999999,0.48832999999999999,0.19978299999999999,0.0072820000000000003,144657,0.11382100000000001,0.133239,0.497197,0.237673,0.018069999999999999
33808,5626944,3125965,0.122664,0.167513,0.49926100000000001,0.20460700000000001,0.0059550000000000002,991538,0.121393,0.169793,0.50057099999999999,0.20247000000000001,0.0057730000000000004,697699,0.103632,0.140962,0.46742800000000001,0.26893499999999998,0.019043000000000001,386406,0.11688999999999999,0.15992200000000001,0.48716900000000002,0.223578,0.01244,280694,0.13032299999999999,0.17430699999999999,0.488286,0.19980800000000001,0.0072750000000000002,144642,0.113791,0.133156,0.49732399999999999,0.237649,0.018079000000000001
33809,5627143,3126080,0.122659,0.16751099999999999,0.49925199999999997,0.20462,0.0059579999999999998,991605,0.12137000000000001,0.16980400000000001,0.50057300000000005,0.20247000000000001,0.0057840000000000001,697689,0.103645,0.14097399999999999,0.46742600000000001,0.26891199999999998,0.019043000000000001,386432,0.11687699999999999,0.159886,0.48719800000000002,0.223584,0.012455000000000001,280730,0.13037099999999999,0.174288,0.48823800000000001,0.19980400000000001,0.0072989999999999999,144607,0.113777,0.13311300000000001,0.49748599999999998,0.237568,0.018055999999999999
33810,5627393,3126247,0.122644,0.167519,0.49924600000000002,0.204628,0.0059630000000000004,991611,0.121379,0.16978399999999999,0.50057799999999997,0.20246600000000001,0.0057920000000000003,697791,0.10366400000000001,0.14097199999999999,0.46742600000000001,0.26888000000000001,0.019057000000000001,386412,0.11693000000000001,0.159806,0.48721100000000001,0.22358500000000001,0.012468999999999999,280757,0.13040499999999999,0.17422899999999999,0.48820200000000002,0.19983100000000001,0.0073340000000000002,144575,0.11376799999999999,0.13306599999999999,0.49761,0.23751,0.018046
33811,5627620,3126342,0.122657,0.16750999999999999,0.49923099999999998,0.20463100000000001,0.0059719999999999999,991683,0.121391,0.16975299999999999,0.50058400000000003,0.20247299999999999,0.0057990000000000003,697751,0.103626,0.14094400000000001,0.46743200000000001,0.26892700000000003,0.019071000000000001,386445,0.116989,0.15976099999999999,0.48730899999999999,0.223473,0.012467000000000001,280814,0.13037799999999999,0.17424300000000001,0.48817700000000003,0.19986200000000001,0.007339,144585,0.11376699999999999,0.13319500000000001,0.49745099999999998,0.237535,0.018051999999999999
33812,5627811,3126426,0.12265,0.16750499999999999,0.49923000000000001,0.20463999999999999,0.0059750000000000003,991754,0.121381,0.16975599999999999,0.50057700000000005,0.20247499999999999,0.0058120000000000003,697763,0.10363700000000001,0.14094999999999999,0.46742499999999998,0.26891199999999998,0.019075000000000002,386464,0.116991,0.15971199999999999,0.48738599999999999,0.223444,0.012467000000000001,280832,0.13034499999999999,0.174239,0.48815999999999998,0.19991,0.0073460000000000001,144572,0.113826,0.133186,0.49726799999999999,0.237653,0.018067
33813,5628050,3126642,0.12265,0.16750000000000001,0.499222,0.204647,0.0059810000000000002,991772,0.121363,0.169761,0.50059100000000001,0.20246700000000001,0.0058190000000000004,697699,0.103662,0.140933,0.467391,0.26893299999999998,0.019081000000000001,386505,0.116992,0.159695,0.48737799999999998,0.22344900000000001,0.012486000000000001,280827,0.13033600000000001,0.17421,0.48827199999999998,0.19984499999999999,0.0073350000000000004,144605,0.113834,0.133183,0.49721700000000002,0.237675,0.018090999999999999
33814,5628312,3126793,0.122652,0.167492,0.49921700000000002,0.204648,0.0059899999999999997,991823,0.121352,0.169762,0.50059500000000001,0.20246900000000001,0.0058219999999999999,697698,0.10370699999999999,0.14091100000000001,0.46737000000000001,0.268924,0.019088000000000001,386522,0.116966,0.15970100000000001,0.487377,0.22345200000000001,0.012503999999999999,280885,0.13033800000000001,0.17424899999999999,0.48826000000000003,0.19981099999999999,0.0073410000000000003,144591,0.113894,0.133155,0.49722300000000003,0.23764299999999999,0.018085
33815,5628508,3126909,0.122657,0.16748199999999999,0.49920700000000001,0.20465800000000001,0.0059969999999999997,991882,0.121347,0.16974900000000001,0.50060800000000005,0.20246600000000001,0.0058300000000000001,697723,0.103673,0.14091999999999999,0.46737499999999998,0.26891199999999998,0.019120999999999999,386533,0.11697100000000001,0.15970400000000001,0.48734,0.22350500000000001,0.01248,280872,0.13034100000000001,0.174264,0.48829,0.19975299999999999,0.007352,144589,0.113861,0.13330900000000001,0.497168,0.23757700000000001,0.018086000000000001
33816,5628742,3127041,0.122652,0.16747400000000001,0.49922299999999997,0.204647,0.0060039999999999998,991931,0.12135899999999999,0.169734,0.50060199999999999,0.202461,0.0058440000000000002,697771,0.103657,0.14092199999999999,0.46732800000000002,0.268951,0.019141999999999999,386548,0.117018,0.15973399999999999,0.48729,0.22346299999999999,0.012494999999999999,280858,0.13034299999999999,0.17421600000000001,0.488346,0.19973099999999999,0.0073629999999999998,144593,0.113844,0.13334699999999999,0.49707800000000002,0.237681,0.018051000000000001
33817,5628938,3127217,0.122657,0.167466,0.49922299999999997,0.204647,0.0060070000000000002,991929,0.12135700000000001,0.169715,0.50061599999999995,0.202462,0.005849,697783,0.103633,0.140955,0.467304,0.268953,0.019154999999999998,386567,0.117051,0.15968499999999999,0.487315,0.223439,0.01251,280878,0.13030600000000001,0.174207,0.48835400000000001,0.19974900000000001,0.0073839999999999999,144564,0.11386,0.133408,0.49688700000000002,0.237791,0.018054000000000001
33818,5629155,3127350,0.122659,0.16744800000000001,0.499218,0.20466000000000001,0.0060150000000000004,991971,0.121348,0.169713,0.50061999999999995,0.20246400000000001,0.005855,697879,0.103641,0.14097299999999999,0.46729599999999999,0.268926,0.019164,386558,0.117064,0.159689,0.48729600000000001,0.223436,0.012515999999999999,280868,0.130325,0.17413200000000001,0.48845,0.19970599999999999,0.0073879999999999996,144529,0.113818,0.13339200000000001,0.497035,0.237682,0.018072000000000001
33819,5629393,3127504,0.122655,0.16744600000000001,0.49921199999999999,0.20466899999999999,0.006019,992006,0.121352,0.16971900000000001,0.500606,0.20246500000000001,0.0058589999999999996,697918,0.10362499999999999,0.14096600000000001,0.46733000000000002,0.26891100000000001,0.019167,386610,0.1171,0.15959799999999999,0.487321,0.223473,0.012508999999999999,280828,0.13030800000000001,0.17413500000000001,0.48850900000000003,0.19966300000000001,0.0073850000000000001,144527,0.113958,0.13337299999999999,0.49695899999999998,0.23764399999999999,0.018065999999999999
33820,5629640,3127728,0.122655,0.16744600000000001,0.49921199999999999,0.20466300000000001,0.006025,992055,0.12135899999999999,0.169714,0.50058199999999997,0.20247999999999999,0.0058650000000000004,697938,0.103632,0.14093700000000001,0.46731899999999998,0.26891500000000002,0.019196999999999999,386587,0.117081,0.15955800000000001,0.48732599999999998,0.22348899999999999,0.012546,280844,0.13027900000000001,0.17411799999999999,0.48858800000000002,0.19963,0.0073850000000000001,144488,0.11404400000000001,0.13342300000000001,0.49684400000000001,0.237618,0.018071
33821,5629837,3127835,0.122657,0.16744400000000001,0.49921199999999999,0.20465800000000001,0.0060289999999999996,992084,0.121339,0.16969200000000001,0.500606,0.20249400000000001,0.0058690000000000001,698004,0.103673,0.14088000000000001,0.46728500000000001,0.26894299999999999,0.019219,386539,0.11705699999999999,0.15961400000000001,0.48736400000000002,0.22342600000000001,0.012539,280852,0.13023899999999999,0.174092,0.48861300000000002,0.199685,0.0073699999999999998,144523,0.11405800000000001,0.13348699999999999,0.49663400000000002,0.23772699999999999,0.018093999999999999
33822,5630082,3127965,0.122657,0.16744700000000001,0.49920500000000001,0.204656,0.0060359999999999997,992120,0.121347,0.16969600000000001,0.50060400000000005,0.202482,0.0058710000000000004,698092,0.103688,0.14087,0.46725899999999998,0.26895599999999997,0.019227000000000001,386548,0.117023,0.159613,0.48737000000000003,0.223444,0.01255,280860,0.13032099999999999,0.174044,0.48863800000000002,0.19962299999999999,0.0073740000000000003,144497,0.11403000000000001,0.13342100000000001,0.49662600000000001,0.23780399999999999,0.018117999999999999
33823,5630326,3128005,0.122656,0.16744100000000001,0.49920100000000001,0.20466200000000001,0.0060390000000000001,992147,0.121336,0.16969999999999999,0.50060000000000004,0.202484,0.0058799999999999998,698128,0.103723,0.14086399999999999,0.46723399999999998,0.26893499999999998,0.019244000000000001,386612,0.117053,0.15959400000000001,0.48740099999999997,0.223387,0.012566000000000001,280895,0.13033,0.174097,0.48858800000000002,0.19961599999999999,0.0073689999999999997,144539,0.114025,0.13341700000000001,0.49669600000000003,0.23774899999999999,0.018113000000000001
33824,5630556,3128101,0.12264899999999999,0.16744300000000001,0.49919599999999997,0.20466400000000001,0.0060489999999999997,992210,0.121323,0.16970499999999999,0.50058999999999998,0.20249800000000001,0.0058840000000000003,698189,0.10370500000000001,0.14083999999999999,0.46726499999999999,0.26894899999999999,0.019241000000000001,386607,0.117109,0.159524,0.48739199999999999,0.22341,0.012566000000000001,280903,0.13034399999999999,0.17413500000000001,0.48854599999999998,0.19959199999999999,0.0073829999999999998,144546,0.11408799999999999,0.13340399999999999,0.49681799999999998,0.23757800000000001,0.018112
33825,5630816,3128194,0.12266000000000001,0.16742499999999999,0.49919000000000002,0.20466899999999999,0.0060559999999999998,992284,0.121335,0.16970199999999999,0.50056100000000003,0.202511,0.0058900000000000003,698289,0.103675,0.14086699999999999,0.46729500000000002,0.26892300000000002,0.01924,386582,0.117114,0.15946399999999999,0.48737399999999997,0.22347400000000001,0.012574,280923,0.13039899999999999,0.174094,0.48851499999999998,0.19959199999999999,0.0074009999999999996,144544,0.114069,0.133468,0.49683100000000002,0.23753299999999999,0.018098
33826,5631063,3128378,0.122654,0.16741700000000001,0.499195,0.20467199999999999,0.0060629999999999998,992305,0.12133099999999999,0.16968800000000001,0.50056900000000004,0.202514,0.0058979999999999996,698363,0.103682,0.14088800000000001,0.467283,0.268897,0.019248999999999999,386551,0.11716699999999999,0.15942799999999999,0.48733799999999999,0.22347400000000001,0.012593,280924,0.130437,0.17399400000000001,0.488595,0.19955899999999999,0.0074149999999999997,144542,0.11412600000000001,0.13353899999999999,0.496645,0.237571,0.018119
33827,5631281,3128463,0.122654,0.16739399999999999,0.49921399999999999,0.20466999999999999,0.0060679999999999996,992382,0.121337,0.16967199999999999,0.50056299999999998,0.202516,0.0059119999999999997,698397,0.103696,0.14088999999999999,0.46726699999999999,0.26889999999999997,0.019247,386598,0.117199,0.159414,0.487261,0.22352900000000001,0.012597000000000001,280917,0.130359,0.17402999999999999,0.48866399999999999,0.199514,0.0074330000000000004,144524,0.114133,0.13358999999999999,0.49658200000000002,0.23758000000000001,0.018114999999999999
33828,5631500,3128527,0.12264700000000001,0.16738600000000001,0.49923000000000001,0.20466500000000001,0.0060720000000000001,992416,0.12132999999999999,0.16967299999999999,0.50057200000000002,0.20250499999999999,0.0059199999999999999,698469,0.103713,0.14085800000000001,0.46724300000000002,0.268932,0.019254,386650,0.11720899999999999,0.15942799999999999,0.48729600000000001,0.22347900000000001,0.012588,280921,0.13033900000000001,0.174035,0.48859999999999998,0.19956099999999999,0.0074650000000000003,144517,0.114305,0.13359699999999999,0.49639800000000001,0.23757800000000001,0.018121999999999999
33829,5631731,3128626,0.12265,0.16737199999999999,0.49923800000000002,0.20466000000000001,0.0060800000000000003,992437,0.121351,0.169657,0.50056599999999996,0.20249400000000001,0.0059319999999999998,698558,0.103725,0.140872,0.467225,0.26890999999999998,0.019268,386617,0.11716799999999999,0.15949099999999999,0.48723899999999998,0.22350300000000001,0.012599000000000001,280963,0.13033,0.17404800000000001,0.48863699999999999,0.19952800000000001,0.007456,144530,0.114412,0.13362599999999999,0.49629099999999998,0.237563,0.018107000000000002
33830,5631963,3128736,0.122639,0.167377,0.49924400000000002,0.204656,0.0060829999999999999,992451,0.121376,0.16961499999999999,0.50057700000000005,0.202489,0.0059430000000000004,698584,0.10374800000000001,0.14086899999999999,0.46715200000000001,0.26894699999999999,0.019283000000000002,386705,0.117144,0.15951199999999999,0.487234,0.223519,0.012591,280958,0.13039300000000001,0.17402200000000001,0.48865700000000001,0.19947799999999999,0.00745,144529,0.11441999999999999,0.133523,0.49640600000000001,0.23752999999999999,0.018121000000000002
33831,5632135,3128868,0.12263400000000001,0.167377,0.49923499999999998,0.20466400000000001,0.0060899999999999999,992492,0.12135799999999999,0.16961999999999999,0.50058100000000005,0.202486,0.0059550000000000002,698647,0.103758,0.140878,0.46717700000000001,0.268901,0.019286000000000001,386669,0.117144,0.159441,0.48722300000000002,0.22359999999999999,0.012592000000000001,280969,0.13034899999999999,0.174012,0.48865900000000001,0.19953099999999999,0.0074489999999999999,144490,0.11443,0.13359399999999999,0.496477,0.23738000000000001,0.018119
33832,5632395,3128989,0.122651,0.16736000000000001,0.49923000000000001,0.20465800000000001,0.0061000000000000004,992532,0.12134,0.16963500000000001,0.50058999999999998,0.20247799999999999,0.0059560000000000004,698625,0.103739,0.14088500000000001,0.46715800000000002,0.26892100000000002,0.019296000000000001,386727,0.117155,0.159469,0.48716799999999999,0.22361,0.012598,280999,0.13033500000000001,0.174015,0.488674,0.199545,0.0074310000000000001,144523,0.114466,0.13353599999999999,0.49649500000000002,0.237374,0.018128999999999999
33833,5632636,3129135,0.122667,0.167348,0.49922800000000001,0.20465,0.0061060000000000003,992571,0.12134,0.169631,0.50059100000000001,0.20247599999999999,0.0059610000000000002,698742,0.103724,0.14091899999999999,0.46712399999999998,0.26893299999999998,0.019300000000000001,386725,0.117132,0.15944900000000001,0.48717300000000002,0.22362699999999999,0.012619,280982,0.13036400000000001,0.17397899999999999,0.48866500000000002,0.199568,0.007424,144481,0.114479,0.13353300000000001,0.49641800000000003,0.23741499999999999,0.018155000000000001
33834,5632862,3129278,0.12266000000000001,0.167347,0.49923200000000001,0.204652,0.0061089999999999998,992583,0.121354,0.16961799999999999,0.50058599999999998,0.20247699999999999,0.0059649999999999998,698768,0.10373400000000001,0.140898,0.46716099999999999,0.268899,0.019307999999999999,386759,0.117107,0.15943499999999999,0.48725200000000002,0.223584,0.012623000000000001,281011,0.13035099999999999,0.174064,0.48856500000000003,0.199597,0.0074229999999999999,144463,0.114604,0.13353599999999999,0.49618200000000001,0.237535,0.018142999999999999
33835,5633087,3129438,0.122668,0.16733700000000001,0.49923400000000001,0.204648,0.0061130000000000004,992572,0.12135,0.169631,0.50056199999999995,0.202483,0.005973,698819,0.10370500000000001,0.140899,0.46717199999999998,0.26891500000000002,0.019307999999999999,386784,0.117086,0.159438,0.48726700000000001,0.223577,0.012632000000000001,281006,0.130414,0.17401800000000001,0.48854500000000001,0.19958999999999999,0.0074339999999999996,144468,0.11459999999999999,0.13344800000000001,0.496228,0.23754700000000001,0.018176999999999999
33836,5633308,3129563,0.12267500000000001,0.167328,0.49922899999999998,0.20464499999999999,0.0061240000000000001,992613,0.121337,0.16963500000000001,0.50055400000000005,0.20249600000000001,0.0059779999999999998,698847,0.103687,0.14091600000000001,0.46720200000000001,0.26889600000000002,0.019299,386816,0.11705599999999999,0.159471,0.48721900000000001,0.22358700000000001,0.012668,281000,0.13039500000000001,0.17401800000000001,0.488566,0.19958699999999999,0.0074339999999999996,144469,0.114634,0.133378,0.49623099999999998,0.237567,0.018190999999999999
33837,5633532,3129688,0.12267400000000001,0.167324,0.499226,0.20464599999999999,0.00613,992642,0.121318,0.16964399999999999,0.50055300000000003,0.20250099999999999,0.0059839999999999997,698842,0.103713,0.140876,0.46719899999999998,0.268901,0.019311999999999999,386870,0.11706,0.159472,0.48717899999999997,0.22361300000000001,0.012676,281012,0.13037499999999999,0.174014,0.48863000000000001,0.19953199999999999,0.0074479999999999998,144478,0.114689,0.13341800000000001,0.49617899999999998,0.23751,0.018203
33838,5633740,3129855,0.122664,0.16730700000000001,0.49925000000000003,0.20464399999999999,0.0061349999999999998,992666,0.121318,0.169654,0.50055400000000005,0.202488,0.005986,698848,0.10371900000000001,0.14085900000000001,0.46713700000000002,0.26895999999999998,0.019324999999999998,386854,0.117034,0.15951199999999999,0.48717899999999997,0.22359100000000001,0.012684000000000001,281022,0.13037799999999999,0.17404700000000001,0.48865199999999998,0.19948299999999999,0.0074409999999999997,144495,0.11486200000000001,0.13333999999999999,0.49605199999999999,0.23752400000000001,0.018221999999999999
33839,5633947,3129867,0.122667,0.167293,0.49925199999999997,0.204651,0.0061380000000000002,992704,0.12132800000000001,0.16963300000000001,0.50054900000000002,0.20250299999999999,0.0059870000000000001,698888,0.103726,0.14086799999999999,0.467144,0.26893,0.019331999999999998,386943,0.117007,0.15958900000000001,0.48710500000000001,0.223609,0.012689000000000001,281059,0.130361,0.17403099999999999,0.48868699999999998,0.199492,0.0074289999999999998,144486,0.114869,0.133349,0.49599300000000002,0.237511,0.018279
33840,5634195,3130040,0.12267699999999999,0.16728999999999999,0.49924600000000002,0.20464199999999999,0.0061450000000000003,992739,0.121325,0.169626,0.50056,0.202485,0.0060049999999999999,699017,0.103767,0.14088100000000001,0.46713700000000002,0.26886199999999999,0.019352999999999999,386872,0.11700000000000001,0.15959499999999999,0.487014,0.22370999999999999,0.012681,281057,0.13034699999999999,0.173961,0.48879400000000001,0.19946800000000001,0.0074289999999999998,144470,0.11477800000000001,0.133246,0.49608200000000002,0.23757200000000001,0.018322000000000001
33841,5634412,3130100,0.122678,0.16728100000000001,0.49924400000000002,0.20464399999999999,0.0061529999999999996,992735,0.121336,0.169626,0.50054399999999999,0.202483,0.0060109999999999999,699060,0.103754,0.14085300000000001,0.46714,0.268897,0.019356000000000002,386908,0.11700199999999999,0.15957499999999999,0.48708200000000001,0.22366,0.01268,281102,0.130444,0.17390800000000001,0.48877599999999999,0.19942199999999999,0.0074489999999999999,144507,0.114797,0.13322500000000001,0.49618400000000001,0.23744899999999999,0.018345
33842,5634620,3130247,0.12267400000000001,0.16727,0.499247,0.204649,0.0061590000000000004,992771,0.121355,0.16959399999999999,0.50056400000000001,0.20246800000000001,0.0060200000000000002,699109,0.10377400000000001,0.14081199999999999,0.46714,0.26890900000000001,0.019365,386890,0.116951,0.15959100000000001,0.48707600000000001,0.22370699999999999,0.012675000000000001,281103,0.13042899999999999,0.17392199999999999,0.488757,0.199429,0.007463,144500,0.114796,0.133329,0.496118,0.237405,0.018353000000000001
33843,5634828,3130331,0.12267599999999999,0.16727800000000001,0.499226,0.204653,0.0061659999999999996,992802,0.121347,0.16957700000000001,0.50057099999999999,0.20247499999999999,0.0060289999999999996,699128,0.10376199999999999,0.14083999999999999,0.46710200000000002,0.26892100000000002,0.019376000000000001,386939,0.116977,0.15956999999999999,0.487066,0.22371199999999999,0.012674,281127,0.13045699999999999,0.17383199999999999,0.48886400000000002,0.19938700000000001,0.0074590000000000004,144501,0.11475399999999999,0.1333,0.49620399999999998,0.23738899999999999,0.018353000000000001
33844,5635041,3130481,0.122671,0.16727800000000001,0.49923000000000001,0.204648,0.0061729999999999997,992836,0.121349,0.169568,0.50057799999999997,0.202461,0.0060429999999999998,699153,0.103758,0.140845,0.46707799999999999,0.26895000000000002,0.019369000000000001,386952,0.11698600000000001,0.159604,0.48699799999999999,0.223687,0.012725,281136,0.130492,0.17377400000000001,0.488842,0.19943,0.007463,144483,0.114706,0.13324800000000001,0.49620399999999998,0.237488,0.018355
33845,5635282,3130587,0.12267500000000001,0.167269,0.49922899999999998,0.204651,0.0061749999999999999,992910,0.12134499999999999,0.169573,0.50057099999999999,0.20245199999999999,0.006058,699199,0.10381600000000001,0.14081099999999999,0.46705600000000003,0.26893899999999998,0.019377999999999999,386918,0.116978,0.15955800000000001,0.486956,0.223774,0.012734000000000001,281149,0.13045799999999999,0.17378299999999999,0.48887199999999997,0.19941400000000001,0.0074729999999999996,144519,0.11465599999999999,0.13327700000000001,0.49635699999999999,0.237318,0.018391999999999999
33846,5635525,3130701,0.122679,0.167268,0.49920599999999998,0.20466000000000001,0.0061869999999999998,992947,0.12134399999999999,0.16958699999999999,0.50056400000000001,0.20244300000000001,0.0060619999999999997,699176,0.10385800000000001,0.140704,0.46710699999999999,0.26894400000000002,0.019387000000000001,387016,0.116949,0.15962599999999999,0.48691000000000001,0.22377900000000001,0.012736000000000001,281159,0.130464,0.17372699999999999,0.48895499999999997,0.199382,0.0074729999999999996,144526,0.114623,0.13328400000000001,0.496423,0.237258,0.018412000000000001
33847,5635714,3130870,0.122671,0.167271,0.49920399999999998,0.20465800000000001,0.006195,992961,0.121311,0.16958599999999999,0.50059200000000004,0.20243900000000001,0.0060730000000000003,699130,0.103871,0.14071800000000001,0.46705799999999997,0.26896700000000001,0.019387000000000001,387029,0.116965,0.159549,0.48700500000000002,0.22373799999999999,0.012743000000000001,281185,0.130437,0.17372899999999999,0.48888799999999999,0.19945599999999999,0.0074900000000000001,144539,0.114592,0.13330700000000001,0.49634400000000001,0.23732700000000001,0.018430999999999999
33848,5635939,3131062,0.122668,0.16725799999999999,0.49920700000000001,0.20466799999999999,0.0061989999999999996,992972,0.121322,0.16957,0.50060199999999999,0.202427,0.0060800000000000003,699090,0.103866,0.14071400000000001,0.46703699999999998,0.26898300000000003,0.019400000000000001,387057,0.11695999999999999,0.159555,0.48697200000000002,0.22375999999999999,0.012753,281221,0.13045999999999999,0.17369999999999999,0.48888999999999999,0.199466,0.0074850000000000003,144537,0.11450399999999999,0.13339799999999999,0.49641999999999997,0.237206,0.018473
33849,5636152,3131087,0.12266299999999999,0.167263,0.49919799999999998,0.20466899999999999,0.0062069999999999998,993018,0.12132999999999999,0.16953699999999999,0.50060000000000004,0.20244500000000001,0.0060879999999999997,699166,0.103852,0.140705,0.46707900000000002,0.26895799999999997,0.019406,387070,0.116976,0.15953200000000001,0.48696400000000001,0.22376799999999999,0.012760000000000001,281238,0.13047300000000001,0.17369599999999999,0.48882399999999998,0.199521,0.0074850000000000003,144573,0.114496,0.13342699999999999,0.49639299999999997,0.23719499999999999,0.018488999999999998
33850,5636404,3131246,0.122669,0.16725799999999999,0.49918499999999999,0.204675,0.0062129999999999998,993054,0.121332,0.16952300000000001,0.50060400000000005,0.20244899999999999,0.0060920000000000002,699198,0.103842,0.14071800000000001,0.46705799999999997,0.268951,0.019431,387050,0.116977,0.15950700000000001,0.48698900000000001,0.22376699999999999,0.012761,281265,0.13047500000000001,0.173619,0.48886600000000002,0.199541,0.0074980000000000003,144591,0.114495,0.13348699999999999,0.49651800000000001,0.23700599999999999,0.018494
33851,5636599,3131364,0.122673,0.16724700000000001,0.49917400000000001,0.20468,0.0062249999999999996,993119,0.121326,0.16950200000000001,0.50063000000000002,0.20244100000000001,0.0061009999999999997,699181,0.103841,0.14072999999999999,0.46707500000000002,0.26892300000000002,0.019429999999999999,387047,0.116978,0.15948699999999999,0.48705999999999999,0.223686,0.012789,281318,0.130408,0.173594,0.48884899999999998,0.199628,0.007522,144570,0.114505,0.133492,0.49655500000000002,0.23696500000000001,0.018481999999999998
33852,5636799,3131452,0.122665,0.167238,0.49918899999999999,0.20468,0.006228,993158,0.121324,0.16950499999999999,0.50065000000000004,0.20241600000000001,0.0061050000000000002,699249,0.10380300000000001,0.14074999999999999,0.46705099999999999,0.26896599999999998,0.019431,387063,0.117033,0.15948599999999999,0.487016,0.22367699999999999,0.012789,281322,0.13042400000000001,0.17360500000000001,0.48886000000000002,0.19955800000000001,0.007554,144555,0.114579,0.13340299999999999,0.496475,0.237072,0.01847
33853,5637013,3131579,0.122673,0.16722899999999999,0.49918200000000001,0.204681,0.0062350000000000001,993132,0.12131,0.16949400000000001,0.50068000000000001,0.202403,0.0061130000000000004,699346,0.103756,0.140763,0.46710600000000002,0.26893699999999998,0.019438,387060,0.117008,0.15948899999999999,0.48702499999999999,0.223663,0.012815,281352,0.130463,0.17360500000000001,0.48880800000000002,0.19958999999999999,0.007535,144544,0.114553,0.133461,0.49638199999999999,0.23713899999999999,0.018464999999999999
33854,5637238,3131730,0.122669,0.16722300000000001,0.49918299999999999,0.20468700000000001,0.0062389999999999998,993152,0.12131400000000001,0.16947599999999999,0.50067099999999998,0.20242199999999999,0.0061180000000000002,699319,0.10379099999999999,0.14074400000000001,0.46706700000000001,0.26893899999999998,0.019459000000000001,387108,0.116998,0.159521,0.48704999999999998,0.22361200000000001,0.012818,281354,0.130469,0.17360300000000001,0.48880099999999999,0.19961000000000001,0.0075170000000000002,144575,0.11444600000000001,0.133495,0.49643399999999999,0.23713600000000001,0.018488999999999998
33855,5637489,3131806,0.122669,0.167212,0.49918299999999999,0.20469300000000001,0.0062430000000000003,993218,0.12135,0.169465,0.50064299999999995,0.20242199999999999,0.0061199999999999996,699329,0.10377400000000001,0.140766,0.46706799999999998,0.26892300000000002,0.019469,387136,0.117003,0.15948100000000001,0.48709999999999998,0.22359299999999999,0.012822,281391,0.13044800000000001,0.17364499999999999,0.48879,0.199598,0.0075199999999999998,144609,0.114536,0.13339400000000001,0.49640800000000002,0.23714299999999999,0.018519000000000001
33856,5637715,3131966,0.122669,0.16720399999999999,0.49918499999999999,0.20469499999999999,0.0062480000000000001,993244,0.12135799999999999,0.16944200000000001,0.50065199999999999,0.20242399999999999,0.0061240000000000001,699301,0.10378900000000001,0.14080100000000001,0.46705099999999999,0.26888299999999998,0.019477000000000001,387151,0.116934,0.159473,0.48707600000000001,0.223667,0.01285,281428,0.13039899999999999,0.17372499999999999,0.48872500000000002,0.19964299999999999,0.0075079999999999999,144625,0.11454499999999999,0.133386,0.49642199999999997,0.237124,0.018523999999999999
33857,5637957,3132196,0.122686,0.16719600000000001,0.499166,0.20469799999999999,0.0062529999999999999,993296,0.121353,0.16942499999999999,0.50064399999999998,0.20244699999999999,0.0061310000000000002,699257,0.103796,0.140794,0.46709600000000001,0.26882699999999998,0.019487999999999998,387162,0.11691699999999999,0.159437,0.48708600000000002,0.22368399999999999,0.012876,281413,0.130356,0.17374800000000001,0.48872700000000002,0.19966,0.007509,144633,0.114441,0.13333700000000001,0.49654599999999999,0.23714499999999999,0.018530000000000001
33858,5638172,3132421,0.122678,0.16720499999999999,0.49915500000000002,0.20469999999999999,0.0062620000000000002,993355,0.121364,0.16941300000000001,0.50063500000000005,0.20245299999999999,0.0061349999999999998,699165,0.10380200000000001,0.14075199999999999,0.46709600000000001,0.26885500000000001,0.019494999999999998,387197,0.11694,0.15942999999999999,0.48708800000000002,0.223692,0.012848999999999999,281424,0.13036600000000001,0.17371300000000001,0.48871799999999999,0.199684,0.0075189999999999996,144610,0.114494,0.13322000000000001,0.49663200000000002,0.23710700000000001,0.018546
33859,5638395,3132564,0.122682,0.16720199999999999,0.49914399999999998,0.204704,0.006267,993385,0.121377,0.169405,0.50063500000000005,0.20244400000000001,0.0061399999999999996,699213,0.10380399999999999,0.14074999999999999,0.46711799999999998,0.26882800000000001,0.0195,387209,0.11694499999999999,0.15946199999999999,0.48704399999999998,0.22370599999999999,0.012843,281428,0.130303,0.173675,0.48870000000000002,0.199767,0.007554,144596,0.11463,0.133157,0.49660399999999999,0.23704700000000001,0.018561999999999999
33860,5638622,3132642,0.12267599999999999,0.16720399999999999,0.49913400000000002,0.20471300000000001,0.0062729999999999999,993409,0.121375,0.1694,0.50063500000000005,0.202436,0.0061549999999999999,699268,0.103849,0.14073099999999999,0.467086,0.26883299999999999,0.019501999999999999,387238,0.116923,0.15945999999999999,0.48714200000000002,0.22362199999999999,0.012853,281436,0.130324,0.173652,0.48875400000000002,0.19969700000000001,0.0075719999999999997,144629,0.114645,0.13314100000000001,0.49650499999999997,0.23713100000000001,0.018578999999999998
33861,5638866,3132758,0.12267500000000001,0.16720699999999999,0.49913600000000002,0.20469999999999999,0.0062820000000000003,993474,0.121374,0.1694,0.50060300000000002,0.202458,0.0061650000000000003,699283,0.103865,0.140711,0.46710400000000002,0.26880700000000002,0.019512999999999999,387253,0.116913,0.15939200000000001,0.487234,0.223608,0.012852000000000001,281456,0.13034699999999999,0.17366100000000001,0.48869499999999999,0.199712,0.0075859999999999999,144642,0.11473800000000001,0.133156,0.49642599999999998,0.237123,0.018556
33862,5639087,3132789,0.122667,0.167208,0.49913000000000002,0.204705,0.0062899999999999996,993515,0.121374,0.169406,0.50059600000000004,0.20245099999999999,0.0061729999999999997,699318,0.103908,0.140656,0.46714099999999997,0.26877299999999998,0.019522000000000001,387289,0.11691,0.159359,0.48720200000000002,0.22367500000000001,0.012853,281507,0.13033800000000001,0.17363999999999999,0.488759,0.19967199999999999,0.0075909999999999997,144669,0.11471000000000001,0.13317999999999999,0.496423,0.23710700000000001,0.018579999999999999
33863,5639332,3132905,0.122678,0.167188,0.499135,0.204704,0.0062950000000000002,993557,0.121392,0.16939000000000001,0.50060000000000004,0.202433,0.0061840000000000003,699403,0.103891,0.140681,0.46710699999999999,0.26879900000000001,0.019521,387253,0.116924,0.15935099999999999,0.48715700000000001,0.223714,0.012855,281518,0.130333,0.173676,0.48879600000000001,0.19958899999999999,0.0076049999999999998,144696,0.114647,0.13322400000000001,0.49638599999999999,0.23710400000000001,0.018638999999999999
33864,5639554,3132936,0.122679,0.167188,0.49911299999999997,0.20471600000000001,0.0063039999999999997,993621,0.121374,0.169405,0.50059799999999999,0.202436,0.0061859999999999997,699448,0.103925,0.14066500000000001,0.46712700000000001,0.26875599999999999,0.019526999999999999,387323,0.11694400000000001,0.159301,0.48718499999999998,0.22370699999999999,0.012862999999999999,281554,0.130277,0.173739,0.48877300000000001,0.19958899999999999,0.0076220000000000003,144672,0.114632,0.13325300000000001,0.49635699999999999,0.23710899999999999,0.018648999999999999
33865,5639752,3133063,0.122686,0.16716600000000001,0.499114,0.20472599999999999,0.0063070000000000001,993637,0.121383,0.16939699999999999,0.50060300000000002,0.20242599999999999,0.0061900000000000002,699526,0.10392999999999999,0.140655,0.46709899999999999,0.26877800000000002,0.019538,387274,0.116964,0.15928,0.48721599999999998,0.22368399999999999,0.012857,281568,0.130278,0.17377999999999999,0.48877700000000002,0.199547,0.0076179999999999998,144684,0.114505,0.13333900000000001,0.49641299999999999,0.23705499999999999,0.018689000000000001
33866,5639966,3133161,0.12269099999999999,0.167153,0.49912099999999998,0.20472399999999999,0.0063099999999999996,993709,0.121391,0.16941600000000001,0.50057300000000005,0.20241400000000001,0.0062059999999999997,699519,0.103939,0.14063500000000001,0.46709099999999998,0.26879199999999998,0.019543000000000001,387297,0.11695899999999999,0.15923399999999999,0.48727999999999999,0.223658,0.012869,281592,0.13029499999999999,0.17379,0.48875000000000002,0.19955100000000001,0.0076140000000000001,144688,0.114439,0.133349,0.49634400000000001,0.23714499999999999,0.018723
33867,5640160,3133237,0.122681,0.167155,0.49912600000000001,0.20471800000000001,0.0063200000000000001,993725,0.121383,0.16941300000000001,0.500579,0.20241400000000001,0.0062110000000000004,699586,0.10392899999999999,0.140655,0.46710099999999999,0.26875500000000002,0.019562,387307,0.116967,0.15925900000000001,0.48724400000000001,0.22367000000000001,0.012860999999999999,281590,0.130221,0.17377699999999999,0.488757,0.19963400000000001,0.0076099999999999996,144715,0.11443200000000001,0.13335900000000001,0.49629299999999998,0.23719699999999999,0.018720000000000001
33868,5640421,3133467,0.122681,0.16714999999999999,0.499116,0.20472799999999999,0.0063249999999999999,993781,0.121378,0.16941400000000001,0.50056699999999998,0.20241999999999999,0.0062220000000000001,699598,0.10392,0.14063899999999999,0.46717799999999998,0.26870100000000002,0.019560999999999999,387271,0.116923,0.15928899999999999,0.487201,0.22369600000000001,0.01289,281571,0.13021199999999999,0.17375399999999999,0.48879,0.19963,0.0076140000000000001,144733,0.11445900000000001,0.133356,0.49626599999999998,0.237182,0.018738000000000001
33869,5640654,3133562,0.12268800000000001,0.16713900000000001,0.49911299999999997,0.20472899999999999,0.006332,993805,0.121394,0.169407,0.50055899999999998,0.20241899999999999,0.006221,699601,0.103882,0.14063200000000001,0.467173,0.26874900000000002,0.019564000000000002,387322,0.116939,0.15926799999999999,0.487238,0.22365399999999999,0.012900999999999999,281601,0.130216,0.173739,0.48880499999999999,0.19961200000000001,0.0076280000000000002,144763,0.114477,0.13336999999999999,0.496363,0.23702200000000001,0.018769000000000001
33870,5640850,3133721,0.12268800000000001,0.167132,0.49912299999999998,0.20472299999999999,0.0063350000000000004,993828,0.12137299999999999,0.16942099999999999,0.50055000000000005,0.20242599999999999,0.0062290000000000002,699585,0.10391599999999999,0.14063100000000001,0.46712100000000001,0.26875900000000003,0.019573,387345,0.11691600000000001,0.15925600000000001,0.48724299999999998,0.22364600000000001,0.012939000000000001,281569,0.130192,0.173737,0.48883599999999999,0.199599,0.0076360000000000004,144802,0.11443200000000001,0.13337499999999999,0.49631199999999998,0.23711699999999999,0.018763999999999999
33871,5641062,3133796,0.122694,0.16713,0.49910599999999999,0.20472599999999999,0.0063439999999999998,993845,0.121392,0.16939799999999999,0.50054799999999999,0.20242299999999999,0.0062389999999999998,699685,0.103904,0.140653,0.46712900000000002,0.26874999999999999,0.019564999999999999,387358,0.11692,0.15923999999999999,0.48722399999999999,0.223666,0.012949,281572,0.130134,0.173767,0.48887000000000003,0.199572,0.0076569999999999997,144806,0.114346,0.13325400000000001,0.49660199999999999,0.237007,0.018790999999999999
33872,5641288,3134011,0.12270200000000001,0.16711000000000001,0.49911800000000001,0.20472099999999999,0.0063499999999999997,993866,0.121382,0.16941500000000001,0.50052700000000006,0.202432,0.0062440000000000004,699713,0.103893,0.14063300000000001,0.467173,0.26871699999999998,0.019584000000000001,387344,0.11688800000000001,0.159246,0.48718499999999998,0.223716,0.012965000000000001,281567,0.130161,0.17377000000000001,0.488811,0.19958699999999999,0.0076709999999999999,144787,0.114306,0.133272,0.49657099999999998,0.23705899999999999,0.018793000000000001
33873,5641523,3134175,0.122711,0.167102,0.49909500000000001,0.204735,0.0063579999999999999,993905,0.12137299999999999,0.16942299999999999,0.50051900000000005,0.20244200000000001,0.0062440000000000004,699743,0.103931,0.14054900000000001,0.46720200000000001,0.26871600000000001,0.019602999999999999,387340,0.116879,0.15926599999999999,0.48722300000000002,0.223692,0.01294,281555,0.130106,0.17377799999999999,0.48886000000000002,0.199577,0.0076790000000000001,144805,0.114375,0.13326199999999999,0.49666100000000002,0.236926,0.018776999999999999
33874,5641751,3134402,0.12271899999999999,0.167101,0.499081,0.204734,0.0063639999999999999,993895,0.12137299999999999,0.16942699999999999,0.50050300000000003,0.20244899999999999,0.0062480000000000001,699677,0.10387399999999999,0.14058200000000001,0.46720400000000001,0.26871499999999998,0.019625,387414,0.116836,0.15926100000000001,0.48734699999999997,0.22361900000000001,0.012937000000000001,281564,0.130137,0.173758,0.48880899999999999,0.199631,0.0076639999999999998,144799,0.114441,0.13319800000000001,0.49659900000000001,0.23699100000000001,0.018770999999999999
33875,5641968,3134559,0.12272,0.16709599999999999,0.499083,0.204733,0.0063680000000000004,993913,0.12135799999999999,0.16941000000000001,0.50049699999999997,0.20247399999999999,0.0062610000000000001,699756,0.103882,0.14061299999999999,0.46718100000000001,0.26868700000000001,0.019637000000000002,387363,0.11688800000000001,0.159192,0.48735699999999998,0.22362699999999999,0.012936,281563,0.13012000000000001,0.173787,0.48878899999999997,0.199632,0.0076709999999999999,144814,0.11445,0.13310900000000001,0.496637,0.237007,0.018797000000000001
33876,5642194,3134664,0.122727,0.16708100000000001,0.499083,0.204732,0.0063759999999999997,993978,0.12135700000000001,0.169402,0.50049900000000003,0.20247399999999999,0.0062680000000000001,699769,0.10385900000000001,0.14058599999999999,0.46722399999999997,0.26867999999999997,0.019650999999999998,387364,0.116898,0.15920699999999999,0.487234,0.22372,0.012940999999999999,281611,0.130165,0.17377500000000001,0.488784,0.19960900000000001,0.0076670000000000002,144808,0.11443399999999999,0.1331,0.49668499999999999,0.23696900000000001,0.018811000000000001
33877,5642415,3134728,0.122729,0.167075,0.49909500000000001,0.20471800000000001,0.0063829999999999998,994014,0.12137199999999999,0.16936499999999999,0.50050600000000001,0.202488,0.0062700000000000004,699880,0.10385800000000001,0.14058699999999999,0.46718300000000001,0.26871899999999999,0.019653,387356,0.116926,0.15920000000000001,0.48722100000000002,0.22369600000000001,0.012957,281617,0.130159,0.173732,0.48885499999999998,0.19958999999999999,0.0076629999999999997,144820,0.114439,0.13301299999999999,0.496782,0.23692199999999999,0.018844
33878,5642617,3134844,0.12273000000000001,0.167071,0.49910199999999999,0.204707,0.0063899999999999998,994013,0.12137199999999999,0.16936100000000001,0.50051500000000004,0.20247599999999999,0.0062769999999999996,699903,0.103884,0.140539,0.46716200000000002,0.26875300000000002,0.019661000000000001,387388,0.116857,0.15921199999999999,0.48723,0.22375500000000001,0.012945999999999999,281634,0.13019700000000001,0.17372899999999999,0.48885800000000001,0.19952500000000001,0.0076909999999999999,144835,0.11441999999999999,0.13304099999999999,0.496724,0.23696600000000001,0.018849000000000001
33879,5642848,3135123,0.12273199999999999,0.167078,0.499081,0.20471200000000001,0.0063969999999999999,994040,0.12135799999999999,0.169353,0.50053899999999996,0.20247299999999999,0.0062760000000000003,699915,0.103917,0.14052999999999999,0.46716999999999997,0.26872099999999999,0.019661999999999999,387398,0.116808,0.15911,0.48733599999999999,0.22378500000000001,0.012961,281555,0.130166,0.17377100000000001,0.48888100000000001,0.199492,0.0076889999999999997,144817,0.11444799999999999,0.13294700000000001,0.49667499999999998,0.237065,0.018865
33880,5643087,3135202,0.12273299999999999,0.16706699999999999,0.499083,0.20471800000000001,0.006398,994077,0.121382,0.16933599999999999,0.50053099999999995,0.20246600000000001,0.0062849999999999998,699974,0.103912,0.14050499999999999,0.467169,0.26873900000000001,0.019675000000000002,387444,0.116781,0.15909699999999999,0.48735600000000001,0.223798,0.012970000000000001,281545,0.13016,0.17374100000000001,0.488931,0.19948099999999999,0.0076860000000000001,144845,0.11450200000000001,0.13300400000000001,0.496724,0.23688799999999999,0.018881999999999999
33881,5643306,3135379,0.12273299999999999,0.16705600000000001,0.49909100000000001,0.20471500000000001,0.006404,994092,0.12137000000000001,0.16933999999999999,0.50049900000000003,0.20249500000000001,0.0062950000000000002,699982,0.10395600000000001,0.14050399999999999,0.46711900000000001,0.26872099999999999,0.019701,387476,0.116743,0.159058,0.48740800000000001,0.223805,0.012987,281539,0.130131,0.173738,0.48892999999999998,0.19953899999999999,0.0076610000000000003,144838,0.114507,0.13303799999999999,0.49672699999999997,0.236816,0.018911000000000001
33882,5643538,3135507,0.122728,0.16705,0.49911100000000003,0.204702,0.0064099999999999999,994173,0.12135799999999999,0.16933799999999999,0.50049500000000002,0.20250299999999999,0.006306,699938,0.10395500000000001,0.14053099999999999,0.46703299999999998,0.26876800000000001,0.019713000000000001,387511,0.11679200000000001,0.15904799999999999,0.487398,0.223774,0.012988,281524,0.13012699999999999,0.17371900000000001,0.488985,0.199486,0.0076829999999999997,144885,0.114553,0.13294,0.49668400000000001,0.23691899999999999,0.018905000000000002
33883,5643797,3135588,0.122742,0.16703200000000001,0.49910199999999999,0.204711,0.0064130000000000003,994240,0.12135899999999999,0.169345,0.50048599999999999,0.20249400000000001,0.0063150000000000003,699965,0.103961,0.140518,0.467082,0.26871099999999998,0.019727999999999999,387546,0.11677800000000001,0.159052,0.48737999999999998,0.22379499999999999,0.012995,281568,0.13007199999999999,0.17371600000000001,0.48901499999999998,0.19950399999999999,0.0076930000000000002,144890,0.114611,0.13289400000000001,0.49660399999999999,0.237007,0.018883
33884,5643999,3135673,0.122749,0.167021,0.49909599999999998,0.20471300000000001,0.0064200000000000004,994274,0.12134499999999999,0.16933300000000001,0.50049500000000002,0.20250499999999999,0.0063229999999999996,699949,0.10395799999999999,0.140509,0.46705799999999997,0.26873000000000002,0.019746,387583,0.11676,0.159083,0.48737200000000003,0.223805,0.01298,281589,0.13004399999999999,0.17369999999999999,0.48902099999999998,0.19952800000000001,0.0077060000000000002,144931,0.114579,0.13289100000000001,0.49676700000000001,0.23688500000000001,0.018877999999999999
33885,5644225,3135790,0.122752,0.16702800000000001,0.49907200000000002,0.20472000000000001,0.0064279999999999997,994320,0.121337,0.169318,0.50051299999999999,0.20250299999999999,0.0063290000000000004,699991,0.103937,0.140489,0.46709499999999998,0.26873200000000003,0.019747000000000001,387588,0.116799,0.159022,0.487458,0.22375600000000001,0.012965000000000001,281604,0.13006899999999999,0.17369399999999999,0.48901600000000001,0.199489,0.007731,144932,0.114509,0.13287599999999999,0.49679200000000001,0.236904,0.018918999999999998
33886,5644440,3135869,0.122741,0.16702,0.49907499999999999,0.20473,0.0064339999999999996,994355,0.121324,0.16933100000000001,0.50050499999999998,0.20250499999999999,0.0063350000000000004,700030,0.103978,0.14047799999999999,0.46703299999999998,0.26874999999999999,0.019761000000000001,387578,0.116826,0.15903100000000001,0.487458,0.22370999999999999,0.012975,281639,0.13006000000000001,0.173705,0.489062,0.19942199999999999,0.0077510000000000001,144969,0.114466,0.132911,0.49684400000000001,0.23685100000000001,0.018928
33887,5644709,3135981,0.122754,0.16700400000000001,0.49907899999999999,0.20472699999999999,0.0064359999999999999,994400,0.121325,0.16933699999999999,0.50049699999999997,0.20250199999999999,0.0063379999999999999,700089,0.103945,0.140482,0.46706799999999998,0.268729,0.019775999999999998,387603,0.116859,0.158995,0.48748799999999998,0.22367500000000001,0.012982,281633,0.13009499999999999,0.173708,0.48900199999999999,0.19944000000000001,0.0077549999999999997,145003,0.11441800000000001,0.132963,0.496728,0.23694000000000001,0.018950999999999999
33888,5644955,3136127,0.122764,0.16700200000000001,0.499054,0.204736,0.0064450000000000002,994496,0.121337,0.169325,0.50048300000000001,0.20251,0.0063460000000000001,700080,0.103921,0.14050499999999999,0.46708699999999997,0.26871099999999998,0.019775999999999998,387579,0.116843,0.15895100000000001,0.48753400000000002,0.223663,0.013009,281658,0.130137,0.17372099999999999,0.48902600000000002,0.19937299999999999,0.0077429999999999999,145015,0.114305,0.13298599999999999,0.496749,0.23701700000000001,0.018943000000000002
33889,5645188,3136339,0.122779,0.166995,0.49904599999999999,0.20472899999999999,0.0064510000000000001,994513,0.121346,0.16931099999999999,0.50048199999999998,0.20250799999999999,0.0063530000000000001,700032,0.103918,0.14053099999999999,0.46703600000000001,0.26871899999999999,0.019796000000000001,387639,0.116825,0.15893099999999999,0.487539,0.22366900000000001,0.013035,281640,0.130138,0.17369299999999999,0.48903600000000003,0.199379,0.0077549999999999997,145025,0.114242,0.13297,0.496811,0.237042,0.018935
33890,5645364,3136533,0.12278,0.166989,0.49904500000000002,0.20473,0.0064549999999999998,994486,0.12132999999999999,0.16931099999999999,0.50048800000000004,0.20251,0.0063619999999999996,699999,0.103923,0.14051,0.46705799999999997,0.26870500000000003,0.019803999999999999,387662,0.11677999999999999,0.15892200000000001,0.487595,0.22366900000000001,0.013035,281642,0.13015499999999999,0.173706,0.48902200000000001,0.19934199999999999,0.0077759999999999999,145042,0.114229,0.13292699999999999,0.49683500000000003,0.23704900000000001,0.018960000000000001
33891,5645614,3136700,0.122777,0.16697799999999999,0.49904100000000001,0.20474400000000001,0.0064599999999999996,994533,0.121347,0.16927600000000001,0.50049999999999994,0.20250699999999999,0.0063689999999999997,699960,0.103952,0.140509,0.46706999999999999,0.26866200000000001,0.019807000000000002,387702,0.116788,0.15893399999999999,0.48757600000000001,0.22367200000000001,0.013030999999999999,281637,0.13015699999999999,0.17371300000000001,0.48899799999999999,0.19934499999999999,0.0077869999999999997,145082,0.114218,0.13297300000000001,0.49680200000000002,0.237011,0.018995999999999999
33892,5645845,3136814,0.122781,0.16697699999999999,0.49903399999999998,0.20474400000000001,0.0064640000000000001,994579,0.121347,0.16927900000000001,0.50048099999999995,0.202519,0.0063749999999999996,699969,0.10397199999999999,0.140485,0.46706799999999998,0.26863999999999999,0.019834999999999998,387751,0.116771,0.15893399999999999,0.48756300000000002,0.22370499999999999,0.013025999999999999,281651,0.130161,0.17364399999999999,0.48900900000000003,0.19939899999999999,0.0077860000000000004,145081,0.11428099999999999,0.132857,0.49691600000000002,0.236957,0.018988999999999999
33893,5646051,3137058,0.122776,0.16697100000000001,0.49904100000000001,0.20474500000000001,0.0064669999999999997,994583,0.121346,0.16925799999999999,0.50049100000000002,0.202517,0.0063879999999999996,699931,0.10398,0.14050499999999999,0.46704200000000001,0.268621,0.019852000000000002,387729,0.116757,0.15892000000000001,0.48751100000000003,0.22376199999999999,0.013050000000000001,281646,0.130185,0.17360100000000001,0.48897600000000002,0.19945299999999999,0.0077860000000000004,145104,0.114277,0.13286999999999999,0.49691299999999999,0.23694699999999999,0.018992999999999999
33894,5646305,3137104,0.12278699999999999,0.16695199999999999,0.49904199999999999,0.20474400000000001,0.0064739999999999997,994639,0.121346,0.16924600000000001,0.50049600000000005,0.202518,0.0063940000000000004,699987,0.103976,0.14050799999999999,0.46704000000000001,0.26861099999999999,0.019865000000000001,387799,0.116728,0.158943,0.48749999999999999,0.22376799999999999,0.013061,281678,0.130166,0.17354900000000001,0.48900199999999999,0.19947999999999999,0.007803,145098,0.11444699999999999,0.132855,0.49676799999999999,0.236957,0.018973
33895,5646561,3137351,0.122798,0.166935,0.49902999999999997,0.20475599999999999,0.0064809999999999998,994659,0.12132900000000001,0.16924400000000001,0.50051199999999996,0.202514,0.0064009999999999996,700015,0.103991,0.14052000000000001,0.46701900000000002,0.26859300000000003,0.019878,387772,0.116731,0.158967,0.48749500000000001,0.22373199999999999,0.013075,281671,0.13011600000000001,0.17354600000000001,0.48905300000000002,0.19946700000000001,0.0078180000000000003,145093,0.114499,0.13272900000000001,0.49689499999999998,0.236924,0.018953000000000001
33896,5646782,3137426,0.122792,0.166938,0.49901600000000002,0.20476800000000001,0.0064859999999999996,994723,0.12132900000000001,0.169235,0.50050399999999995,0.202519,0.0064130000000000003,700013,0.103989,0.140513,0.46704800000000002,0.26857900000000001,0.019869999999999999,387830,0.116824,0.15890499999999999,0.48749199999999998,0.223691,0.013088000000000001,281700,0.130138,0.17355699999999999,0.48908800000000002,0.199407,0.0078100000000000001,145090,0.11441900000000001,0.13275899999999999,0.49693999999999999,0.236901,0.018981000000000001
33897,5647024,3137550,0.122782,0.166932,0.49902099999999999,0.20477100000000001,0.0064939999999999998,994773,0.121332,0.16922899999999999,0.50051400000000001,0.20251,0.0064159999999999998,699997,0.104,0.14050499999999999,0.46701500000000001,0.26859300000000003,0.019886999999999998,387865,0.116837,0.15887200000000001,0.48752800000000002,0.22366800000000001,0.013095000000000001,281723,0.13014200000000001,0.17358199999999999,0.48905500000000002,0.199405,0.007816,145116,0.114329,0.132797,0.49703700000000001,0.23688600000000001,0.018950000000000002
33898,5647225,3137725,0.12278699999999999,0.16691700000000001,0.499025,0.20477100000000001,0.0064989999999999996,994820,0.12131699999999999,0.16921700000000001,0.50052300000000005,0.20252200000000001,0.0064209999999999996,699960,0.10398499999999999,0.14054700000000001,0.46700399999999997,0.26857399999999998,0.019890999999999999,387866,0.11686000000000001,0.158856,0.48753999999999997,0.22364700000000001,0.013096999999999999,281725,0.130159,0.17357400000000001,0.48903400000000002,0.199404,0.0078300000000000002,145129,0.11434,0.13269600000000001,0.497054,0.23697499999999999,0.018935
33899,5647437,3137855,0.12277,0.16691400000000001,0.49903700000000001,0.20476900000000001,0.0065100000000000002,994863,0.121318,0.16919699999999999,0.500525,0.20252400000000001,0.0064349999999999997,700035,0.103976,0.140539,0.46702100000000002,0.26855499999999999,0.019909,387850,0.11686000000000001,0.15887799999999999,0.48748200000000003,0.22369,0.013089999999999999,281748,0.130187,0.17360900000000001,0.48897200000000002,0.19938,0.0078510000000000003,145086,0.114415,0.13270699999999999,0.49700899999999998,0.23690800000000001,0.018960999999999999
33900,5647671,3138039,0.122766,0.16690099999999999,0.499056,0.204762,0.0065160000000000001,994935,0.12132,0.16921600000000001,0.50048599999999999,0.20253099999999999,0.0064469999999999996,700001,0.104023,0.140514,0.46700799999999998,0.26852799999999999,0.019927,387851,0.116867,0.15892700000000001,0.48743999999999998,0.22367899999999999,0.013088000000000001,281769,0.13016,0.17358499999999999,0.48895,0.19944000000000001,0.0078650000000000005,145076,0.114409,0.132634,0.49702200000000002,0.23702699999999999,0.018907
33901,5647867,3138107,0.122754,0.16689699999999999,0.49906,0.204761,0.0065279999999999999,994941,0.12131500000000001,0.169212,0.50049100000000002,0.20252700000000001,0.0064559999999999999,700080,0.104034,0.14055999999999999,0.46693400000000002,0.26855600000000002,0.019916,387874,0.11694499999999999,0.15884499999999999,0.48747299999999999,0.22364200000000001,0.013094,281759,0.13006899999999999,0.17361599999999999,0.48898200000000003,0.19947899999999999,0.0078539999999999999,145106,0.114523,0.132607,0.49699500000000002,0.23695099999999999,0.018924
33902,5648119,3138235,0.122767,0.166883,0.49906299999999998,0.20474999999999999,0.0065360000000000001,994948,0.121321,0.169206,0.50048199999999998,0.20252800000000001,0.006463,700085,0.104015,0.140601,0.46690599999999999,0.26855299999999999,0.019924999999999998,387948,0.116977,0.158776,0.48752899999999999,0.22362799999999999,0.013089,281806,0.13005,0.173655,0.48896400000000001,0.19947799999999999,0.0078530000000000006,145097,0.114579,0.132573,0.49688100000000002,0.23702100000000001,0.018946000000000001
33903,5648364,3138370,0.122784,0.16686899999999999,0.49906600000000001,0.204739,0.0065420000000000001,995015,0.12128800000000001,0.16919799999999999,0.50051100000000004,0.20253699999999999,0.0064660000000000004,700092,0.104031,0.140573,0.46686899999999998,0.268596,0.019931999999999998,387943,0.11694499999999999,0.15882499999999999,0.48746899999999999,0.22365399999999999,0.013108,281838,0.13006100000000001,0.17368800000000001,0.48896200000000001,0.199434,0.0078560000000000001,145106,0.114592,0.1326,0.49685699999999999,0.23699200000000001,0.018959
33904,5648552,3138375,0.12278,0.16686599999999999,0.49905300000000002,0.20475299999999999,0.006548,995074,0.12127499999999999,0.16920299999999999,0.50053999999999998,0.20250699999999999,0.0064749999999999999,700136,0.104036,0.14055799999999999,0.466858,0.268621,0.019928000000000001,387996,0.116914,0.15886,0.48747699999999999,0.22361800000000001,0.013132,281859,0.13011500000000001,0.17366799999999999,0.48888999999999999,0.199465,0.0078619999999999992,145112,0.114498,0.132629,0.496892,0.23705100000000001,0.018929999999999999
33905,5648811,3138510,0.122792,0.16684399999999999,0.499054,0.20475599999999999,0.0065550000000000001,995127,0.121277,0.169206,0.500529,0.202514,0.0064749999999999999,700153,0.104036,0.14055400000000001,0.46687400000000001,0.268598,0.019938000000000001,388057,0.116924,0.15884499999999999,0.48746699999999998,0.223609,0.013155,281837,0.13008600000000001,0.17369999999999999,0.48888199999999998,0.199466,0.0078659999999999997,145127,0.1145,0.132636,0.49697200000000002,0.23695099999999999,0.018942000000000001
33906,5649033,3138617,0.122778,0.16683400000000001,0.49905100000000002,0.20477600000000001,0.0065599999999999999,995167,0.12127,0.16921700000000001,0.50052399999999997,0.202511,0.0064780000000000003,700152,0.10406600000000001,0.14055899999999999,0.46685700000000002,0.26854899999999998,0.019969000000000001,388063,0.116914,0.15882499999999999,0.48749599999999998,0.223608,0.013158,281869,0.13012099999999999,0.17369399999999999,0.48885099999999998,0.19944700000000001,0.0078869999999999999,145165,0.11455899999999999,0.132628,0.49701400000000001,0.236896,0.018903
33907,5649263,3138712,0.122782,0.166819,0.49903500000000001,0.20479600000000001,0.0065680000000000001,995216,0.121266,0.169209,0.50053199999999998,0.20250699999999999,0.0064859999999999996,700197,0.104099,0.14061899999999999,0.46685700000000002,0.26845200000000002,0.019973000000000001,388095,0.11700000000000001,0.15876499999999999,0.48748599999999997,0.223584,0.013164,281873,0.13004099999999999,0.17372699999999999,0.48890099999999997,0.19941600000000001,0.0079150000000000002,145170,0.114514,0.13252,0.49706600000000001,0.23696999999999999,0.018929999999999999
33908,5649523,3138780,0.12278,0.166799,0.49905500000000003,0.204795,0.0065709999999999996,995265,0.121283,0.16919400000000001,0.50051599999999996,0.202518,0.006489,700202,0.104064,0.14064399999999999,0.46683799999999998,0.26847799999999999,0.019976000000000001,388145,0.11706999999999999,0.15874199999999999,0.48739500000000002,0.223605,0.013188,281952,0.130051,0.17371400000000001,0.48889899999999997,0.19941700000000001,0.00792,145179,0.114507,0.13264300000000001,0.49702099999999999,0.23688000000000001,0.018949000000000001
33909,5649709,3138916,0.122764,0.166796,0.49907600000000002,0.20478499999999999,0.0065789999999999998,995318,0.121278,0.16919300000000001,0.50051400000000001,0.20252400000000001,0.0064900000000000001,700153,0.10403900000000001,0.14068600000000001,0.46679700000000002,0.26849000000000001,0.019987999999999999,388167,0.11711199999999999,0.15872,0.487398,0.22359399999999999,0.013174999999999999,281928,0.130104,0.173651,0.48891899999999999,0.19939799999999999,0.0079279999999999993,145227,0.114565,0.132572,0.49693900000000002,0.23697399999999999,0.018950000000000002
33910,5649941,3139046,0.122766,0.166794,0.49906299999999998,0.204792,0.0065839999999999996,995343,0.121272,0.16919200000000001,0.50052600000000003,0.202513,0.0064970000000000002,700177,0.10406700000000001,0.14069200000000001,0.46676499999999999,0.26848499999999997,0.019991999999999999,388181,0.11708499999999999,0.15867600000000001,0.48743799999999998,0.223604,0.013197,281954,0.130103,0.17360999999999999,0.48896299999999998,0.19935900000000001,0.0079660000000000009,145240,0.114631,0.13253200000000001,0.49699100000000002,0.236898,0.018948
33911,5650215,3139153,0.12278600000000001,0.16678399999999999,0.49903799999999998,0.20480000000000001,0.0065909999999999996,995343,0.121283,0.169181,0.50052799999999997,0.20250399999999999,0.0065040000000000002,700233,0.104064,0.14066300000000001,0.46681499999999998,0.26845799999999997,0.02,388232,0.11705599999999999,0.15870899999999999,0.48737599999999998,0.223639,0.013219,282015,0.13007099999999999,0.17358999999999999,0.48897800000000002,0.19939699999999999,0.0079640000000000006,145239,0.11459,0.13258800000000001,0.49709100000000001,0.23674100000000001,0.018988999999999999
33912,5650404,3139353,0.122781,0.16678899999999999,0.49904500000000002,0.20478499999999999,0.0066,995332,0.121271,0.16916400000000001,0.50053700000000001,0.202518,0.0065100000000000002,700286,0.104037,0.14070299999999999,0.466721,0.26852700000000002,0.020011999999999999,388265,0.11705699999999999,0.15867000000000001,0.48743300000000001,0.223605,0.013236,281978,0.13012000000000001,0.173563,0.48897800000000002,0.199377,0.0079620000000000003,145190,0.114608,0.13258500000000001,0.49709300000000001,0.236738,0.018974999999999999
33913,5650620,3139489,0.122763,0.166798,0.49904399999999999,0.20479,0.0066049999999999998,995367,0.121292,0.169158,0.50053899999999996,0.202489,0.006522,700310,0.10406700000000001,0.14069899999999999,0.46671600000000002,0.26849699999999999,0.020021000000000001,388293,0.117046,0.158641,0.48746400000000001,0.22358900000000001,0.013261,281992,0.13012799999999999,0.17352300000000001,0.48899999999999999,0.19938500000000001,0.0079649999999999999,145169,0.114549,0.13263900000000001,0.496979,0.236848,0.018984999999999998
33914,5650831,3139595,0.12275899999999999,0.16678699999999999,0.49904199999999999,0.20479900000000001,0.006613,995390,0.121286,0.16914499999999999,0.50053800000000004,0.20250199999999999,0.0065290000000000001,700334,0.104063,0.14071700000000001,0.46666999999999997,0.268513,0.020036000000000002,388318,0.11704100000000001,0.158641,0.487487,0.22356899999999999,0.013261999999999999,282002,0.13011600000000001,0.173513,0.48902800000000002,0.19938500000000001,0.0079570000000000005,145192,0.114579,0.13261700000000001,0.49698300000000001,0.23685899999999999,0.018960999999999999
33915,5651031,3139790,0.122775,0.16678299999999999,0.49902000000000002,0.20480300000000001,0.0066179999999999998,995411,0.12124699999999999,0.16914599999999999,0.50058400000000003,0.202486,0.0065360000000000001,700331,0.104051,0.140706,0.46669899999999997,0.26850299999999999,0.020041,388322,0.116983,0.15862899999999999,0.487485,0.223611,0.013292999999999999,282002,0.130074,0.17347699999999999,0.48907099999999998,0.19941700000000001,0.0079609999999999993,145175,0.11466899999999999,0.13261899999999999,0.49690400000000001,0.23681099999999999,0.018998000000000001
33916,5651239,3139906,0.122778,0.166773,0.499027,0.20480000000000001,0.0066220000000000003,995434,0.121253,0.16912099999999999,0.50058800000000003,0.20249900000000001,0.0065399999999999998,700329,0.10408299999999999,0.14071500000000001,0.46666400000000002,0.26849000000000001,0.020049000000000001,388368,0.116979,0.158582,0.48746,0.22366900000000001,0.013310000000000001,282055,0.13006999999999999,0.17344100000000001,0.48912800000000001,0.199408,0.0079520000000000007,145147,0.11466999999999999,0.13263800000000001,0.49695800000000001,0.23674600000000001,0.018988000000000001
33917,5651436,3140015,0.122761,0.166767,0.49905699999999997,0.204791,0.0066249999999999998,995455,0.121238,0.16911799999999999,0.50058400000000003,0.20251,0.0065500000000000003,700404,0.104098,0.14068600000000001,0.466636,0.26853100000000002,0.020048,388391,0.117011,0.15859300000000001,0.48741899999999999,0.22367200000000001,0.013306,282071,0.130077,0.17342099999999999,0.489097,0.199436,0.0079699999999999997,145100,0.114707,0.13265299999999999,0.49690600000000001,0.236761,0.018973
33918,5651646,3140149,0.12275700000000001,0.16675899999999999,0.49904500000000002,0.20480499999999999,0.0066340000000000001,995484,0.121252,0.16910700000000001,0.50057799999999997,0.20250799999999999,0.0065570000000000003,700505,0.104098,0.14065900000000001,0.46667999999999998,0.26849899999999999,0.020063999999999999,388317,0.11705400000000001,0.158579,0.48735699999999998,0.22369600000000001,0.013313999999999999,282099,0.13006400000000001,0.173453,0.48913299999999998,0.19939100000000001,0.0079579999999999998,145092,0.114769,0.13259899999999999,0.49692599999999998,0.23672599999999999,0.018981000000000001
33919,5651878,3140167,0.122756,0.166745,0.49905699999999997,0.20480300000000001,0.0066389999999999999,995564,0.121264,0.16907900000000001,0.500587,0.20250899999999999,0.006561,700665,0.104091,0.14063899999999999,0.46668100000000001,0.26852199999999998,0.020067000000000002,388309,0.117123,0.15864400000000001,0.48721999999999999,0.22366,0.013353,282115,0.13011,0.173401,0.489205,0.199327,0.0079579999999999998,145058,0.114747,0.13262299999999999,0.49700800000000001,0.23660900000000001,0.019012999999999999
33920,5652103,3140318,0.122768,0.166742,0.49904300000000001,0.20480200000000001,0.0066449999999999999,995595,0.121266,0.169073,0.50056699999999998,0.20253099999999999,0.0065630000000000003,700724,0.10405399999999999,0.14063500000000001,0.46668999999999999,0.26854499999999998,0.020076,388301,0.11713899999999999,0.15862200000000001,0.487261,0.22359699999999999,0.013381000000000001,282118,0.13008400000000001,0.17333899999999999,0.489288,0.19933500000000001,0.0079539999999999993,145047,0.114901,0.13255700000000001,0.49696299999999999,0.23655799999999999,0.019021
33921,5652365,3140514,0.12277299999999999,0.16673099999999999,0.49904799999999999,0.20480000000000001,0.0066490000000000004,995593,0.121281,0.16906299999999999,0.500552,0.20253699999999999,0.0065669999999999999,700791,0.104037,0.14063700000000001,0.46668599999999999,0.26855899999999999,0.020081999999999999,388262,0.117163,0.158689,0.48719200000000001,0.22356300000000001,0.013393,282132,0.13009499999999999,0.17333699999999999,0.489236,0.199378,0.0079539999999999993,145073,0.114887,0.13255400000000001,0.49697000000000002,0.23655000000000001,0.019039
33922,5652607,3140599,0.12277299999999999,0.16672100000000001,0.49904700000000002,0.20480400000000001,0.0066550000000000003,995643,0.121282,0.16904,0.50055899999999998,0.202546,0.0065729999999999998,700840,0.104045,0.140596,0.4667,0.26856099999999999,0.020098999999999999,388281,0.11717,0.15870500000000001,0.48720599999999997,0.22353400000000001,0.013384999999999999,282146,0.13009899999999999,0.17332900000000001,0.48930000000000001,0.19931199999999999,0.0079600000000000001,145098,0.114977,0.13255900000000001,0.496892,0.236488,0.019084
33923,5652828,3140832,0.122775,0.16672400000000001,0.49904799999999999,0.204792,0.0066620000000000004,995695,0.121268,0.16902700000000001,0.50055700000000003,0.20257500000000001,0.0065729999999999998,700765,0.10403900000000001,0.140596,0.46663100000000002,0.26862799999999998,0.020105000000000001,388274,0.117144,0.158692,0.487236,0.22353799999999999,0.013390000000000001,282148,0.13014100000000001,0.17332700000000001,0.48930000000000001,0.19925399999999999,0.0079780000000000007,145114,0.114972,0.13245399999999999,0.497085,0.23635900000000001,0.019130000000000001
33924,5653073,3140990,0.122763,0.166711,0.49906400000000001,0.20479700000000001,0.0066649999999999999,995714,0.12127599999999999,0.16902400000000001,0.50053099999999995,0.20258699999999999,0.006581,700796,0.104043,0.140569,0.46666200000000002,0.26860899999999999,0.020116999999999999,388299,0.117227,0.158692,0.48720200000000002,0.22347700000000001,0.013402000000000001,282178,0.130134,0.17338300000000001,0.48918400000000001,0.19931399999999999,0.0079839999999999998,145096,0.114993,0.13248499999999999,0.49704999999999999,0.23633999999999999,0.019132
33925,5653317,3141142,0.122766,0.166712,0.49906600000000001,0.20478099999999999,0.0066740000000000002,995766,0.121286,0.16900200000000001,0.50053099999999995,0.20259099999999999,0.0065909999999999996,700799,0.10402599999999999,0.140602,0.46661200000000003,0.268619,0.020140999999999999,388300,0.11719300000000001,0.158689,0.48720599999999997,0.22350999999999999,0.013402000000000001,282201,0.130187,0.173291,0.48922199999999999,0.19931199999999999,0.0079869999999999993,145109,0.115024,0.13247300000000001,0.496971,0.236429,0.019102999999999998
33926,5653535,3141209,0.122762,0.166711,0.49907600000000002,0.20477000000000001,0.0066810000000000003,995806,0.12127,0.16900799999999999,0.50053199999999998,0.202597,0.006594,700856,0.10402,0.14057700000000001,0.46658699999999997,0.268679,0.020138,388320,0.117189,0.15870899999999999,0.48718600000000001,0.22350400000000001,0.013412,282239,0.13017300000000001,0.173289,0.48919899999999999,0.19934199999999999,0.0079970000000000006,145105,0.115144,0.13245599999999999,0.49682599999999999,0.236429,0.019144999999999999
33927,5653745,3141364,0.122766,0.16670099999999999,0.49906499999999998,0.20477999999999999,0.0066870000000000002,995867,0.121277,0.168985,0.50054399999999999,0.20259099999999999,0.0066020000000000002,700817,0.104,0.14058999999999999,0.46659400000000001,0.26865099999999997,0.020164999999999999,388358,0.11716,0.15870200000000001,0.48720999999999998,0.223521,0.013408,282247,0.13018399999999999,0.173263,0.489203,0.199382,0.0079679999999999994,145092,0.115134,0.13248799999999999,0.49691200000000002,0.23633999999999999,0.019126000000000001
33928,5653994,3141499,0.122779,0.16669200000000001,0.49904399999999999,0.204787,0.006698,995934,0.121263,0.168992,0.50055700000000003,0.202574,0.0066140000000000001,700865,0.103974,0.140626,0.46656300000000001,0.26866400000000001,0.020171999999999999,388353,0.117177,0.15867800000000001,0.48725800000000002,0.223469,0.013417999999999999,282259,0.13023899999999999,0.17322699999999999,0.489207,0.19935600000000001,0.0079710000000000007,145084,0.11516800000000001,0.13244700000000001,0.49696000000000001,0.23628399999999999,0.019140999999999998
33929,5654187,3141570,0.122775,0.16667799999999999,0.49904900000000002,0.204794,0.0067029999999999998,995962,0.121238,0.168989,0.50057099999999999,0.20258200000000001,0.00662,700901,0.103949,0.14064599999999999,0.46655400000000002,0.26866699999999999,0.020184000000000001,388360,0.117188,0.15868299999999999,0.48726399999999997,0.22342699999999999,0.013439,282261,0.13025200000000001,0.17323,0.48922500000000002,0.19933000000000001,0.0079640000000000006,145133,0.115191,0.13266500000000001,0.49680600000000003,0.23619699999999999,0.019140999999999998
33930,5654410,3141708,0.122783,0.16666600000000001,0.49904399999999999,0.20479800000000001,0.0067080000000000004,996021,0.121237,0.16896600000000001,0.50058599999999998,0.20258599999999999,0.0066239999999999997,700890,0.10391599999999999,0.14063500000000001,0.46660400000000002,0.268646,0.020199000000000002,388352,0.117185,0.158691,0.48719200000000001,0.223491,0.013441,282270,0.13028699999999999,0.173175,0.48923,0.19933000000000001,0.0079780000000000007,145169,0.11532100000000001,0.132659,0.49674499999999999,0.23611799999999999,0.019157
33931,5654634,3141913,0.12278,0.16666400000000001,0.49904700000000002,0.20479600000000001,0.0067140000000000003,996085,0.121242,0.16896,0.50058899999999995,0.20257700000000001,0.0066319999999999999,700948,0.103936,0.14064699999999999,0.46658500000000003,0.26861800000000002,0.020213999999999999,388295,0.11716600000000001,0.15868599999999999,0.48713699999999999,0.22356500000000001,0.013446,282247,0.130272,0.17316699999999999,0.48929800000000001,0.19925499999999999,0.0080070000000000002,145146,0.11516,0.13266600000000001,0.49682399999999999,0.23619699999999999,0.019153
33932,5654854,3142020,0.122778,0.16665199999999999,0.49904700000000002,0.20480000000000001,0.0067229999999999998,996082,0.121227,0.16897100000000001,0.50057799999999997,0.20258300000000001,0.0066410000000000002,701019,0.10392899999999999,0.14065800000000001,0.46663399999999999,0.26854800000000001,0.020232,388297,0.117186,0.15862100000000001,0.48711399999999999,0.22362299999999999,0.013455999999999999,282307,0.13025500000000001,0.173209,0.489255,0.19925100000000001,0.0080300000000000007,145129,0.115229,0.132606,0.496861,0.236149,0.019154999999999998
33933,5655062,3142167,0.12278500000000001,0.166653,0.49904500000000002,0.204788,0.0067279999999999996,996077,0.121235,0.168958,0.50057399999999996,0.20258699999999999,0.0066470000000000001,701072,0.10390199999999999,0.14066300000000001,0.466611,0.26857999999999999,0.020243000000000001,388305,0.11719400000000001,0.15857099999999999,0.487099,0.22368499999999999,0.013450999999999999,282309,0.13023000000000001,0.173147,0.48935000000000001,0.199236,0.0080370000000000007,145132,0.11530899999999999,0.132714,0.49679600000000002,0.23599899999999999,0.019182999999999999
33934,5655273,3142306,0.122775,0.166659,0.49904300000000001,0.204788,0.0067349999999999997,996113,0.12123299999999999,0.168958,0.50057700000000005,0.20257700000000001,0.0066550000000000003,701099,0.103893,0.140649,0.46661900000000001,0.26858300000000002,0.020257000000000001,388300,0.11719499999999999,0.15857299999999999,0.48712100000000003,0.22364400000000001,0.013466000000000001,282308,0.13022300000000001,0.17316200000000001,0.48937999999999998,0.19919400000000001,0.0080409999999999995,145147,0.11538,0.13267899999999999,0.49657200000000001,0.23616699999999999,0.019200999999999999
33935,5655529,3142350,0.122783,0.16664599999999999,0.49905100000000002,0.20477699999999999,0.0067419999999999997,996190,0.12124699999999999,0.168932,0.50059500000000001,0.20256299999999999,0.0066629999999999997,701115,0.103909,0.14061599999999999,0.46664499999999998,0.26855800000000002,0.020271999999999998,388374,0.11718099999999999,0.15863099999999999,0.48710799999999999,0.22361700000000001,0.013464,282345,0.130163,0.17315,0.48938700000000002,0.19924900000000001,0.0080499999999999999,145155,0.115415,0.13275500000000001,0.49636599999999997,0.236258,0.019206999999999998
33936,5655752,3142542,0.12278600000000001,0.16664799999999999,0.49905100000000002,0.204765,0.0067499999999999999,996185,0.12124799999999999,0.16892299999999999,0.50059699999999996,0.20255999999999999,0.006672,701162,0.10387,0.14060500000000001,0.46659299999999998,0.268648,0.020282999999999999,388371,0.117187,0.15864500000000001,0.48710599999999998,0.22358,0.013481999999999999,282358,0.13020699999999999,0.17308499999999999,0.48940400000000001,0.19925399999999999,0.0080499999999999999,145134,0.11548600000000001,0.13267000000000001,0.49644500000000003,0.23623,0.019168000000000001
33937,5655970,3142654,0.122776,0.166653,0.49904500000000002,0.20477200000000001,0.0067539999999999996,996217,0.12126199999999999,0.16891999999999999,0.50058800000000003,0.202547,0.0066829999999999997,701199,0.10392800000000001,0.14056199999999999,0.46655400000000002,0.26864399999999999,0.020312,388403,0.117146,0.158688,0.487149,0.223551,0.013465,282357,0.130186,0.17313200000000001,0.489423,0.199209,0.0080499999999999999,145140,0.11554399999999999,0.132548,0.49650699999999998,0.23622699999999999,0.019175000000000001
33938,5656191,3142774,0.12277299999999999,0.16664899999999999,0.49903700000000001,0.20477699999999999,0.006764,996232,0.121249,0.16891400000000001,0.50059500000000001,0.20255899999999999,0.0066819999999999996,701248,0.10395500000000001,0.14050799999999999,0.46661399999999997,0.26861099999999999,0.020312,388397,0.11717900000000001,0.15867000000000001,0.48709400000000003,0.223575,0.013481,282396,0.13014700000000001,0.17315800000000001,0.48946899999999999,0.199185,0.0080420000000000005,145144,0.115602,0.13259899999999999,0.49652099999999999,0.23608299999999999,0.019195
33939,5656415,3142912,0.122769,0.166632,0.49904500000000002,0.20477699999999999,0.006777,996291,0.12126099999999999,0.168903,0.50059799999999999,0.20255000000000001,0.0066880000000000004,701308,0.103933,0.140509,0.46666800000000003,0.26857999999999999,0.020310999999999999,388372,0.117187,0.15878300000000001,0.48701800000000001,0.22353600000000001,0.013476999999999999,282392,0.13020899999999999,0.17310700000000001,0.48938700000000002,0.19925100000000001,0.0080459999999999993,145140,0.11558499999999999,0.13252700000000001,0.49650699999999998,0.23613799999999999,0.019243
33940,5656649,3143129,0.12275899999999999,0.16662199999999999,0.49905699999999997,0.20478099999999999,0.0067809999999999997,996343,0.121271,0.16891200000000001,0.50056699999999998,0.20255799999999999,0.006692,701293,0.103939,0.140515,0.46666800000000003,0.26855800000000002,0.020320000000000001,388354,0.117205,0.158749,0.48702200000000001,0.22353100000000001,0.013493,282386,0.13026799999999999,0.17307900000000001,0.48936200000000002,0.19924500000000001,0.0080459999999999993,145144,0.115616,0.13253699999999999,0.49639,0.23619999999999999,0.019257
33941,5656915,3143278,0.122764,0.16662299999999999,0.49903700000000001,0.20479,0.0067860000000000004,996414,0.121255,0.168901,0.50058199999999997,0.202568,0.0066940000000000003,701231,0.103954,0.140513,0.466698,0.26850499999999999,0.020330000000000001,388355,0.117187,0.158775,0.48699799999999999,0.223548,0.013493,282427,0.130271,0.17305000000000001,0.48937999999999998,0.199237,0.0080619999999999997,145210,0.11557099999999999,0.132518,0.49643300000000001,0.23621,0.019269000000000001
33942,5657123,3143441,0.122756,0.16661500000000001,0.49904999999999999,0.20478099999999999,0.0067980000000000002,996420,0.12123399999999999,0.168908,0.50057399999999996,0.20258300000000001,0.0067010000000000004,701265,0.103936,0.14046,0.46673399999999998,0.26851799999999998,0.020351999999999999,388341,0.117219,0.158804,0.48692000000000002,0.223584,0.013473000000000001,282428,0.13029199999999999,0.173092,0.48930699999999999,0.19925100000000001,0.0080590000000000002,145228,0.11561100000000001,0.13255,0.49649500000000002,0.23607,0.019272999999999998
33943,5657361,3143494,0.122748,0.16661899999999999,0.499054,0.20477400000000001,0.0068040000000000002,996507,0.121239,0.16889699999999999,0.50056599999999996,0.20258899999999999,0.0067080000000000004,701267,0.10394200000000001,0.140404,0.46674700000000002,0.26855099999999998,0.020355999999999999,388384,0.117219,0.15884799999999999,0.48680899999999999,0.22364700000000001,0.013476,282441,0.13026799999999999,0.173098,0.48926999999999998,0.19928799999999999,0.0080759999999999998,145268,0.11572399999999999,0.13253400000000001,0.49645499999999998,0.23601900000000001,0.019268
33944,5657571,3143530,0.122763,0.166606,0.49904300000000001,0.20477999999999999,0.0068089999999999999,996556,0.121237,0.16891500000000001,0.50054799999999999,0.20258499999999999,0.0067159999999999997,701286,0.10394299999999999,0.140376,0.46674300000000002,0.26855499999999999,0.020382999999999998,388464,0.117241,0.15879199999999999,0.4869,0.223604,0.013462999999999999,282426,0.13026799999999999,0.1731,0.48926399999999998,0.19930200000000001,0.0080660000000000003,145309,0.115678,0.13253100000000001,0.49647999999999998,0.23602799999999999,0.019283000000000002
33945,5657819,3143641,0.122764,0.16659199999999999,0.49903900000000001,0.204792,0.0068129999999999996,996581,0.121223,0.168929,0.50053999999999998,0.20258300000000001,0.0067250000000000001,701365,0.103952,0.14035900000000001,0.46673799999999999,0.26856799999999997,0.020382999999999998,388465,0.117287,0.158856,0.48688300000000001,0.22348699999999999,0.013486,282449,0.13025700000000001,0.173097,0.48928500000000003,0.19928899999999999,0.0080719999999999993,145318,0.115664,0.132496,0.49653900000000001,0.23597899999999999,0.019323
33946,5658049,3143797,0.122764,0.166572,0.49903799999999998,0.20480799999999999,0.0068180000000000003,996556,0.121242,0.168929,0.50052099999999999,0.20258100000000001,0.0067279999999999996,701383,0.103947,0.140404,0.46673100000000001,0.26852100000000001,0.020396999999999998,388472,0.11728,0.158861,0.4869,0.223465,0.013494000000000001,282471,0.130243,0.17308999999999999,0.48930299999999999,0.19928100000000001,0.0080820000000000006,145370,0.115705,0.13250300000000001,0.496471,0.23601800000000001,0.019302
33947,5658266,3143812,0.12277399999999999,0.16656199999999999,0.49904399999999999,0.20479800000000001,0.0068219999999999999,996617,0.121239,0.16893,0.50050300000000003,0.202594,0.0067330000000000003,701377,0.103947,0.14038700000000001,0.46670299999999998,0.26855600000000002,0.020407000000000002,388543,0.11730699999999999,0.158778,0.486929,0.22350400000000001,0.013481,282477,0.13028300000000001,0.17305100000000001,0.48925800000000003,0.199319,0.0080890000000000007,145440,0.11569699999999999,0.13256999999999999,0.496535,0.23588400000000001,0.019314000000000001
33948,5658489,3143969,0.122776,0.16655500000000001,0.49903700000000001,0.20480200000000001,0.0068300000000000001,996672,0.121238,0.168932,0.50049999999999994,0.20258999999999999,0.0067390000000000002,701330,0.103978,0.14039499999999999,0.46667599999999998,0.26853399999999999,0.020417000000000001,388552,0.117269,0.158725,0.48698799999999998,0.223556,0.013462999999999999,282502,0.13026099999999999,0.173039,0.48922500000000002,0.19935800000000001,0.0081169999999999992,145464,0.115692,0.13242499999999999,0.49665900000000002,0.23592099999999999,0.019304000000000002
33949,5658720,3144143,0.12277100000000001,0.16655200000000001,0.49904100000000001,0.20480300000000001,0.0068339999999999998,996709,0.12124600000000001,0.16892299999999999,0.50051299999999999,0.20258100000000001,0.0067369999999999999,701296,0.103992,0.14035900000000001,0.46668500000000002,0.26854099999999997,0.020424000000000001,388610,0.11724900000000001,0.15873200000000001,0.48694799999999999,0.22359399999999999,0.013476,282523,0.13029399999999999,0.173066,0.489174,0.19935,0.008116,145439,0.11567,0.13247500000000001,0.496531,0.23599600000000001,0.019328000000000001
33950,5658916,3144202,0.122769,0.166545,0.49903599999999998,0.20481099999999999,0.0068389999999999996,996751,0.121227,0.16891400000000001,0.50052399999999997,0.20258899999999999,0.0067460000000000003,701297,0.103993,0.14035700000000001,0.46672400000000003,0.26851399999999997,0.020412,388699,0.11723699999999999,0.15868599999999999,0.48694500000000002,0.223661,0.013471,282510,0.13030700000000001,0.17299600000000001,0.48924299999999998,0.199327,0.0081270000000000005,145457,0.11577999999999999,0.13252700000000001,0.49649700000000002,0.235843,0.019352999999999999
33951,5659157,3144383,0.122766,0.16653899999999999,0.49902400000000002,0.20482700000000001,0.0068440000000000003,996759,0.121237,0.16892299999999999,0.50051999999999996,0.20256199999999999,0.0067580000000000001,701293,0.104015,0.140374,0.46670099999999998,0.268484,0.020427000000000001,388728,0.117241,0.15865599999999999,0.48696800000000001,0.22364999999999999,0.013485,282523,0.13028999999999999,0.17299100000000001,0.48927300000000001,0.19930800000000001,0.0081370000000000001,145471,0.115734,0.13256299999999999,0.49656600000000001,0.23580599999999999,0.01933
33952,5659359,3144465,0.12275999999999999,0.16653899999999999,0.49902000000000002,0.20483199999999999,0.0068500000000000002,996784,0.121214,0.168929,0.50053599999999998,0.20255000000000001,0.0067710000000000001,701392,0.104032,0.14033399999999999,0.46675499999999998,0.26841799999999999,0.020462000000000001,388731,0.11724,0.15867300000000001,0.48695899999999998,0.223659,0.013469,282503,0.13031000000000001,0.172933,0.489255,0.19935,0.0081519999999999995,145484,0.11572399999999999,0.13264000000000001,0.496446,0.23588200000000001,0.019307999999999999
33953,5659569,3144450,0.122767,0.16653100000000001,0.49901600000000002,0.20482900000000001,0.0068570000000000002,996812,0.12121899999999999,0.16889799999999999,0.50056900000000004,0.202539,0.0067749999999999998,701470,0.10406700000000001,0.14033699999999999,0.46671000000000001,0.26841300000000001,0.020473000000000002,388791,0.117202,0.158697,0.48698399999999997,0.22364500000000001,0.013473000000000001,282493,0.13025500000000001,0.17289299999999999,0.48934699999999998,0.199354,0.0081519999999999995,145553,0.11566899999999999,0.13258400000000001,0.49648599999999998,0.23596900000000001,0.019292
33954,5659782,3144562,0.122769,0.166517,0.49901200000000001,0.20483699999999999,0.0068649999999999996,996854,0.121216,0.168907,0.50055899999999998,0.202541,0.0067759999999999999,701513,0.10408199999999999,0.14033699999999999,0.46673999999999999,0.26838000000000001,0.020461,388820,0.117216,0.15867200000000001,0.48698399999999997,0.223664,0.013464,282499,0.13023100000000001,0.17297799999999999,0.48926900000000001,0.19934199999999999,0.0081810000000000008,145534,0.115574,0.132581,0.49659900000000001,0.23591699999999999,0.019328999999999999
33955,5660037,3144753,0.122781,0.16649800000000001,0.49900299999999997,0.20485100000000001,0.006868,996892,0.121209,0.168907,0.50055899999999998,0.202541,0.0067840000000000001,701495,0.104049,0.140372,0.46675,0.268343,0.020486000000000001,388852,0.11722200000000001,0.15867500000000001,0.486954,0.22367899999999999,0.013469999999999999,282490,0.13022800000000001,0.172983,0.48927700000000002,0.19933100000000001,0.0081810000000000008,145555,0.115537,0.13264400000000001,0.49663000000000002,0.23583499999999999,0.019354
33956,5660291,3144886,0.122789,0.16648199999999999,0.49901400000000001,0.204842,0.0068739999999999999,996921,0.121212,0.16891500000000001,0.50055400000000005,0.20253199999999999,0.0067869999999999996,701540,0.104078,0.140348,0.46671800000000002,0.26836199999999999,0.020493000000000001,388889,0.117231,0.15862599999999999,0.486956,0.22370699999999999,0.013479,282520,0.130246,0.17297499999999999,0.48924000000000001,0.19934499999999999,0.0081939999999999999,145535,0.115491,0.132662,0.49647200000000002,0.23594999999999999,0.019425000000000001
33957,5660497,3144942,0.122776,0.16647999999999999,0.49902999999999997,0.20483399999999999,0.0068789999999999997,996911,0.121224,0.168902,0.50052700000000006,0.20255600000000001,0.0067910000000000002,701605,0.10416300000000001,0.140315,0.46667599999999998,0.26832,0.020525999999999999,388957,0.11715200000000001,0.158717,0.48691800000000002,0.223721,0.013492000000000001,282528,0.13020699999999999,0.17291699999999999,0.48932100000000001,0.19935700000000001,0.0081969999999999994,145554,0.115435,0.13269300000000001,0.49642700000000001,0.23602200000000001,0.019421999999999998
33958,5660729,3145109,0.122776,0.16648299999999999,0.49902800000000003,0.20482500000000001,0.0068869999999999999,996932,0.12123,0.16888800000000001,0.50054399999999999,0.202543,0.0067949999999999998,701617,0.10415099999999999,0.14033300000000001,0.46665600000000002,0.268343,0.020517000000000001,388988,0.11712400000000001,0.15866,0.48690699999999998,0.223806,0.013502,282560,0.13022700000000001,0.17290800000000001,0.489284,0.199352,0.0082279999999999992,145523,0.115521,0.132604,0.49641600000000002,0.236045,0.019413
33959,5660965,3145249,0.122793,0.166465,0.49902299999999999,0.20482300000000001,0.0068960000000000002,996994,0.121223,0.168874,0.50055300000000003,0.20255100000000001,0.0067990000000000004,701601,0.104145,0.14032900000000001,0.46663300000000002,0.26836900000000002,0.020524000000000001,389019,0.11709700000000001,0.158691,0.48688599999999999,0.22382199999999999,0.013502999999999999,282601,0.13028300000000001,0.172901,0.48927300000000001,0.19932,0.0082240000000000004,145501,0.115367,0.13256999999999999,0.49650499999999997,0.236156,0.019401999999999999
33960,5661182,3145271,0.122782,0.166464,0.499025,0.20483000000000001,0.0068999999999999999,997069,0.121229,0.16884199999999999,0.50056100000000003,0.202565,0.006803,701630,0.10413,0.140319,0.46664899999999998,0.26836199999999999,0.020539000000000002,389044,0.117074,0.158689,0.486896,0.22382299999999999,0.013518000000000001,282644,0.13025600000000001,0.17291699999999999,0.489209,0.199382,0.0082369999999999995,145524,0.115527,0.13261700000000001,0.496365,0.236092,0.019399
33961,5661418,3145384,0.122794,0.16644700000000001,0.499027,0.20482800000000001,0.0069030000000000003,997135,0.121228,0.16885,0.500556,0.20255600000000001,0.0068100000000000001,701697,0.10412200000000001,0.14035800000000001,0.466617,0.26835399999999998,0.020549000000000001,389044,0.117051,0.15865599999999999,0.48697600000000002,0.223797,0.013520000000000001,282591,0.13019500000000001,0.1729,0.48926900000000001,0.19939399999999999,0.0082419999999999993,145567,0.115521,0.13256399999999999,0.49629400000000001,0.23618700000000001,0.019434
33962,5661684,3145546,0.12278699999999999,0.16644400000000001,0.49901400000000001,0.204843,0.0069119999999999997,997208,0.12123399999999999,0.16883300000000001,0.50055799999999995,0.20255200000000001,0.0068230000000000001,701675,0.104148,0.14038300000000001,0.46659899999999999,0.268322,0.020548,389078,0.117051,0.15867000000000001,0.48701,0.22373399999999999,0.013535,282612,0.13018199999999999,0.172926,0.48927199999999998,0.199355,0.0082660000000000008,145565,0.11550199999999999,0.13250400000000001,0.49639,0.23613500000000001,0.019469
33963,5661911,3145646,0.12278600000000001,0.16644100000000001,0.49901200000000001,0.204843,0.0069179999999999997,997245,0.121268,0.168797,0.50055700000000003,0.202544,0.0068339999999999998,701739,0.10412399999999999,0.14036699999999999,0.46659899999999999,0.26833200000000001,0.020577000000000002,389078,0.117051,0.15859799999999999,0.48705399999999999,0.22375700000000001,0.01354,282646,0.13018399999999999,0.17291599999999999,0.48926900000000001,0.19936999999999999,0.0082609999999999992,145557,0.11548700000000001,0.13262199999999999,0.49649300000000002,0.235956,0.019442999999999998
33964,5662126,3145819,0.122777,0.16644400000000001,0.49902099999999999,0.20483299999999999,0.0069249999999999997,997272,0.121256,0.16876099999999999,0.50059399999999998,0.20255500000000001,0.0068349999999999999,701780,0.104118,0.14036699999999999,0.466561,0.268376,0.020577999999999999,389084,0.117039,0.15856700000000001,0.48699999999999999,0.22383900000000001,0.013554999999999999,282604,0.13023899999999999,0.17292399999999999,0.48925000000000002,0.199318,0.0082699999999999996,145567,0.11551400000000001,0.13255800000000001,0.49652099999999999,0.235926,0.019481999999999999
33965,5662336,3145922,0.122781,0.166433,0.49902800000000003,0.20482900000000001,0.0069290000000000003,997310,0.121236,0.16878099999999999,0.50058599999999998,0.20255799999999999,0.0068389999999999996,701789,0.104114,0.14036100000000001,0.46658300000000003,0.268343,0.020598999999999999,389085,0.117016,0.158554,0.48696,0.22391,0.013559999999999999,282636,0.13019900000000001,0.17292199999999999,0.48927599999999999,0.199324,0.0082789999999999999,145594,0.115527,0.132602,0.49643500000000002,0.23593,0.019505999999999999
33966,5662582,3146030,0.122789,0.16642699999999999,0.49901499999999999,0.20483499999999999,0.0069340000000000001,997411,0.12121800000000001,0.168767,0.50060800000000005,0.202565,0.006842,701810,0.104092,0.14038,0.46664499999999998,0.26827200000000001,0.020611000000000001,389074,0.117065,0.15855900000000001,0.48687900000000001,0.22390599999999999,0.013591000000000001,282691,0.13019900000000001,0.172842,0.48922700000000002,0.19943,0.0083020000000000004,145566,0.115453,0.132661,0.49646200000000001,0.23594100000000001,0.019483
33967,5662824,3146101,0.122797,0.16641900000000001,0.49900699999999998,0.20483899999999999,0.0069379999999999997,997477,0.121213,0.16877,0.50061500000000003,0.20255000000000001,0.0068519999999999996,701914,0.10409,0.14038900000000001,0.46660800000000002,0.26829199999999997,0.020621,389086,0.11706900000000001,0.15854099999999999,0.4869,0.22387099999999999,0.013618999999999999,282722,0.13019500000000001,0.172823,0.48926199999999997,0.199408,0.0083119999999999999,145524,0.115465,0.13263800000000001,0.496392,0.23600199999999999,0.019501999999999999
33968,5663048,3146213,0.122804,0.16641700000000001,0.498998,0.20483799999999999,0.0069430000000000004,997498,0.121213,0.16875200000000001,0.50062499999999999,0.20254900000000001,0.0068609999999999999,701936,0.104078,0.14039699999999999,0.46659400000000001,0.268287,0.020643999999999999,389079,0.117076,0.158474,0.48695300000000002,0.223854,0.013642,282781,0.13017500000000001,0.172794,0.48925800000000003,0.19947200000000001,0.0083000000000000001,145541,0.115452,0.13270499999999999,0.49649900000000002,0.235844,0.0195
33969,5663233,3146292,0.12281,0.166412,0.49898999999999999,0.20483899999999999,0.0069490000000000003,997531,0.121202,0.16874800000000001,0.50062899999999999,0.20255500000000001,0.0068659999999999997,701978,0.104056,0.14038999999999999,0.46657300000000002,0.26832299999999998,0.020656999999999998,389084,0.117021,0.15846399999999999,0.48699300000000001,0.22388,0.013642,282801,0.130137,0.17285700000000001,0.48925600000000002,0.19944400000000001,0.0083059999999999991,145547,0.115482,0.13266500000000001,0.496616,0.23569699999999999,0.019539999999999998
33970,5663460,3146466,0.12281300000000001,0.16640199999999999,0.49898999999999999,0.20483699999999999,0.0069579999999999998,997552,0.121212,0.16874500000000001,0.50061699999999998,0.20255799999999999,0.0068690000000000001,702024,0.104035,0.140398,0.46656700000000001,0.26834799999999998,0.020652,389070,0.117053,0.158501,0.48695899999999998,0.223826,0.013661,282840,0.130109,0.17291000000000001,0.48922399999999999,0.19944100000000001,0.0083160000000000005,145508,0.115519,0.13263900000000001,0.49651600000000001,0.23577400000000001,0.019552
33971,5663655,3146589,0.122818,0.16639499999999999,0.49897200000000003,0.20485,0.0069639999999999997,997599,0.12120300000000001,0.168762,0.50060499999999997,0.20255500000000001,0.006875,702065,0.104029,0.14042099999999999,0.46658500000000003,0.26831300000000002,0.020652,389064,0.116991,0.158468,0.48705599999999999,0.22381899999999999,0.013665999999999999,282847,0.13004199999999999,0.172871,0.48935299999999998,0.19941500000000001,0.008319,145491,0.115519,0.132606,0.49649100000000002,0.23577400000000001,0.019609000000000001
33972,5663913,3146761,0.122821,0.16638600000000001,0.49894300000000003,0.20487900000000001,0.0069709999999999998,997607,0.121195,0.168767,0.500606,0.20255699999999999,0.006875,702119,0.104031,0.14047299999999999,0.46655099999999999,0.268289,0.020656000000000001,389094,0.117031,0.15842200000000001,0.48705700000000002,0.22381699999999999,0.013672999999999999,282862,0.12997900000000001,0.17288600000000001,0.48940800000000001,0.19939799999999999,0.0083289999999999996,145470,0.115481,0.13265299999999999,0.496535,0.23569799999999999,0.019633000000000001
33973,5664100,3146957,0.12281499999999999,0.16636999999999999,0.49895699999999998,0.20488000000000001,0.0069779999999999998,997579,0.12118900000000001,0.168765,0.50060300000000002,0.20256199999999999,0.006881,702093,0.104003,0.14052600000000001,0.46655099999999999,0.26825199999999999,0.020667999999999999,389091,0.117037,0.15846199999999999,0.48699100000000001,0.22382199999999999,0.013688000000000001,282890,0.13000500000000001,0.17282700000000001,0.489423,0.19939200000000001,0.0083529999999999993,145490,0.115499,0.13266900000000001,0.496392,0.23580300000000001,0.019637000000000002
33974,5664320,3147121,0.12282800000000001,0.166351,0.49896000000000001,0.20487900000000001,0.0069829999999999996,997600,0.121187,0.16875399999999999,0.50061100000000003,0.20255600000000001,0.0068919999999999997,702090,0.104018,0.14048099999999999,0.46655600000000003,0.26824599999999998,0.0207,389111,0.117046,0.158382,0.48700500000000002,0.22386400000000001,0.013703,282908,0.13000999999999999,0.17288300000000001,0.48936800000000003,0.19936899999999999,0.0083700000000000007,145490,0.115451,0.13273099999999999,0.49641200000000002,0.23585100000000001,0.019554999999999999
33975,5664522,3147295,0.122832,0.166354,0.49896000000000001,0.20487,0.0069839999999999998,997671,0.121173,0.16874600000000001,0.50062600000000002,0.20255999999999999,0.0068950000000000001,702008,0.104007,0.14041699999999999,0.46655600000000003,0.26830999999999999,0.020709000000000002,389124,0.11707099999999999,0.15834799999999999,0.48699100000000001,0.223882,0.013708,282945,0.13002900000000001,0.17288899999999999,0.489311,0.199403,0.0083689999999999997,145479,0.115453,0.13270599999999999,0.49647000000000002,0.23577300000000001,0.019597
33976,5664765,3147526,0.122846,0.166348,0.49892799999999998,0.20488700000000001,0.006992,997685,0.121158,0.168763,0.50062099999999998,0.20255500000000001,0.0069030000000000003,702020,0.104034,0.14038500000000001,0.46659800000000001,0.26827000000000001,0.020712999999999999,389112,0.117023,0.158391,0.48699300000000001,0.22387899999999999,0.013712999999999999,282957,0.13004099999999999,0.17285,0.48935000000000001,0.19938400000000001,0.0083759999999999998,145465,0.115368,0.132685,0.496477,0.235926,0.019543999999999999
33977,5664981,3147676,0.122852,0.16634199999999999,0.498921,0.20488799999999999,0.0069969999999999997,997696,0.121146,0.168742,0.50062899999999999,0.20257600000000001,0.0069069999999999999,702000,0.104046,0.14036799999999999,0.46659099999999998,0.26828099999999999,0.020715000000000001,389177,0.11701400000000001,0.158357,0.48705599999999999,0.223854,0.013719,282952,0.130054,0.172874,0.48932300000000001,0.19939399999999999,0.0083549999999999996,145480,0.115397,0.13276099999999999,0.49636400000000003,0.23594300000000001,0.019535
33978,5665184,3147751,0.12284,0.16633500000000001,0.49892799999999998,0.204897,0.0070010000000000003,997729,0.121154,0.168743,0.500587,0.20260400000000001,0.0069119999999999997,702076,0.10408100000000001,0.140374,0.466528,0.26829599999999998,0.020721,389185,0.11705699999999999,0.15836900000000001,0.48703800000000003,0.223806,0.013729,282935,0.129998,0.172845,0.48935600000000001,0.19944200000000001,0.0083590000000000001,145508,0.115382,0.13276199999999999,0.49654999999999999,0.235767,0.019538
33979,5665433,3147889,0.12284100000000001,0.166322,0.49892900000000001,0.204902,0.0070060000000000001,997802,0.12117799999999999,0.168734,0.50058000000000002,0.20258999999999999,0.0069170000000000004,702083,0.104103,0.140317,0.46651500000000001,0.26834000000000002,0.020725,389212,0.117047,0.15839400000000001,0.48701499999999998,0.22379599999999999,0.013748,282972,0.129995,0.17286499999999999,0.489342,0.19942599999999999,0.0083719999999999992,145475,0.115312,0.132772,0.49654599999999999,0.23583399999999999,0.019536000000000001
33980,5665708,3148008,0.122848,0.16631799999999999,0.498921,0.204898,0.0070150000000000004,997848,0.12119199999999999,0.16872999999999999,0.500556,0.202598,0.0069239999999999996,702178,0.10409,0.140321,0.466534,0.26833400000000002,0.020721,389213,0.11705699999999999,0.15839900000000001,0.48698999999999998,0.22380800000000001,0.013746,282974,0.129994,0.17288500000000001,0.48930600000000002,0.199435,0.0083789999999999993,145487,0.115275,0.13283700000000001,0.49644300000000002,0.235904,0.019540999999999999
33981,5665925,3148188,0.122847,0.166329,0.49890299999999999,0.204904,0.0070179999999999999,997845,0.121195,0.16872200000000001,0.50055400000000005,0.202595,0.0069350000000000002,702194,0.104092,0.140292,0.466528,0.26836199999999999,0.020726000000000001,389213,0.117049,0.15836800000000001,0.487008,0.22381300000000001,0.013761000000000001,283030,0.12995799999999999,0.17291100000000001,0.48933300000000002,0.199403,0.0083949999999999997,145455,0.11522499999999999,0.13281799999999999,0.496504,0.235901,0.019552
33982,5666131,3148374,0.122853,0.16630600000000001,0.49891200000000002,0.2049,0.0070289999999999997,997887,0.121207,0.16872599999999999,0.50053300000000001,0.20258799999999999,0.0069470000000000001,702167,0.10405399999999999,0.14029900000000001,0.466584,0.26832600000000001,0.020736999999999998,389208,0.117017,0.15830900000000001,0.48699900000000002,0.22390299999999999,0.013772,283071,0.12998499999999999,0.17289299999999999,0.48927700000000002,0.199434,0.0084110000000000001,145424,0.115263,0.13288700000000001,0.496452,0.235841,0.019557000000000001
33983,5666361,3148585,0.12285,0.16630600000000001,0.49890800000000002,0.2049,0.0070359999999999997,997907,0.1212,0.16871800000000001,0.50054200000000004,0.20258499999999999,0.0069560000000000004,702181,0.104057,0.14027400000000001,0.46657900000000002,0.26833400000000002,0.020754999999999999,389167,0.117006,0.15831000000000001,0.48702699999999999,0.22387799999999999,0.013778,283094,0.129999,0.172904,0.48926500000000001,0.19942499999999999,0.0084069999999999995,145427,0.11526699999999999,0.132933,0.49643500000000002,0.23583699999999999,0.019529000000000001
33984,5666580,3148674,0.12285600000000001,0.16630900000000001,0.49890499999999999,0.20489399999999999,0.0070369999999999999,997979,0.121209,0.168711,0.50053899999999996,0.20258300000000001,0.0069579999999999998,702202,0.104007,0.14024,0.46657500000000002,0.268399,0.020778999999999999,389163,0.116982,0.15829099999999999,0.48703999999999997,0.22390399999999999,0.013783,283126,0.130027,0.172902,0.48927300000000001,0.199374,0.0084239999999999992,145436,0.115288,0.13283500000000001,0.49651400000000001,0.235822,0.019540999999999999
33985,5666791,3148846,0.122863,0.166296,0.49890000000000001,0.204899,0.0070419999999999996,997983,0.12120400000000001,0.16867299999999999,0.500556,0.20260900000000001,0.0069579999999999998,702252,0.103993,0.14024700000000001,0.46657599999999999,0.26838699999999999,0.020797,389133,0.11697,0.15831600000000001,0.487039,0.223885,0.01379,283097,0.13001599999999999,0.17286699999999999,0.48932300000000001,0.19934499999999999,0.0084489999999999999,145480,0.115342,0.13295299999999999,0.49649399999999999,0.235648,0.019563000000000001
33986,5667017,3149006,0.122863,0.166299,0.498888,0.204903,0.0070479999999999996,998024,0.121197,0.16867299999999999,0.50057099999999999,0.20258699999999999,0.0069709999999999998,702216,0.10396900000000001,0.140179,0.46662999999999999,0.26842500000000002,0.020797,389098,0.11701400000000001,0.15826599999999999,0.487091,0.22383600000000001,0.013793,283142,0.13003400000000001,0.17289199999999999,0.48930600000000002,0.19932,0.0084480000000000006,145531,0.11536399999999999,0.13300300000000001,0.49647200000000002,0.23557900000000001,0.019583
33987,5667240,3149091,0.122863,0.16628699999999999,0.49887300000000001,0.204925,0.0070520000000000001,998092,0.121186,0.16867399999999999,0.50055899999999998,0.202598,0.0069829999999999996,702303,0.103988,0.14019000000000001,0.46664899999999998,0.26837,0.020802999999999999,389131,0.116994,0.15828600000000001,0.48716199999999998,0.223773,0.013785,283094,0.13003799999999999,0.172847,0.489367,0.19931499999999999,0.0084320000000000003,145529,0.115345,0.13300400000000001,0.496471,0.23555400000000001,0.019625
33988,5667480,3149288,0.122867,0.16628100000000001,0.49886799999999998,0.204925,0.007058,998104,0.121196,0.16867699999999999,0.50053599999999998,0.202602,0.0069890000000000004,702316,0.103993,0.14019000000000001,0.46662500000000001,0.268376,0.020815,389139,0.116956,0.15826999999999999,0.487209,0.223771,0.013795,283097,0.13001599999999999,0.172845,0.48937599999999998,0.19931299999999999,0.0084489999999999999,145536,0.115408,0.13301199999999999,0.49649599999999999,0.23547399999999999,0.019609999999999999
33989,5667740,3149466,0.122878,0.166265,0.498861,0.20493,0.0070670000000000004,998114,0.121199,0.16867499999999999,0.50053800000000004,0.202596,0.006992,702357,0.103991,0.14017399999999999,0.46662199999999998,0.26840599999999998,0.020806999999999999,389147,0.116966,0.158277,0.48721399999999998,0.22373000000000001,0.013812,283089,0.13003300000000001,0.17286099999999999,0.48934800000000001,0.19930800000000001,0.0084499999999999992,145567,0.11534899999999999,0.13294900000000001,0.49665799999999999,0.235431,0.019612999999999998
33990,5667947,3149633,0.122865,0.16625999999999999,0.49886200000000003,0.20493800000000001,0.0070749999999999997,998122,0.121207,0.168656,0.50053700000000001,0.20260500000000001,0.0069950000000000003,702329,0.10401000000000001,0.14014199999999999,0.46660600000000002,0.26843299999999998,0.020809000000000001,389174,0.116955,0.15831500000000001,0.48715199999999997,0.22375600000000001,0.013821999999999999,283116,0.13001699999999999,0.172876,0.48939300000000002,0.19925799999999999,0.008456,145573,0.11544699999999999,0.133019,0.49664399999999997,0.235291,0.019598000000000001
33991,5668184,3149793,0.122863,0.16625799999999999,0.498865,0.204932,0.0070819999999999998,998175,0.121212,0.16863900000000001,0.50054500000000002,0.20260400000000001,0.0070000000000000001,702331,0.103981,0.140128,0.46661999999999998,0.26843600000000001,0.020834999999999999,389146,0.11701499999999999,0.15828800000000001,0.487126,0.22373899999999999,0.013833,283138,0.130053,0.17285900000000001,0.48935899999999999,0.19928100000000001,0.0084480000000000006,145601,0.115576,0.13300000000000001,0.49647999999999998,0.23535600000000001,0.019588000000000001
33992,5668369,3149863,0.122861,0.16625100000000001,0.49887599999999999,0.204928,0.007084,998198,0.121187,0.16864399999999999,0.500552,0.20261599999999999,0.0070010000000000003,702348,0.10399,0.14013700000000001,0.46660499999999999,0.26843099999999998,0.020837000000000001,389193,0.116991,0.15831000000000001,0.48715900000000001,0.22370899999999999,0.013831,283156,0.13007299999999999,0.17286899999999999,0.48927799999999999,0.199325,0.0084550000000000007,145611,0.115548,0.13298399999999999,0.49628100000000003,0.235573,0.019613999999999999
33993,5668604,3150018,0.12285799999999999,0.166244,0.49886599999999998,0.20494000000000001,0.0070920000000000002,998237,0.121185,0.16863500000000001,0.500556,0.20261899999999999,0.0070039999999999998,702371,0.103978,0.14014399999999999,0.46661399999999997,0.268424,0.020840999999999998,389200,0.117048,0.15826299999999999,0.48724600000000001,0.22362499999999999,0.013818,283187,0.13011900000000001,0.172843,0.48927399999999999,0.199296,0.0084679999999999998,145591,0.115577,0.13289300000000001,0.49628100000000003,0.23566000000000001,0.019588999999999999
33994,5668836,3150172,0.12285500000000001,0.166243,0.49884600000000001,0.204952,0.0071050000000000002,998324,0.121185,0.168626,0.50056199999999995,0.20261299999999999,0.0070150000000000004,702399,0.103995,0.14011599999999999,0.466588,0.26846599999999998,0.020836,389185,0.117011,0.15828700000000001,0.48733599999999999,0.22351799999999999,0.013847,283157,0.13015699999999999,0.172844,0.48921999999999999,0.199296,0.0084829999999999992,145599,0.115578,0.132906,0.49634299999999998,0.23557900000000001,0.019595000000000001
33995,5669038,3150268,0.122839,0.166242,0.49886200000000003,0.20494200000000001,0.0071149999999999998,998313,0.121199,0.16860600000000001,0.500552,0.20261999999999999,0.0070219999999999996,702428,0.104016,0.140094,0.46654299999999999,0.26851199999999997,0.020834999999999999,389243,0.116991,0.15828700000000001,0.48735400000000001,0.22351299999999999,0.013854999999999999,283145,0.13014899999999999,0.17289399999999999,0.48922300000000002,0.199244,0.0084899999999999993,145641,0.11551,0.13288800000000001,0.49636400000000003,0.23563400000000001,0.019602999999999999
33996,5669270,3150421,0.122835,0.16625000000000001,0.49885000000000002,0.20494399999999999,0.0071199999999999996,998353,0.121208,0.16858100000000001,0.50054900000000002,0.202629,0.0070340000000000003,702471,0.10402599999999999,0.14007800000000001,0.46654200000000001,0.26850600000000002,0.020847999999999998,389250,0.116976,0.15823799999999999,0.48742200000000002,0.22350400000000001,0.013860000000000001,283109,0.130187,0.172905,0.48919299999999999,0.19923099999999999,0.0084840000000000002,145666,0.115552,0.132859,0.49637500000000001,0.23561399999999999,0.019599999999999999
33997,5669496,3150493,0.122833,0.16624,0.498863,0.20494299999999999,0.0071219999999999999,998397,0.121201,0.16858400000000001,0.50053000000000003,0.20263400000000001,0.0070499999999999998,702482,0.104034,0.14007500000000001,0.46650599999999998,0.26852500000000001,0.02086,389341,0.117023,0.15826499999999999,0.48735899999999999,0.22348999999999999,0.013861999999999999,283113,0.130164,0.172934,0.48926399999999998,0.19914000000000001,0.0084980000000000003,145670,0.11555600000000001,0.132883,0.49630000000000002,0.235649,0.019612999999999998
33998,5669695,3150653,0.12282999999999999,0.16623199999999999,0.49887199999999998,0.20494200000000001,0.0071250000000000003,998403,0.121183,0.16857900000000001,0.50053499999999995,0.20264299999999999,0.0070600000000000003,702497,0.104045,0.14007,0.46649200000000002,0.26852199999999998,0.020871000000000001,389400,0.11704199999999999,0.15831799999999999,0.48731400000000002,0.22345899999999999,0.013867000000000001,283118,0.130133,0.17291400000000001,0.48927700000000002,0.199182,0.0084950000000000008,145624,0.11554399999999999,0.132883,0.49630600000000002,0.235648,0.019619000000000001
33999,5669923,3150729,0.12282899999999999,0.166246,0.49884699999999998,0.20494799999999999,0.0071300000000000001,998456,0.121212,0.16855899999999999,0.50052600000000003,0.20263600000000001,0.0070670000000000004,702548,0.104007,0.14005200000000001,0.46649800000000002,0.26855099999999998,0.020892999999999998,389394,0.11700000000000001,0.15826599999999999,0.48736800000000002,0.22351099999999999,0.013854999999999999,283128,0.13012099999999999,0.17285800000000001,0.48938300000000001,0.19914699999999999,0.0084910000000000003,145668,0.11565300000000001,0.132878,0.49636200000000003,0.23546700000000001,0.019640999999999999
34000,5670130,3150816,0.122817,0.16622700000000001,0.49886399999999997,0.204955,0.007136,998500,0.121224,0.16853000000000001,0.50055099999999997,0.20261999999999999,0.0070759999999999998,702573,0.10401100000000001,0.14005100000000001,0.46649800000000002,0.26854299999999998,0.020896999999999999,389450,0.11706800000000001,0.15824099999999999,0.48731799999999997,0.22351499999999999,0.013858000000000001,283128,0.13011800000000001,0.172879,0.48930200000000001,0.19920299999999999,0.0084980000000000003,145663,0.115644,0.13284099999999999,0.49646800000000002,0.23541999999999999,0.019626999999999999
34001,5670335,3151083,0.122811,0.16622600000000001,0.49887300000000001,0.20494999999999999,0.0071399999999999996,998532,0.121243,0.16852400000000001,0.50053800000000004,0.20261299999999999,0.0070809999999999996,702556,0.103982,0.14004,0.46648400000000001,0.26857399999999998,0.020920999999999999,389416,0.11705699999999999,0.15826999999999999,0.48730899999999999,0.223496,0.013867000000000001,283119,0.13012499999999999,0.17286699999999999,0.48930699999999999,0.19920599999999999,0.0084950000000000008,145629,0.115629,0.13281000000000001,0.49646699999999999,0.23547499999999999,0.019618
34002,5670532,3151195,0.12281599999999999,0.166214,0.49886999999999998,0.204952,0.0071469999999999997,998593,0.121242,0.16850999999999999,0.50053599999999998,0.202621,0.0070910000000000001,702553,0.10395699999999999,0.13997799999999999,0.46653099999999997,0.26861299999999999,0.020920999999999999,389437,0.117066,0.15826699999999999,0.48733700000000002,0.22345599999999999,0.013873999999999999,283179,0.13008,0.17296500000000001,0.48926999999999998,0.19919600000000001,0.008489,145575,0.115693,0.13276299999999999,0.49659599999999998,0.235343,0.019605000000000001
34003,5670733,3151281,0.122808,0.166211,0.49887700000000001,0.20494799999999999,0.007156,998613,0.12123399999999999,0.168494,0.50054399999999999,0.20263200000000001,0.0070959999999999999,702625,0.104004,0.13999800000000001,0.46648200000000001,0.26860800000000001,0.020906999999999999,389455,0.117061,0.158272,0.48732999999999999,0.22344600000000001,0.013891000000000001,283206,0.13009299999999999,0.17291999999999999,0.48928700000000003,0.19919400000000001,0.0085059999999999997,145553,0.115759,0.13267999999999999,0.49658200000000002,0.235351,0.019629000000000001
34004,5670987,3151335,0.12281599999999999,0.16619800000000001,0.49887300000000001,0.20495099999999999,0.0071630000000000001,998692,0.121242,0.168489,0.50053400000000003,0.20263600000000001,0.0070990000000000003,702692,0.104009,0.14002400000000001,0.466472,0.26857599999999998,0.020920000000000001,389507,0.117045,0.158251,0.48735200000000001,0.22343399999999999,0.013918,283209,0.13003500000000001,0.172901,0.48932100000000001,0.199238,0.0085059999999999997,145552,0.11579399999999999,0.13267399999999999,0.49659900000000001,0.23533200000000001,0.019601
34005,5671196,3151442,0.122806,0.16619100000000001,0.49889,0.20494399999999999,0.0071679999999999999,998776,0.121241,0.16847799999999999,0.50051199999999996,0.20266400000000001,0.0071050000000000002,702660,0.10398499999999999,0.14002500000000001,0.46649000000000002,0.26856400000000002,0.020936,389497,0.117077,0.15820899999999999,0.48738799999999999,0.22339100000000001,0.013936,283257,0.13004099999999999,0.17288899999999999,0.48928700000000003,0.19928199999999999,0.0085009999999999999,145564,0.115915,0.132739,0.49643500000000002,0.23531199999999999,0.019599999999999999
34006,5671398,3151545,0.12279900000000001,0.16617599999999999,0.49890099999999998,0.204952,0.0071720000000000004,998821,0.121258,0.16846700000000001,0.50050399999999995,0.20266300000000001,0.0071079999999999997,702715,0.103982,0.140038,0.46648200000000001,0.26855400000000001,0.020943,389519,0.11705699999999999,0.15824099999999999,0.48739100000000002,0.22336500000000001,0.013945000000000001,283249,0.13003400000000001,0.172901,0.489259,0.19930200000000001,0.0085050000000000004,145549,0.116009,0.132656,0.49642399999999998,0.23530899999999999,0.019602000000000001
34007,5671611,3151673,0.122806,0.16617000000000001,0.49889099999999997,0.204955,0.0071789999999999996,998902,0.121256,0.16844700000000001,0.50052300000000005,0.202658,0.0071170000000000001,702739,0.10394200000000001,0.14008799999999999,0.46651300000000001,0.26849800000000001,0.020958999999999998,389482,0.117012,0.15825400000000001,0.487396,0.22339400000000001,0.013944,283257,0.13004099999999999,0.172878,0.48928700000000003,0.19928199999999999,0.0085120000000000005,145558,0.116105,0.132552,0.49637900000000001,0.23535600000000001,0.019606999999999999
34008,5671838,3151784,0.12280099999999999,0.166161,0.49889899999999998,0.204952,0.0071869999999999998,998938,0.121257,0.16843900000000001,0.50051000000000001,0.20266500000000001,0.0071300000000000001,702820,0.10398,0.14007900000000001,0.46651300000000001,0.26847100000000002,0.020957,389491,0.116976,0.15828600000000001,0.48741299999999999,0.223384,0.013941,283259,0.13002900000000001,0.17292299999999999,0.48926599999999998,0.19924900000000001,0.0085330000000000007,145546,0.116149,0.13251499999999999,0.49624200000000002,0.23547899999999999,0.019616000000000001
34009,5672067,3151891,0.122794,0.16616400000000001,0.49888900000000003,0.20496200000000001,0.0071910000000000003,999002,0.121257,0.16842699999999999,0.50050600000000001,0.20267499999999999,0.0071349999999999998,702904,0.103977,0.140067,0.46649000000000002,0.26848300000000003,0.020982000000000001,389509,0.11694,0.15831999999999999,0.48744199999999999,0.22334999999999999,0.013948,283274,0.13001499999999999,0.17289599999999999,0.489286,0.199263,0.0085389999999999997,145487,0.11622300000000001,0.13245899999999999,0.49623,0.23545099999999999,0.019637000000000002
34010,5672319,3152002,0.12280000000000001,0.16614999999999999,0.49887500000000001,0.20497399999999999,0.0071999999999999998,999103,0.12124,0.16844200000000001,0.50051299999999999,0.20266700000000001,0.0071380000000000002,702874,0.103989,0.14005200000000001,0.46653,0.26843400000000001,0.020995,389579,0.116939,0.15835299999999999,0.48744700000000002,0.223305,0.013956,283268,0.13003200000000001,0.17286499999999999,0.48925400000000002,0.19930200000000001,0.0085470000000000008,145493,0.116253,0.13251499999999999,0.49619600000000003,0.23544100000000001,0.019595000000000001
34011,5672540,3152117,0.122797,0.16613700000000001,0.49887500000000001,0.20497799999999999,0.0072129999999999998,999171,0.121239,0.16842699999999999,0.50051199999999996,0.202678,0.0071450000000000003,702899,0.104001,0.14002000000000001,0.46650900000000001,0.26846700000000001,0.021003000000000001,389567,0.116955,0.15837100000000001,0.48744100000000001,0.22326099999999999,0.013972,283283,0.13000800000000001,0.17292199999999999,0.48925999999999997,0.19927800000000001,0.0085319999999999997,145503,0.11627899999999999,0.13250600000000001,0.49627199999999999,0.23537,0.019573
34012,5672786,3152204,0.12281,0.16612399999999999,0.49886399999999997,0.204983,0.0072189999999999997,999201,0.12124799999999999,0.16842599999999999,0.50049699999999997,0.20268,0.0071500000000000001,702938,0.103989,0.140017,0.46653499999999998,0.26845200000000002,0.021007999999999999,389623,0.11697200000000001,0.15836800000000001,0.487404,0.22328300000000001,0.013972,283294,0.13000999999999999,0.17294399999999999,0.48926900000000001,0.19924900000000001,0.0085280000000000009,145526,0.116337,0.132464,0.49631700000000001,0.235346,0.019536000000000001
34013,5672996,3152393,0.12280000000000001,0.16611899999999999,0.49885299999999999,0.20500199999999999,0.0072259999999999998,999195,0.12123200000000001,0.16842699999999999,0.50050600000000001,0.202679,0.0071570000000000002,702975,0.104028,0.14005999999999999,0.46649200000000002,0.26841599999999999,0.021003999999999998,389625,0.116982,0.15834200000000001,0.48748900000000001,0.22322,0.013967,283283,0.13000400000000001,0.17286199999999999,0.48932999999999999,0.19925300000000001,0.0085500000000000003,145525,0.116337,0.13250000000000001,0.496286,0.23534099999999999,0.019536000000000001
34014,5673209,3152470,0.122792,0.16611699999999999,0.49885699999999999,0.20500299999999999,0.0072309999999999996,999244,0.121237,0.168406,0.50050700000000004,0.202683,0.0071659999999999996,702988,0.104057,0.140044,0.466472,0.26839400000000002,0.021033,389703,0.116992,0.15835099999999999,0.48746099999999998,0.22323699999999999,0.013958999999999999,283318,0.13000900000000001,0.17290800000000001,0.48930200000000001,0.19923199999999999,0.0085489999999999993,145486,0.116327,0.13228799999999999,0.49638500000000002,0.235487,0.019514
34015,5673451,3152591,0.122789,0.166106,0.49886000000000003,0.20500099999999999,0.0072439999999999996,999286,0.12124699999999999,0.16841200000000001,0.50048899999999996,0.20267499999999999,0.0071770000000000002,703032,0.104079,0.140041,0.46649400000000002,0.26835500000000001,0.021031999999999999,389782,0.117004,0.15834999999999999,0.487398,0.223302,0.013946,283307,0.13000700000000001,0.17288999999999999,0.48931000000000002,0.199208,0.0085839999999999996,145453,0.116326,0.132215,0.49643500000000002,0.23550599999999999,0.019518000000000001
34016,5673658,3152753,0.12278600000000001,0.16611300000000001,0.49885000000000002,0.20500099999999999,0.0072500000000000004,999287,0.121226,0.168406,0.50051400000000001,0.20266899999999999,0.0071850000000000004,703022,0.104058,0.13997899999999999,0.46649200000000002,0.26842700000000003,0.021045000000000001,389786,0.117059,0.15833,0.48736699999999999,0.22328700000000001,0.013956,283369,0.13001399999999999,0.172905,0.489263,0.19922400000000001,0.0085929999999999999,145441,0.116411,0.13225999999999999,0.49641400000000002,0.235429,0.019486
34017,5673889,3152815,0.12278699999999999,0.16609599999999999,0.49885499999999999,0.20500499999999999,0.0072560000000000003,999312,0.12121,0.16841900000000001,0.50051100000000004,0.20266200000000001,0.0071970000000000003,703086,0.104048,0.13996600000000001,0.46650900000000001,0.26842899999999997,0.021047,389831,0.117107,0.15834000000000001,0.48733900000000002,0.22325800000000001,0.013955,283384,0.13000700000000001,0.172871,0.48929400000000001,0.199238,0.0085889999999999994,145461,0.11634700000000001,0.13234499999999999,0.496284,0.235486,0.019538
34018,5674118,3152916,0.122797,0.166077,0.498859,0.20500699999999999,0.0072610000000000001,999318,0.12121,0.16839599999999999,0.50053099999999995,0.20266100000000001,0.0072020000000000001,703105,0.104078,0.13996500000000001,0.466499,0.26839499999999999,0.021062000000000001,389859,0.117078,0.15831600000000001,0.48735800000000001,0.22329599999999999,0.013951,283434,0.129939,0.172901,0.48932700000000001,0.19923199999999999,0.0086020000000000003,145486,0.116479,0.132356,0.49604100000000001,0.23558999999999999,0.019535
34019,5674347,3153038,0.12279900000000001,0.16607,0.49885099999999999,0.205011,0.0072680000000000002,999324,0.12120599999999999,0.16839399999999999,0.500552,0.20263600000000001,0.0072119999999999997,703149,0.10409,0.13996600000000001,0.466501,0.26836399999999999,0.021078,389886,0.117052,0.158362,0.487317,0.223306,0.013963,283450,0.12992799999999999,0.17286299999999999,0.48930299999999999,0.19928399999999999,0.0086219999999999995,145500,0.11641899999999999,0.132241,0.496199,0.23557400000000001,0.019567000000000001
34020,5674595,3153127,0.122795,0.16606199999999999,0.49885200000000002,0.205017,0.0072740000000000001,999386,0.121221,0.16838500000000001,0.50053800000000004,0.20263999999999999,0.0072139999999999999,703177,0.104098,0.14000000000000001,0.46649600000000002,0.26832099999999998,0.021086000000000001,389929,0.11705699999999999,0.15834200000000001,0.48731400000000002,0.22331200000000001,0.013974,283471,0.12993199999999999,0.17285400000000001,0.48924600000000001,0.19934299999999999,0.0086250000000000007,145505,0.116381,0.13225700000000001,0.49631999999999998,0.23541500000000001,0.019628
34021,5674803,3153340,0.122784,0.16605400000000001,0.49885499999999999,0.20502799999999999,0.0072789999999999999,999416,0.121221,0.16839000000000001,0.50053899999999996,0.202629,0.0072199999999999999,703130,0.10414,0.139983,0.466474,0.268316,0.021087000000000002,389906,0.11709,0.15835399999999999,0.48728199999999999,0.223297,0.013978000000000001,283492,0.12989100000000001,0.172848,0.48927700000000002,0.199374,0.0086099999999999996,145519,0.11637699999999999,0.13227800000000001,0.496396,0.23530300000000001,0.019647000000000001
34022,5675037,3153477,0.12278699999999999,0.16605400000000001,0.49884400000000001,0.20502899999999999,0.0072870000000000001,999460,0.121207,0.16838600000000001,0.50053099999999995,0.202649,0.0072259999999999998,703081,0.104144,0.139963,0.46649800000000002,0.26830100000000001,0.021094000000000002,389931,0.117108,0.158307,0.48727100000000001,0.223329,0.013984999999999999,283539,0.12994,0.17282600000000001,0.48925200000000002,0.19937299999999999,0.0086090000000000003,145549,0.11627,0.13223699999999999,0.49647200000000002,0.23536399999999999,0.019657000000000001
34023,5675277,3153638,0.122794,0.16604099999999999,0.49884099999999998,0.20503299999999999,0.0072909999999999997,999460,0.121201,0.16839299999999999,0.50051599999999996,0.202653,0.0072360000000000002,703089,0.104102,0.139982,0.46651700000000002,0.26828299999999999,0.021114999999999998,389998,0.117101,0.158303,0.48720999999999998,0.22340099999999999,0.013984999999999999,283577,0.12994700000000001,0.172761,0.48932399999999998,0.19935,0.0086180000000000007,145515,0.116304,0.132323,0.49638199999999999,0.23533699999999999,0.019654000000000001
34024,5675498,3153803,0.122779,0.16605200000000001,0.498834,0.205038,0.0072969999999999997,999541,0.12120400000000001,0.168353,0.50055099999999997,0.202649,0.0072430000000000003,703121,0.104127,0.139983,0.46650900000000001,0.26824799999999999,0.021132999999999999,389990,0.117141,0.158278,0.48714600000000002,0.223439,0.013995,283566,0.12994900000000001,0.172764,0.48932500000000001,0.199347,0.0086149999999999994,145477,0.11627999999999999,0.132248,0.496367,0.23543900000000001,0.019665999999999999
34025,5675714,3153993,0.12277,0.166048,0.498838,0.20504,0.0073029999999999996,999544,0.121193,0.16833799999999999,0.50055700000000003,0.20265900000000001,0.0072519999999999998,703061,0.10415199999999999,0.140016,0.46646599999999999,0.26821699999999998,0.021149000000000001,390006,0.11712599999999999,0.158308,0.48713099999999998,0.22342699999999999,0.014007,283618,0.12995599999999999,0.172739,0.48927399999999999,0.19938400000000001,0.0086449999999999999,145492,0.116309,0.132268,0.49635699999999999,0.23541500000000001,0.019650999999999998
34026,5675962,3154230,0.122775,0.16605700000000001,0.49882100000000001,0.205037,0.0073090000000000004,999589,0.12120499999999999,0.168318,0.50056599999999996,0.20266000000000001,0.0072509999999999996,703054,0.104156,0.14002300000000001,0.46644400000000003,0.26819999999999999,0.021177999999999999,389983,0.11711299999999999,0.158253,0.48719800000000002,0.22340699999999999,0.014029,283628,0.129966,0.17272999999999999,0.48925400000000002,0.19939100000000001,0.008659,145478,0.116272,0.13217799999999999,0.49637700000000001,0.23550599999999999,0.019665999999999999
34027,5676207,3154303,0.122775,0.166045,0.49882100000000001,0.205043,0.0073169999999999997,999674,0.121208,0.168322,0.50055400000000005,0.20265900000000001,0.0072570000000000004,703079,0.10416499999999999,0.14000299999999999,0.46646100000000001,0.26817299999999999,0.021198000000000002,389990,0.117075,0.15829099999999999,0.48722500000000002,0.22338,0.014029,283655,0.129992,0.17269599999999999,0.48924200000000001,0.19940099999999999,0.0086689999999999996,145506,0.116325,0.13220100000000001,0.49638500000000002,0.235434,0.019656
34028,5676412,3154514,0.122765,0.16603299999999999,0.49882799999999999,0.20505000000000001,0.0073239999999999998,999697,0.121214,0.16830200000000001,0.50056500000000004,0.202656,0.0072630000000000004,703090,0.10416599999999999,0.14003299999999999,0.46646399999999999,0.26812799999999998,0.021208999999999999,389974,0.117072,0.15828,0.48717100000000002,0.22342799999999999,0.01405,283655,0.12998899999999999,0.172731,0.48918899999999998,0.199429,0.0086619999999999996,145482,0.116255,0.13214699999999999,0.496336,0.23560300000000001,0.019658999999999999
34029,5676650,3154597,0.12277399999999999,0.166023,0.49882199999999999,0.20505300000000001,0.0073289999999999996,999786,0.1212,0.16831199999999999,0.500552,0.20266799999999999,0.0072680000000000002,703122,0.10416499999999999,0.14005100000000001,0.46642800000000001,0.268123,0.021232000000000001,389969,0.11709899999999999,0.15824299999999999,0.48719499999999999,0.223408,0.014055,283687,0.129971,0.17274300000000001,0.48922199999999999,0.19939599999999999,0.0086680000000000004,145489,0.11627,0.132079,0.49631900000000001,0.23569499999999999,0.019637000000000002
34030,5676844,3154634,0.122766,0.16601099999999999,0.49881900000000001,0.205069,0.0073350000000000004,999847,0.121194,0.168299,0.50057600000000002,0.20266000000000001,0.0072719999999999998,703162,0.104188,0.14005200000000001,0.46644400000000003,0.26808500000000002,0.021231,389978,0.11709899999999999,0.158278,0.48716100000000001,0.22341,0.014052,283703,0.12990299999999999,0.172822,0.48920200000000003,0.19939899999999999,0.0086750000000000004,145520,0.116204,0.13205700000000001,0.49635099999999999,0.23571300000000001,0.019674000000000001
34031,5677067,3154798,0.122765,0.16601199999999999,0.498811,0.20507,0.0073419999999999996,999866,0.121179,0.168292,0.50059100000000001,0.202656,0.0072820000000000003,703203,0.104202,0.14005300000000001,0.466451,0.268069,0.021224,389984,0.117074,0.158248,0.48723499999999997,0.223381,0.014062,283698,0.12993399999999999,0.172814,0.48920000000000002,0.199381,0.0086709999999999999,145518,0.116219,0.1321,0.49624099999999999,0.23573,0.019709000000000001
34032,5677278,3154990,0.122768,0.166018,0.49879000000000001,0.20508199999999999,0.0073419999999999996,999930,0.121186,0.168291,0.500583,0.202649,0.0072909999999999997,703153,0.104161,0.140068,0.46648899999999999,0.26802799999999999,0.021253999999999999,389951,0.117025,0.15824299999999999,0.487292,0.22337899999999999,0.014061000000000001,283683,0.12998299999999999,0.17274600000000001,0.48921500000000001,0.19936999999999999,0.0086859999999999993,145571,0.116156,0.13214899999999999,0.49615700000000001,0.235816,0.019722
34033,5677543,3155255,0.12278,0.16600699999999999,0.49877500000000002,0.20508799999999999,0.0073499999999999998,999937,0.121196,0.168267,0.500583,0.202653,0.0073020000000000003,703162,0.104189,0.14006399999999999,0.46644999999999998,0.26804899999999998,0.021246999999999999,389911,0.116965,0.158251,0.48733399999999999,0.223384,0.014064999999999999,283679,0.129964,0.17272299999999999,0.48926399999999998,0.19936999999999999,0.0086789999999999992,145599,0.11609999999999999,0.13223299999999999,0.49610900000000002,0.235791,0.019767
34034,5677771,3155371,0.12277399999999999,0.16599900000000001,0.49877199999999999,0.205098,0.0073559999999999997,999950,0.121185,0.16826199999999999,0.50059699999999996,0.20264399999999999,0.0073109999999999998,703206,0.104231,0.14008300000000001,0.46639999999999998,0.268038,0.021248,390007,0.116936,0.158251,0.48735299999999998,0.223381,0.014079,283683,0.129994,0.17271,0.48926399999999998,0.19932800000000001,0.0087030000000000007,145554,0.116129,0.132246,0.49607699999999999,0.23574100000000001,0.019807000000000002
34035,5678050,3155529,0.122779,0.16600300000000001,0.49876399999999999,0.205092,0.0073610000000000004,999963,0.121171,0.168266,0.50059399999999998,0.20264799999999999,0.0073200000000000001,703259,0.104252,0.14006099999999999,0.466414,0.268015,0.021257999999999999,390011,0.11693000000000001,0.15820100000000001,0.48735800000000001,0.223414,0.014097,283720,0.13006100000000001,0.172705,0.489232,0.19928799999999999,0.0087130000000000003,145568,0.116049,0.132357,0.49607699999999999,0.23569699999999999,0.019819
34036,5678255,3155629,0.12277,0.16600200000000001,0.49877500000000002,0.20508899999999999,0.0073639999999999999,999960,0.121172,0.16825399999999999,0.50061699999999998,0.20263800000000001,0.007319,703307,0.104259,0.140074,0.46637200000000001,0.26802399999999998,0.021271000000000002,390050,0.11691600000000001,0.158223,0.48731999999999998,0.223441,0.014101000000000001,283742,0.130051,0.17263600000000001,0.48923699999999998,0.19936799999999999,0.0087089999999999997,145567,0.11602899999999999,0.13228999999999999,0.49616300000000002,0.235651,0.019866999999999999
34037,5678499,3155753,0.122783,0.165991,0.49876500000000001,0.20508999999999999,0.0073709999999999999,999983,0.12116499999999999,0.168239,0.50063000000000002,0.20264599999999999,0.0073200000000000001,703327,0.10423,0.14009099999999999,0.46635900000000002,0.26803300000000002,0.021285999999999999,390077,0.11694400000000001,0.15820500000000001,0.48731099999999999,0.223412,0.014128,283767,0.13005700000000001,0.17258899999999999,0.48926799999999998,0.19938900000000001,0.0086969999999999999,145592,0.11601599999999999,0.132301,0.49621500000000002,0.235597,0.019871
34038,5678708,3155920,0.122779,0.16599700000000001,0.49876599999999999,0.20508000000000001,0.007378,1000023,0.121166,0.16822699999999999,0.50064500000000001,0.20263700000000001,0.0073239999999999998,703277,0.104231,0.14008000000000001,0.46634300000000001,0.26805800000000002,0.021288999999999999,390046,0.116991,0.158133,0.48730400000000001,0.22342500000000001,0.014147,283791,0.13005,0.17255699999999999,0.48927900000000002,0.19942099999999999,0.0086929999999999993,145651,0.11599,0.132213,0.49629600000000001,0.235597,0.019904000000000002
34039,5678921,3155977,0.122775,0.16599,0.49878400000000001,0.205072,0.007378,1000032,0.121171,0.16822799999999999,0.50063100000000005,0.20263500000000001,0.0073359999999999996,703340,0.104236,0.14010600000000001,0.466308,0.26805699999999999,0.021294,390014,0.117016,0.15812300000000001,0.48721300000000001,0.22348699999999999,0.014161,283839,0.13001399999999999,0.17253099999999999,0.48933700000000002,0.19941200000000001,0.0087060000000000002,145719,0.115984,0.13213800000000001,0.49629800000000002,0.23563799999999999,0.019942000000000001
34040,5679145,3156146,0.122779,0.16598199999999999,0.498782,0.20507300000000001,0.0073839999999999999,1000032,0.121175,0.16820199999999999,0.50066100000000002,0.202622,0.0073410000000000003,703350,0.104244,0.140128,0.46629399999999999,0.268044,0.02129,390072,0.116976,0.158112,0.487207,0.223525,0.014179000000000001,283845,0.13001499999999999,0.17252000000000001,0.48930899999999999,0.19944300000000001,0.0087130000000000003,145700,0.115978,0.13214799999999999,0.49615599999999999,0.235731,0.019986
34041,5679370,3156322,0.122777,0.16597400000000001,0.49879899999999999,0.20505999999999999,0.007391,1000053,0.12116499999999999,0.168181,0.50066600000000006,0.20263300000000001,0.0073550000000000004,703368,0.10427400000000001,0.14013300000000001,0.46622000000000002,0.26806999999999997,0.021302999999999999,390064,0.11695999999999999,0.15804299999999999,0.48730000000000001,0.22350900000000001,0.014187,283856,0.130052,0.172489,0.48928700000000003,0.19946,0.0087119999999999993,145707,0.11605500000000001,0.13212099999999999,0.49603000000000003,0.23578099999999999,0.020013
34042,5679591,3156454,0.12277399999999999,0.165963,0.49881399999999998,0.20505499999999999,0.0073940000000000004,1000087,0.121157,0.16816300000000001,0.50066699999999997,0.202649,0.0073619999999999996,703395,0.10428800000000001,0.140122,0.46620600000000001,0.26808399999999999,0.021299999999999999,390097,0.117004,0.15804499999999999,0.48721500000000001,0.223521,0.014213999999999999,283865,0.13009699999999999,0.172515,0.48922599999999999,0.19944300000000001,0.0087189999999999993,145693,0.116039,0.1321,0.49600899999999998,0.23580400000000001,0.020049000000000001
34043,5679823,3156538,0.12277399999999999,0.165937,0.49882599999999999,0.20506099999999999,0.0074029999999999999,1000152,0.12115099999999999,0.16817099999999999,0.50065899999999997,0.202652,0.0073670000000000003,703453,0.104267,0.140149,0.46621699999999999,0.268071,0.021295999999999999,390044,0.11704299999999999,0.158023,0.487232,0.22348000000000001,0.014220999999999999,283896,0.13009999999999999,0.17247899999999999,0.48926700000000001,0.19941500000000001,0.0087390000000000002,145740,0.11609700000000001,0.13223499999999999,0.49589699999999998,0.23571400000000001,0.020056000000000001
34044,5680031,3156686,0.12277100000000001,0.165939,0.49882900000000002,0.20505000000000001,0.0074110000000000001,1000229,0.121141,0.168154,0.50067099999999998,0.20266000000000001,0.0073730000000000002,703395,0.10424700000000001,0.14014299999999999,0.46621699999999999,0.26809100000000002,0.021301,390068,0.116992,0.15806200000000001,0.48724099999999998,0.223466,0.014239,283906,0.130082,0.172458,0.48929899999999998,0.199429,0.0087320000000000002,145747,0.116092,0.13229099999999999,0.49580400000000002,0.235737,0.020076
34045,5680282,3156795,0.122769,0.165935,0.49882900000000002,0.20504900000000001,0.007417,1000273,0.121142,0.16816600000000001,0.50063800000000003,0.202677,0.0073769999999999999,703395,0.104273,0.14016300000000001,0.46621499999999999,0.268036,0.021314,390145,0.116967,0.158028,0.48727500000000001,0.22347600000000001,0.014253999999999999,283903,0.13008700000000001,0.17238300000000001,0.48935400000000001,0.19944799999999999,0.0087279999999999996,145771,0.116079,0.132331,0.49568800000000002,0.235822,0.020079
34046,5680507,3156956,0.12277,0.16592199999999999,0.49883100000000002,0.20505499999999999,0.0074219999999999998,1000316,0.121145,0.16814799999999999,0.50064900000000001,0.20268,0.0073790000000000001,703360,0.104294,0.14017099999999999,0.46617799999999998,0.26803100000000002,0.021326000000000001,390181,0.116953,0.15800600000000001,0.48728900000000003,0.223471,0.014281,283930,0.130131,0.17235200000000001,0.48929699999999998,0.199465,0.0087559999999999999,145764,0.116092,0.13231699999999999,0.49569200000000002,0.23583299999999999,0.020067000000000002
34047,5680675,3157094,0.122755,0.16592399999999999,0.49884200000000001,0.205043,0.0074349999999999998,1000325,0.12113,0.168156,0.500641,0.20269200000000001,0.0073810000000000004,703353,0.104285,0.14016300000000001,0.466167,0.26803199999999999,0.021353,390202,0.11698600000000001,0.15798000000000001,0.48727799999999999,0.22348899999999999,0.014267,283933,0.13019600000000001,0.17227999999999999,0.489288,0.199491,0.0087449999999999993,145768,0.116143,0.13222400000000001,0.49581500000000001,0.235758,0.020059
34048,5680904,3157153,0.122761,0.165913,0.49884699999999998,0.20504,0.0074380000000000002,1000404,0.121132,0.16813,0.50065099999999996,0.202705,0.0073819999999999997,703382,0.104226,0.140176,0.46612900000000002,0.26808999999999999,0.021378000000000001,390257,0.116995,0.15792400000000001,0.48734300000000003,0.223471,0.014267999999999999,283941,0.130189,0.17232500000000001,0.48927799999999999,0.19947500000000001,0.0087340000000000004,145767,0.116268,0.13219,0.49575000000000002,0.235712,0.020080000000000001
34049,5681177,3157386,0.12277100000000001,0.165912,0.49881999999999999,0.20505000000000001,0.0074479999999999998,1000418,0.121153,0.168126,0.500637,0.20269599999999999,0.0073879999999999996,703396,0.10424600000000001,0.14015,0.46607500000000002,0.26812399999999997,0.021406000000000001,390266,0.11694599999999999,0.15789700000000001,0.48743900000000001,0.223445,0.014272,283939,0.13014800000000001,0.172319,0.48940099999999997,0.19939799999999999,0.0087340000000000004,145772,0.116243,0.132104,0.49587700000000001,0.23575199999999999,0.020024
34050,5681437,3157540,0.12277299999999999,0.165913,0.49880400000000003,0.20505799999999999,0.0074510000000000002,1000467,0.12117799999999999,0.168101,0.50063199999999997,0.20269899999999999,0.0073889999999999997,703383,0.104222,0.140153,0.46609899999999999,0.26811299999999999,0.021413999999999999,390342,0.116949,0.15788199999999999,0.48739100000000002,0.223494,0.014285000000000001,283915,0.130166,0.172319,0.48943500000000001,0.19931699999999999,0.008763,145790,0.116373,0.131964,0.49589100000000003,0.23574999999999999,0.020022000000000002
34051,5681651,3157754,0.12277399999999999,0.165904,0.49879200000000001,0.20507500000000001,0.007456,1000468,0.121195,0.168097,0.50063199999999997,0.202682,0.0073940000000000004,703453,0.10421900000000001,0.14014299999999999,0.46612799999999999,0.26807199999999998,0.021439,390290,0.116921,0.15792900000000001,0.48736099999999999,0.223495,0.014293999999999999,283888,0.13011500000000001,0.17232900000000001,0.48947499999999999,0.19933600000000001,0.0087460000000000003,145798,0.116469,0.13203200000000001,0.49588500000000002,0.2356,0.020014000000000001
34052,5681880,3157873,0.122764,0.16589899999999999,0.49879400000000002,0.20508199999999999,0.0074599999999999996,1000494,0.1212,0.16809399999999999,0.50063999999999997,0.20266999999999999,0.0073959999999999998,703430,0.104253,0.14011799999999999,0.46609600000000001,0.26808500000000002,0.021447999999999998,390309,0.116948,0.15794900000000001,0.48737000000000003,0.223436,0.014296,283921,0.13011700000000001,0.17238999999999999,0.48936099999999999,0.19939299999999999,0.0087379999999999992,145853,0.116364,0.132023,0.496027,0.23555899999999999,0.020027
34053,5682103,3157970,0.122761,0.16588700000000001,0.498805,0.20508199999999999,0.0074660000000000004,1000521,0.121197,0.16809299999999999,0.500641,0.20266500000000001,0.0074029999999999999,703425,0.104217,0.140102,0.46609400000000001,0.268121,0.021465999999999999,390345,0.11697100000000001,0.157999,0.487315,0.22342799999999999,0.014286999999999999,283948,0.130133,0.17232700000000001,0.48935000000000001,0.199438,0.0087519999999999994,145894,0.116537,0.13211000000000001,0.49597000000000002,0.23535600000000001,0.020028000000000001
34054,5682350,3158090,0.122782,0.16587499999999999,0.49878099999999997,0.20508999999999999,0.0074720000000000003,1000554,0.121179,0.16811000000000001,0.50065300000000001,0.20264399999999999,0.0074149999999999997,703422,0.10419100000000001,0.14008100000000001,0.46611000000000002,0.26814500000000002,0.021474,390414,0.11694499999999999,0.15801699999999999,0.48727999999999999,0.22344,0.014318000000000001,283930,0.13008800000000001,0.172321,0.48947299999999999,0.19938,0.0087379999999999992,145940,0.11650000000000001,0.132274,0.49581999999999998,0.235343,0.020063000000000001
34055,5682551,3158193,0.12278,0.16586799999999999,0.498774,0.20510200000000001,0.0074749999999999999,1000609,0.121168,0.168101,0.500668,0.20263999999999999,0.0074229999999999999,703459,0.104181,0.14008599999999999,0.46611799999999998,0.268152,0.021462999999999999,390431,0.11695,0.157995,0.48726199999999997,0.223468,0.014324999999999999,283945,0.13008900000000001,0.172315,0.48950700000000003,0.199324,0.0087659999999999995,145914,0.116576,0.13222200000000001,0.49579200000000001,0.23530300000000001,0.020108000000000001
34056,5682761,3158304,0.12277100000000001,0.16586300000000001,0.49879299999999999,0.205092,0.0074809999999999998,1000657,0.12116,0.16809199999999999,0.50067099999999998,0.202656,0.0074209999999999996,703492,0.104199,0.14011100000000001,0.46605600000000003,0.26816499999999999,0.021468999999999999,390424,0.116975,0.15794900000000001,0.48726799999999998,0.22348299999999999,0.014324999999999999,283931,0.130028,0.17228499999999999,0.48960100000000001,0.19930200000000001,0.0087840000000000001,145953,0.116661,0.13228200000000001,0.49546800000000002,0.23544599999999999,0.020143000000000001
34057,5682970,3158368,0.122769,0.16584599999999999,0.49880099999999999,0.205097,0.0074869999999999997,1000666,0.12114900000000001,0.16811000000000001,0.50065199999999999,0.20266400000000001,0.0074250000000000002,703493,0.10421900000000001,0.14008000000000001,0.46604699999999999,0.268179,0.021475999999999999,390461,0.116992,0.15793099999999999,0.48730299999999999,0.22343299999999999,0.014338999999999999,283982,0.130022,0.172264,0.48961900000000003,0.199298,0.008796,146000,0.116692,0.13234899999999999,0.49551400000000001,0.23530799999999999,0.020136999999999999
34058,5683176,3158514,0.12277100000000001,0.16583899999999999,0.49879600000000002,0.2051,0.0074929999999999997,1000656,0.121157,0.168102,0.50064600000000004,0.20266100000000001,0.0074349999999999998,703477,0.10421800000000001,0.14005400000000001,0.46609499999999998,0.268154,0.021479000000000002,390490,0.11703,0.15792200000000001,0.48729499999999998,0.223409,0.014344000000000001,284003,0.130023,0.17229,0.48960399999999998,0.19928699999999999,0.008796,146036,0.116663,0.13233700000000001,0.49552200000000002,0.235319,0.020159
34059,5683403,3158653,0.12277299999999999,0.165828,0.498805,0.205099,0.0074960000000000001,1000673,0.121186,0.16808899999999999,0.500606,0.202681,0.0074380000000000002,703468,0.104148,0.14008200000000001,0.46611399999999997,0.26815899999999998,0.021498,390493,0.117024,0.15787699999999999,0.48732999999999999,0.22342300000000001,0.014345999999999999,284059,0.13012799999999999,0.17219300000000001,0.48956,0.19930400000000001,0.0088149999999999999,146057,0.11665300000000001,0.132414,0.49549799999999999,0.23527100000000001,0.020163
34060,5683605,3158731,0.122765,0.165826,0.49880200000000002,0.20511099999999999,0.0074960000000000001,1000691,0.121169,0.16808200000000001,0.50062799999999996,0.202681,0.0074400000000000004,703557,0.10415099999999999,0.14008000000000001,0.46612599999999998,0.26812999999999998,0.021513999999999998,390463,0.117053,0.157913,0.487234,0.223442,0.014357,284077,0.13012699999999999,0.172154,0.48955399999999999,0.19931599999999999,0.0088500000000000002,146086,0.116616,0.13242899999999999,0.49555100000000002,0.235238,0.020166
34061,5683854,3158832,0.122768,0.16581599999999999,0.49881199999999998,0.20510400000000001,0.0074999999999999997,1000732,0.12116399999999999,0.16809499999999999,0.50061699999999998,0.202677,0.0074479999999999998,703638,0.104139,0.1401,0.46610800000000002,0.26815600000000001,0.021496999999999999,390474,0.117076,0.15788199999999999,0.48716199999999998,0.22348699999999999,0.014393,284102,0.13016800000000001,0.17219499999999999,0.48946200000000001,0.19933300000000001,0.0088419999999999992,146076,0.116679,0.13242399999999999,0.495591,0.23511000000000001,0.020195000000000001
34062,5684086,3158961,0.122762,0.165824,0.49879600000000002,0.20510900000000001,0.007509,1000771,0.12114800000000001,0.168099,0.50062300000000004,0.202679,0.0074510000000000002,703621,0.10413,0.14008399999999999,0.46612700000000001,0.26814300000000002,0.021516,390530,0.11708200000000001,0.157891,0.487182,0.22345300000000001,0.014393,284140,0.13022800000000001,0.17221800000000001,0.4894,0.199296,0.0088579999999999996,146063,0.116689,0.132244,0.49573099999999998,0.23516599999999999,0.020168999999999999
34063,5684324,3159123,0.122761,0.165821,0.49879099999999998,0.20511099999999999,0.0075160000000000001,1000816,0.121154,0.16809499999999999,0.500637,0.202656,0.0074580000000000002,703655,0.104111,0.14006299999999999,0.46617199999999998,0.26813100000000001,0.021523,390522,0.117128,0.15787799999999999,0.487122,0.223473,0.014399,284146,0.130243,0.172211,0.48937199999999997,0.19930600000000001,0.0088690000000000001,146062,0.116649,0.13217699999999999,0.49576900000000002,0.23524300000000001,0.020163
34064,5684544,3159277,0.122754,0.16581799999999999,0.49879200000000001,0.20511299999999999,0.0075230000000000002,1000841,0.12114999999999999,0.16809399999999999,0.500641,0.202657,0.0074590000000000004,703658,0.104116,0.14005100000000001,0.46615800000000002,0.26815600000000001,0.021519,390513,0.117174,0.15789700000000001,0.48710500000000001,0.22342100000000001,0.014402,284163,0.13022500000000001,0.172183,0.48939899999999997,0.199326,0.0088679999999999991,146092,0.116673,0.13214999999999999,0.49578299999999997,0.23522799999999999,0.020164999999999999
34065,5684799,3159343,0.122749,0.16581000000000001,0.49880200000000002,0.20511199999999999,0.0075269999999999998,1000855,0.12114,0.16808999999999999,0.50063400000000002,0.20266700000000001,0.0074689999999999999,703683,0.104131,0.140042,0.46613700000000002,0.268175,0.021514999999999999,390639,0.117244,0.15789,0.48703999999999997,0.22342400000000001,0.014402,284201,0.130299,0.172177,0.48942099999999999,0.199211,0.0088920000000000006,146078,0.116705,0.132128,0.495701,0.23527799999999999,0.020188000000000001
34066,5684992,3159490,0.12274400000000001,0.16581899999999999,0.49879299999999999,0.20511099999999999,0.0075329999999999998,1000909,0.12114999999999999,0.16808300000000001,0.50061900000000004,0.20266400000000001,0.0074840000000000002,703653,0.104148,0.14000899999999999,0.46617399999999998,0.26813199999999998,0.021536,390617,0.117217,0.157863,0.48703999999999997,0.223467,0.014413,284219,0.130361,0.17213800000000001,0.48937999999999998,0.19922699999999999,0.0088950000000000001,146104,0.116609,0.13203599999999999,0.49583899999999997,0.23536699999999999,0.020150000000000001
34067,5685225,3159566,0.122748,0.16580700000000001,0.49878899999999998,0.20511299999999999,0.0075430000000000002,1000959,0.121144,0.16808200000000001,0.50061100000000003,0.20267499999999999,0.007489,703701,0.10414900000000001,0.14000499999999999,0.46618799999999999,0.26811200000000002,0.021545000000000002,390669,0.117232,0.157883,0.48696200000000001,0.22350600000000001,0.014416,284246,0.13040099999999999,0.17213600000000001,0.48934699999999998,0.199208,0.0089079999999999993,146084,0.11663800000000001,0.13199900000000001,0.49592000000000003,0.23533000000000001,0.020112000000000001
34068,5685442,3159689,0.122747,0.16578699999999999,0.49879699999999999,0.20511799999999999,0.0075519999999999997,1000989,0.121147,0.16807800000000001,0.50059100000000001,0.20268700000000001,0.0074980000000000003,703754,0.10414900000000001,0.140042,0.46614899999999998,0.26810600000000001,0.021554,390750,0.117226,0.157858,0.48698900000000001,0.22350400000000001,0.014423999999999999,284211,0.13042400000000001,0.17216400000000001,0.48934100000000003,0.199155,0.0089160000000000003,146049,0.11665300000000001,0.13211300000000001,0.49593599999999999,0.23517399999999999,0.020122999999999999
34069,5685648,3159785,0.122752,0.165774,0.49879800000000002,0.20511699999999999,0.0075589999999999997,1001028,0.121158,0.16808899999999999,0.50054900000000002,0.20269100000000001,0.0075119999999999996,703817,0.10414900000000001,0.14003099999999999,0.46613500000000002,0.26811800000000002,0.021566999999999999,390767,0.117274,0.157831,0.48697000000000001,0.22350400000000001,0.014420000000000001,284196,0.13040299999999999,0.172177,0.489402,0.199102,0.0089160000000000003,146055,0.116579,0.13208,0.49602499999999999,0.23522000000000001,0.020094999999999998
34070,5685864,3159932,0.122741,0.16575500000000001,0.498809,0.20513100000000001,0.0075630000000000003,1001069,0.121153,0.16809099999999999,0.50055400000000005,0.202679,0.007522,703811,0.104173,0.14002300000000001,0.46615600000000001,0.26804600000000001,0.021600999999999999,390804,0.117274,0.15790000000000001,0.486873,0.22353400000000001,0.014419,284227,0.13042000000000001,0.17215800000000001,0.489369,0.19912299999999999,0.0089289999999999994,146021,0.116579,0.132104,0.49604500000000001,0.23518500000000001,0.020086
34071,5686084,3160040,0.122742,0.16575400000000001,0.49879699999999999,0.20513500000000001,0.0075719999999999997,1001123,0.121175,0.16809399999999999,0.50053700000000001,0.20266899999999999,0.0075249999999999996,703818,0.10417999999999999,0.14000399999999999,0.46621600000000002,0.26798300000000003,0.021617999999999998,390777,0.117261,0.15790599999999999,0.48682199999999998,0.22359599999999999,0.014415000000000001,284297,0.13040199999999999,0.17213999999999999,0.48930899999999999,0.199211,0.0089379999999999998,146029,0.116634,0.13202900000000001,0.49615500000000001,0.23514499999999999,0.020036999999999999
34072,5686283,3160199,0.12274,0.16575999999999999,0.49878400000000001,0.20514099999999999,0.0075750000000000001,1001143,0.12117,0.16810700000000001,0.500525,0.20266999999999999,0.007528,703850,0.10417700000000001,0.13999900000000001,0.46619699999999997,0.26797900000000002,0.021648000000000001,390827,0.117228,0.157883,0.48687000000000002,0.22359999999999999,0.014418,284267,0.130381,0.172152,0.489311,0.19922799999999999,0.0089280000000000002,145997,0.11662599999999999,0.13192699999999999,0.49617499999999998,0.235238,0.020035000000000001
34073,5686545,3160293,0.122742,0.16576299999999999,0.49877700000000003,0.20513700000000001,0.0075799999999999999,1001203,0.121183,0.16809299999999999,0.50053099999999995,0.20266000000000001,0.0075329999999999998,703929,0.104187,0.14000799999999999,0.46615800000000002,0.26799299999999998,0.021654,390825,0.11726200000000001,0.15781999999999999,0.48691099999999998,0.223578,0.014428,284292,0.130359,0.17213300000000001,0.48937399999999998,0.19920399999999999,0.0089309999999999997,146003,0.11658,0.13190099999999999,0.49620199999999998,0.23527600000000001,0.020041
34074,5686782,3160450,0.122738,0.165766,0.49878,0.205128,0.0075880000000000001,1001212,0.121171,0.16808600000000001,0.500525,0.20267499999999999,0.0075420000000000001,703991,0.10419299999999999,0.14001,0.46608300000000003,0.26805699999999999,0.021656999999999999,390803,0.11730699999999999,0.15779000000000001,0.48691499999999999,0.22356000000000001,0.014427000000000001,284299,0.13040099999999999,0.17210800000000001,0.48941800000000002,0.19914200000000001,0.0089309999999999997,146027,0.116615,0.13170200000000001,0.49631199999999998,0.235319,0.020050999999999999
34075,5687008,3160560,0.12274,0.165772,0.49876799999999999,0.205128,0.0075919999999999998,1001242,0.121167,0.168071,0.50054699999999996,0.20266899999999999,0.0075459999999999998,704061,0.104224,0.139984,0.46608300000000003,0.26805299999999999,0.021656000000000002,390818,0.11729000000000001,0.157802,0.48686600000000002,0.22359999999999999,0.014442,284316,0.130358,0.172094,0.48946600000000001,0.19914100000000001,0.0089409999999999993,146011,0.116621,0.13161300000000001,0.496394,0.23531099999999999,0.020060000000000001
34076,5687229,3160659,0.122743,0.16575799999999999,0.49876100000000001,0.20514399999999999,0.0075960000000000003,1001293,0.121167,0.16806499999999999,0.50054100000000001,0.202679,0.007548,704133,0.10423,0.13997399999999999,0.46606700000000001,0.26805000000000001,0.021679,390821,0.11729199999999999,0.15786,0.48678300000000002,0.22362899999999999,0.014435999999999999,284321,0.13037000000000001,0.17207,0.48950300000000002,0.19910900000000001,0.0089479999999999994,146002,0.116622,0.13173099999999999,0.49641099999999999,0.23519499999999999,0.020041
34077,5687476,3160873,0.122749,0.16574700000000001,0.49876199999999998,0.20513799999999999,0.0076049999999999998,1001339,0.121161,0.16806399999999999,0.50052799999999997,0.20269000000000001,0.0075579999999999996,704141,0.10423499999999999,0.139959,0.46609,0.26802199999999998,0.021694999999999999,390818,0.11732099999999999,0.15786900000000001,0.48680200000000001,0.223575,0.014434000000000001,284319,0.130389,0.172018,0.48951,0.199125,0.0089580000000000007,145986,0.116607,0.1318,0.496253,0.235262,0.020077000000000001
34078,5687701,3160975,0.122743,0.16575300000000001,0.498755,0.20513600000000001,0.007613,1001398,0.121143,0.168069,0.50051699999999999,0.202708,0.0075630000000000003,704149,0.10419399999999999,0.139936,0.46614699999999998,0.26802599999999999,0.021697000000000001,390848,0.117345,0.157862,0.48676199999999997,0.22358800000000001,0.014442999999999999,284323,0.13036600000000001,0.17205100000000001,0.48946800000000001,0.19914699999999999,0.0089689999999999995,146008,0.116726,0.131774,0.49607600000000002,0.23528199999999999,0.020143000000000001
34079,5687952,3161038,0.122747,0.16573599999999999,0.49875000000000003,0.205149,0.0076179999999999998,1001453,0.121141,0.16808200000000001,0.50049999999999994,0.20270199999999999,0.0075750000000000001,704251,0.104224,0.13992299999999999,0.46613500000000002,0.26802100000000001,0.021697000000000001,390828,0.11734600000000001,0.15789300000000001,0.48677700000000002,0.22353100000000001,0.014454,284361,0.13037299999999999,0.17199999999999999,0.48949399999999998,0.199152,0.0089820000000000004,146021,0.116559,0.131885,0.49627100000000002,0.23514399999999999,0.020140999999999999
34080,5688172,3161124,0.122748,0.16573199999999999,0.49875199999999997,0.20514499999999999,0.0076229999999999996,1001508,0.12113400000000001,0.168068,0.50051299999999999,0.20270299999999999,0.0075820000000000002,704242,0.10420699999999999,0.139933,0.46613700000000002,0.26803100000000002,0.021690999999999998,390897,0.117384,0.15787300000000001,0.48671399999999998,0.22356500000000001,0.014463999999999999,284378,0.130383,0.17197899999999999,0.48951,0.19913600000000001,0.008992,146023,0.116536,0.13184199999999999,0.49634,0.23512,0.020160999999999998
34081,5688398,3161327,0.12274400000000001,0.16572799999999999,0.498751,0.205147,0.0076299999999999996,1001553,0.121141,0.168045,0.50051900000000005,0.202707,0.0075880000000000001,704277,0.10421800000000001,0.13994400000000001,0.46614800000000001,0.26799000000000001,0.021701999999999999,390915,0.117358,0.157863,0.48668400000000001,0.22361600000000001,0.014479000000000001,284359,0.13037000000000001,0.171987,0.48956100000000002,0.19905800000000001,0.0090240000000000008,145967,0.116519,0.13181699999999999,0.496311,0.235204,0.020147999999999999
34082,5688625,3161470,0.12275,0.16572400000000001,0.49874099999999999,0.205147,0.007639,1001585,0.121141,0.168045,0.50050499999999998,0.20272000000000001,0.0075900000000000004,704315,0.10421900000000001,0.139962,0.466171,0.26795000000000002,0.021699,390916,0.11733200000000001,0.15782199999999999,0.48675400000000002,0.223603,0.014489,284350,0.13033900000000001,0.17199900000000001,0.489597,0.19903299999999999,0.0090310000000000008,145989,0.11655,0.131798,0.49621500000000002,0.23527100000000001,0.020166
34083,5688867,3161537,0.122736,0.16571,0.49876399999999999,0.205147,0.0076429999999999996,1001688,0.121155,0.16803000000000001,0.50050700000000004,0.202709,0.0075979999999999997,704364,0.104239,0.139959,0.466167,0.26791300000000001,0.021722999999999999,390940,0.11730699999999999,0.157886,0.486732,0.223582,0.014493000000000001,284389,0.13037099999999999,0.17202100000000001,0.48951600000000001,0.19905800000000001,0.0090329999999999994,145949,0.11659600000000001,0.131745,0.49618699999999999,0.235295,0.020178000000000001
34084,5689089,3161662,0.122743,0.16569600000000001,0.49876500000000001,0.20514499999999999,0.0076499999999999997,1001728,0.121156,0.168014,0.50048700000000002,0.20274200000000001,0.0076020000000000003,704400,0.10428900000000001,0.13991799999999999,0.466173,0.26788800000000001,0.021732999999999999,390910,0.11724900000000001,0.157944,0.48670999999999998,0.223581,0.014515,284390,0.130416,0.17199300000000001,0.48946899999999999,0.19910700000000001,0.0090159999999999997,145999,0.11647299999999999,0.131795,0.49636599999999997,0.23521400000000001,0.020150999999999999
34085,5689357,3161815,0.122735,0.16570299999999999,0.49874299999999999,0.20516400000000001,0.0076550000000000003,1001743,0.12116399999999999,0.16801099999999999,0.50046400000000002,0.20274800000000001,0.0076140000000000001,704418,0.104293,0.13985300000000001,0.46627000000000002,0.26784799999999997,0.021735999999999998,390971,0.117267,0.158001,0.48669099999999998,0.22351499999999999,0.014525,284415,0.13048499999999999,0.17197799999999999,0.48947499999999999,0.19905400000000001,0.0090080000000000004,145995,0.116497,0.13177800000000001,0.496332,0.235207,0.020185999999999999
34086,5689572,3161935,0.122739,0.16569999999999999,0.49872300000000003,0.205182,0.0076569999999999997,1001803,0.121159,0.16799900000000001,0.500475,0.20274700000000001,0.00762,704469,0.104281,0.13988700000000001,0.46624900000000002,0.26782400000000001,0.021758,391001,0.117243,0.15798400000000001,0.48673300000000003,0.22351299999999999,0.014527,284409,0.130499,0.171957,0.48951699999999998,0.199013,0.0090150000000000004,145955,0.11651499999999999,0.13170499999999999,0.49637199999999998,0.23521600000000001,0.020191000000000001
34087,5689768,3162088,0.122739,0.165685,0.498728,0.205183,0.0076639999999999998,1001860,0.121159,0.16799500000000001,0.50048599999999999,0.20272599999999999,0.0076350000000000003,704486,0.104273,0.139879,0.46624100000000002,0.26783899999999999,0.021767999999999999,391033,0.117246,0.15797900000000001,0.486711,0.22353400000000001,0.014531000000000001,284373,0.13051499999999999,0.17191500000000001,0.48953999999999998,0.19900999999999999,0.0090200000000000002,145928,0.116564,0.131798,0.49623099999999998,0.23517099999999999,0.020236000000000001
34088,5689996,3162227,0.12274599999999999,0.16568099999999999,0.498724,0.205177,0.007672,1001900,0.121146,0.16797400000000001,0.50052099999999999,0.20272399999999999,0.0076350000000000003,704547,0.104308,0.139844,0.46620499999999998,0.26786599999999999,0.021777000000000001,391044,0.117273,0.158003,0.48666399999999999,0.223522,0.014538000000000001,284371,0.13044900000000001,0.17189499999999999,0.48956499999999997,0.199074,0.0090159999999999997,145907,0.116622,0.13170000000000001,0.49626100000000001,0.23515,0.020265999999999999
34089,5690206,3162317,0.12274,0.16567699999999999,0.49872100000000003,0.20518,0.0076819999999999996,1001961,0.121152,0.16797599999999999,0.50051000000000001,0.20271600000000001,0.007646,704567,0.104309,0.13985500000000001,0.46618300000000001,0.267872,0.021780999999999998,391099,0.117272,0.15797800000000001,0.48671599999999998,0.223498,0.014536,284354,0.13042899999999999,0.17186299999999999,0.48959399999999997,0.19911400000000001,0.0089990000000000001,145908,0.116676,0.13161,0.49628499999999998,0.235128,0.020299999999999999
34090,5690458,3162452,0.122753,0.16567299999999999,0.49869999999999998,0.20518400000000001,0.0076899999999999998,1001981,0.12114900000000001,0.16797400000000001,0.50048999999999999,0.202737,0.0076499999999999997,704566,0.104297,0.139821,0.46620499999999998,0.26788499999999998,0.021791999999999999,391156,0.11726499999999999,0.158026,0.48675200000000002,0.22343499999999999,0.014520999999999999,284370,0.130443,0.17183599999999999,0.48961199999999999,0.19908899999999999,0.0090200000000000002,145933,0.116691,0.13164300000000001,0.496255,0.23513500000000001,0.020275999999999999
34091,5690699,3162560,0.122749,0.165663,0.49870700000000001,0.20518900000000001,0.0076930000000000002,1002023,0.12116200000000001,0.167958,0.50047900000000001,0.20274500000000001,0.0076569999999999997,704635,0.104271,0.139817,0.46621699999999999,0.26789499999999999,0.0218,391152,0.11727700000000001,0.15803300000000001,0.48672599999999999,0.22342699999999999,0.014537,284378,0.130467,0.17182800000000001,0.48958800000000002,0.19908000000000001,0.0090369999999999999,145951,0.11675199999999999,0.131688,0.496139,0.235099,0.020322
34092,5690965,3162704,0.122755,0.165662,0.49870100000000001,0.20518500000000001,0.0076969999999999998,1002040,0.121145,0.16797599999999999,0.50046400000000002,0.20274700000000001,0.0076670000000000002,704635,0.104254,0.13983599999999999,0.466169,0.26793,0.021811000000000001,391160,0.117254,0.158025,0.48673899999999998,0.223443,0.014539,284428,0.130522,0.17179,0.48962499999999998,0.19902800000000001,0.0090360000000000006,145998,0.116789,0.13164600000000001,0.496116,0.23511299999999999,0.020336
34093,5691168,3162773,0.122755,0.16566500000000001,0.49868800000000002,0.20519000000000001,0.0077019999999999996,1002112,0.121139,0.167988,0.500444,0.20275899999999999,0.0076699999999999997,704665,0.10426199999999999,0.13983200000000001,0.46618300000000001,0.26790900000000001,0.021812999999999999,391183,0.117214,0.158028,0.48676999999999998,0.223443,0.014546,284454,0.13053799999999999,0.17171800000000001,0.48963600000000002,0.19905200000000001,0.0090559999999999998,145981,0.116817,0.13155800000000001,0.49618800000000002,0.235065,0.020372999999999999
34094,5691404,3162966,0.122761,0.165656,0.49867699999999998,0.20519899999999999,0.0077070000000000003,1002174,0.121155,0.16796700000000001,0.50043599999999999,0.20275799999999999,0.0076839999999999999,704615,0.10427500000000001,0.13983499999999999,0.46617199999999998,0.26789499999999999,0.021822000000000001,391161,0.117177,0.15804499999999999,0.48681999999999997,0.223412,0.014546,284471,0.13044600000000001,0.17174300000000001,0.489649,0.19908899999999999,0.0090729999999999995,146017,0.11684899999999999,0.131526,0.49620199999999998,0.235041,0.020381
34095,5691615,3163062,0.122754,0.16564200000000001,0.49868600000000002,0.20520099999999999,0.0077169999999999999,1002182,0.121154,0.167963,0.50042799999999998,0.202766,0.0076899999999999998,704705,0.104295,0.13985700000000001,0.46615099999999998,0.26785799999999998,0.021839000000000001,391237,0.117164,0.15806500000000001,0.48681200000000002,0.22339400000000001,0.014564000000000001,284448,0.13036800000000001,0.171761,0.48971700000000001,0.19907,0.0090840000000000001,145981,0.116926,0.131606,0.49605100000000002,0.235044,0.020372999999999999
34096,5691830,3163117,0.122755,0.165631,0.498697,0.20520099999999999,0.0077159999999999998,1002196,0.12116499999999999,0.16794400000000001,0.50041599999999997,0.20277200000000001,0.0077029999999999998,704770,0.104294,0.13988999999999999,0.46613900000000003,0.26783299999999999,0.021843999999999999,391278,0.117116,0.15804599999999999,0.48688399999999998,0.22337099999999999,0.014583,284457,0.13036800000000001,0.17174500000000001,0.48973699999999998,0.19905600000000001,0.0090950000000000007,146012,0.116942,0.13159899999999999,0.49585699999999999,0.23519999999999999,0.020402
34097,5692029,3163264,0.12275700000000001,0.165635,0.49867400000000001,0.205211,0.0077219999999999997,1002245,0.121153,0.167939,0.50043000000000004,0.20277000000000001,0.0077089999999999997,704759,0.10427,0.13988900000000001,0.46613700000000002,0.26785199999999998,0.021853000000000001,391252,0.117132,0.15804399999999999,0.48692400000000002,0.22332199999999999,0.014579,284477,0.13039000000000001,0.17175000000000001,0.48973699999999998,0.19902500000000001,0.0090969999999999992,146032,0.116926,0.131547,0.49593199999999998,0.235181,0.020413000000000001
34098,5692269,3163443,0.122751,0.165635,0.49866100000000002,0.20522599999999999,0.0077270000000000004,1002304,0.121161,0.16791400000000001,0.50044299999999997,0.202768,0.0077140000000000004,704755,0.104287,0.139878,0.466142,0.26783899999999999,0.021853000000000001,391242,0.117132,0.15809699999999999,0.486898,0.223297,0.014577,284492,0.13040099999999999,0.171738,0.48973299999999997,0.19903499999999999,0.0090930000000000004,146033,0.11704199999999999,0.13156599999999999,0.49590200000000001,0.23505000000000001,0.020441000000000001
34099,5692481,3163546,0.122755,0.165634,0.49864999999999998,0.20522799999999999,0.0077330000000000003,1002335,0.12117799999999999,0.167883,0.50043499999999996,0.20278599999999999,0.0077169999999999999,704813,0.10423200000000001,0.13989199999999999,0.46613900000000003,0.267878,0.021857999999999999,391244,0.117183,0.15804499999999999,0.48690800000000001,0.223278,0.014586999999999999,284492,0.13037299999999999,0.17169200000000001,0.48980600000000002,0.19903899999999999,0.0090900000000000009,146051,0.117103,0.13148799999999999,0.49591600000000002,0.23503399999999999,0.020459000000000001
34100,5692728,3163692,0.122756,0.165633,0.498643,0.20522799999999999,0.0077400000000000004,1002357,0.12117,0.16786200000000001,0.50044,0.20279700000000001,0.0077299999999999999,704854,0.104236,0.13986000000000001,0.46613500000000002,0.267899,0.021870000000000001,391305,0.117213,0.15799199999999999,0.48697600000000002,0.22323799999999999,0.014581999999999999,284459,0.13034899999999999,0.171733,0.48981799999999998,0.199013,0.0090869999999999996,146061,0.117109,0.13147200000000001,0.49588900000000002,0.235011,0.020518999999999999
34101,5692912,3163778,0.122741,0.16564200000000001,0.49862899999999999,0.20524300000000001,0.0077450000000000001,1002407,0.121153,0.16785800000000001,0.50044100000000002,0.20281099999999999,0.0077359999999999998,704857,0.10423200000000001,0.139877,0.466113,0.26789400000000002,0.021884000000000001,391273,0.11726300000000001,0.15793599999999999,0.486987,0.22323000000000001,0.014583,284483,0.13033500000000001,0.17172599999999999,0.48982900000000001,0.199014,0.0090969999999999992,146114,0.117114,0.13145200000000001,0.49598300000000001,0.23491899999999999,0.020532000000000002
34102,5693127,3163949,0.122734,0.16564599999999999,0.49862699999999999,0.20524100000000001,0.0077530000000000003,1002450,0.121169,0.16782900000000001,0.50044200000000005,0.20281299999999999,0.0077470000000000004,704858,0.104228,0.13988600000000001,0.46607100000000001,0.26792100000000002,0.021894,391292,0.11726499999999999,0.157943,0.48696899999999999,0.22326499999999999,0.014557,284480,0.13037499999999999,0.17168900000000001,0.48979899999999998,0.19903999999999999,0.0090969999999999992,146098,0.117127,0.13145999999999999,0.49603000000000003,0.23485600000000001,0.020527
34103,5693349,3164091,0.122726,0.16564300000000001,0.498614,0.20526,0.007757,1002507,0.121161,0.16783300000000001,0.50043700000000002,0.20281399999999999,0.0077549999999999997,704835,0.104213,0.13986999999999999,0.46613300000000002,0.26788699999999999,0.021897,391292,0.117327,0.15798200000000001,0.48686400000000002,0.22326299999999999,0.014565,284501,0.130386,0.17166200000000001,0.48981200000000003,0.19903299999999999,0.0091070000000000005,146123,0.117107,0.13141,0.49610900000000002,0.23483000000000001,0.020544
34104,5693593,3164198,0.122723,0.16563600000000001,0.49860900000000002,0.20526700000000001,0.0077629999999999999,1002567,0.121175,0.16783300000000001,0.50039,0.20284199999999999,0.0077590000000000003,704846,0.10420599999999999,0.13986899999999999,0.46613599999999999,0.26787699999999998,0.021912999999999998,391314,0.117351,0.15800400000000001,0.48681600000000003,0.22326099999999999,0.014569,284519,0.13037099999999999,0.171623,0.48991099999999999,0.19899500000000001,0.0091000000000000004,146149,0.11723,0.13144800000000001,0.496035,0.234733,0.020553999999999999
34105,5693816,3164397,0.12273199999999999,0.165634,0.498608,0.205259,0.0077660000000000003,1002582,0.121166,0.167827,0.50039699999999998,0.202843,0.0077669999999999996,704801,0.10419100000000001,0.13988200000000001,0.46609200000000001,0.26790799999999998,0.021926999999999999,391342,0.117327,0.15801999999999999,0.48681200000000002,0.22325,0.014591,284533,0.130407,0.171572,0.48990800000000001,0.199017,0.0090959999999999999,146161,0.117206,0.13130700000000001,0.49607600000000002,0.234823,0.020587000000000001
34106,5694040,3164567,0.12273299999999999,0.165632,0.49859799999999999,0.205263,0.0077730000000000004,1002605,0.12117600000000001,0.16781199999999999,0.50041100000000005,0.202824,0.0077770000000000001,704826,0.104158,0.13989099999999999,0.466084,0.26792300000000002,0.021944000000000002,391295,0.117339,0.15798100000000001,0.48681400000000002,0.22326399999999999,0.014603,284555,0.13044600000000001,0.17158699999999999,0.48988100000000001,0.19899500000000001,0.0090910000000000001,146192,0.117127,0.13134799999999999,0.49616300000000002,0.234787,0.020576000000000001
34107,5694244,3164638,0.122725,0.165627,0.49861299999999997,0.20526,0.0077749999999999998,1002595,0.121185,0.167796,0.50040600000000002,0.20283100000000001,0.007783,704925,0.104174,0.139874,0.46607500000000002,0.26791100000000001,0.021964999999999998,391349,0.11731,0.15800700000000001,0.486757,0.223305,0.014621,284580,0.13047600000000001,0.17157900000000001,0.48984800000000001,0.19899900000000001,0.0090980000000000002,146157,0.117141,0.13142699999999999,0.49615100000000001,0.234713,0.020566999999999998
34108,5694462,3164809,0.12271799999999999,0.16561999999999999,0.49863200000000002,0.20524500000000001,0.0077850000000000003,1002641,0.121188,0.16777900000000001,0.500413,0.20283399999999999,0.0077850000000000003,704910,0.104174,0.13986499999999999,0.466059,0.26791500000000001,0.021987,391354,0.11729000000000001,0.157975,0.48677199999999998,0.22334000000000001,0.014624,284599,0.130496,0.171652,0.48976999999999998,0.19897799999999999,0.0091039999999999992,146149,0.117189,0.131359,0.496062,0.23480100000000001,0.020589
34109,5694657,3164830,0.122712,0.165604,0.498643,0.20525199999999999,0.0077889999999999999,1002675,0.121187,0.16776099999999999,0.50043000000000004,0.20282600000000001,0.0077949999999999998,704943,0.104217,0.139874,0.46603800000000001,0.267876,0.021996000000000002,391414,0.117229,0.157996,0.486817,0.22331300000000001,0.014644000000000001,284621,0.130493,0.17163200000000001,0.48980899999999999,0.198963,0.009103,146174,0.117189,0.131357,0.49589499999999997,0.234905,0.020653000000000001
34110,5694862,3164875,0.122707,0.1656,0.49864799999999998,0.20524899999999999,0.007796,1002751,0.12117700000000001,0.16775999999999999,0.50043800000000005,0.20282500000000001,0.0077999999999999996,704940,0.10420599999999999,0.13986899999999999,0.46602399999999999,0.267901,0.021999999999999999,391402,0.117253,0.15803700000000001,0.48677599999999999,0.2233,0.014635,284661,0.13050300000000001,0.17158000000000001,0.489842,0.198966,0.0091090000000000008,146233,0.117176,0.13136600000000001,0.49587300000000001,0.234879,0.020707
34111,5695098,3164989,0.122715,0.16558200000000001,0.49865199999999998,0.20524800000000001,0.007803,1002786,0.121173,0.16775999999999999,0.50043599999999999,0.202821,0.0078100000000000001,704953,0.104203,0.13986599999999999,0.46603499999999998,0.26788000000000001,0.022016000000000001,391434,0.11720999999999999,0.15806999999999999,0.48672599999999999,0.223358,0.014636,284724,0.130579,0.17149200000000001,0.48989500000000002,0.19892199999999999,0.0091109999999999993,146212,0.11705599999999999,0.13148000000000001,0.49588300000000002,0.23485800000000001,0.020722999999999998
34112,5695311,3165193,0.122715,0.16559299999999999,0.49863299999999999,0.20524800000000001,0.0078110000000000002,1002792,0.121144,0.167763,0.50044999999999995,0.20282700000000001,0.0078169999999999993,705004,0.104215,0.139879,0.46600900000000001,0.26788099999999998,0.022016999999999998,391403,0.11722399999999999,0.158026,0.48677700000000002,0.22331699999999999,0.014655,284707,0.130583,0.17147100000000001,0.48991099999999999,0.198931,0.0091039999999999992,146212,0.11698799999999999,0.13144600000000001,0.49597200000000002,0.23488500000000001,0.020709999999999999
34113,5695516,3165293,0.122707,0.16558500000000001,0.49863499999999999,0.20525599999999999,0.0078169999999999993,1002835,0.121154,0.16775399999999999,0.50045700000000004,0.202817,0.0078180000000000003,704992,0.10416400000000001,0.139908,0.46601700000000001,0.26787499999999997,0.022036,391435,0.11725099999999999,0.15801599999999999,0.48675299999999999,0.22334499999999999,0.014636,284726,0.13058900000000001,0.171431,0.48994799999999999,0.198911,0.0091210000000000006,146235,0.117051,0.13140499999999999,0.49587300000000001,0.23497100000000001,0.0207
34114,5695724,3165463,0.122695,0.165579,0.498641,0.205261,0.0078239999999999994,1002856,0.12113599999999999,0.16775699999999999,0.50046900000000005,0.202817,0.0078220000000000008,705044,0.104171,0.13988500000000001,0.46599400000000002,0.26790000000000003,0.022051000000000001,391410,0.11726300000000001,0.15802099999999999,0.48670200000000002,0.22337199999999999,0.014642000000000001,284736,0.13056300000000001,0.17147499999999999,0.48992000000000002,0.19891400000000001,0.0091280000000000007,146215,0.11697200000000001,0.13142999999999999,0.496002,0.23489399999999999,0.020702000000000002
34115,5695951,3165583,0.122692,0.16556799999999999,0.49865300000000001,0.205261,0.0078250000000000004,1002900,0.12113599999999999,0.167767,0.50043899999999997,0.20283000000000001,0.0078279999999999999,705007,0.104161,0.139879,0.46600000000000003,0.267901,0.022058999999999999,391449,0.117308,0.158,0.486653,0.22336800000000001,0.014671,284755,0.13059599999999999,0.171435,0.489898,0.198932,0.0091380000000000003,146257,0.11695899999999999,0.13142599999999999,0.49602400000000002,0.23485400000000001,0.020736999999999998
34116,5696183,3165674,0.1227,0.165552,0.49864599999999998,0.20527300000000001,0.0078300000000000002,1002926,0.12115099999999999,0.16776199999999999,0.50042699999999996,0.20282700000000001,0.0078340000000000007,705058,0.104167,0.13989299999999999,0.46599099999999999,0.26786599999999999,0.022082000000000001,391455,0.117324,0.15794900000000001,0.48667700000000003,0.22339999999999999,0.01465,284809,0.130582,0.17144100000000001,0.4899,0.19892299999999999,0.0091540000000000007,146261,0.116983,0.131388,0.49608600000000003,0.23481299999999999,0.020729999999999998
34117,5696410,3165741,0.122694,0.165545,0.49863499999999999,0.205292,0.0078340000000000007,1002987,0.121158,0.16777400000000001,0.50039299999999998,0.20283100000000001,0.0078440000000000003,705085,0.10416300000000001,0.139901,0.466032,0.26780700000000002,0.022096999999999999,391512,0.117353,0.157916,0.486703,0.223362,0.014666,284828,0.130581,0.171489,0.48991000000000001,0.19885700000000001,0.0091629999999999993,146257,0.116952,0.13145999999999999,0.49586000000000002,0.23500399999999999,0.020723999999999999
34118,5696603,3165904,0.122678,0.165545,0.49863600000000002,0.20530300000000001,0.0078379999999999995,1003009,0.121157,0.16775100000000001,0.50041199999999997,0.20282600000000001,0.0078530000000000006,705059,0.10419399999999999,0.13988900000000001,0.46603099999999997,0.26779500000000001,0.022092000000000001,391500,0.11734899999999999,0.15790799999999999,0.48666399999999999,0.22340699999999999,0.014671999999999999,284855,0.130547,0.17150499999999999,0.48991600000000002,0.19884499999999999,0.0091870000000000007,146276,0.11694300000000001,0.13147700000000001,0.49593900000000002,0.23491899999999999,0.020721
34119,5696852,3166119,0.122678,0.16553599999999999,0.49863099999999999,0.20531099999999999,0.0078440000000000003,1003033,0.12116399999999999,0.16774600000000001,0.500421,0.20280100000000001,0.007868,705115,0.10416499999999999,0.13991100000000001,0.46604899999999999,0.26777600000000001,0.022100000000000002,391483,0.117369,0.15790499999999999,0.48657,0.223466,0.01469,284862,0.130583,0.17149400000000001,0.48990699999999998,0.198823,0.0091940000000000008,146240,0.11702700000000001,0.131414,0.49590400000000001,0.23494300000000001,0.020712999999999999
34120,5697057,3166249,0.122679,0.16553599999999999,0.49862099999999998,0.205315,0.0078499999999999993,1003093,0.121152,0.167742,0.50043800000000005,0.202795,0.0078729999999999998,705170,0.104185,0.139905,0.46603099999999997,0.26777699999999999,0.022102,391473,0.117367,0.15784500000000001,0.486539,0.223548,0.014701000000000001,284851,0.130549,0.17149,0.48993700000000001,0.19883700000000001,0.0091870000000000007,146221,0.11698699999999999,0.131465,0.49592700000000001,0.234932,0.020688000000000002
34121,5697260,3166424,0.122681,0.16553100000000001,0.49861299999999997,0.205322,0.0078530000000000006,1003135,0.12114800000000001,0.16772999999999999,0.50045399999999995,0.202791,0.0078759999999999993,705231,0.10419399999999999,0.139876,0.46605000000000002,0.26775900000000002,0.022120000000000001,391482,0.117326,0.15787200000000001,0.48651499999999998,0.22356100000000001,0.014726,284803,0.13052900000000001,0.17146900000000001,0.48996299999999998,0.19883600000000001,0.0092029999999999994,146185,0.116975,0.131546,0.49602200000000002,0.23479800000000001,0.020659
34122,5697455,3166586,0.12267699999999999,0.165524,0.49861499999999997,0.20532500000000001,0.0078589999999999997,1003129,0.121146,0.16770599999999999,0.50046500000000005,0.202795,0.0078869999999999999,705292,0.104197,0.13988100000000001,0.46601500000000001,0.26776100000000003,0.022145000000000001,391505,0.117391,0.157806,0.48648400000000003,0.22356500000000001,0.014753,284767,0.13052800000000001,0.17153299999999999,0.489958,0.19878399999999999,0.0091970000000000003,146176,0.116914,0.13164300000000001,0.49599100000000002,0.23482700000000001,0.020625999999999999
34123,5697671,3166713,0.122685,0.16551399999999999,0.49860700000000002,0.20532900000000001,0.0078650000000000005,1003192,0.12113,0.16772200000000001,0.50046000000000002,0.20280000000000001,0.0078890000000000002,705393,0.104169,0.139902,0.466032,0.26773400000000003,0.022162000000000001,391454,0.117396,0.15776100000000001,0.48650199999999999,0.223579,0.014763,284736,0.130577,0.17152700000000001,0.48993100000000001,0.198763,0.0092020000000000001,146183,0.11686000000000001,0.13156100000000001,0.496166,0.234815,0.020597000000000001
34124,5697910,3166876,0.122696,0.16550699999999999,0.49859700000000001,0.20533100000000001,0.0078700000000000003,1003248,0.121126,0.167712,0.50048199999999998,0.20278399999999999,0.0078949999999999992,705384,0.104167,0.139901,0.46602300000000002,0.267735,0.022173999999999999,391417,0.117345,0.15776299999999999,0.486512,0.223603,0.014777,284759,0.13059100000000001,0.17155899999999999,0.48987700000000001,0.19877500000000001,0.0091970000000000003,146226,0.116812,0.13151599999999999,0.49622500000000003,0.23482800000000001,0.020618999999999998
34125,5698106,3167030,0.12268,0.16550000000000001,0.49861100000000003,0.20533100000000001,0.0078779999999999996,1003304,0.12112299999999999,0.16770299999999999,0.50048300000000001,0.202791,0.0079000000000000008,705363,0.104203,0.139878,0.465974,0.267766,0.022179000000000001,391438,0.117337,0.15782599999999999,0.48650599999999999,0.223548,0.014784,284739,0.13056499999999999,0.171543,0.48991899999999999,0.198768,0.0092049999999999996,146232,0.116808,0.13149,0.49628699999999998,0.23483200000000001,0.020584000000000002
34126,5698340,3167173,0.122686,0.16548599999999999,0.49860399999999999,0.20533899999999999,0.0078849999999999996,1003348,0.12112299999999999,0.167712,0.50047900000000001,0.20277700000000001,0.0079080000000000001,705373,0.10419,0.139876,0.46599699999999999,0.26774900000000001,0.022186999999999998,391430,0.11730599999999999,0.15783900000000001,0.48652099999999998,0.22355700000000001,0.014777,284806,0.13056999999999999,0.17156199999999999,0.48989100000000002,0.19877400000000001,0.0092029999999999994,146210,0.116811,0.131407,0.49613600000000002,0.23502500000000001,0.020621
34127,5698593,3167317,0.122686,0.165488,0.49860399999999999,0.20533199999999999,0.0078899999999999994,1003370,0.121131,0.16769800000000001,0.50047900000000001,0.20278199999999999,0.0079100000000000004,705429,0.104225,0.13988100000000001,0.46597,0.267739,0.022185,391460,0.117287,0.15784000000000001,0.48652000000000001,0.22355800000000001,0.014796,284800,0.130583,0.17153099999999999,0.48988399999999999,0.19878499999999999,0.0092169999999999995,146217,0.116731,0.13140099999999999,0.49611899999999998,0.23510900000000001,0.020641
34128,5698835,3167452,0.122684,0.16548499999999999,0.49859300000000001,0.20533999999999999,0.0078969999999999995,1003399,0.12112100000000001,0.16769100000000001,0.50048599999999999,0.20278099999999999,0.0079209999999999992,705453,0.104269,0.13982900000000001,0.46599800000000002,0.26771600000000001,0.022186999999999998,391478,0.117284,0.15783,0.48657699999999998,0.22350700000000001,0.014803,284833,0.13058500000000001,0.17156399999999999,0.48982700000000001,0.19877600000000001,0.0092479999999999993,146220,0.11666,0.13148000000000001,0.49604700000000002,0.235153,0.020660999999999999
34129,5699075,3167580,0.122696,0.165463,0.49860500000000002,0.20533000000000001,0.0079059999999999998,1003428,0.121124,0.16768,0.50049399999999999,0.20277899999999999,0.0079229999999999995,705479,0.10427,0.13985,0.465976,0.26770500000000003,0.022200999999999999,391514,0.11727,0.15781600000000001,0.48655700000000002,0.22356000000000001,0.014796,284870,0.13056499999999999,0.171545,0.489844,0.19878499999999999,0.0092599999999999991,146204,0.116768,0.13147400000000001,0.49599199999999999,0.23511699999999999,0.020649000000000001
34130,5699290,3167783,0.122707,0.165438,0.49860900000000002,0.20533199999999999,0.0079150000000000002,1003402,0.121118,0.16769600000000001,0.50047799999999998,0.202787,0.00792,705528,0.104271,0.139844,0.46598899999999999,0.26769300000000001,0.022203000000000001,391511,0.11723,0.157891,0.48655300000000001,0.223521,0.014803999999999999,284907,0.13053000000000001,0.171596,0.48982700000000001,0.19881199999999999,0.0092350000000000002,146159,0.11677,0.13161700000000001,0.49583700000000003,0.2351,0.020676
34131,5699500,3167877,0.12270499999999999,0.16544,0.49859799999999999,0.20533699999999999,0.0079190000000000007,1003435,0.12110799999999999,0.167681,0.50048800000000004,0.20280200000000001,0.0079209999999999992,705550,0.104268,0.13985300000000001,0.46600200000000003,0.26767200000000002,0.022204999999999999,391505,0.117245,0.15792400000000001,0.48650199999999999,0.223497,0.014833000000000001,284932,0.130498,0.17159199999999999,0.48984299999999997,0.19880900000000001,0.0092580000000000006,146201,0.116771,0.13161999999999999,0.49582399999999999,0.235094,0.020691000000000001
34132,5699695,3167988,0.122711,0.165432,0.49859799999999999,0.20533399999999999,0.0079249999999999998,1003432,0.121099,0.167686,0.50048300000000001,0.20280400000000001,0.0079279999999999993,705580,0.104266,0.13985500000000001,0.46603600000000001,0.26762799999999998,0.022214000000000001,391572,0.117227,0.15786600000000001,0.48651100000000003,0.223553,0.014843,284934,0.130469,0.171601,0.48981200000000003,0.19884599999999999,0.0092720000000000007,146189,0.116698,0.131713,0.495838,0.23505899999999999,0.020691999999999999
34133,5699922,3168227,0.122723,0.16542200000000001,0.49859399999999998,0.20532800000000001,0.0079330000000000008,1003475,0.121102,0.167653,0.50050099999999997,0.20280699999999999,0.0079360000000000003,705559,0.104273,0.13982700000000001,0.46606900000000001,0.26761499999999999,0.022216,391524,0.11719599999999999,0.15786,0.48657,0.223527,0.014847000000000001,284938,0.13051299999999999,0.171623,0.48968200000000001,0.19888500000000001,0.0092969999999999997,146199,0.116629,0.13178599999999999,0.495701,0.23519999999999999,0.020684000000000001
34134,5700128,3168373,0.122725,0.165413,0.49858400000000003,0.20533899999999999,0.0079399999999999991,1003536,0.12109499999999999,0.167659,0.50049299999999997,0.20280999999999999,0.0079430000000000004,705540,0.10426100000000001,0.13981099999999999,0.46613700000000002,0.26756999999999997,0.022223,391534,0.117203,0.15787100000000001,0.48652200000000001,0.22356200000000001,0.014841999999999999,284938,0.13051299999999999,0.17165800000000001,0.48967500000000003,0.19885700000000001,0.0092969999999999997,146207,0.116568,0.13181300000000001,0.495701,0.23522799999999999,0.02069
34135,5700355,3168477,0.122722,0.16540199999999999,0.49859300000000001,0.20533899999999999,0.0079439999999999997,1003598,0.121097,0.16767099999999999,0.50046400000000002,0.202822,0.0079450000000000007,705535,0.104324,0.13977600000000001,0.46616099999999999,0.26749099999999998,0.022248,391589,0.117176,0.15786700000000001,0.48649199999999998,0.223602,0.014862999999999999,284970,0.130466,0.171709,0.48966900000000002,0.198849,0.009306,146186,0.11654299999999999,0.131716,0.49565599999999999,0.23536499999999999,0.020719999999999999
34136,5700618,3168593,0.122736,0.165381,0.49859100000000001,0.20533999999999999,0.0079509999999999997,1003692,0.12107999999999999,0.167685,0.50046800000000002,0.20280300000000001,0.0079640000000000006,705571,0.104327,0.13979900000000001,0.46612300000000001,0.26751799999999998,0.022232999999999999,391535,0.11715200000000001,0.15785099999999999,0.48652600000000001,0.22359899999999999,0.014872,285011,0.1305,0.17166000000000001,0.48973499999999998,0.198796,0.0093080000000000003,146216,0.116533,0.13162699999999999,0.49568400000000001,0.23541899999999999,0.020736000000000001
34137,5700833,3168755,0.122728,0.16538600000000001,0.49857699999999999,0.20535100000000001,0.0079579999999999998,1003736,0.121082,0.167682,0.500467,0.20280100000000001,0.0079679999999999994,705587,0.10433000000000001,0.13974600000000001,0.46615099999999998,0.26752900000000002,0.022244,391510,0.11716699999999999,0.157858,0.48656500000000003,0.223519,0.014891,285041,0.13050400000000001,0.171624,0.48977900000000002,0.19878499999999999,0.0093069999999999993,146204,0.11655600000000001,0.131604,0.49567,0.23541100000000001,0.020759
34138,5701069,3168988,0.122728,0.165383,0.49857000000000001,0.20535500000000001,0.0079649999999999999,1003758,0.12109399999999999,0.16767000000000001,0.500444,0.202816,0.0079760000000000005,705613,0.104314,0.13972499999999999,0.466171,0.26752900000000002,0.022261,391481,0.117211,0.15781400000000001,0.48658800000000002,0.223497,0.01489,285074,0.13054499999999999,0.171598,0.48976799999999998,0.19878000000000001,0.0093100000000000006,146155,0.116616,0.131579,0.49570700000000001,0.23538000000000001,0.020718
34139,5701283,3169170,0.122723,0.165385,0.49855899999999997,0.20536799999999999,0.0079649999999999999,1003791,0.121072,0.16767799999999999,0.50046500000000005,0.20280799999999999,0.0079769999999999997,705566,0.104339,0.13971500000000001,0.46614899999999998,0.26751999999999998,0.022277000000000002,391539,0.117191,0.157834,0.48655900000000002,0.22348999999999999,0.014926,285079,0.13055700000000001,0.17157,0.48974499999999999,0.19881199999999999,0.0093170000000000006,146138,0.116588,0.13150600000000001,0.49590099999999998,0.23533200000000001,0.020671999999999999
34140,5701520,3169319,0.122729,0.16538,0.49855699999999997,0.20536699999999999,0.0079679999999999994,1003821,0.121088,0.16766500000000001,0.50047299999999995,0.202792,0.0079819999999999995,705590,0.104355,0.13970199999999999,0.46610600000000002,0.26754499999999998,0.022291999999999999,391575,0.117206,0.15784999999999999,0.48661399999999999,0.223388,0.014942,285046,0.13050899999999999,0.171537,0.48975299999999999,0.19888,0.0093209999999999994,146169,0.116591,0.131464,0.49584400000000001,0.23541200000000001,0.020688000000000002
34141,5701749,3169448,0.122713,0.165383,0.49856600000000001,0.20536499999999999,0.0079729999999999992,1003856,0.121104,0.167661,0.50046199999999996,0.20278399999999999,0.0079889999999999996,705599,0.104365,0.13969100000000001,0.46607799999999999,0.26756000000000002,0.022305999999999999,391639,0.117233,0.15782099999999999,0.486568,0.223438,0.01494,285060,0.13048100000000001,0.17155699999999999,0.48973499999999998,0.19888800000000001,0.0093380000000000008,146147,0.116568,0.13145699999999999,0.49589800000000001,0.23535900000000001,0.020719000000000001
34142,5701996,3169593,0.122708,0.165384,0.49856499999999998,0.20536499999999999,0.0079769999999999997,1003899,0.121111,0.167658,0.50043899999999997,0.202791,0.0080009999999999994,705679,0.104411,0.13963700000000001,0.46607500000000002,0.26755899999999999,0.022318000000000001,391657,0.117197,0.15784699999999999,0.48659200000000002,0.22342500000000001,0.014938999999999999,285072,0.13048299999999999,0.171511,0.48976700000000001,0.198908,0.0093310000000000008,146096,0.116615,0.131414,0.49577700000000002,0.235482,0.020712000000000001
34143,5702253,3169671,0.122722,0.16536500000000001,0.49856200000000001,0.205373,0.0079769999999999997,1003935,0.12111,0.16764599999999999,0.50043400000000005,0.20280100000000001,0.0080079999999999995,705689,0.10443,0.13964499999999999,0.46605200000000002,0.267536,0.022336999999999999,391717,0.11718199999999999,0.15776999999999999,0.48665700000000001,0.223439,0.014952,285117,0.13048999999999999,0.171456,0.48980899999999999,0.19888700000000001,0.009358,146124,0.11662,0.131546,0.49568899999999999,0.235458,0.020688000000000002
34144,5702503,3169826,0.122725,0.165353,0.49856699999999998,0.205372,0.0079819999999999995,1003984,0.12110700000000001,0.16761999999999999,0.50045899999999999,0.20280400000000001,0.0080099999999999998,705708,0.104437,0.139624,0.46601399999999998,0.26756799999999997,0.022356000000000001,391748,0.117218,0.157772,0.48663899999999999,0.22342899999999999,0.014940999999999999,285114,0.13047400000000001,0.17146500000000001,0.48982500000000001,0.198882,0.0093539999999999995,146123,0.116744,0.131554,0.49558200000000002,0.235425,0.020695000000000002
34145,5702731,3169992,0.122726,0.16534499999999999,0.49856099999999998,0.205375,0.0079920000000000008,1004007,0.121101,0.16761200000000001,0.50043499999999996,0.20283799999999999,0.0080140000000000003,705691,0.104444,0.139597,0.46605999999999997,0.267563,0.022336999999999999,391782,0.117216,0.15779899999999999,0.48662499999999997,0.22339200000000001,0.014968,285114,0.130471,0.17150000000000001,0.48979400000000001,0.198875,0.0093609999999999995,146145,0.116692,0.13152,0.49559700000000001,0.23546500000000001,0.020726000000000001
34146,5702929,3170234,0.122725,0.165349,0.49857800000000002,0.20535300000000001,0.0079950000000000004,1004023,0.12109499999999999,0.167604,0.50044200000000005,0.20283599999999999,0.0080239999999999999,705662,0.104438,0.13960600000000001,0.46601300000000001,0.267594,0.022348,391755,0.11718000000000001,0.15776999999999999,0.48660300000000001,0.22347600000000001,0.014971,285091,0.130471,0.171458,0.48974499999999999,0.19894700000000001,0.0093790000000000002,146164,0.116684,0.131462,0.49570999999999998,0.23539299999999999,0.020750999999999999
34147,5703183,3170382,0.12274,0.165328,0.49858799999999998,0.20533999999999999,0.0080029999999999997,1004070,0.121073,0.16762099999999999,0.50044699999999998,0.20283000000000001,0.0080280000000000004,705646,0.104436,0.139601,0.46599600000000002,0.26760600000000001,0.022360999999999999,391839,0.117176,0.15776599999999999,0.486572,0.223523,0.014963000000000001,285071,0.13048699999999999,0.17141000000000001,0.48979400000000001,0.19894700000000001,0.0093629999999999998,146175,0.11673699999999999,0.13143199999999999,0.49551600000000001,0.23555300000000001,0.020763
34148,5703438,3170440,0.122743,0.165324,0.49858200000000003,0.205344,0.0080059999999999992,1004191,0.121071,0.1676,0.50045799999999996,0.20283100000000001,0.0080409999999999995,705617,0.104466,0.13961499999999999,0.46595199999999998,0.26760099999999998,0.022364999999999999,391898,0.117199,0.15771499999999999,0.48656300000000002,0.223556,0.014968,285103,0.130437,0.17136299999999999,0.48985099999999998,0.198988,0.0093620000000000005,146189,0.11677999999999999,0.13139799999999999,0.49557800000000002,0.235428,0.020816000000000001
34149,5703666,3170568,0.122748,0.165329,0.49856,0.20535200000000001,0.0080110000000000008,1004207,0.121088,0.16758500000000001,0.50045200000000001,0.20283499999999999,0.0080409999999999995,705591,0.104447,0.139594,0.46600399999999997,0.26757599999999998,0.022380000000000001,391935,0.117211,0.15768699999999999,0.48661100000000002,0.22351199999999999,0.01498,285126,0.13045499999999999,0.171345,0.489815,0.19900999999999999,0.0093749999999999997,146239,0.116836,0.13137399999999999,0.49558600000000003,0.23532700000000001,0.020877
34150,5703907,3170675,0.122747,0.165324,0.49855100000000002,0.20536199999999999,0.0080169999999999998,1004273,0.12109,0.167572,0.50046800000000002,0.202823,0.0080470000000000003,705583,0.104424,0.13958699999999999,0.46604299999999999,0.267563,0.022383,391921,0.117258,0.15772600000000001,0.48658299999999999,0.223443,0.01499,285192,0.13048799999999999,0.171316,0.48980000000000001,0.19902,0.0093760000000000007,146263,0.116858,0.13136600000000001,0.49551800000000001,0.235343,0.020913999999999999
34151,5704166,3170793,0.122742,0.165329,0.49855300000000002,0.20535400000000001,0.0080219999999999996,1004334,0.12108099999999999,0.16755300000000001,0.50050099999999997,0.202816,0.0080490000000000006,705595,0.104425,0.139569,0.46602100000000002,0.26758300000000002,0.022401999999999998,391932,0.11727,0.157752,0.48657400000000001,0.22341900000000001,0.014985,285241,0.13050400000000001,0.171297,0.48977500000000002,0.199046,0.0093779999999999992,146271,0.11698799999999999,0.13131799999999999,0.49532700000000002,0.23541200000000001,0.020954
34152,5704377,3170991,0.122738,0.165323,0.49856499999999998,0.205345,0.0080289999999999997,1004364,0.121104,0.16753599999999999,0.50047699999999995,0.20283100000000001,0.0080529999999999994,705525,0.10441300000000001,0.13952200000000001,0.46609,0.26756200000000002,0.022412999999999999,391946,0.11726399999999999,0.15772800000000001,0.48652899999999999,0.223495,0.014984000000000001,285261,0.13048399999999999,0.171373,0.48969200000000002,0.19906299999999999,0.0093880000000000005,146290,0.11697299999999999,0.13140299999999999,0.49507800000000002,0.235573,0.020972000000000001
34153,5704615,3171152,0.122736,0.16531799999999999,0.49856499999999998,0.205348,0.0080330000000000002,1004428,0.121099,0.16753199999999999,0.50048000000000004,0.20283300000000001,0.0080560000000000007,705502,0.104409,0.139512,0.466053,0.26759500000000003,0.022431,391969,0.117326,0.15768799999999999,0.48658200000000001,0.22340299999999999,0.015001,285260,0.130442,0.17138,0.48970799999999998,0.199078,0.009391,146304,0.117023,0.131466,0.49494199999999999,0.235571,0.020996999999999998
34154,5704844,3171394,0.12274400000000001,0.16530500000000001,0.49856,0.20535400000000001,0.008038,1004445,0.121097,0.16752500000000001,0.50048300000000001,0.20283200000000001,0.0080619999999999997,705506,0.104393,0.13949800000000001,0.46609699999999998,0.267567,0.022445,391955,0.117358,0.15762999999999999,0.486564,0.22345699999999999,0.014992,285287,0.130437,0.17133599999999999,0.48972399999999999,0.19909099999999999,0.0094120000000000002,146257,0.11704100000000001,0.13148099999999999,0.494896,0.23555100000000001,0.021031000000000001
34155,5705061,3171504,0.122735,0.16530800000000001,0.498556,0.20535700000000001,0.0080440000000000008,1004489,0.121088,0.16752400000000001,0.50048700000000002,0.202824,0.0080770000000000008,705490,0.104445,0.139456,0.46606799999999998,0.26756999999999997,0.022460999999999998,392029,0.117341,0.15760299999999999,0.48661500000000002,0.223438,0.015004,285276,0.13042100000000001,0.171297,0.48975000000000002,0.19910900000000001,0.0094219999999999998,146273,0.117089,0.131576,0.49482100000000001,0.23549100000000001,0.021021999999999999
34156,5705302,3171600,0.12274400000000001,0.165302,0.498552,0.20535,0.0080529999999999994,1004543,0.121102,0.16750000000000001,0.50049399999999999,0.202815,0.0080890000000000007,705569,0.104395,0.13947000000000001,0.46605200000000002,0.26761000000000001,0.022473,391993,0.11738700000000001,0.157551,0.48665700000000001,0.223384,0.015021,285311,0.13041900000000001,0.171294,0.48971500000000001,0.19914399999999999,0.0094280000000000006,146286,0.117086,0.13153699999999999,0.49487300000000001,0.23551800000000001,0.020986000000000001
34157,5705529,3171753,0.12273299999999999,0.165299,0.49856400000000001,0.205347,0.0080569999999999999,1004581,0.12110799999999999,0.16748399999999999,0.50049399999999999,0.202819,0.0080949999999999998,705595,0.104411,0.13947899999999999,0.466028,0.26759300000000003,0.022488999999999999,392007,0.11741600000000001,0.15753500000000001,0.48659799999999997,0.223412,0.015037999999999999,285311,0.13040499999999999,0.171266,0.48971799999999999,0.19917199999999999,0.0094389999999999995,146282,0.117116,0.13147200000000001,0.494975,0.23546300000000001,0.020972999999999999
34158,5705761,3171831,0.12273299999999999,0.165295,0.49855699999999997,0.20535100000000001,0.008064,1004613,0.12112199999999999,0.167462,0.50047399999999997,0.20284199999999999,0.0080990000000000003,705642,0.10443,0.139487,0.46598800000000001,0.26758199999999999,0.022512999999999998,392052,0.117357,0.157497,0.48666199999999998,0.22344,0.015044,285312,0.13043299999999999,0.17127899999999999,0.48974499999999999,0.199105,0.0094389999999999995,146311,0.117134,0.13150100000000001,0.49498700000000001,0.23542299999999999,0.020955000000000001
34159,5706006,3172016,0.122735,0.16530500000000001,0.498552,0.20533899999999999,0.0080689999999999998,1004672,0.121128,0.16742699999999999,0.50048700000000002,0.202849,0.0081089999999999999,705575,0.10443,0.13950499999999999,0.46595199999999998,0.26759899999999998,0.022515,392092,0.11737599999999999,0.15745999999999999,0.48661799999999999,0.223491,0.015055000000000001,285304,0.13047500000000001,0.17118900000000001,0.48977599999999999,0.1991,0.0094599999999999997,146347,0.11711199999999999,0.13138,0.49513099999999999,0.23541300000000001,0.020964
34160,5706240,3172185,0.122743,0.16528300000000001,0.49853900000000001,0.20535999999999999,0.0080750000000000006,1004693,0.12110899999999999,0.16744300000000001,0.50049100000000002,0.202843,0.0081139999999999997,705574,0.104393,0.139519,0.46599600000000002,0.26756200000000002,0.022529,392145,0.117385,0.15743399999999999,0.48667199999999999,0.22346299999999999,0.015044999999999999,285334,0.130549,0.17122399999999999,0.48967500000000003,0.1991,0.0094520000000000003,146309,0.117149,0.131379,0.49506899999999998,0.23541999999999999,0.020983000000000002
34161,5706501,3172319,0.122756,0.16525699999999999,0.49854700000000002,0.20536099999999999,0.0080789999999999994,1004760,0.12110799999999999,0.167436,0.50047600000000003,0.20285600000000001,0.0081239999999999993,705597,0.10441499999999999,0.13947300000000001,0.46601100000000001,0.26755499999999999,0.022544999999999999,392184,0.117338,0.15748000000000001,0.48669000000000001,0.223436,0.015056999999999999,285362,0.13057099999999999,0.17125599999999999,0.489645,0.199077,0.0094509999999999993,146279,0.117228,0.13145399999999999,0.49479400000000001,0.23552899999999999,0.020993999999999999
34162,5706728,3172392,0.122747,0.165242,0.49855899999999997,0.20536799999999999,0.0080850000000000002,1004779,0.121111,0.16744100000000001,0.50047399999999997,0.202846,0.0081279999999999998,705634,0.104398,0.139511,0.46598800000000001,0.26753500000000002,0.022567,392245,0.11737300000000001,0.157473,0.486655,0.22343399999999999,0.015065,285385,0.13056699999999999,0.17117199999999999,0.48970000000000002,0.19911000000000001,0.0094500000000000001,146293,0.117326,0.131496,0.49475400000000003,0.23543800000000001,0.020985
34163,5706941,3172521,0.122749,0.16523399999999999,0.49856499999999998,0.20536299999999999,0.0080890000000000007,1004823,0.12110600000000001,0.16742699999999999,0.50048700000000002,0.202852,0.0081279999999999998,705713,0.10438799999999999,0.13952300000000001,0.46596700000000002,0.26754499999999998,0.022577,392229,0.117355,0.157439,0.486736,0.22340299999999999,0.015068,285382,0.130551,0.17119200000000001,0.48963099999999998,0.19917199999999999,0.0094540000000000006,146273,0.11737599999999999,0.131467,0.49467100000000003,0.23549800000000001,0.020988
34164,5707136,3172559,0.122743,0.16523399999999999,0.49856600000000001,0.20536099999999999,0.008097,1004846,0.12111,0.16742299999999999,0.50047900000000001,0.20285400000000001,0.0081349999999999999,705802,0.104376,0.13953499999999999,0.46592699999999998,0.26759300000000003,0.022568999999999999,392229,0.117352,0.157411,0.48680000000000001,0.22337699999999999,0.01506,285385,0.130546,0.17113700000000001,0.489647,0.19920499999999999,0.0094640000000000002,146315,0.11743199999999999,0.131436,0.49471300000000001,0.23541699999999999,0.021003000000000001
34165,5707351,3172752,0.12274500000000001,0.16522000000000001,0.49856699999999998,0.20536699999999999,0.0081010000000000006,1004863,0.121104,0.16742199999999999,0.50047299999999995,0.20286299999999999,0.0081370000000000001,705759,0.104368,0.13950699999999999,0.46597499999999997,0.26755600000000002,0.022594,392280,0.117396,0.15742100000000001,0.486759,0.223356,0.015068,285394,0.130553,0.17117399999999999,0.48957899999999999,0.19921900000000001,0.0094750000000000008,146303,0.117448,0.13150800000000001,0.494672,0.23535400000000001,0.021017999999999998
34166,5707585,3172824,0.12274500000000001,0.16520599999999999,0.498587,0.20535900000000001,0.0081040000000000001,1004895,0.121091,0.16741900000000001,0.50047299999999995,0.202871,0.0081449999999999995,705789,0.104353,0.13953499999999999,0.465976,0.26752999999999999,0.022606000000000001,392362,0.11740200000000001,0.157441,0.48658899999999999,0.22348999999999999,0.015077999999999999,285356,0.130577,0.171151,0.489539,0.199239,0.0094929999999999997,146359,0.11745800000000001,0.13150500000000001,0.494695,0.23533899999999999,0.021003000000000001
34167,5707809,3172929,0.12274500000000001,0.16520099999999999,0.49859100000000001,0.205349,0.0081150000000000007,1004953,0.12107800000000001,0.16740099999999999,0.50051299999999999,0.20286100000000001,0.0081469999999999997,705845,0.104347,0.13952100000000001,0.46595399999999998,0.26758100000000001,0.022596999999999999,392380,0.11738899999999999,0.15748999999999999,0.48654900000000001,0.22347700000000001,0.015095000000000001,285337,0.13059299999999999,0.17116300000000001,0.48950900000000003,0.199238,0.0094979999999999995,146365,0.11745999999999999,0.13148599999999999,0.494722,0.23537,0.020961
34168,5708047,3173029,0.12275700000000001,0.16517799999999999,0.49859599999999998,0.205346,0.008123,1004984,0.12107900000000001,0.167411,0.500502,0.20285400000000001,0.0081550000000000008,705916,0.104337,0.139542,0.465924,0.26759100000000002,0.022606000000000001,392376,0.117372,0.157474,0.48662,0.223444,0.015089999999999999,285365,0.130577,0.171128,0.48953099999999999,0.199271,0.0094929999999999997,146377,0.11745700000000001,0.13158500000000001,0.49462,0.235351,0.020986999999999999
34169,5708290,3173117,0.122769,0.16516500000000001,0.49858799999999998,0.205346,0.0081329999999999996,1005014,0.121068,0.16739200000000001,0.50052099999999999,0.20285800000000001,0.0081609999999999999,705993,0.104335,0.13958499999999999,0.465893,0.267592,0.022595000000000001,392387,0.117354,0.157447,0.48660100000000001,0.223491,0.015108,285379,0.13059499999999999,0.17114099999999999,0.48948900000000001,0.19927900000000001,0.0094959999999999992,146400,0.117493,0.13163900000000001,0.49467899999999998,0.235212,0.020976999999999999
34170,5708520,3173265,0.12277399999999999,0.16516600000000001,0.49856699999999998,0.20535500000000001,0.0081379999999999994,1005082,0.121073,0.167375,0.50050899999999998,0.20288300000000001,0.0081600000000000006,706005,0.104368,0.139602,0.46585799999999999,0.26755800000000002,0.022615,392323,0.11723,0.15746199999999999,0.48672900000000002,0.223464,0.015115,285417,0.13062599999999999,0.17111499999999999,0.48951899999999998,0.19924500000000001,0.009495,146428,0.117532,0.13164799999999999,0.49465300000000001,0.235208,0.020958999999999998
34171,5708751,3173333,0.122778,0.16514699999999999,0.49857800000000002,0.205349,0.0081480000000000007,1005134,0.121086,0.16736200000000001,0.50050499999999998,0.20288200000000001,0.0081639999999999994,705969,0.104364,0.13964399999999999,0.46578799999999998,0.26756799999999997,0.022636,392406,0.117233,0.15742600000000001,0.48671799999999998,0.22350300000000001,0.01512,285439,0.130637,0.17110500000000001,0.489506,0.19924700000000001,0.0095049999999999996,146470,0.11752600000000001,0.13169900000000001,0.494668,0.23517399999999999,0.020933
34172,5708976,3173437,0.122763,0.16514699999999999,0.49858999999999998,0.205343,0.0081560000000000001,1005207,0.121071,0.16738600000000001,0.50050300000000003,0.20286999999999999,0.0081700000000000002,705989,0.104366,0.139598,0.46579300000000001,0.267592,0.02265,392410,0.11728,0.15745799999999999,0.48662899999999998,0.22351599999999999,0.015117,285426,0.13068199999999999,0.17108100000000001,0.48949599999999999,0.199239,0.009502,146507,0.117523,0.131632,0.49467899999999998,0.23521700000000001,0.020948000000000001
34173,5709187,3173638,0.12275800000000001,0.16514400000000001,0.498583,0.205347,0.0081679999999999999,1005212,0.121059,0.167402,0.50050399999999995,0.20285600000000001,0.0081790000000000005,706049,0.104362,0.13963800000000001,0.46578900000000001,0.26755899999999999,0.022651000000000001,392336,0.11726399999999999,0.15743099999999999,0.48662100000000003,0.22356599999999999,0.015117,285458,0.13070599999999999,0.17106499999999999,0.48946299999999998,0.19924800000000001,0.0095180000000000004,146494,0.11752,0.13156899999999999,0.49469600000000002,0.23527899999999999,0.020936
34174,5709431,3173777,0.122756,0.16515099999999999,0.49857899999999999,0.205341,0.0081740000000000007,1005276,0.121046,0.167405,0.50051900000000005,0.20283599999999999,0.0081939999999999999,706051,0.104365,0.13959199999999999,0.46574300000000002,0.26761800000000002,0.022682000000000001,392356,0.117212,0.157502,0.48658099999999999,0.223603,0.015101,285475,0.13075100000000001,0.17103399999999999,0.489458,0.199236,0.0095209999999999999,146496,0.117607,0.13158,0.49466900000000003,0.23519399999999999,0.020948999999999999
34175,5709647,3173808,0.122751,0.165134,0.498587,0.205345,0.008182,1005349,0.121057,0.167405,0.50050700000000004,0.20283499999999999,0.0081960000000000002,706041,0.10438799999999999,0.13955000000000001,0.465702,0.26767099999999999,0.022688,392383,0.117232,0.15754799999999999,0.48660399999999998,0.22351099999999999,0.015105,285542,0.130716,0.17104,0.48949399999999998,0.19920399999999999,0.0095469999999999999,146524,0.117592,0.131712,0.49454700000000001,0.235211,0.020938999999999999
34176,5709863,3173917,0.122739,0.165133,0.49859300000000001,0.205346,0.0081890000000000001,1005386,0.121048,0.16738500000000001,0.50052099999999999,0.20284099999999999,0.0082039999999999995,706100,0.10438600000000001,0.13950899999999999,0.46568599999999999,0.26772000000000001,0.022699,392363,0.11727700000000001,0.15751000000000001,0.48661100000000002,0.22348199999999999,0.015121000000000001,285584,0.13069,0.171099,0.48945699999999998,0.199213,0.0095420000000000001,146513,0.117648,0.13175600000000001,0.494639,0.23505799999999999,0.020899000000000001
34177,5710080,3173999,0.122738,0.16512399999999999,0.49859500000000001,0.205349,0.0081939999999999999,1005375,0.121056,0.16736699999999999,0.50051599999999996,0.20285300000000001,0.008208,706182,0.10438699999999999,0.13946500000000001,0.46571600000000002,0.26771099999999998,0.022721000000000002,392376,0.11728,0.15750500000000001,0.48669099999999998,0.22340299999999999,0.015121000000000001,285587,0.130689,0.17111399999999999,0.48944100000000001,0.19919700000000001,0.0095589999999999998,146561,0.117535,0.13187699999999999,0.49449700000000002,0.23519899999999999,0.020892000000000001
34178,5710282,3174156,0.12273299999999999,0.16511999999999999,0.498589,0.20535700000000001,0.0082019999999999992,1005390,0.121058,0.16736000000000001,0.50051500000000004,0.20284199999999999,0.0082249999999999997,706213,0.10437399999999999,0.139464,0.465725,0.26771099999999998,0.022727000000000001,392385,0.117316,0.15749099999999999,0.48671300000000001,0.22334699999999999,0.015133000000000001,285593,0.13069600000000001,0.17117399999999999,0.48938199999999998,0.19921,0.0095379999999999996,146545,0.117588,0.131803,0.49448999999999999,0.23522499999999999,0.020895
34179,5710527,3174317,0.12274,0.16511000000000001,0.49859599999999998,0.205348,0.0082059999999999998,1005446,0.121042,0.16736300000000001,0.50052399999999997,0.20283799999999999,0.0082330000000000007,706250,0.104354,0.13947300000000001,0.46568100000000001,0.26775399999999999,0.022738000000000001,392382,0.117258,0.157469,0.48675800000000002,0.223354,0.015161000000000001,285602,0.13068199999999999,0.17123099999999999,0.48935899999999999,0.19917899999999999,0.0095479999999999992,146530,0.117614,0.131796,0.49445800000000001,0.23524200000000001,0.020889999999999999
34180,5710764,3174486,0.122748,0.16509599999999999,0.498587,0.20535900000000001,0.0082100000000000003,1005486,0.121056,0.167352,0.50050300000000003,0.20285,0.0082389999999999998,706254,0.104353,0.13947200000000001,0.465729,0.26771499999999998,0.02273,392393,0.117242,0.15745200000000001,0.486765,0.22336500000000001,0.015176,285587,0.13070599999999999,0.171268,0.48929,0.199186,0.0095490000000000002,146558,0.11757099999999999,0.13186600000000001,0.494446,0.235204,0.020913000000000001
34181,5711008,3174604,0.12275,0.16509399999999999,0.49857000000000001,0.20536799999999999,0.0082170000000000003,1005480,0.12103999999999999,0.167348,0.50051299999999999,0.202851,0.0082480000000000001,706381,0.104335,0.13949600000000001,0.46570600000000001,0.26771699999999998,0.022747,392394,0.11729000000000001,0.15739,0.48677599999999999,0.22334399999999999,0.015199000000000001,285609,0.130749,0.171206,0.48934,0.19914599999999999,0.0095589999999999998,146540,0.11770799999999999,0.13179299999999999,0.49460199999999999,0.23499400000000001,0.020902
34182,5711208,3174716,0.122751,0.16509099999999999,0.49856600000000001,0.205369,0.0082220000000000001,1005500,0.121055,0.167325,0.50050899999999998,0.202852,0.0082590000000000007,706414,0.10431,0.13949600000000001,0.46571000000000001,0.26773400000000003,0.022749999999999999,392393,0.11726300000000001,0.157475,0.48668,0.223386,0.015195999999999999,285642,0.130769,0.171127,0.48941699999999999,0.19913,0.0095569999999999995,146543,0.117856,0.13162699999999999,0.49463299999999999,0.23497499999999999,0.020909000000000001
34183,5711453,3174822,0.122756,0.16508700000000001,0.49856200000000001,0.20536499999999999,0.0082299999999999995,1005546,0.12105200000000001,0.167322,0.50052799999999997,0.20282900000000001,0.0082690000000000003,706391,0.104323,0.13946,0.46569100000000002,0.26776699999999998,0.022759000000000001,392413,0.117272,0.157469,0.48669400000000002,0.22336700000000001,0.015198,285670,0.13078699999999999,0.171128,0.48937199999999997,0.19916300000000001,0.0095490000000000002,146611,0.11787,0.13159299999999999,0.49464900000000001,0.234982,0.020906000000000001
34184,5711644,3174926,0.12274599999999999,0.16508999999999999,0.49857400000000002,0.20535300000000001,0.0082369999999999995,1005571,0.121056,0.167322,0.50051900000000005,0.20282600000000001,0.0082780000000000006,706459,0.104283,0.13944999999999999,0.46571600000000002,0.26779199999999997,0.022759000000000001,392400,0.117345,0.157413,0.48662100000000003,0.223415,0.015206000000000001,285693,0.13083600000000001,0.17110300000000001,0.48936800000000003,0.19913700000000001,0.0095560000000000003,146595,0.117842,0.131607,0.494703,0.234899,0.020948999999999999
34185,5711834,3174969,0.122735,0.16508300000000001,0.49858000000000002,0.20536199999999999,0.0082389999999999998,1005606,0.121061,0.167298,0.50051100000000004,0.202851,0.0082789999999999999,706464,0.104324,0.13943,0.46568999999999999,0.26777400000000001,0.022782,392458,0.11734799999999999,0.157418,0.48660500000000001,0.22343299999999999,0.015197,285713,0.13084100000000001,0.171067,0.489456,0.199077,0.0095589999999999998,146624,0.117866,0.131629,0.49468000000000001,0.234846,0.020979000000000001
34186,5712038,3175057,0.122736,0.16508400000000001,0.49856499999999998,0.20536499999999999,0.0082500000000000004,1005628,0.12103999999999999,0.16731499999999999,0.50051699999999999,0.20284099999999999,0.008286,706491,0.104321,0.13943,0.46569500000000003,0.267739,0.022815999999999999,392506,0.11731800000000001,0.15734999999999999,0.48665999999999998,0.22348399999999999,0.015187000000000001,285719,0.130856,0.17105300000000001,0.48949500000000001,0.19903499999999999,0.0095619999999999993,146637,0.117808,0.13170599999999999,0.494643,0.23483799999999999,0.021003999999999998
34187,5712248,3175250,0.122736,0.16508300000000001,0.49855899999999997,0.20536599999999999,0.0082559999999999995,1005664,0.121028,0.16730999999999999,0.50053899999999996,0.20282800000000001,0.0082939999999999993,706469,0.104312,0.13938900000000001,0.46574199999999999,0.26773599999999997,0.022821999999999999,392478,0.11736199999999999,0.15737400000000001,0.48663400000000001,0.223439,0.015191,285724,0.130857,0.171015,0.48947200000000002,0.19909399999999999,0.0095619999999999993,146663,0.117719,0.13175799999999999,0.49463699999999999,0.23485800000000001,0.021028000000000002
34188,5712506,3175321,0.122743,0.16506199999999999,0.49856,0.205373,0.0082629999999999995,1005722,0.121031,0.16730300000000001,0.50055400000000005,0.20282,0.0082920000000000008,706473,0.104315,0.13936799999999999,0.465756,0.26773799999999998,0.022821999999999999,392588,0.117378,0.15732299999999999,0.48666799999999999,0.223417,0.015214,285746,0.13089200000000001,0.171012,0.48946299999999998,0.19903699999999999,0.0095960000000000004,146656,0.117786,0.13175000000000001,0.49460599999999999,0.23482800000000001,0.021028999999999999
34189,5712726,3175451,0.122741,0.16506199999999999,0.49855500000000003,0.205375,0.0082679999999999993,1005745,0.121022,0.16728899999999999,0.500552,0.202843,0.0082939999999999993,706592,0.10435700000000001,0.13930699999999999,0.465781,0.26771299999999998,0.022842000000000001,392540,0.117356,0.15739500000000001,0.48659799999999997,0.22344700000000001,0.015204000000000001,285762,0.130885,0.17099200000000001,0.48951600000000001,0.19900100000000001,0.009606,146636,0.117809,0.13170699999999999,0.49462600000000001,0.23483299999999999,0.021024999999999999
34190,5712926,3175499,0.12274599999999999,0.16505400000000001,0.49854500000000002,0.20538100000000001,0.0082740000000000001,1005796,0.121013,0.167291,0.50056699999999998,0.20282900000000001,0.0083000000000000001,706638,0.104365,0.139316,0.46575899999999998,0.26771299999999998,0.022848,392524,0.11731800000000001,0.157392,0.48658699999999999,0.22347400000000001,0.01523,285792,0.13080800000000001,0.17098099999999999,0.48960100000000001,0.19900499999999999,0.0096050000000000007,146677,0.11776200000000001,0.13164999999999999,0.49487599999999998,0.234679,0.021033
34191,5713149,3175613,0.12274500000000001,0.16504099999999999,0.49856200000000001,0.205373,0.0082789999999999999,1005842,0.121003,0.16728199999999999,0.50058100000000005,0.20283000000000001,0.0083040000000000006,706663,0.104367,0.139321,0.46568399999999999,0.267766,0.022862,392550,0.117287,0.15743699999999999,0.48656199999999999,0.223495,0.015218000000000001,285798,0.13077800000000001,0.17102600000000001,0.48962600000000001,0.19894500000000001,0.0096259999999999991,146683,0.11773,0.131631,0.49493100000000001,0.234649,0.021059000000000001
34192,5713365,3175638,0.12271899999999999,0.165046,0.49856099999999998,0.20538899999999999,0.0082850000000000007,1005865,0.121014,0.16724900000000001,0.50060000000000004,0.202823,0.0083129999999999992,706668,0.10439,0.139344,0.46568799999999999,0.26769700000000002,0.022880999999999999,392611,0.117289,0.15740000000000001,0.48652499999999999,0.22355700000000001,0.015228999999999999,285853,0.13076699999999999,0.17104900000000001,0.48962899999999998,0.198931,0.0096240000000000006,146730,0.11766500000000001,0.13164300000000001,0.495004,0.234601,0.021086000000000001
34193,5713613,3175843,0.122722,0.165048,0.49854900000000002,0.20539099999999999,0.0082900000000000005,1005921,0.12102599999999999,0.16722400000000001,0.50060400000000005,0.20282700000000001,0.008319,706691,0.104394,0.139324,0.46571400000000002,0.267677,0.022891000000000002,392605,0.117283,0.15742999999999999,0.48649900000000001,0.223553,0.015233999999999999,285857,0.13073699999999999,0.17108599999999999,0.48967100000000002,0.19889699999999999,0.0096100000000000005,146696,0.117604,0.13167400000000001,0.49495600000000001,0.23470299999999999,0.021063999999999999
34194,5713839,3175960,0.122725,0.165045,0.49854500000000002,0.20538899999999999,0.0082959999999999996,1005942,0.121029,0.167211,0.50061,0.202823,0.0083269999999999993,706753,0.10441599999999999,0.13936100000000001,0.46567799999999998,0.26764900000000003,0.022896,392632,0.11720899999999999,0.15740399999999999,0.486537,0.22361400000000001,0.015236,285842,0.13070899999999999,0.171042,0.48972199999999999,0.19889699999999999,0.0096310000000000007,146710,0.117538,0.131634,0.49491499999999999,0.23483699999999999,0.021076000000000001
34195,5714039,3176115,0.122709,0.16503300000000001,0.49855699999999997,0.2054,0.0083020000000000004,1005968,0.12103800000000001,0.167213,0.50060499999999997,0.20281099999999999,0.0083330000000000001,706794,0.10440199999999999,0.13936999999999999,0.46567599999999998,0.26763399999999998,0.022918000000000001,392591,0.117234,0.157388,0.48658000000000001,0.22356300000000001,0.015235,285888,0.130719,0.17102200000000001,0.48976500000000001,0.19886100000000001,0.0096329999999999992,146683,0.11749800000000001,0.13167899999999999,0.49476799999999999,0.23494200000000001,0.021114000000000001
34196,5714288,3176279,0.12270300000000001,0.16504199999999999,0.49854599999999999,0.205402,0.0083070000000000001,1005969,0.121048,0.16720699999999999,0.50057799999999997,0.20282,0.0083459999999999993,706783,0.104405,0.13935700000000001,0.465671,0.26763500000000001,0.022932000000000001,392590,0.117267,0.15735499999999999,0.486566,0.22356400000000001,0.015247,285937,0.13067200000000001,0.17105899999999999,0.48982500000000001,0.19880999999999999,0.0096349999999999995,146730,0.11751499999999999,0.131684,0.49480000000000002,0.23483299999999999,0.021167999999999999
34197,5714500,3176448,0.122697,0.16505400000000001,0.49853500000000001,0.205403,0.0083119999999999999,1005964,0.121055,0.16719200000000001,0.50058100000000005,0.202824,0.0083479999999999995,706866,0.104412,0.13933100000000001,0.46568700000000002,0.267625,0.022946000000000001,392569,0.117246,0.157356,0.48653600000000002,0.22361400000000001,0.015247999999999999,285954,0.13070999999999999,0.171045,0.489869,0.19873499999999999,0.0096410000000000003,146699,0.117533,0.13158900000000001,0.49476799999999999,0.23493,0.021179
34198,5714737,3176695,0.12270200000000001,0.16506000000000001,0.49851600000000001,0.205403,0.0083199999999999993,1005997,0.12105299999999999,0.16718,0.500587,0.20282500000000001,0.0083549999999999996,706849,0.104389,0.139293,0.46571800000000002,0.26763599999999999,0.022964999999999999,392554,0.117258,0.15737699999999999,0.48651899999999998,0.223602,0.015244000000000001,285960,0.13069,0.17101,0.489929,0.198717,0.0096550000000000004,146682,0.11749900000000001,0.13155700000000001,0.49485299999999999,0.23492299999999999,0.021167999999999999
34199,5714932,3176791,0.122698,0.16506000000000001,0.49851699999999999,0.205398,0.0083269999999999993,1006011,0.121049,0.16719300000000001,0.50057799999999997,0.202816,0.0083639999999999999,706877,0.104375,0.139294,0.465727,0.26763199999999998,0.022970999999999998,392609,0.117315,0.157365,0.48646400000000001,0.223602,0.015254,285933,0.13065599999999999,0.17103699999999999,0.48998199999999997,0.19866900000000001,0.0096559999999999997,146711,0.117496,0.131524,0.494755,0.23502000000000001,0.021205000000000002
34200,5715164,3176930,0.1227,0.16505300000000001,0.498506,0.20540600000000001,0.0083350000000000004,1006054,0.121027,0.16721800000000001,0.50056299999999998,0.202822,0.0083700000000000007,706909,0.104354,0.13929800000000001,0.465756,0.26762999999999998,0.022962,392595,0.11729100000000001,0.15739900000000001,0.48644300000000001,0.223579,0.015288,285937,0.130637,0.17107600000000001,0.48994700000000002,0.19867299999999999,0.0096659999999999992,146739,0.117494,0.131519,0.49483100000000002,0.23492099999999999,0.021235
34201,5715398,3177109,0.122696,0.16504099999999999,0.49851499999999999,0.20540800000000001,0.0083400000000000002,1006080,0.12103800000000001,0.16719600000000001,0.50057499999999999,0.20281399999999999,0.0083770000000000008,706943,0.10435899999999999,0.139297,0.46575,0.267623,0.022970999999999998,392621,0.117271,0.15742400000000001,0.48646899999999998,0.223549,0.015287,285935,0.130631,0.17107700000000001,0.48993700000000001,0.19867799999999999,0.0096769999999999998,146710,0.11741500000000001,0.13161300000000001,0.49473099999999998,0.23500799999999999,0.021232000000000001
34202,5715605,3177164,0.122678,0.165045,0.49852800000000003,0.205403,0.0083459999999999993,1006111,0.121036,0.16719800000000001,0.50056999999999996,0.202815,0.0083809999999999996,706983,0.104363,0.139289,0.465725,0.26763900000000002,0.022984000000000001,392728,0.117244,0.15749299999999999,0.48640499999999998,0.22355700000000001,0.015301,285883,0.13059200000000001,0.17113999999999999,0.48994500000000002,0.19864399999999999,0.0096790000000000001,146736,0.117408,0.13159000000000001,0.494759,0.23497299999999999,0.021269
34203,5715838,3177284,0.12267699999999999,0.16503300000000001,0.49853500000000001,0.205404,0.0083499999999999998,1006137,0.121044,0.16719100000000001,0.50056599999999996,0.20281399999999999,0.0083850000000000001,707072,0.104366,0.13933000000000001,0.46569100000000002,0.26761499999999999,0.022998999999999999,392719,0.117285,0.157413,0.48641600000000002,0.22357199999999999,0.015313999999999999,285891,0.13059499999999999,0.171153,0.48991400000000002,0.198656,0.0096819999999999996,146735,0.11747,0.13155700000000001,0.49466700000000002,0.23502899999999999,0.021276
34204,5716058,3177423,0.122673,0.16503000000000001,0.49853700000000001,0.205405,0.0083560000000000006,1006174,0.121046,0.16719600000000001,0.50056900000000004,0.20280100000000001,0.0083879999999999996,707139,0.10435899999999999,0.13936000000000001,0.465725,0.26754699999999998,0.023009999999999999,392742,0.11727799999999999,0.15737599999999999,0.48635499999999998,0.22367400000000001,0.015318,285858,0.13058600000000001,0.17117599999999999,0.489929,0.198606,0.0097040000000000008,146722,0.11754199999999999,0.13147300000000001,0.49464999999999998,0.23503599999999999,0.021298999999999998
34205,5716298,3177583,0.12268900000000001,0.16500799999999999,0.49852999999999997,0.20540800000000001,0.0083649999999999992,1006188,0.121029,0.167208,0.50055099999999997,0.202818,0.0083940000000000004,707163,0.104325,0.13938800000000001,0.46573799999999999,0.26754099999999997,0.023007,392763,0.117256,0.15742300000000001,0.48632900000000001,0.223667,0.015325,285882,0.13062399999999999,0.171155,0.489929,0.198578,0.0097140000000000004,146719,0.117442,0.13145499999999999,0.49476900000000001,0.23500699999999999,0.021326000000000001
34206,5716553,3177774,0.12267500000000001,0.16500600000000001,0.49853599999999998,0.20541000000000001,0.0083719999999999992,1006259,0.121047,0.16720399999999999,0.50053000000000003,0.20281399999999999,0.008404,707169,0.10431,0.13939199999999999,0.46572000000000002,0.26757799999999998,0.022998999999999999,392750,0.117286,0.15742600000000001,0.48633999999999999,0.223608,0.015341,285897,0.130634,0.17119100000000001,0.48985099999999998,0.198606,0.0097169999999999999,146704,0.117522,0.131353,0.49476500000000001,0.23499700000000001,0.021363
34207,5716750,3177810,0.122678,0.16500400000000001,0.498529,0.20541000000000001,0.0083800000000000003,1006297,0.121018,0.167188,0.500583,0.20280400000000001,0.0084069999999999995,707245,0.104306,0.13941000000000001,0.46570600000000001,0.26757500000000001,0.023002999999999999,392742,0.11723699999999999,0.15746499999999999,0.48632399999999998,0.223661,0.015313,285917,0.13064300000000001,0.171158,0.489869,0.19857900000000001,0.0097509999999999993,146739,0.11754199999999999,0.13133500000000001,0.49482399999999999,0.23494799999999999,0.021350999999999998
34208,5716983,3177887,0.12266000000000001,0.16501099999999999,0.49852200000000002,0.20542099999999999,0.0083850000000000001,1006339,0.121001,0.16720299999999999,0.500587,0.20279900000000001,0.0084100000000000008,707257,0.10434400000000001,0.13941700000000001,0.465671,0.267542,0.023026000000000001,392768,0.117247,0.157472,0.48630499999999999,0.22367100000000001,0.015304,285954,0.130661,0.17111799999999999,0.48987900000000001,0.19858100000000001,0.0097599999999999996,146778,0.117518,0.13131399999999999,0.494815,0.23496700000000001,0.021385999999999999
34209,5717212,3178007,0.122666,0.16500200000000001,0.49852200000000002,0.20541499999999999,0.0083940000000000004,1006388,0.120994,0.16719100000000001,0.50059799999999999,0.20280200000000001,0.0084139999999999996,707314,0.104334,0.139427,0.46563900000000003,0.26755200000000001,0.023047999999999999,392721,0.117244,0.15747800000000001,0.48621999999999999,0.223749,0.015309,286016,0.130636,0.17110900000000001,0.48991000000000001,0.19858300000000001,0.0097619999999999998,146766,0.11744499999999999,0.131352,0.49491000000000002,0.234932,0.021361000000000002
34210,5717466,3178103,0.122664,0.164995,0.49852000000000002,0.20542199999999999,0.0083990000000000002,1006447,0.121003,0.16718,0.50060800000000005,0.20279,0.0084200000000000004,707328,0.104352,0.139406,0.46565099999999998,0.26752700000000001,0.023064000000000001,392776,0.117204,0.15751999999999999,0.48624400000000001,0.22372500000000001,0.015306,286040,0.130611,0.17116100000000001,0.489869,0.19858400000000001,0.0097750000000000007,146772,0.117352,0.131381,0.49489,0.23499700000000001,0.02138
34211,5717653,3178201,0.122656,0.16498699999999999,0.498529,0.20541899999999999,0.0084089999999999998,1006499,0.12099,0.16718,0.50062300000000004,0.20277899999999999,0.0084279999999999997,707345,0.104334,0.13941899999999999,0.46564,0.267544,0.023064000000000001,392813,0.117203,0.15753300000000001,0.486236,0.22370999999999999,0.015318,286049,0.13059699999999999,0.171177,0.48980099999999999,0.19863,0.0097959999999999992,146746,0.11727700000000001,0.13152,0.49484800000000001,0.23497699999999999,0.021377
34212,5717883,3178225,0.122656,0.16498699999999999,0.49851200000000001,0.205433,0.0084130000000000003,1006532,0.120992,0.16717799999999999,0.50060800000000005,0.202789,0.0084329999999999995,707440,0.10433099999999999,0.13946600000000001,0.46566600000000002,0.26747100000000001,0.023064999999999999,392913,0.117247,0.15751299999999999,0.48624000000000001,0.223665,0.015334,286022,0.130549,0.17117199999999999,0.48983599999999999,0.19864200000000001,0.0097999999999999997,146751,0.11732099999999999,0.131468,0.49485899999999999,0.234956,0.021396999999999999
34213,5718102,3178352,0.12264899999999999,0.16498199999999999,0.49851000000000001,0.20543400000000001,0.0084239999999999992,1006560,0.120985,0.167161,0.50061800000000001,0.20279900000000001,0.0084370000000000001,707464,0.10438600000000001,0.13947000000000001,0.46564800000000001,0.26743600000000001,0.023061000000000002,392930,0.11723500000000001,0.157527,0.48620600000000003,0.22368399999999999,0.015349,286007,0.130493,0.17119899999999999,0.489894,0.19859299999999999,0.0098209999999999999,146789,0.117352,0.13142000000000001,0.49488700000000002,0.23496300000000001,0.021378000000000001
34214,5718334,3178533,0.122653,0.16499,0.49849300000000002,0.20543400000000001,0.0084309999999999993,1006591,0.12096999999999999,0.16714399999999999,0.50065400000000004,0.20278199999999999,0.0084489999999999999,707476,0.10437399999999999,0.139461,0.465667,0.26743400000000001,0.023064999999999999,392966,0.117216,0.157495,0.48622500000000002,0.223717,0.015347,286011,0.13051199999999999,0.17122399999999999,0.48981000000000002,0.19861500000000001,0.0098390000000000005,146757,0.11735,0.13134599999999999,0.49496099999999998,0.234933,0.021409999999999998
34215,5718572,3178566,0.12264799999999999,0.16498199999999999,0.49849300000000002,0.20544299999999999,0.0084340000000000005,1006656,0.120971,0.16714799999999999,0.50064799999999998,0.20277600000000001,0.0084569999999999992,707505,0.10437100000000001,0.139432,0.46567900000000001,0.267428,0.023089999999999999,393029,0.117243,0.15750500000000001,0.48624099999999998,0.22364999999999999,0.01536,286001,0.13046099999999999,0.17122699999999999,0.48988599999999999,0.19858000000000001,0.0098460000000000006,146815,0.117379,0.13139700000000001,0.49484699999999998,0.234983,0.021394
34216,5718794,3178741,0.12264700000000001,0.16497999999999999,0.49848700000000001,0.20544999999999999,0.0084360000000000008,1006694,0.120974,0.16714699999999999,0.50063000000000002,0.202787,0.0084620000000000008,707546,0.10434400000000001,0.13944699999999999,0.46564499999999998,0.267455,0.023109000000000001,393018,0.11726399999999999,0.157443,0.486321,0.223608,0.015363,285985,0.13045799999999999,0.171289,0.48984699999999998,0.19855900000000001,0.0098469999999999999,146810,0.11738999999999999,0.131353,0.49481599999999998,0.235011,0.021429
34217,5718997,3178847,0.122644,0.16497300000000001,0.49849900000000003,0.20544200000000001,0.0084419999999999999,1006735,0.120945,0.16717899999999999,0.50061100000000003,0.202788,0.0084759999999999992,707678,0.104354,0.13942499999999999,0.46564299999999997,0.26744899999999999,0.023129,392930,0.117258,0.157476,0.48630800000000002,0.223602,0.015356,285998,0.13044800000000001,0.171232,0.48987799999999998,0.198603,0.0098390000000000005,146809,0.11741799999999999,0.131388,0.49476500000000001,0.23499200000000001,0.021436
34218,5719227,3178932,0.122642,0.16497100000000001,0.49848399999999998,0.205458,0.0084440000000000001,1006777,0.12092700000000001,0.16719600000000001,0.50061100000000003,0.20277899999999999,0.0084860000000000005,707670,0.10435700000000001,0.139428,0.46564100000000003,0.26743499999999998,0.023139,392947,0.117252,0.15745100000000001,0.48632300000000001,0.223603,0.015370999999999999,286031,0.13041900000000001,0.17127200000000001,0.48993999999999999,0.19853100000000001,0.0098379999999999995,146870,0.11738999999999999,0.13142200000000001,0.49474400000000002,0.234956,0.021488
34219,5719421,3179116,0.122637,0.164969,0.49849599999999999,0.205452,0.0084440000000000001,1006820,0.12092,0.167183,0.50061999999999995,0.20278599999999999,0.0084910000000000003,707628,0.104333,0.139405,0.46565299999999998,0.267426,0.023182999999999999,392943,0.11724900000000001,0.15748100000000001,0.48636099999999999,0.22354599999999999,0.015363999999999999,286039,0.130412,0.17131199999999999,0.48985299999999998,0.19856699999999999,0.0098549999999999992,146875,0.117488,0.13142499999999999,0.49458400000000002,0.23499600000000001,0.021507999999999999
34220,5719637,3179230,0.122641,0.16497000000000001,0.49847200000000003,0.20546600000000001,0.0084510000000000002,1006848,0.12092899999999999,0.16719200000000001,0.50061100000000003,0.202767,0.0085009999999999999,707673,0.104309,0.13939599999999999,0.46570699999999998,0.26741199999999998,0.023175999999999999,392955,0.117232,0.15746099999999999,0.48643500000000001,0.22346299999999999,0.015409000000000001,286049,0.13039400000000001,0.17130600000000001,0.48981799999999998,0.19863400000000001,0.0098480000000000009,146882,0.117428,0.13137799999999999,0.494724,0.23496400000000001,0.021506999999999998
34221,5719840,3179392,0.122628,0.16497300000000001,0.498473,0.20546700000000001,0.0084589999999999995,1006904,0.12089999999999999,0.167185,0.50063800000000003,0.202767,0.0085100000000000002,707692,0.10428,0.139407,0.46568399999999999,0.26744299999999999,0.023186999999999999,392975,0.117257,0.15745300000000001,0.48650399999999999,0.22337599999999999,0.015410999999999999,286047,0.13033900000000001,0.171294,0.489871,0.19861400000000001,0.0098829999999999994,146830,0.117394,0.13145799999999999,0.494647,0.23497199999999999,0.021527999999999999
34222,5720099,3179548,0.122624,0.164965,0.49847599999999997,0.20547099999999999,0.0084650000000000003,1006940,0.120894,0.16719100000000001,0.50063999999999997,0.20275799999999999,0.0085179999999999995,707662,0.104327,0.1394,0.46563199999999999,0.26745999999999998,0.023182000000000001,393021,0.11722,0.15748500000000001,0.48650100000000002,0.223382,0.015410999999999999,286078,0.130304,0.171261,0.48990099999999998,0.198631,0.0099030000000000003,146850,0.11744,0.131495,0.49460700000000002,0.23491300000000001,0.021545999999999999
34223,5720311,3179610,0.122612,0.164963,0.49845800000000001,0.20549300000000001,0.0084740000000000006,1006989,0.12087199999999999,0.16721,0.50065099999999996,0.20274700000000001,0.0085190000000000005,707704,0.104295,0.13939299999999999,0.465642,0.26748,0.023189000000000001,393046,0.11726399999999999,0.157468,0.48653600000000002,0.22331200000000001,0.015421000000000001,286125,0.130328,0.171261,0.48990800000000001,0.198602,0.0099010000000000001,146837,0.117395,0.13153999999999999,0.49470500000000001,0.23483899999999999,0.021520000000000001
34224,5720525,3179694,0.122602,0.16496,0.49845699999999998,0.20550199999999999,0.0084790000000000004,1007035,0.120864,0.16721,0.50064699999999995,0.20274700000000001,0.0085330000000000007,707733,0.10427699999999999,0.13938700000000001,0.46569100000000002,0.26745400000000003,0.023191,393105,0.117243,0.15747700000000001,0.48649599999999998,0.22333700000000001,0.015446,286131,0.1303,0.17128499999999999,0.48991899999999999,0.19859099999999999,0.0099050000000000006,146827,0.117451,0.131577,0.49467100000000003,0.23477999999999999,0.021521999999999999
34225,5720730,3179749,0.12259100000000001,0.16495699999999999,0.49846200000000002,0.205507,0.0084829999999999992,1007044,0.120848,0.16720499999999999,0.50066999999999995,0.202732,0.0085450000000000005,707809,0.104301,0.139377,0.46570499999999998,0.26740700000000001,0.023210999999999999,393141,0.11723500000000001,0.157501,0.48646400000000001,0.223332,0.015468000000000001,286148,0.13026499999999999,0.17130999999999999,0.48985800000000002,0.19864200000000001,0.0099249999999999998,146839,0.11730500000000001,0.13162699999999999,0.49470500000000001,0.23485600000000001,0.021506999999999998
34226,5720931,3179845,0.122586,0.16494400000000001,0.49846699999999999,0.205508,0.0084950000000000008,1007084,0.12083099999999999,0.16720699999999999,0.50067499999999998,0.202734,0.0085529999999999998,707868,0.104296,0.13938500000000001,0.465721,0.26739400000000002,0.023203000000000001,393158,0.117205,0.15748899999999999,0.48650399999999999,0.223325,0.015476999999999999,286111,0.13028500000000001,0.17131099999999999,0.48983399999999999,0.198661,0.0099089999999999994,146865,0.11730500000000001,0.13169900000000001,0.49463800000000002,0.23483499999999999,0.021523
34227,5721157,3179946,0.122587,0.164938,0.498473,0.20550399999999999,0.0084980000000000003,1007109,0.1208,0.16722400000000001,0.50067600000000001,0.202738,0.0085620000000000002,707900,0.10427699999999999,0.139434,0.465725,0.26736799999999999,0.023195,393194,0.117199,0.15739300000000001,0.486564,0.22334499999999999,0.015499000000000001,286127,0.13034399999999999,0.17131199999999999,0.48976900000000001,0.19866700000000001,0.0099080000000000001,146881,0.117217,0.13178699999999999,0.49452299999999999,0.23489099999999999,0.021582
34228,5721336,3180019,0.122576,0.16494600000000001,0.49847200000000003,0.20550399999999999,0.0085019999999999991,1007185,0.1208,0.16719600000000001,0.500691,0.20274200000000001,0.0085710000000000005,707929,0.104253,0.139407,0.46575699999999998,0.26737699999999998,0.023206000000000001,393169,0.117214,0.15740299999999999,0.48649100000000001,0.22337199999999999,0.015520000000000001,286171,0.130331,0.171296,0.48978100000000002,0.19867799999999999,0.0099139999999999992,146863,0.117232,0.13187099999999999,0.49454300000000001,0.23474300000000001,0.021611999999999999
34229,5721555,3180191,0.12257700000000001,0.16494300000000001,0.498471,0.20550299999999999,0.0085059999999999997,1007215,0.120791,0.16719300000000001,0.50068100000000004,0.20275899999999999,0.0085760000000000003,708006,0.104238,0.13938300000000001,0.465804,0.26735100000000001,0.023224000000000002,393158,0.1172,0.157385,0.48650700000000002,0.22337599999999999,0.015533,286166,0.130354,0.171264,0.48978899999999997,0.198682,0.0099100000000000004,146819,0.11712400000000001,0.13191800000000001,0.49456099999999997,0.23475799999999999,0.021638999999999999
34230,5721790,3180423,0.12257700000000001,0.16494,0.49846600000000002,0.20550599999999999,0.0085109999999999995,1007238,0.120795,0.16719999999999999,0.50064900000000001,0.20277600000000001,0.0085800000000000008,707997,0.10423200000000001,0.13938200000000001,0.465831,0.26732299999999998,0.023231999999999999,393148,0.11717,0.15742200000000001,0.486483,0.22337899999999999,0.015546000000000001,286161,0.13028699999999999,0.17124300000000001,0.48982199999999998,0.19872000000000001,0.0099279999999999993,146823,0.117148,0.13187299999999999,0.49466399999999999,0.234677,0.021638000000000001
34231,5721984,3180519,0.12257899999999999,0.164932,0.49845099999999998,0.20551800000000001,0.0085199999999999998,1007283,0.120771,0.16722100000000001,0.50065499999999996,0.20276,0.0085920000000000007,708063,0.104222,0.13939399999999999,0.46584100000000001,0.26730100000000001,0.023241000000000001,393109,0.117148,0.15737400000000001,0.48658000000000001,0.223353,0.015545,286189,0.130274,0.17122599999999999,0.48981999999999998,0.19872899999999999,0.0099509999999999998,146821,0.117081,0.13189500000000001,0.494759,0.23466000000000001,0.021604999999999999
34232,5722195,3180618,0.12257700000000001,0.164939,0.49843599999999999,0.20552200000000001,0.0085260000000000006,1007345,0.120756,0.167215,0.50065499999999996,0.20277500000000001,0.0086,708046,0.10421800000000001,0.139345,0.46590300000000001,0.26727200000000001,0.023261,393149,0.117149,0.15742900000000001,0.48651299999999997,0.22334499999999999,0.015564,286206,0.13023100000000001,0.17121900000000001,0.48985699999999999,0.198738,0.0099539999999999993,146831,0.117005,0.131914,0.49481399999999998,0.23469200000000001,0.021576000000000001
34233,5722449,3180726,0.122581,0.164932,0.498419,0.205539,0.0085290000000000001,1007389,0.120769,0.16720499999999999,0.50064900000000001,0.202764,0.0086140000000000001,708023,0.104211,0.13935600000000001,0.46590199999999998,0.26726699999999998,0.023265000000000001,393210,0.117146,0.157445,0.48655900000000002,0.223275,0.015573999999999999,286244,0.13022500000000001,0.171235,0.48986200000000002,0.19872200000000001,0.0099570000000000006,146857,0.11691600000000001,0.13194500000000001,0.49488300000000002,0.23469100000000001,0.021565000000000001
34234,5722658,3180879,0.122574,0.164939,0.49841299999999999,0.205539,0.0085349999999999992,1007423,0.12077499999999999,0.167188,0.50065999999999999,0.202762,0.0086149999999999994,708046,0.104211,0.13933699999999999,0.46591199999999999,0.26726100000000003,0.023279999999999999,393212,0.117135,0.15743199999999999,0.48657699999999998,0.223274,0.015582,286239,0.130241,0.17120299999999999,0.48988799999999999,0.198715,0.009953,146859,0.116901,0.131963,0.49471300000000001,0.23479,0.021632999999999999
34235,5722909,3181011,0.122575,0.164932,0.49840800000000002,0.20554600000000001,0.0085400000000000007,1007467,0.120784,0.167182,0.50063899999999995,0.20277300000000001,0.0086230000000000005,708013,0.104265,0.13934299999999999,0.465839,0.26725199999999999,0.023300000000000001,393313,0.1171,0.157439,0.48659999999999998,0.22328000000000001,0.01558,286209,0.130192,0.17125899999999999,0.48988700000000002,0.198711,0.0099509999999999998,146896,0.116879,0.131937,0.49484,0.234731,0.021614000000000001
34236,5723166,3181207,0.122571,0.164933,0.49840800000000002,0.20554500000000001,0.0085430000000000002,1007531,0.12081699999999999,0.16714899999999999,0.50063899999999995,0.202767,0.0086280000000000003,708057,0.104266,0.13935,0.46581099999999998,0.26726899999999998,0.023303000000000001,393305,0.117075,0.15740699999999999,0.486653,0.223275,0.015591000000000001,286230,0.13020999999999999,0.171292,0.48982300000000001,0.198714,0.0099609999999999994,146836,0.11677700000000001,0.131909,0.49484499999999998,0.23486099999999999,0.021609
34237,5723420,3181351,0.122576,0.16492100000000001,0.49841600000000003,0.205538,0.0085489999999999993,1007537,0.120833,0.16711999999999999,0.50061199999999995,0.202794,0.0086409999999999994,708101,0.104241,0.13939399999999999,0.46581600000000001,0.26724700000000001,0.023302,393335,0.117081,0.15737499999999999,0.48665399999999998,0.223298,0.015592,286258,0.130246,0.17130999999999999,0.48969800000000002,0.19876099999999999,0.0099839999999999998,146838,0.116714,0.13197500000000001,0.49489899999999998,0.23483000000000001,0.021582
34238,5723644,3181442,0.12257800000000001,0.16491600000000001,0.49840899999999999,0.205542,0.0085559999999999994,1007572,0.120808,0.16711200000000001,0.50063500000000005,0.202795,0.0086499999999999997,708101,0.10421,0.139407,0.465808,0.26727400000000001,0.023302,393411,0.11713700000000001,0.15734899999999999,0.48670000000000002,0.223194,0.01562,286235,0.13023199999999999,0.17139399999999999,0.48966100000000001,0.19874900000000001,0.0099640000000000006,146883,0.11676599999999999,0.131969,0.494809,0.23488800000000001,0.021568
34239,5723876,3181641,0.122568,0.164912,0.49843100000000001,0.20552599999999999,0.0085640000000000004,1007630,0.120796,0.16712099999999999,0.50061,0.20281399999999999,0.008659,708076,0.104174,0.13941000000000001,0.46579500000000001,0.26730199999999998,0.02332,393432,0.117149,0.15731600000000001,0.48664800000000003,0.22325300000000001,0.015633999999999999,286213,0.130193,0.171376,0.48972300000000002,0.19875399999999999,0.0099539999999999993,146884,0.11692900000000001,0.13202900000000001,0.49468299999999998,0.234791,0.021568
34240,5724105,3181770,0.12256499999999999,0.16489899999999999,0.49842700000000001,0.205542,0.0085679999999999992,1007629,0.12078999999999999,0.16712199999999999,0.50059200000000004,0.20282900000000001,0.0086669999999999994,708095,0.104189,0.13938800000000001,0.46581600000000001,0.26726100000000003,0.023345999999999999,393458,0.117095,0.157328,0.48670799999999997,0.22323299999999999,0.015636000000000001,286230,0.13020599999999999,0.17138700000000001,0.48974299999999998,0.198714,0.0099500000000000005,146923,0.116952,0.13205600000000001,0.49468099999999998,0.234735,0.021576000000000001
34241,5724366,3181969,0.122569,0.16489100000000001,0.49842999999999998,0.205536,0.008574,1007671,0.12077300000000001,0.167133,0.50058999999999998,0.20283699999999999,0.0086680000000000004,708092,0.104167,0.139373,0.46578399999999998,0.267314,0.023361,393417,0.117087,0.15736700000000001,0.48663099999999998,0.22325200000000001,0.015663,286277,0.13025800000000001,0.171352,0.489784,0.198654,0.0099520000000000008,146940,0.116993,0.13209499999999999,0.49460300000000001,0.23472199999999999,0.021586999999999999
34242,5724554,3182097,0.122548,0.164906,0.49843500000000002,0.20553099999999999,0.0085800000000000008,1007740,0.120767,0.16713600000000001,0.50056599999999996,0.20286100000000001,0.0086700000000000006,708155,0.10413799999999999,0.139352,0.46581499999999998,0.26729999999999998,0.023394999999999999,393376,0.11709899999999999,0.15737100000000001,0.48661799999999999,0.22325500000000001,0.015657000000000001,286298,0.130242,0.171349,0.48976199999999998,0.19870599999999999,0.0099410000000000002,146888,0.11700099999999999,0.13201199999999999,0.494697,0.23472999999999999,0.021561
34243,5724809,3182302,0.122542,0.16489100000000001,0.49844300000000002,0.205542,0.0085819999999999994,1007778,0.120772,0.16714799999999999,0.500525,0.202875,0.0086800000000000002,708126,0.10414,0.139379,0.46581,0.26725199999999999,0.02342,393374,0.1171,0.15734400000000001,0.48664600000000002,0.22325600000000001,0.015654000000000001,286336,0.13025600000000001,0.171344,0.48971100000000001,0.19872799999999999,0.0099600000000000001,146893,0.11701,0.13197400000000001,0.49480200000000002,0.234627,0.021586999999999999
34244,5725022,3182552,0.12253600000000001,0.16489300000000001,0.498446,0.205535,0.0085900000000000004,1007772,0.12074500000000001,0.167154,0.500529,0.20288700000000001,0.008685,708178,0.10416,0.139348,0.46584500000000001,0.26722699999999999,0.023421000000000001,393301,0.11707099999999999,0.15729699999999999,0.48662,0.223353,0.01566,286359,0.130249,0.17138300000000001,0.48964099999999999,0.19874,0.0099869999999999994,146860,0.11707099999999999,0.13205800000000001,0.49477100000000002,0.23449500000000001,0.021606
34245,5725241,3182681,0.12253600000000001,0.16489100000000001,0.498448,0.20553099999999999,0.0085939999999999992,1007794,0.12071,0.167181,0.50051699999999999,0.202903,0.0086890000000000005,708240,0.104153,0.139344,0.46584799999999998,0.26722899999999999,0.023427,393297,0.11709,0.157329,0.48654799999999998,0.22334999999999999,0.015682999999999999,286415,0.13031100000000001,0.17130400000000001,0.48962899999999998,0.19875399999999999,0.010003,146814,0.11698500000000001,0.13212599999999999,0.49490499999999998,0.234371,0.021611999999999999
34246,5725456,3182716,0.12253500000000001,0.16489300000000001,0.49844300000000002,0.20552400000000001,0.0086060000000000008,1007858,0.12069000000000001,0.16717599999999999,0.50052799999999997,0.20291400000000001,0.0086920000000000001,708281,0.104145,0.13938700000000001,0.46578700000000001,0.26726100000000003,0.02342,393367,0.11707099999999999,0.15732099999999999,0.48658600000000002,0.22333900000000001,0.015682999999999999,286386,0.13028200000000001,0.17135300000000001,0.48967100000000002,0.198683,0.010011000000000001,146848,0.116937,0.132109,0.49491299999999999,0.234406,0.021635000000000001
34247,5725672,3182883,0.122527,0.16488900000000001,0.498442,0.20552999999999999,0.0086119999999999999,1007918,0.120698,0.167157,0.50053999999999998,0.202907,0.0086969999999999999,708268,0.104147,0.13942199999999999,0.46577600000000002,0.26722899999999999,0.023425999999999999,393414,0.117004,0.15737400000000001,0.486597,0.22333,0.015696000000000002,286372,0.130278,0.17128099999999999,0.48964999999999997,0.198769,0.010022,146817,0.116928,0.13209000000000001,0.49488799999999999,0.234489,0.021604999999999999
34248,5725938,3183061,0.12253500000000001,0.16488900000000001,0.49842599999999998,0.20553099999999999,0.0086189999999999999,1007932,0.120701,0.16713700000000001,0.50055400000000005,0.20291200000000001,0.0086969999999999999,708289,0.10415000000000001,0.139435,0.46573100000000001,0.26724999999999999,0.023435000000000001,393459,0.116963,0.157358,0.486597,0.22337299999999999,0.015709000000000001,286380,0.13025700000000001,0.171318,0.48966799999999999,0.19872500000000001,0.010031999999999999,146817,0.116901,0.13201499999999999,0.49502400000000002,0.234482,0.021578
34249,5726205,3183202,0.12253600000000001,0.16487599999999999,0.49842999999999998,0.20553099999999999,0.0086269999999999993,1007970,0.120683,0.16716,0.50053899999999996,0.20291600000000001,0.0087030000000000007,708379,0.10416300000000001,0.139428,0.465754,0.26722099999999999,0.023434,393448,0.116976,0.15734999999999999,0.48654700000000001,0.223415,0.015712,286387,0.130275,0.171268,0.48970799999999998,0.19871,0.010038999999999999,146819,0.11701499999999999,0.131992,0.494977,0.234404,0.021611999999999999
34250,5726426,3183318,0.122529,0.164879,0.49842999999999998,0.20553399999999999,0.0086280000000000003,1007952,0.12069000000000001,0.16713800000000001,0.50054100000000001,0.20292199999999999,0.0087089999999999997,708425,0.104128,0.13942499999999999,0.46577000000000002,0.26722099999999999,0.023456000000000001,393482,0.11699900000000001,0.15734400000000001,0.48652299999999998,0.22339800000000001,0.015736,286413,0.13028000000000001,0.17122499999999999,0.489761,0.198682,0.010052,146836,0.11695999999999999,0.13198399999999999,0.49499399999999999,0.23444499999999999,0.021616
34251,5726632,3183480,0.122528,0.164885,0.498419,0.205535,0.008633,1007968,0.12067,0.167131,0.50054299999999996,0.20294300000000001,0.0087139999999999995,708461,0.104102,0.13941600000000001,0.46579999999999999,0.26722000000000001,0.023462,393486,0.116977,0.15734200000000001,0.48651,0.22342100000000001,0.015748999999999999,286425,0.130275,0.17122100000000001,0.48974099999999998,0.19869800000000001,0.010064999999999999,146812,0.11698600000000001,0.13201199999999999,0.49496600000000002,0.23440900000000001,0.021625999999999999
34252,5726874,3183705,0.12252,0.16488900000000001,0.498415,0.205536,0.0086409999999999994,1008001,0.120657,0.167125,0.50054299999999996,0.202956,0.0087189999999999993,708445,0.104139,0.13942099999999999,0.46574500000000002,0.26722499999999999,0.023470000000000001,393485,0.116978,0.15732199999999999,0.486514,0.22342100000000001,0.015764,286419,0.13025999999999999,0.17119999999999999,0.48972700000000002,0.198737,0.010076,146819,0.11705599999999999,0.13191800000000001,0.49495600000000001,0.23438400000000001,0.021687000000000001
34253,5727098,3183858,0.122507,0.16489300000000001,0.49841299999999999,0.205538,0.0086479999999999994,1008036,0.12064999999999999,0.16711100000000001,0.50053700000000001,0.20297899999999999,0.0087229999999999999,708398,0.104182,0.13941899999999999,0.46568300000000001,0.26722099999999999,0.023494999999999999,393539,0.116913,0.157336,0.486595,0.223411,0.015744000000000001,286433,0.13026399999999999,0.17116700000000001,0.489699,0.19878299999999999,0.010085999999999999,146834,0.116928,0.13189699999999999,0.49501499999999998,0.23447599999999999,0.021683999999999998
34254,5727325,3184033,0.12252300000000001,0.16487299999999999,0.49840800000000002,0.205539,0.0086569999999999998,1008082,0.12063,0.167102,0.50056100000000003,0.20297899999999999,0.0087270000000000004,708395,0.104134,0.139463,0.46567199999999997,0.26722699999999999,0.023504000000000001,393585,0.116869,0.15733800000000001,0.48661399999999999,0.22343299999999999,0.015744999999999999,286422,0.130245,0.17113600000000001,0.48973899999999998,0.19880100000000001,0.01008,146808,0.117044,0.13189300000000001,0.49486400000000003,0.23450399999999999,0.021694999999999999
34255,5727576,3184124,0.122517,0.164881,0.49839899999999998,0.20554600000000001,0.0086569999999999998,1008124,0.120641,0.16709299999999999,0.50055400000000005,0.20297899999999999,0.0087329999999999994,708403,0.10413,0.139463,0.46562500000000001,0.26725500000000002,0.023528,393652,0.116913,0.15731899999999999,0.48662499999999997,0.22339000000000001,0.015751999999999999,286456,0.13022900000000001,0.17113300000000001,0.48979600000000001,0.198767,0.010075000000000001,146817,0.116996,0.13175600000000001,0.49498399999999998,0.23458499999999999,0.021680000000000001
34256,5727760,3184227,0.12249500000000001,0.16488700000000001,0.49840099999999998,0.20555399999999999,0.0086619999999999996,1008171,0.120619,0.16708899999999999,0.50057399999999996,0.20297799999999999,0.0087399999999999995,708449,0.104159,0.13943700000000001,0.46557799999999999,0.26728400000000002,0.023543000000000001,393625,0.116923,0.15735499999999999,0.48661799999999999,0.223334,0.015768999999999998,286473,0.13019700000000001,0.17114399999999999,0.48980200000000002,0.19878999999999999,0.010067,146815,0.116998,0.13180500000000001,0.49496299999999999,0.23455400000000001,0.021680000000000001
34257,5727993,3184350,0.122484,0.164885,0.49839699999999998,0.205566,0.0086680000000000004,1008185,0.120613,0.167103,0.50055000000000005,0.202991,0.0087430000000000008,708472,0.10417899999999999,0.13948199999999999,0.46551999999999999,0.26726699999999998,0.023552,393658,0.116911,0.157329,0.48668600000000001,0.223278,0.015795,286487,0.13025,0.17117399999999999,0.48969099999999999,0.19881199999999999,0.010074,146841,0.116909,0.13176199999999999,0.49505199999999999,0.234621,0.021656000000000002
34258,5728195,3184488,0.12246899999999999,0.16489500000000001,0.498386,0.205572,0.0086779999999999999,1008242,0.120598,0.16708999999999999,0.50055799999999995,0.20300299999999999,0.0087510000000000001,708416,0.104204,0.13946900000000001,0.46545999999999998,0.26730500000000001,0.023562,393638,0.11693199999999999,0.15732199999999999,0.48673899999999998,0.22320799999999999,0.015799000000000001,286515,0.130269,0.17120199999999999,0.48970900000000001,0.19874700000000001,0.010073,146896,0.116933,0.13175300000000001,0.49503000000000003,0.234656,0.021628000000000001
34259,5728448,3184499,0.122471,0.16488700000000001,0.49839600000000001,0.20556099999999999,0.0086840000000000007,1008306,0.12059300000000001,0.16707,0.50056400000000001,0.203015,0.0087569999999999992,708475,0.1042,0.13947999999999999,0.46543899999999999,0.267314,0.023567999999999999,393683,0.116955,0.15724299999999999,0.48680000000000001,0.22320200000000001,0.015800000000000002,286573,0.13031200000000001,0.171206,0.489645,0.19875599999999999,0.010081,146912,0.116893,0.131718,0.49502400000000002,0.234712,0.021652000000000001
34260,5728684,3184671,0.122471,0.164884,0.49839299999999997,0.205566,0.0086859999999999993,1008317,0.12058199999999999,0.167069,0.50055300000000003,0.20302799999999999,0.0087670000000000005,708460,0.104201,0.13946,0.465424,0.26733299999999999,0.023581999999999999,393694,0.11695899999999999,0.157249,0.48675600000000002,0.22323200000000001,0.015803999999999999,286617,0.130303,0.17121800000000001,0.48968499999999998,0.198711,0.010083,146925,0.11687599999999999,0.13178200000000001,0.495008,0.23464399999999999,0.021690999999999998
34261,5728933,3184801,0.122473,0.16487199999999999,0.49839800000000001,0.205564,0.0086929999999999993,1008319,0.12059400000000001,0.167073,0.50053199999999998,0.20302999999999999,0.0087709999999999993,708518,0.104168,0.139514,0.46541399999999999,0.26729700000000001,0.023607,393762,0.11704000000000001,0.157169,0.48671799999999998,0.22329499999999999,0.015779000000000001,286635,0.13028400000000001,0.171235,0.48967500000000003,0.19870599999999999,0.0101,146898,0.116857,0.131799,0.49490800000000001,0.23469999999999999,0.021735999999999998
34262,5729160,3184976,0.12246799999999999,0.16486600000000001,0.49839899999999998,0.205567,0.0086999999999999994,1008370,0.12058199999999999,0.16709599999999999,0.50050399999999995,0.203044,0.0087749999999999998,708643,0.104184,0.13949600000000001,0.46539199999999997,0.26731199999999999,0.023616000000000002,393712,0.116964,0.15726699999999999,0.48668299999999998,0.22331599999999999,0.015769999999999999,286616,0.1303,0.171288,0.48965500000000001,0.19867000000000001,0.010087,146843,0.11684600000000001,0.131692,0.49501200000000001,0.234706,0.021743999999999999
34263,5729390,3185117,0.12246700000000001,0.164857,0.49839499999999998,0.20557700000000001,0.0087049999999999992,1008381,0.120561,0.16712199999999999,0.50048700000000002,0.20305000000000001,0.0087790000000000003,708702,0.104185,0.13952100000000001,0.46534500000000001,0.26733699999999999,0.023612000000000001,393757,0.116976,0.157247,0.48667300000000002,0.22331999999999999,0.015783999999999999,286606,0.130245,0.17124200000000001,0.48974200000000001,0.19867000000000001,0.010101000000000001,146827,0.116865,0.131686,0.49506600000000001,0.23466400000000001,0.021718999999999999
34264,5729633,3185266,0.122459,0.164857,0.49837999999999999,0.205592,0.0087119999999999993,1008471,0.120547,0.167127,0.50049100000000002,0.20304800000000001,0.0087869999999999997,708723,0.104175,0.13953399999999999,0.46537099999999998,0.26730799999999999,0.023612999999999999,393716,0.117031,0.157217,0.48660199999999998,0.22336700000000001,0.015782999999999998,286633,0.13020100000000001,0.171264,0.489734,0.19869000000000001,0.010109999999999999,146824,0.11686100000000001,0.13177700000000001,0.49496699999999999,0.234628,0.021767999999999999
34265,5729857,3185422,0.12245,0.16485900000000001,0.49837500000000001,0.205596,0.0087200000000000003,1008517,0.12055,0.167105,0.50047900000000001,0.203072,0.0087930000000000005,708676,0.104131,0.139546,0.465362,0.26732499999999998,0.023636000000000001,393771,0.11702,0.15722800000000001,0.48660999999999999,0.22334799999999999,0.015793000000000001,286641,0.130215,0.17124200000000001,0.489759,0.198688,0.010096000000000001,146830,0.11695800000000001,0.13178500000000001,0.49488500000000002,0.23457700000000001,0.021794000000000001
34266,5730010,3185525,0.12243800000000001,0.16487499999999999,0.49836799999999998,0.205595,0.0087240000000000009,1008558,0.120533,0.16709199999999999,0.50049699999999997,0.20307700000000001,0.0088009999999999998,708727,0.10415199999999999,0.139511,0.46532899999999999,0.267347,0.023661999999999999,393743,0.116998,0.15723999999999999,0.48661199999999999,0.22334899999999999,0.015802,286660,0.13019600000000001,0.17119599999999999,0.489842,0.198685,0.010082000000000001,146797,0.11702600000000001,0.131665,0.49484,0.23463700000000001,0.021833000000000002
34267,5730263,3185761,0.12244099999999999,0.16487399999999999,0.49835299999999999,0.20560200000000001,0.0087290000000000006,1008555,0.12053,0.16708899999999999,0.50049100000000002,0.20308499999999999,0.0088059999999999996,708738,0.104154,0.139514,0.46529199999999998,0.267378,0.023661999999999999,393771,0.116939,0.157249,0.48664099999999999,0.22336300000000001,0.015809,286658,0.130159,0.17116200000000001,0.48987599999999998,0.198683,0.010120000000000001,146780,0.117066,0.131741,0.494815,0.234514,0.021863
34268,5730467,3185842,0.122446,0.16486799999999999,0.498338,0.20561399999999999,0.0087349999999999997,1008575,0.12049700000000001,0.167097,0.50050499999999998,0.20308599999999999,0.0088149999999999999,708785,0.10415099999999999,0.13952899999999999,0.465306,0.267349,0.023664000000000001,393762,0.116911,0.157306,0.486626,0.223356,0.015800999999999999,286688,0.13021099999999999,0.17111599999999999,0.48983599999999999,0.19869999999999999,0.010135999999999999,146815,0.11692900000000001,0.13162099999999999,0.49499700000000002,0.23454700000000001,0.021905000000000001
34269,5730677,3185993,0.122464,0.16486500000000001,0.49832199999999999,0.20560899999999999,0.0087410000000000005,1008635,0.120473,0.16709499999999999,0.50053999999999998,0.203072,0.0088199999999999997,708812,0.10414,0.139491,0.46530100000000002,0.26739800000000002,0.023668999999999999,393737,0.116895,0.15726999999999999,0.486655,0.223357,0.015823,286694,0.13016,0.171183,0.48981799999999998,0.19869999999999999,0.01014,146806,0.11693000000000001,0.13164999999999999,0.49501400000000001,0.23446600000000001,0.021940999999999999
34270,5730892,3186114,0.122448,0.16486300000000001,0.49831700000000001,0.205623,0.0087489999999999998,1008692,0.120476,0.16709099999999999,0.50053499999999995,0.20307600000000001,0.008822,708861,0.104181,0.13947999999999999,0.46525300000000003,0.26738400000000001,0.023701,393746,0.11684700000000001,0.15729699999999999,0.48669400000000002,0.22334999999999999,0.015812,286701,0.13016,0.17124500000000001,0.48972599999999999,0.19872600000000001,0.010142999999999999,146778,0.11694499999999999,0.13155900000000001,0.49501299999999998,0.234538,0.021944999999999999
34271,5731110,3186265,0.122449,0.164855,0.49831300000000001,0.20562900000000001,0.0087539999999999996,1008706,0.12045699999999999,0.167101,0.500556,0.20305599999999999,0.008829,708804,0.10419399999999999,0.13947399999999999,0.46520899999999998,0.26741199999999998,0.023709999999999998,393780,0.116768,0.15729599999999999,0.486757,0.223353,0.015826,286711,0.13014800000000001,0.17130500000000001,0.48971999999999999,0.198688,0.010139,146844,0.11692,0.131657,0.49493300000000001,0.23452799999999999,0.021961999999999999
34272,5731351,3186330,0.122456,0.164852,0.498305,0.205624,0.0087639999999999992,1008762,0.120459,0.16708999999999999,0.500556,0.20306299999999999,0.0088330000000000006,708894,0.104174,0.139459,0.46521200000000001,0.26746199999999998,0.023692999999999999,393810,0.116797,0.15729699999999999,0.486674,0.22340199999999999,0.01583,286710,0.130138,0.171267,0.48977399999999999,0.19867099999999999,0.010149999999999999,146845,0.116912,0.13166900000000001,0.494896,0.23455300000000001,0.021968999999999999
34273,5731553,3186410,0.122444,0.16484599999999999,0.49830999999999998,0.20563000000000001,0.00877,1008810,0.120463,0.16708899999999999,0.50054699999999996,0.20305999999999999,0.0088409999999999999,708960,0.104169,0.13942299999999999,0.46521400000000002,0.26749600000000001,0.023698,393827,0.116795,0.157358,0.48667100000000002,0.22333900000000001,0.015837,286713,0.130137,0.171293,0.489755,0.198659,0.010156,146833,0.11683300000000001,0.13166,0.49492999999999998,0.23458599999999999,0.021991
34274,5731780,3186542,0.122435,0.16483800000000001,0.498305,0.205646,0.0087770000000000001,1008847,0.12045699999999999,0.167099,0.50053800000000004,0.20305599999999999,0.0088509999999999995,708963,0.104199,0.13944500000000001,0.46518799999999999,0.26747100000000001,0.023698,393865,0.11677899999999999,0.157364,0.48663099999999998,0.223384,0.015842999999999999,286714,0.130105,0.17130999999999999,0.48980200000000002,0.19861599999999999,0.010167000000000001,146849,0.11683399999999999,0.13158400000000001,0.49492999999999998,0.23461499999999999,0.022036
34275,5732002,3186727,0.12244099999999999,0.16483700000000001,0.49828899999999998,0.205652,0.0087810000000000006,1008862,0.120437,0.1671,0.50054799999999999,0.20305500000000001,0.0088599999999999998,708958,0.104195,0.13944400000000001,0.46517999999999998,0.26746300000000001,0.023717999999999999,393895,0.116772,0.157362,0.48661700000000002,0.223389,0.015859999999999999,286727,0.130138,0.17125699999999999,0.48981799999999998,0.19861799999999999,0.01017,146833,0.11677899999999999,0.13161900000000001,0.49499100000000001,0.234627,0.021984
34276,5732224,3186885,0.122436,0.16484099999999999,0.49830000000000002,0.20563699999999999,0.0087849999999999994,1008881,0.120404,0.16711699999999999,0.50053800000000004,0.20307600000000001,0.0088649999999999996,708935,0.104176,0.139432,0.46515400000000001,0.26750299999999999,0.023736,393927,0.116814,0.157306,0.48656500000000003,0.22345499999999999,0.015861,286771,0.13017400000000001,0.17127600000000001,0.48970399999999997,0.19866,0.010186000000000001,146825,0.11669,0.13166,0.49504500000000001,0.23461899999999999,0.021985000000000001
34277,5732486,3187107,0.122431,0.16483300000000001,0.49829299999999999,0.20565,0.0087930000000000005,1008889,0.120402,0.16712099999999999,0.50052399999999997,0.20307,0.0088830000000000003,709016,0.104171,0.13942299999999999,0.46519300000000002,0.26747500000000002,0.023739,393878,0.116886,0.157328,0.48649799999999999,0.223414,0.015873000000000002,286766,0.13014800000000001,0.17122000000000001,0.48979299999999998,0.19864599999999999,0.010193000000000001,146830,0.116645,0.131771,0.494919,0.23465900000000001,0.022005
34278,5732751,3187281,0.122423,0.164827,0.49829800000000002,0.205655,0.0087980000000000003,1008974,0.120416,0.16709499999999999,0.50052700000000006,0.203072,0.0088889999999999993,708988,0.104167,0.139435,0.46512199999999998,0.26752199999999998,0.023754000000000001,393900,0.11690300000000001,0.15729099999999999,0.48652699999999999,0.223412,0.015866999999999999,286806,0.13020300000000001,0.17122000000000001,0.48975299999999999,0.198629,0.010194999999999999,146802,0.11659899999999999,0.131797,0.49490499999999998,0.23466300000000001,0.022036
34279,5732958,3187333,0.12241200000000001,0.164827,0.49828800000000001,0.20566499999999999,0.0088079999999999999,1009016,0.12039999999999999,0.167105,0.50050700000000004,0.203096,0.0088909999999999996,709036,0.104184,0.139403,0.46516099999999999,0.26750699999999999,0.023744999999999999,393945,0.116856,0.157357,0.486454,0.22345000000000001,0.015883000000000001,286811,0.130215,0.17128699999999999,0.48967100000000002,0.19863600000000001,0.010191,146817,0.116608,0.13176299999999999,0.495004,0.23455699999999999,0.022068000000000001
34280,5733184,3187411,0.122396,0.16483400000000001,0.49828299999999998,0.205678,0.0088090000000000009,1009071,0.120402,0.16708500000000001,0.50051299999999999,0.20310300000000001,0.0088970000000000004,709089,0.104213,0.13939299999999999,0.46511200000000003,0.26751900000000001,0.023762999999999999,393962,0.11684899999999999,0.15737599999999999,0.486483,0.22339000000000001,0.015903,286804,0.130186,0.17128099999999999,0.48973899999999998,0.198599,0.010194999999999999,146847,0.116495,0.13175600000000001,0.49512800000000001,0.234516,0.022105
34281,5733415,3187543,0.122401,0.16481999999999999,0.49827300000000002,0.20569000000000001,0.0088149999999999999,1009126,0.120403,0.16708000000000001,0.50051199999999996,0.203098,0.008907,709093,0.10417999999999999,0.139401,0.46515099999999998,0.26747700000000002,0.023792000000000001,393963,0.11683300000000001,0.15743599999999999,0.48640099999999997,0.22343499999999999,0.015894999999999999,286826,0.13018299999999999,0.171295,0.48972199999999999,0.19858400000000001,0.010215,146864,0.116482,0.131775,0.49513800000000002,0.234544,0.022061000000000001
34282,5733634,3187654,0.122388,0.164821,0.498255,0.20571300000000001,0.008822,1009151,0.12039999999999999,0.16708500000000001,0.50050899999999998,0.203094,0.0089110000000000005,709157,0.10413799999999999,0.139401,0.4652,0.26746399999999998,0.023796999999999999,393943,0.11697399999999999,0.157332,0.486344,0.22342100000000001,0.015928999999999999,286850,0.13015199999999999,0.171344,0.48972599999999999,0.198546,0.010232,146879,0.116456,0.131823,0.49524400000000002,0.23439699999999999,0.022079000000000001
34283,5733877,3187801,0.12238,0.164821,0.498249,0.20572499999999999,0.0088249999999999995,1009202,0.120409,0.16708000000000001,0.50048899999999996,0.20310300000000001,0.0089200000000000008,709152,0.104157,0.13938999999999999,0.46516800000000003,0.26746999999999999,0.023813999999999998,393920,0.117024,0.15728600000000001,0.48633700000000002,0.223436,0.015917000000000001,286902,0.130135,0.171316,0.48977999999999999,0.198514,0.010253999999999999,146900,0.116406,0.13184499999999999,0.49531700000000001,0.23435,0.022082999999999998
34284,5734092,3187993,0.122373,0.16481999999999999,0.49824499999999999,0.205731,0.0088310000000000003,1009224,0.120396,0.167076,0.500502,0.203094,0.0089320000000000007,709167,0.104146,0.13938300000000001,0.465171,0.26748,0.023819,393925,0.116992,0.157281,0.486288,0.223527,0.015911999999999999,286899,0.13009799999999999,0.171343,0.48973699999999998,0.19856499999999999,0.010258,146884,0.11654100000000001,0.13187299999999999,0.49521399999999999,0.23426,0.022113000000000001
34285,5734304,3188150,0.122375,0.16481299999999999,0.49824200000000002,0.205736,0.0088350000000000008,1009253,0.120389,0.167076,0.50049999999999994,0.2031,0.0089350000000000002,709128,0.104104,0.139405,0.465194,0.26746900000000001,0.023827999999999998,393998,0.116935,0.157336,0.486259,0.223552,0.015918999999999999,286897,0.13012299999999999,0.17129800000000001,0.48974000000000001,0.19855200000000001,0.010286,146878,0.116498,0.131824,0.49519299999999999,0.234378,0.022107000000000002
34286,5734515,3188275,0.122377,0.16480300000000001,0.49823699999999999,0.20574200000000001,0.0088409999999999999,1009299,0.12037200000000001,0.16708999999999999,0.50048199999999998,0.20311999999999999,0.0089359999999999995,709162,0.104093,0.13938700000000001,0.46521800000000002,0.26744800000000002,0.023854,394011,0.11688800000000001,0.15735299999999999,0.48624800000000001,0.22359499999999999,0.015916,286892,0.13012199999999999,0.17128399999999999,0.48971399999999998,0.19858700000000001,0.010293,146876,0.116561,0.13192100000000001,0.495139,0.23427200000000001,0.022107000000000002
34287,5734741,3188385,0.122368,0.164794,0.498251,0.20574000000000001,0.0088470000000000007,1009276,0.120352,0.16710900000000001,0.50047699999999995,0.20311599999999999,0.0089470000000000001,709196,0.10409499999999999,0.139403,0.46521099999999999,0.26742300000000002,0.023868,394085,0.116896,0.157357,0.48621500000000001,0.22362199999999999,0.015910000000000001,286943,0.13008900000000001,0.17127800000000001,0.489707,0.19860700000000001,0.010319,146856,0.11662400000000001,0.13194600000000001,0.49510399999999999,0.23419499999999999,0.022131000000000001
34288,5734976,3188536,0.12237000000000001,0.16478799999999999,0.49823299999999998,0.20575499999999999,0.0088540000000000008,1009327,0.120349,0.167102,0.50048400000000004,0.20310800000000001,0.0089569999999999997,709224,0.10410800000000001,0.13938300000000001,0.46520299999999998,0.26741900000000002,0.023886999999999999,394103,0.11687,0.15731899999999999,0.48631200000000002,0.22359399999999999,0.015904000000000001,286954,0.130056,0.171289,0.48977500000000002,0.19855400000000001,0.010326,146832,0.116671,0.13195399999999999,0.49512400000000001,0.23410400000000001,0.022148000000000001
34289,5735207,3188706,0.122366,0.164775,0.498228,0.20576900000000001,0.0088610000000000008,1009385,0.12034,0.16711400000000001,0.50047900000000001,0.20310800000000001,0.0089599999999999992,709209,0.1041,0.139407,0.46521099999999999,0.26738400000000001,0.023897000000000002,394136,0.116878,0.15731100000000001,0.48632999999999998,0.22356699999999999,0.015913,286939,0.13004199999999999,0.171266,0.48979699999999998,0.19858200000000001,0.010312,146832,0.116691,0.132022,0.495008,0.23411799999999999,0.022161
34290,5735439,3188915,0.12237000000000001,0.164766,0.49821500000000002,0.205785,0.0088640000000000004,1009465,0.12033099999999999,0.167103,0.50048000000000004,0.20311399999999999,0.0089720000000000008,709189,0.104112,0.13941400000000001,0.46518500000000002,0.26739400000000002,0.023895,394041,0.11684799999999999,0.15732099999999999,0.48639100000000002,0.22352,0.01592,286939,0.13000300000000001,0.17136699999999999,0.48972100000000002,0.198572,0.010337000000000001,146890,0.11669300000000001,0.13204399999999999,0.49496899999999999,0.23410700000000001,0.022186999999999998
34291,5735656,3189017,0.122367,0.16477,0.49820199999999998,0.205794,0.0088660000000000006,1009495,0.12033000000000001,0.167097,0.50045799999999996,0.203129,0.0089849999999999999,709150,0.104098,0.13940900000000001,0.46522999999999998,0.26735199999999998,0.023910000000000001,394093,0.116843,0.15731100000000001,0.48641099999999998,0.22350300000000001,0.015932999999999999,286982,0.129942,0.171345,0.489707,0.19866800000000001,0.010338999999999999,146919,0.116636,0.13209299999999999,0.49487100000000001,0.234183,0.022216
34292,5735886,3189183,0.122365,0.16476199999999999,0.498201,0.20580000000000001,0.0088730000000000007,1009537,0.120335,0.167072,0.50045799999999996,0.20314299999999999,0.008992,709073,0.10409599999999999,0.1394,0.46524300000000002,0.267341,0.02392,394115,0.116836,0.15731400000000001,0.48646,0.223442,0.015946999999999999,287023,0.12995100000000001,0.17136599999999999,0.48957400000000001,0.198765,0.010344000000000001,146955,0.116594,0.13211500000000001,0.49484499999999998,0.23420099999999999,0.022245000000000001
34293,5736094,3189296,0.122361,0.16476199999999999,0.49819400000000003,0.20580699999999999,0.0088760000000000002,1009517,0.12033199999999999,0.16708100000000001,0.50044500000000003,0.20314399999999999,0.0089980000000000008,709162,0.10408100000000001,0.13939699999999999,0.46524799999999999,0.26734200000000002,0.023931999999999998,394145,0.116871,0.1573,0.486433,0.223438,0.015959000000000001,287041,0.12992899999999999,0.17136899999999999,0.48962699999999998,0.19869300000000001,0.010382000000000001,146933,0.11656999999999999,0.132081,0.494892,0.234236,0.022221000000000001
34294,5736290,3189403,0.122339,0.16476199999999999,0.49819799999999997,0.205816,0.0088839999999999995,1009503,0.120322,0.16706399999999999,0.50044,0.20316500000000001,0.0090080000000000004,709187,0.104133,0.139399,0.46523399999999998,0.26730199999999998,0.023931999999999998,394192,0.116897,0.157304,0.48638500000000001,0.22344900000000001,0.015963999999999999,287051,0.12987899999999999,0.17138100000000001,0.48962,0.19873099999999999,0.010388,146954,0.11645800000000001,0.13217100000000001,0.494896,0.23428399999999999,0.022190999999999999
34295,5736492,3189482,0.12234,0.16475500000000001,0.49818499999999999,0.20582800000000001,0.0088909999999999996,1009528,0.12031,0.167048,0.50046000000000002,0.20317199999999999,0.0090100000000000006,709210,0.104092,0.139435,0.465225,0.26731899999999997,0.023928999999999999,394261,0.11688999999999999,0.15728400000000001,0.48640099999999997,0.22345599999999999,0.015969000000000001,287014,0.12989300000000001,0.171378,0.489624,0.19870499999999999,0.0104,146997,0.116479,0.13226099999999999,0.49479899999999999,0.23427000000000001,0.022190999999999999
34296,5736747,3189489,0.122339,0.16474800000000001,0.49817,0.205849,0.0088940000000000009,1009602,0.120327,0.167043,0.500444,0.20317099999999999,0.0090150000000000004,709250,0.104106,0.13941100000000001,0.46528399999999998,0.26727099999999998,0.023928000000000001,394302,0.116882,0.15731600000000001,0.486396,0.22342500000000001,0.015980000000000001,287071,0.12989800000000001,0.17133399999999999,0.48959999999999998,0.198763,0.010404999999999999,147033,0.116382,0.13218099999999999,0.49481399999999998,0.23441000000000001,0.022213
34297,5736961,3189554,0.12231599999999999,0.16475400000000001,0.49816700000000003,0.20586699999999999,0.0088959999999999994,1009645,0.120321,0.167043,0.50044599999999995,0.20316100000000001,0.0090299999999999998,709242,0.10410800000000001,0.13939799999999999,0.465283,0.26726100000000003,0.023949999999999999,394361,0.116893,0.15731800000000001,0.48633599999999999,0.22345799999999999,0.015994999999999999,287122,0.12989300000000001,0.17135600000000001,0.48962800000000001,0.19871,0.010414,147037,0.116379,0.132239,0.49468499999999999,0.234485,0.022211999999999999
34298,5737174,3189753,0.122304,0.16475999999999999,0.49815700000000002,0.205876,0.0089029999999999995,1009627,0.12031,0.16703899999999999,0.50045300000000004,0.203155,0.0090430000000000007,709288,0.104093,0.13941300000000001,0.46531299999999998,0.26722600000000002,0.023955000000000001,394379,0.116921,0.157328,0.48626799999999998,0.223491,0.015991999999999999,287127,0.12989400000000001,0.17132500000000001,0.48965799999999998,0.19869300000000001,0.010430999999999999,147000,0.11636100000000001,0.132163,0.494728,0.23455100000000001,0.022197000000000001
34299,5737383,3189928,0.122291,0.164766,0.49815500000000001,0.205876,0.0089110000000000005,1009647,0.120309,0.16703000000000001,0.50043599999999999,0.20316899999999999,0.0090559999999999998,709270,0.104063,0.13945199999999999,0.465312,0.26721,0.023963000000000002,394377,0.116881,0.15729099999999999,0.48631400000000002,0.22350900000000001,0.016004999999999998,287136,0.12990399999999999,0.17127100000000001,0.48964299999999999,0.198763,0.01042,147025,0.116354,0.132331,0.494589,0.234511,0.022214000000000001
34300,5737600,3190027,0.12228700000000001,0.16476499999999999,0.49815399999999999,0.20587800000000001,0.0089160000000000003,1009707,0.12031600000000001,0.16702700000000001,0.50043099999999996,0.20316999999999999,0.0090559999999999998,709295,0.104019,0.13949500000000001,0.46531299999999998,0.26720300000000002,0.023970000000000002,394403,0.11686299999999999,0.157301,0.48629699999999998,0.22353000000000001,0.016008999999999999,287121,0.12992100000000001,0.17121400000000001,0.48964000000000002,0.198791,0.010435,147047,0.11639099999999999,0.13231100000000001,0.49454900000000002,0.23451,0.022238000000000001
34301,5737840,3190229,0.12229,0.16477700000000001,0.49812499999999998,0.20588699999999999,0.0089219999999999994,1009732,0.120311,0.16701299999999999,0.50043899999999997,0.203177,0.0090609999999999996,709254,0.104018,0.139463,0.46531,0.26721600000000001,0.023993,394420,0.116845,0.15726399999999999,0.48634500000000003,0.223528,0.016018000000000001,287141,0.12991900000000001,0.171149,0.48971100000000001,0.19877300000000001,0.010448000000000001,147064,0.116378,0.132385,0.494587,0.23442199999999999,0.022228000000000001
34302,5738036,3190375,0.122266,0.16478000000000001,0.49813099999999999,0.205897,0.0089269999999999992,1009758,0.120298,0.167016,0.50043599999999999,0.20318,0.0090690000000000007,709204,0.104063,0.139485,0.465223,0.26721800000000001,0.024011000000000001,394478,0.116795,0.15729599999999999,0.48641499999999999,0.22348499999999999,0.016008000000000001,287159,0.12989300000000001,0.171125,0.48971100000000001,0.19881699999999999,0.010454,147062,0.116481,0.13230500000000001,0.49465500000000001,0.234343,0.022214999999999999
34303,5738273,3190410,0.122254,0.16478799999999999,0.49813299999999999,0.20589399999999999,0.0089300000000000004,1009821,0.120282,0.16702800000000001,0.500421,0.20318800000000001,0.0090810000000000005,709228,0.104062,0.139491,0.46520299999999998,0.267231,0.024011999999999999,394510,0.116775,0.15725600000000001,0.486429,0.22350800000000001,0.016032999999999999,287188,0.12984899999999999,0.17114599999999999,0.48968299999999998,0.19887299999999999,0.010449999999999999,147116,0.116609,0.132297,0.49452099999999999,0.234346,0.022227
34304,5738495,3190580,0.122238,0.164797,0.49812200000000001,0.205904,0.0089390000000000008,1009833,0.120293,0.16702700000000001,0.50041400000000003,0.20318800000000001,0.0090779999999999993,709256,0.104065,0.13946900000000001,0.465196,0.26724300000000001,0.024027,394501,0.116808,0.157272,0.48637399999999997,0.22350500000000001,0.016041,287226,0.129804,0.17118900000000001,0.489674,0.19889200000000001,0.010441000000000001,147099,0.116697,0.13228500000000001,0.49445600000000001,0.23433200000000001,0.02223
34305,5738693,3190683,0.122221,0.16480500000000001,0.49812000000000001,0.20591200000000001,0.0089429999999999996,1009855,0.120296,0.167023,0.50040600000000002,0.20319699999999999,0.0090779999999999993,709347,0.104084,0.13944899999999999,0.46518399999999999,0.267233,0.024049000000000001,394498,0.116837,0.157253,0.4864,0.22348100000000001,0.016028000000000001,287218,0.129776,0.17119699999999999,0.48968400000000001,0.19889100000000001,0.010451999999999999,147092,0.11672299999999999,0.13222999999999999,0.49441200000000002,0.23438400000000001,0.022251
34306,5738910,3190722,0.122213,0.164798,0.49812200000000001,0.20591499999999999,0.0089510000000000006,1009912,0.120307,0.16700799999999999,0.50040700000000005,0.20319799999999999,0.0090810000000000005,709386,0.104093,0.13948099999999999,0.46513199999999999,0.26722299999999999,0.024072,394573,0.116759,0.15728600000000001,0.48639900000000003,0.22351799999999999,0.016038,287239,0.12976699999999999,0.17120199999999999,0.489645,0.19891800000000001,0.010468999999999999,147078,0.116734,0.13220899999999999,0.494506,0.23429700000000001,0.022252999999999998
34307,5739141,3190947,0.12222,0.164796,0.49810399999999999,0.20591999999999999,0.0089589999999999999,1009904,0.120305,0.16700999999999999,0.50039800000000001,0.20319899999999999,0.0090889999999999999,709390,0.104088,0.13945199999999999,0.46514800000000001,0.26724500000000001,0.024067000000000002,394578,0.11673500000000001,0.15728700000000001,0.48643900000000001,0.22348699999999999,0.016053000000000001,287233,0.129745,0.17119599999999999,0.48963000000000001,0.198933,0.010496999999999999,147089,0.116773,0.13217799999999999,0.49449700000000002,0.234287,0.022265
34308,5739383,3191084,0.122225,0.164794,0.49809700000000001,0.20592299999999999,0.0089610000000000002,1010008,0.120297,0.167014,0.50039299999999998,0.203207,0.0090889999999999999,709360,0.104098,0.13944699999999999,0.46510400000000002,0.267266,0.024084999999999999,394563,0.11672399999999999,0.15726999999999999,0.48646,0.22348799999999999,0.016057999999999999,287279,0.12970300000000001,0.17119899999999999,0.489653,0.198939,0.010505,147089,0.116759,0.132301,0.49438100000000001,0.234232,0.022327
34309,5739605,3191236,0.12221799999999999,0.164797,0.49808200000000002,0.20593500000000001,0.0089689999999999995,1010094,0.120272,0.16702400000000001,0.50040200000000001,0.203208,0.0090939999999999997,709335,0.104059,0.13946600000000001,0.46512599999999998,0.267264,0.024084999999999999,394557,0.116746,0.15726000000000001,0.48644399999999999,0.22348100000000001,0.016069,287317,0.12972400000000001,0.171152,0.48962299999999997,0.198965,0.010534999999999999,147066,0.11676400000000001,0.13223299999999999,0.494309,0.23439099999999999,0.022303
34310,5739869,3191358,0.122211,0.164801,0.49807099999999999,0.20594000000000001,0.0089779999999999999,1010135,0.120268,0.16702,0.50037900000000002,0.20322699999999999,0.0091059999999999995,709406,0.104084,0.139459,0.46509600000000001,0.26726899999999998,0.024091999999999999,394585,0.116789,0.157226,0.48648599999999997,0.22343199999999999,0.016067999999999999,287324,0.12971099999999999,0.17108200000000001,0.48971199999999998,0.19895699999999999,0.010539,147061,0.11666600000000001,0.132299,0.49426399999999998,0.234433,0.022338
34311,5740106,3191515,0.12221,0.164802,0.498058,0.20594899999999999,0.0089809999999999994,1010204,0.120271,0.16702500000000001,0.50036700000000001,0.20322299999999999,0.0091140000000000006,709416,0.104088,0.13944599999999999,0.46509099999999998,0.26726299999999997,0.024111,394588,0.116679,0.157278,0.48653800000000003,0.22345599999999999,0.016049999999999998,287331,0.12973199999999999,0.171099,0.48966199999999999,0.19897599999999999,0.010531,147052,0.11666600000000001,0.13228699999999999,0.49420599999999998,0.234461,0.022380000000000001
34312,5740317,3191627,0.122197,0.16480700000000001,0.498054,0.205954,0.0089870000000000002,1010266,0.120251,0.16703599999999999,0.50035799999999997,0.203235,0.0091199999999999996,709449,0.10410999999999999,0.13939699999999999,0.46512399999999998,0.26724399999999998,0.024124,394587,0.11666600000000001,0.15729899999999999,0.48655399999999999,0.223416,0.016064999999999999,287335,0.12972,0.17113800000000001,0.48961300000000002,0.19899800000000001,0.010531,147053,0.11661100000000001,0.13233300000000001,0.49416199999999999,0.23446600000000001,0.022426999999999999
34313,5740540,3191750,0.12218999999999999,0.16480600000000001,0.498054,0.205955,0.0089949999999999995,1010298,0.120257,0.16703799999999999,0.50034000000000001,0.203234,0.0091310000000000002,709450,0.104129,0.139404,0.46512399999999998,0.26722800000000002,0.024115999999999999,394602,0.116664,0.157308,0.486508,0.22343499999999999,0.016084999999999999,287350,0.12969900000000001,0.17115,0.48961199999999999,0.19900499999999999,0.010534,147090,0.116643,0.13236100000000001,0.49411899999999997,0.23441400000000001,0.022461999999999999
34314,5740768,3191844,0.122182,0.16480500000000001,0.49804799999999999,0.20596100000000001,0.0090039999999999999,1010318,0.120264,0.16703399999999999,0.50032799999999999,0.203235,0.0091400000000000006,709505,0.10412299999999999,0.139435,0.46508500000000003,0.26723799999999998,0.024118000000000001,394625,0.11665,0.157334,0.48648999999999998,0.223415,0.016111,287362,0.12964800000000001,0.17114299999999999,0.489595,0.199076,0.010536999999999999,147114,0.116699,0.13238,0.49407899999999999,0.23435600000000001,0.022485999999999999
34315,5740984,3191936,0.122172,0.16481899999999999,0.498031,0.20596400000000001,0.0090130000000000002,1010343,0.120269,0.16700899999999999,0.50034800000000001,0.20322799999999999,0.0091459999999999996,709497,0.104129,0.13941999999999999,0.46506500000000001,0.26725599999999999,0.024131,394690,0.116616,0.157308,0.48654399999999998,0.223416,0.016115999999999998,287395,0.12961300000000001,0.17116899999999999,0.48963299999999998,0.19903599999999999,0.01055,147123,0.116712,0.13239300000000001,0.49403599999999998,0.234375,0.022485000000000002
34316,5741194,3192079,0.12217500000000001,0.16480800000000001,0.498027,0.20596999999999999,0.0090200000000000002,1010393,0.120271,0.16701099999999999,0.50035399999999997,0.203208,0.0091559999999999992,709511,0.104114,0.13939599999999999,0.46508100000000002,0.26728000000000002,0.024129000000000001,394708,0.11655500000000001,0.157387,0.48656199999999999,0.223355,0.016140999999999999,287384,0.12961400000000001,0.17120299999999999,0.48964800000000003,0.19897100000000001,0.010564,147119,0.11665399999999999,0.13232099999999999,0.49398799999999998,0.234545,0.022492000000000002
34317,5741430,3192167,0.122173,0.16479199999999999,0.49803399999999998,0.20597699999999999,0.009025,1010420,0.120243,0.16701299999999999,0.50036199999999997,0.20321800000000001,0.0091640000000000003,709591,0.10412100000000001,0.13938300000000001,0.46507799999999999,0.26727499999999998,0.024143000000000001,394687,0.116548,0.15742600000000001,0.48649399999999998,0.223362,0.01617,287434,0.12961900000000001,0.17119400000000001,0.48955900000000002,0.19906499999999999,0.010562,147131,0.116576,0.13241900000000001,0.49406299999999997,0.23443700000000001,0.022504
34318,5741657,3192292,0.12216399999999999,0.16480300000000001,0.49802600000000002,0.20597799999999999,0.0090290000000000006,1010461,0.12023499999999999,0.167016,0.50034500000000004,0.20324,0.0091640000000000003,709628,0.104117,0.13936999999999999,0.46503699999999998,0.267322,0.024154999999999999,394714,0.116563,0.15740499999999999,0.486481,0.223385,0.016166,287437,0.12966,0.171178,0.48952600000000002,0.19905600000000001,0.010580000000000001,147125,0.116547,0.132466,0.494029,0.23444000000000001,0.022518
34319,5741896,3192459,0.12217,0.164801,0.49800499999999998,0.20599100000000001,0.0090329999999999994,1010466,0.120229,0.16701299999999999,0.50035200000000002,0.203233,0.0091730000000000006,709649,0.104102,0.139379,0.46501700000000001,0.267318,0.024184000000000001,394725,0.11651400000000001,0.15743099999999999,0.48647000000000001,0.22339400000000001,0.016191000000000001,287474,0.12967100000000001,0.17110400000000001,0.489589,0.199072,0.010564,147123,0.11654200000000001,0.13242000000000001,0.49415100000000001,0.23436899999999999,0.022519000000000001
34320,5742150,3192643,0.12216299999999999,0.164798,0.49799599999999999,0.20600199999999999,0.0090410000000000004,1010483,0.12024899999999999,0.16700599999999999,0.50033899999999998,0.20322200000000001,0.0091839999999999995,709706,0.104084,0.139377,0.46497699999999997,0.26736399999999999,0.024197,394730,0.11652800000000001,0.15745200000000001,0.48644599999999999,0.22339300000000001,0.016181000000000001,287487,0.129637,0.17111000000000001,0.48960100000000001,0.199077,0.010574,147101,0.11664099999999999,0.13251399999999999,0.494143,0.23419300000000001,0.022508
34321,5742358,3192669,0.12214999999999999,0.16478499999999999,0.49800100000000003,0.20601700000000001,0.0090469999999999995,1010542,0.12023300000000001,0.16701099999999999,0.50032500000000002,0.203241,0.0091889999999999993,709806,0.104106,0.139351,0.46498200000000001,0.267341,0.024220999999999999,394764,0.116533,0.157446,0.48642999999999997,0.22340399999999999,0.016187,287482,0.129632,0.17114099999999999,0.48959900000000001,0.19906299999999999,0.010564,147095,0.116768,0.13247200000000001,0.49406800000000001,0.23416799999999999,0.022523000000000001
34322,5742607,3192818,0.122155,0.164794,0.49798799999999999,0.206012,0.009051,1010590,0.120217,0.16701299999999999,0.50032600000000005,0.20324999999999999,0.009195,709738,0.10412299999999999,0.13933300000000001,0.46496700000000002,0.26734400000000003,0.024233000000000001,394823,0.116483,0.15740499999999999,0.48647400000000002,0.22344900000000001,0.01619,287530,0.12964899999999999,0.17114399999999999,0.48952499999999999,0.19911300000000001,0.010569,147108,0.116717,0.13251499999999999,0.49407899999999999,0.234148,0.022540999999999999
34323,5742800,3192915,0.12214999999999999,0.16478899999999999,0.49798500000000001,0.20601900000000001,0.0090570000000000008,1010655,0.120225,0.16699700000000001,0.50032399999999999,0.20325599999999999,0.0091979999999999996,709767,0.104092,0.13931299999999999,0.46496199999999999,0.26738600000000001,0.024246,394765,0.11647200000000001,0.15743299999999999,0.48646400000000001,0.22342899999999999,0.016202000000000001,287552,0.12965299999999999,0.17113400000000001,0.48957400000000001,0.19906699999999999,0.010572,147146,0.116714,0.13250100000000001,0.49402600000000002,0.23421600000000001,0.022542
34324,5742987,3193043,0.122137,0.16478599999999999,0.49798100000000001,0.20603399999999999,0.0090609999999999996,1010709,0.120241,0.16698299999999999,0.50031000000000003,0.20325199999999999,0.0092130000000000007,709740,0.104125,0.13930300000000001,0.464949,0.26736100000000002,0.024261000000000001,394767,0.116443,0.157495,0.486454,0.22339800000000001,0.016209999999999999,287569,0.12959300000000001,0.17116899999999999,0.48960100000000001,0.199069,0.010567999999999999,147159,0.116656,0.13247600000000001,0.49412499999999998,0.234209,0.022533000000000001
34325,5743191,3193345,0.122116,0.164794,0.49797799999999998,0.206044,0.0090679999999999997,1010713,0.120231,0.16700000000000001,0.50029500000000005,0.20325599999999999,0.0092180000000000005,709724,0.104119,0.13927899999999999,0.46496900000000002,0.26733899999999999,0.024292999999999999,394746,0.116422,0.15751599999999999,0.48641899999999999,0.223442,0.016199999999999999,287554,0.129551,0.17125499999999999,0.48956699999999997,0.19907900000000001,0.010548,147109,0.11675000000000001,0.13248699999999999,0.49402800000000002,0.234207,0.022527999999999999
34326,5743411,3193560,0.122114,0.16478899999999999,0.497979,0.206044,0.0090749999999999997,1010748,0.120223,0.16700599999999999,0.50026899999999996,0.20327700000000001,0.0092250000000000006,709701,0.104127,0.13930400000000001,0.46495599999999998,0.26731100000000002,0.024302000000000001,394745,0.116371,0.157469,0.486489,0.223471,0.016199999999999999,287549,0.129547,0.17127899999999999,0.48951699999999998,0.199097,0.010562,147108,0.11672399999999999,0.13248799999999999,0.49405199999999999,0.234209,0.022527999999999999
34327,5743622,3193639,0.122104,0.164794,0.49796899999999999,0.20605699999999999,0.0090749999999999997,1010785,0.12020500000000001,0.166987,0.50028600000000001,0.203292,0.0092289999999999994,709680,0.104106,0.139375,0.46491500000000002,0.26727499999999998,0.024327999999999999,394788,0.116359,0.157444,0.48653999999999997,0.22346199999999999,0.016195999999999999,287578,0.12959999999999999,0.171265,0.48940499999999998,0.199156,0.010574999999999999,147152,0.11665499999999999,0.13250200000000001,0.49404700000000001,0.23427500000000001,0.022520999999999999
34328,5743839,3193752,0.12210600000000001,0.16478400000000001,0.49796200000000002,0.206067,0.0090810000000000005,1010806,0.12020400000000001,0.16698299999999999,0.50028499999999998,0.203291,0.0092370000000000004,709701,0.104089,0.13938,0.46492499999999998,0.26727000000000001,0.024336,394815,0.116384,0.157448,0.48652200000000001,0.223436,0.016209999999999999,287611,0.12958800000000001,0.171318,0.48935899999999999,0.19914100000000001,0.010593999999999999,147154,0.116524,0.13247999999999999,0.49412200000000001,0.23436000000000001,0.022513999999999999
34329,5744037,3193779,0.122095,0.16478000000000001,0.49795699999999998,0.20607500000000001,0.0090930000000000004,1010843,0.120198,0.16698499999999999,0.50029699999999999,0.20327600000000001,0.0092440000000000005,709815,0.10409599999999999,0.13936000000000001,0.46495199999999998,0.26725700000000002,0.024334999999999999,394840,0.11644500000000001,0.157388,0.48649100000000001,0.22345300000000001,0.016223999999999999,287670,0.129631,0.17128299999999999,0.489373,0.199124,0.010588999999999999,147090,0.11652,0.13256499999999999,0.49401699999999998,0.23441400000000001,0.022483
34330,5744263,3193911,0.122088,0.16475699999999999,0.497977,0.20607800000000001,0.0091000000000000004,1010890,0.12019100000000001,0.16697799999999999,0.50030200000000002,0.20327500000000001,0.0092540000000000001,709882,0.10412299999999999,0.13938400000000001,0.46491199999999999,0.26724399999999998,0.024336,394799,0.11640399999999999,0.15739900000000001,0.48651100000000003,0.223443,0.016244000000000001,287662,0.12969,0.171319,0.48926199999999997,0.19914299999999999,0.010585000000000001,147119,0.116518,0.13258700000000001,0.49393300000000001,0.23449,0.022471999999999999
34331,5744479,3193999,0.122095,0.16476299999999999,0.49796299999999999,0.20607700000000001,0.0091020000000000007,1010927,0.120188,0.166961,0.50031999999999999,0.20327100000000001,0.0092610000000000001,709865,0.104073,0.13939299999999999,0.46494799999999997,0.26724700000000001,0.024340000000000001,394809,0.11647399999999999,0.15737200000000001,0.48639199999999999,0.22350300000000001,0.016258000000000002,287693,0.12966900000000001,0.17130799999999999,0.48928500000000003,0.19913900000000001,0.010598,147186,0.116397,0.13268199999999999,0.493892,0.23452000000000001,0.022509000000000001
34332,5744682,3194129,0.122095,0.16476399999999999,0.49795400000000001,0.20607600000000001,0.0091109999999999993,1010970,0.120182,0.166966,0.50032100000000002,0.203263,0.0092669999999999992,709867,0.104017,0.139401,0.46492699999999998,0.26728800000000003,0.024368000000000001,394785,0.116524,0.15734600000000001,0.48643700000000001,0.22345300000000001,0.016239,287729,0.12970200000000001,0.17127600000000001,0.48927999999999999,0.199153,0.01059,147202,0.116276,0.132661,0.494056,0.23453499999999999,0.022473
34333,5744929,3194237,0.122098,0.164768,0.49794100000000002,0.20608000000000001,0.0091120000000000003,1011013,0.120186,0.166965,0.50030200000000002,0.203267,0.0092790000000000008,709846,0.10403800000000001,0.139402,0.46493000000000001,0.26723999999999998,0.024389999999999998,394823,0.11647200000000001,0.15729599999999999,0.48646600000000001,0.22351799999999999,0.016247999999999999,287740,0.129662,0.17130000000000001,0.48925400000000002,0.19916900000000001,0.010614,147270,0.116235,0.132715,0.493923,0.234623,0.022502999999999999
34334,5745156,3194370,0.12209,0.164768,0.49793500000000002,0.206092,0.0091160000000000008,1011072,0.120187,0.16698199999999999,0.500278,0.20326,0.0092929999999999992,709848,0.10406,0.13937099999999999,0.46492299999999998,0.26725399999999999,0.024390999999999999,394850,0.11641899999999999,0.15731800000000001,0.48645300000000002,0.22354599999999999,0.016264000000000001,287722,0.129636,0.17131099999999999,0.48931999999999998,0.19913,0.010604000000000001,147294,0.116244,0.13278200000000001,0.493815,0.234626,0.022533000000000001
34335,5745391,3194533,0.122071,0.164772,0.49793599999999999,0.206096,0.0091240000000000002,1011119,0.120162,0.16700200000000001,0.50027600000000005,0.203259,0.0093010000000000002,709806,0.10406600000000001,0.13936100000000001,0.464893,0.26726699999999998,0.024412,394875,0.116465,0.157278,0.48648799999999998,0.22350900000000001,0.016261000000000001,287728,0.12967500000000001,0.171297,0.48930600000000002,0.19911200000000001,0.010611000000000001,147330,0.11623600000000001,0.132933,0.49364000000000002,0.234657,0.022533999999999998
34336,5745591,3194492,0.122048,0.164775,0.49793599999999999,0.20610899999999999,0.0091319999999999995,1011179,0.120146,0.16700699999999999,0.50026800000000005,0.20327300000000001,0.009306,709838,0.104063,0.13938999999999999,0.46487600000000001,0.26724500000000001,0.024424999999999999,394960,0.116533,0.15726399999999999,0.48646200000000001,0.22348299999999999,0.016257000000000001,287745,0.129663,0.171322,0.48933300000000002,0.199076,0.010607,147377,0.116273,0.13294500000000001,0.49346200000000001,0.23474500000000001,0.022575000000000001
34337,5745825,3194622,0.122033,0.16478200000000001,0.49793100000000001,0.20611399999999999,0.0091400000000000006,1011182,0.120143,0.16700200000000001,0.50026099999999996,0.20327799999999999,0.0093170000000000006,709961,0.10408199999999999,0.13939799999999999,0.46486899999999998,0.26721299999999998,0.024438000000000001,394967,0.116539,0.15726100000000001,0.48643799999999998,0.22350200000000001,0.01626,287724,0.12965599999999999,0.17125799999999999,0.48936099999999999,0.199104,0.010621,147369,0.116239,0.13289100000000001,0.49354999999999999,0.234764,0.022556
34338,5746060,3194721,0.12202499999999999,0.16478200000000001,0.49792199999999998,0.206123,0.0091479999999999999,1011184,0.12015199999999999,0.166986,0.50025600000000003,0.203288,0.0093170000000000006,710010,0.10412,0.13938400000000001,0.46482200000000001,0.26723000000000002,0.024445000000000001,395006,0.116482,0.15725800000000001,0.48649900000000001,0.22348999999999999,0.016271000000000001,287720,0.12970200000000001,0.171267,0.48933300000000002,0.19908899999999999,0.010607999999999999,147419,0.11624,0.13300200000000001,0.493593,0.23461000000000001,0.022554999999999999
34339,5746294,3194860,0.122026,0.164767,0.49792999999999998,0.206125,0.0091529999999999997,1011202,0.120147,0.166993,0.50025500000000001,0.20328199999999999,0.0093229999999999997,710059,0.10408299999999999,0.13938400000000001,0.46484999999999999,0.26722699999999999,0.024455999999999999,395006,0.116451,0.157276,0.48647099999999999,0.22351099999999999,0.016291,287713,0.12972,0.17130999999999999,0.48926500000000001,0.19909399999999999,0.010611000000000001,147454,0.11626,0.13316,0.49338100000000001,0.234622,0.022577
34340,5746506,3194945,0.12202200000000001,0.16476199999999999,0.49793300000000001,0.206123,0.0091590000000000005,1011253,0.12013699999999999,0.16698299999999999,0.50025900000000001,0.203291,0.0093299999999999998,710094,0.104071,0.13939299999999999,0.464806,0.26727600000000001,0.024455000000000001,395026,0.116451,0.15729599999999999,0.48650199999999999,0.223444,0.016308,287744,0.12967799999999999,0.171295,0.48927199999999998,0.19914899999999999,0.010607,147444,0.11637,0.13316900000000001,0.49317,0.23469200000000001,0.022598
34341,5746715,3195098,0.12202300000000001,0.16476099999999999,0.497919,0.206127,0.0091710000000000003,1011284,0.12013799999999999,0.16698299999999999,0.50024000000000002,0.20329700000000001,0.0093419999999999996,710083,0.10406,0.13941300000000001,0.46478700000000001,0.267262,0.024479000000000001,395097,0.116384,0.15728,0.48656700000000003,0.223467,0.016302000000000001,287720,0.129692,0.17128099999999999,0.489288,0.19911000000000001,0.010628,147433,0.116365,0.13313800000000001,0.49322100000000002,0.23470299999999999,0.022572999999999999
34342,5746938,3195242,0.122034,0.16476499999999999,0.49790099999999998,0.206126,0.0091739999999999999,1011324,0.120141,0.166961,0.50023600000000001,0.20332,0.0093419999999999996,710106,0.104051,0.139405,0.464756,0.26728299999999999,0.024506,395105,0.116318,0.15728200000000001,0.48660700000000001,0.22347500000000001,0.016317000000000002,287734,0.12967500000000001,0.17130100000000001,0.48925000000000002,0.19913500000000001,0.010638,147427,0.11630799999999999,0.133157,0.49326799999999998,0.23469899999999999,0.022567
34343,5747152,3195384,0.122019,0.16477900000000001,0.49788900000000003,0.20613300000000001,0.0091809999999999999,1011415,0.12014,0.16694400000000001,0.50022599999999995,0.20334099999999999,0.0093489999999999997,710098,0.104014,0.13941000000000001,0.46480100000000002,0.26724599999999998,0.024528999999999999,395092,0.11632000000000001,0.157194,0.48662100000000003,0.22353999999999999,0.016324999999999999,287727,0.12975100000000001,0.17128699999999999,0.48920999999999998,0.199102,0.010649,147436,0.116301,0.13321,0.49321700000000002,0.234685,0.022585999999999998
34344,5747342,3195535,0.122018,0.16477,0.49787799999999999,0.206146,0.0091889999999999993,1011442,0.12012100000000001,0.16694500000000001,0.50022599999999995,0.203351,0.0093570000000000007,710152,0.103989,0.139459,0.46476099999999998,0.26725100000000002,0.024539999999999999,395063,0.116331,0.15722,0.486593,0.22350600000000001,0.016348999999999999,287726,0.12973799999999999,0.17129800000000001,0.48919800000000002,0.19911999999999999,0.010645999999999999,147424,0.11627,0.13317399999999999,0.49327799999999999,0.23466999999999999,0.022608
34345,5747586,3195720,0.12202,0.164769,0.49787500000000001,0.20614399999999999,0.0091909999999999995,1011498,0.12012200000000001,0.166936,0.50018899999999999,0.20338700000000001,0.0093659999999999993,710193,0.10399799999999999,0.139433,0.46478199999999997,0.26723400000000003,0.024552000000000001,395035,0.116352,0.15718399999999999,0.48652699999999999,0.223575,0.016362999999999999,287713,0.12975400000000001,0.17133399999999999,0.489116,0.199132,0.010663000000000001,147427,0.116288,0.13329299999999999,0.49327500000000002,0.23455699999999999,0.022586999999999999
34346,5747821,3195903,0.122012,0.164773,0.49786200000000003,0.20616000000000001,0.0091920000000000005,1011520,0.120133,0.16692899999999999,0.50018600000000002,0.20337,0.0093819999999999997,710127,0.103991,0.139436,0.46479300000000001,0.26721600000000001,0.024565,395104,0.116372,0.15717600000000001,0.48650500000000002,0.22356899999999999,0.016378,287697,0.12976199999999999,0.17131199999999999,0.48917100000000002,0.19908400000000001,0.010671,147470,0.116295,0.133275,0.49308999999999997,0.23475299999999999,0.022588
34347,5748046,3195956,0.122004,0.16478400000000001,0.49783699999999997,0.206174,0.0092010000000000008,1011562,0.120142,0.16692499999999999,0.50017400000000001,0.20336899999999999,0.0093900000000000008,710186,0.10399700000000001,0.13942399999999999,0.46481800000000001,0.26718900000000001,0.024572,395114,0.116364,0.15720000000000001,0.48649300000000001,0.22356100000000001,0.016383000000000002,287736,0.12972,0.17133799999999999,0.48916700000000002,0.19911000000000001,0.010666,147492,0.11622300000000001,0.133275,0.493145,0.23475799999999999,0.022598
34348,5748275,3196095,0.12199,0.164802,0.49781999999999998,0.206178,0.0092099999999999994,1011562,0.120118,0.166939,0.50015900000000002,0.20338800000000001,0.0093950000000000006,710232,0.10399600000000001,0.139402,0.46483000000000002,0.26719700000000002,0.024575,395168,0.11638800000000001,0.15715100000000001,0.48645100000000002,0.22361900000000001,0.016389999999999998,287763,0.129749,0.17133499999999999,0.489097,0.19913600000000001,0.010682000000000001,147455,0.116273,0.133241,0.49312,0.234736,0.022630999999999998
34349,5748513,3196118,0.12198000000000001,0.164823,0.49778800000000001,0.20619399999999999,0.0092160000000000002,1011638,0.12012100000000001,0.16694400000000001,0.50013700000000005,0.2034,0.0093980000000000001,710227,0.10403,0.139406,0.46480500000000002,0.26718599999999998,0.024572,395185,0.11636100000000001,0.15710099999999999,0.48649900000000001,0.22362899999999999,0.016410000000000001,287819,0.12976599999999999,0.17130200000000001,0.48910900000000002,0.19914299999999999,0.01068,147526,0.11625099999999999,0.133163,0.49318099999999998,0.23472499999999999,0.022681
34350,5748767,3196265,0.121979,0.164822,0.49776999999999999,0.206204,0.0092250000000000006,1011672,0.120118,0.166937,0.50012599999999996,0.20340800000000001,0.0094120000000000002,710228,0.104016,0.13941700000000001,0.46481600000000001,0.26716600000000001,0.024584999999999999,395213,0.116355,0.15707199999999999,0.48655500000000002,0.22359299999999999,0.016424000000000001,287822,0.12975700000000001,0.171318,0.48904900000000001,0.199182,0.010694,147567,0.116246,0.13316,0.49330800000000002,0.23463200000000001,0.022654000000000001
34351,5748986,3196346,0.121979,0.16481000000000001,0.497778,0.206205,0.0092289999999999994,1011712,0.12010800000000001,0.16694100000000001,0.50012299999999998,0.20341400000000001,0.0094149999999999998,710319,0.104022,0.13938200000000001,0.46480500000000002,0.26719100000000001,0.024598999999999999,395219,0.11633300000000001,0.157161,0.48646400000000001,0.223605,0.016435999999999999,287803,0.12978300000000001,0.17124600000000001,0.48914000000000002,0.19914299999999999,0.010688,147587,0.11622300000000001,0.133189,0.493174,0.23474300000000001,0.022671
34352,5749183,3196499,0.12196899999999999,0.16481399999999999,0.49777399999999999,0.206209,0.0092339999999999992,1011754,0.120097,0.166933,0.50013300000000005,0.20342099999999999,0.0094149999999999998,710276,0.104,0.139375,0.46481499999999998,0.26720899999999997,0.0246,395290,0.116325,0.157163,0.48646099999999998,0.22359799999999999,0.016454,287802,0.129773,0.17122899999999999,0.48911399999999999,0.199182,0.010702,147562,0.11623600000000001,0.133164,0.493149,0.23477600000000001,0.022675000000000001
34353,5749401,3196668,0.12196,0.164825,0.49775999999999998,0.20621200000000001,0.0092429999999999995,1011771,0.120078,0.166906,0.500166,0.20342499999999999,0.0094249999999999994,710348,0.104003,0.13936100000000001,0.46485799999999999,0.26717999999999997,0.024597999999999998,395240,0.116344,0.15715299999999999,0.48637799999999998,0.223662,0.016462999999999998,287827,0.129776,0.17124500000000001,0.48905100000000001,0.19922699999999999,0.010701,147547,0.116261,0.133158,0.49307699999999999,0.23483399999999999,0.022671
34354,5749584,3196722,0.121944,0.16483300000000001,0.49776100000000001,0.20621600000000001,0.009247,1011808,0.12008099999999999,0.166883,0.50015399999999999,0.20344599999999999,0.0094359999999999999,710406,0.10401199999999999,0.13938500000000001,0.46480199999999999,0.26718900000000001,0.024611000000000001,395200,0.11630799999999999,0.157138,0.48643999999999998,0.22364100000000001,0.016473000000000002,287857,0.12975900000000001,0.17120299999999999,0.48912099999999997,0.19919999999999999,0.010717000000000001,147591,0.116199,0.133267,0.49301800000000001,0.23480400000000001,0.022710999999999999
34355,5749810,3196692,0.12194199999999999,0.164821,0.49776500000000001,0.20621700000000001,0.0092549999999999993,1011840,0.120073,0.16689899999999999,0.50014000000000003,0.203454,0.0094330000000000004,710563,0.10402699999999999,0.139344,0.464779,0.26722299999999999,0.024625999999999999,395233,0.116316,0.157193,0.48639700000000002,0.22362000000000001,0.016473999999999999,287890,0.12975800000000001,0.17124900000000001,0.48909000000000002,0.199187,0.010716,147592,0.116212,0.13333400000000001,0.49299399999999999,0.23472100000000001,0.022738000000000001
34356,5750047,3196884,0.12194000000000001,0.16481999999999999,0.49775700000000001,0.20621500000000001,0.0092669999999999992,1011887,0.120073,0.16691,0.50012800000000002,0.20344499999999999,0.0094450000000000003,710556,0.104031,0.139294,0.46479900000000002,0.267258,0.024617,395208,0.116286,0.15721599999999999,0.486377,0.22364700000000001,0.016475,287932,0.129687,0.17127000000000001,0.48915700000000001,0.199158,0.010728,147580,0.11619500000000001,0.13334499999999999,0.49296000000000001,0.23475399999999999,0.022747
34357,5750286,3197049,0.121934,0.16483200000000001,0.497749,0.20621300000000001,0.0092720000000000007,1011908,0.120062,0.16689999999999999,0.50013799999999997,0.20344799999999999,0.0094509999999999993,710602,0.10399600000000001,0.139288,0.46483000000000002,0.267262,0.024624,395217,0.11627800000000001,0.15721499999999999,0.48626200000000003,0.22373999999999999,0.016504999999999999,287932,0.12969,0.17124200000000001,0.48920599999999997,0.19912299999999999,0.010739,147578,0.11616899999999999,0.13331299999999999,0.49305500000000002,0.23471700000000001,0.022747
34358,5750485,3197235,0.121943,0.16481699999999999,0.49775399999999997,0.206206,0.0092800000000000001,1011920,0.120074,0.16690199999999999,0.50011799999999995,0.20344899999999999,0.0094579999999999994,710548,0.10394399999999999,0.13933899999999999,0.46481299999999998,0.26726299999999997,0.024642000000000001,395245,0.116191,0.15719900000000001,0.48632900000000001,0.223775,0.016506,287937,0.12966,0.17118700000000001,0.48922900000000002,0.199186,0.010737999999999999,147600,0.116145,0.13336700000000001,0.49305599999999999,0.234648,0.022785
34359,5750716,3197331,0.121936,0.16481799999999999,0.49773899999999999,0.20622099999999999,0.0092860000000000009,1011978,0.120078,0.166903,0.50011700000000003,0.20343,0.0094730000000000005,710523,0.103921,0.139319,0.46483799999999997,0.26725900000000002,0.024663999999999998,395327,0.11619,0.157247,0.48625099999999999,0.22381999999999999,0.016493000000000001,287954,0.129639,0.171152,0.48928300000000002,0.199181,0.010744999999999999,147603,0.116122,0.13337099999999999,0.49316700000000002,0.23454800000000001,0.022790999999999999
34360,5750945,3197495,0.12193,0.16481199999999999,0.497728,0.206237,0.0092929999999999992,1012017,0.120055,0.16692000000000001,0.50010600000000005,0.203432,0.0094859999999999996,710603,0.10394,0.13936999999999999,0.46485399999999999,0.26717600000000002,0.024659,395301,0.11616700000000001,0.157194,0.48630000000000001,0.223829,0.016508999999999999,287939,0.12967000000000001,0.171179,0.48921100000000001,0.19919500000000001,0.010744999999999999,147590,0.116119,0.133295,0.49313000000000001,0.23465,0.022806
34361,5751136,3197590,0.121929,0.16480400000000001,0.497728,0.20624200000000001,0.0092960000000000004,1012026,0.120055,0.16691500000000001,0.50010699999999997,0.20343,0.0094940000000000007,710652,0.103921,0.139352,0.46490100000000001,0.26714900000000003,0.024676,395329,0.116093,0.157272,0.48629600000000001,0.22382099999999999,0.016518000000000001,287942,0.12968199999999999,0.17114599999999999,0.48919200000000002,0.19922799999999999,0.010751999999999999,147597,0.11614099999999999,0.13333600000000001,0.49301800000000001,0.23469999999999999,0.022804999999999999
34362,5751341,3197763,0.121903,0.16481199999999999,0.49772100000000002,0.206257,0.0093069999999999993,1012071,0.120042,0.16691900000000001,0.50009000000000003,0.20345199999999999,0.0094959999999999992,710707,0.10392700000000001,0.13935800000000001,0.46487699999999998,0.26716800000000002,0.024670000000000001,395280,0.11613999999999999,0.15726599999999999,0.48633599999999999,0.223743,0.016514999999999998,287957,0.12970000000000001,0.171178,0.48919800000000002,0.19917199999999999,0.010751999999999999,147563,0.116242,0.13338,0.49294199999999999,0.23461199999999999,0.022824000000000001
34363,5751580,3197910,0.121905,0.16481299999999999,0.49769600000000003,0.20627400000000001,0.0093109999999999998,1012094,0.120048,0.16692499999999999,0.50008600000000003,0.20344499999999999,0.0094959999999999992,710653,0.103923,0.139379,0.464868,0.26713900000000002,0.024691000000000001,395353,0.116129,0.157254,0.48632700000000001,0.22375200000000001,0.016537,287979,0.129662,0.171207,0.48917500000000003,0.19920199999999999,0.010754,147591,0.116213,0.13330800000000001,0.49309900000000001,0.23455400000000001,0.022827
34364,5751743,3197995,0.121893,0.164822,0.49769000000000002,0.20627799999999999,0.0093170000000000006,1012127,0.120042,0.16692399999999999,0.50007199999999996,0.203458,0.0095049999999999996,710694,0.103917,0.13933999999999999,0.46492,0.26711600000000002,0.024707,395362,0.116073,0.157281,0.486294,0.22381999999999999,0.016532000000000002,287971,0.12959999999999999,0.17121900000000001,0.48919899999999999,0.19921800000000001,0.010765,147594,0.116326,0.133183,0.49318400000000001,0.234488,0.022818999999999999
34365,5751952,3198208,0.12188499999999999,0.164825,0.49768099999999998,0.206288,0.0093209999999999994,1012178,0.12004099999999999,0.16691700000000001,0.50009700000000001,0.203435,0.0095099999999999994,710667,0.10391499999999999,0.13933100000000001,0.46493099999999998,0.2671,0.024722999999999998,395364,0.116032,0.15729299999999999,0.48622300000000002,0.22387699999999999,0.016574999999999999,287951,0.12958500000000001,0.171178,0.489236,0.19922100000000001,0.01078,147584,0.116354,0.13312399999999999,0.49329200000000001,0.234429,0.022800999999999998
34366,5752227,3198415,0.121891,0.16480900000000001,0.49767699999999998,0.20629600000000001,0.0093259999999999992,1012163,0.12003,0.16692100000000001,0.50009300000000001,0.20343900000000001,0.0095169999999999994,710630,0.10385999999999999,0.13934299999999999,0.46487800000000001,0.26720100000000002,0.024719000000000001,395421,0.116094,0.15728600000000001,0.48622599999999999,0.22381999999999999,0.016574999999999999,288005,0.12959499999999999,0.17119799999999999,0.489255,0.19917000000000001,0.010781000000000001,147593,0.11630600000000001,0.13327900000000001,0.49315999999999999,0.23444899999999999,0.022806
34367,5752425,3198578,0.121888,0.164798,0.497693,0.206288,0.009332,1012183,0.120031,0.166905,0.50008900000000001,0.20345099999999999,0.0095239999999999995,710644,0.103865,0.13936799999999999,0.46482200000000001,0.26721,0.024735,395435,0.116082,0.15734300000000001,0.48614600000000002,0.22384699999999999,0.016582,288030,0.129525,0.17118700000000001,0.48929299999999998,0.199208,0.010787,147555,0.116275,0.13331999999999999,0.49313099999999999,0.23446900000000001,0.022804999999999999
34368,5752663,3198703,0.12187099999999999,0.16480900000000001,0.49768800000000002,0.20629500000000001,0.0093360000000000005,1012216,0.120035,0.166905,0.50007199999999996,0.203463,0.0095250000000000005,710669,0.103882,0.13938600000000001,0.46476499999999998,0.26722400000000002,0.024743000000000001,395442,0.11605699999999999,0.1573,0.48617199999999999,0.22387599999999999,0.016594000000000001,288074,0.12953999999999999,0.17116400000000001,0.48929400000000001,0.19919500000000001,0.010806,147559,0.116326,0.13316700000000001,0.49337599999999998,0.23432700000000001,0.022804000000000001
34369,5752904,3198837,0.121875,0.16481000000000001,0.497672,0.20630499999999999,0.0093390000000000001,1012248,0.12001100000000001,0.166907,0.50008300000000006,0.203462,0.0095370000000000003,710748,0.10387200000000001,0.139431,0.46476800000000001,0.26717600000000002,0.024753000000000001,395454,0.11601300000000001,0.15732299999999999,0.48610700000000001,0.22395300000000001,0.016604000000000001,288052,0.129522,0.17113600000000001,0.48936000000000002,0.199152,0.010831,147565,0.11630799999999999,0.13312099999999999,0.49340299999999998,0.23433100000000001,0.022837
34370,5753167,3198920,0.121863,0.16481299999999999,0.49767499999999998,0.20630499999999999,0.0093439999999999999,1012297,0.120023,0.166903,0.50007999999999997,0.203457,0.0095379999999999996,710882,0.103877,0.13943900000000001,0.46473399999999998,0.26719100000000001,0.024759,395382,0.116073,0.15731400000000001,0.48602600000000001,0.223963,0.016624,288098,0.12951099999999999,0.171122,0.489313,0.199189,0.010864,147588,0.11626300000000001,0.13309299999999999,0.49344100000000002,0.23436199999999999,0.022841
34371,5753377,3199045,0.121846,0.16480800000000001,0.49767800000000001,0.206316,0.0093519999999999992,1012341,0.120006,0.166912,0.50008600000000003,0.20345199999999999,0.0095429999999999994,710914,0.10391300000000001,0.13942499999999999,0.46472999999999998,0.26716200000000001,0.024771000000000001,395397,0.116091,0.157356,0.48597200000000002,0.22395200000000001,0.016629000000000001,288106,0.129584,0.17107900000000001,0.48935099999999998,0.19910700000000001,0.010878000000000001,147574,0.116274,0.13308600000000001,0.49327799999999999,0.23453299999999999,0.022828999999999999
34372,5753627,3199153,0.121846,0.164795,0.49768299999999999,0.206316,0.0093600000000000003,1012372,0.12001199999999999,0.16691900000000001,0.50007299999999999,0.20344799999999999,0.0095479999999999992,710970,0.103931,0.13941500000000001,0.46466400000000002,0.26720100000000002,0.024788999999999999,395405,0.116061,0.15740799999999999,0.485952,0.223943,0.016636000000000001,288158,0.129578,0.17110400000000001,0.48933599999999999,0.199096,0.010886,147569,0.116142,0.133212,0.493315,0.234514,0.022815999999999999
34373,5753848,3199270,0.121839,0.16480800000000001,0.49768000000000001,0.20630899999999999,0.0093650000000000001,1012409,0.120017,0.16689999999999999,0.50006600000000001,0.20346500000000001,0.0095519999999999997,710989,0.10391,0.139403,0.46466099999999999,0.26722899999999999,0.024795999999999999,395401,0.11608499999999999,0.15738199999999999,0.485927,0.22395999999999999,0.016646000000000001,288199,0.129608,0.17108999999999999,0.48932199999999998,0.199102,0.010878000000000001,147580,0.11608599999999999,0.13317499999999999,0.49334600000000001,0.23456399999999999,0.022828000000000001
34374,5754087,3199309,0.121835,0.164796,0.49768200000000001,0.206315,0.0093710000000000009,1012475,0.120023,0.16690099999999999,0.50007400000000002,0.20344999999999999,0.0095530000000000007,711048,0.10391400000000001,0.139435,0.46461599999999997,0.26723400000000003,0.024801,395415,0.11602999999999999,0.157447,0.48588399999999998,0.224,0.016638,288247,0.129639,0.17102700000000001,0.489344,0.199104,0.010886,147593,0.116117,0.133191,0.49331599999999998,0.234544,0.022832999999999999
34375,5754312,3199464,0.121836,0.164799,0.497672,0.206314,0.0093790000000000002,1012509,0.12001000000000001,0.166905,0.50006899999999999,0.203461,0.0095549999999999993,711087,0.10389900000000001,0.13944000000000001,0.46463900000000002,0.26722200000000002,0.024799999999999999,395419,0.11604100000000001,0.15742500000000001,0.48584699999999997,0.22403799999999999,0.016648,288252,0.12960199999999999,0.171073,0.48932900000000001,0.1991,0.010897,147581,0.116119,0.133161,0.49332199999999998,0.23454900000000001,0.022848
34376,5754512,3199632,0.121834,0.164799,0.49766300000000002,0.206317,0.0093869999999999995,1012536,0.11999600000000001,0.166905,0.50008200000000003,0.203455,0.0095619999999999993,711038,0.10391300000000001,0.13946500000000001,0.46459499999999998,0.26720899999999997,0.024816999999999999,395454,0.116026,0.157411,0.48580400000000001,0.22411200000000001,0.016646999999999999,288256,0.12951299999999999,0.17110800000000001,0.48933599999999999,0.199132,0.01091,147596,0.116067,0.133188,0.49338100000000001,0.23452500000000001,0.022839000000000002
34377,5754760,3199772,0.12183099999999999,0.164795,0.49765599999999999,0.20632500000000001,0.0093930000000000003,1012610,0.12,0.16689300000000001,0.50008399999999997,0.20345099999999999,0.0095709999999999996,711038,0.103907,0.13946700000000001,0.464584,0.26720899999999997,0.024833000000000001,395469,0.116012,0.15743599999999999,0.48586099999999999,0.224025,0.016666,288232,0.12950700000000001,0.17113300000000001,0.48926599999999998,0.19918,0.010914999999999999,147639,0.116047,0.133244,0.49326399999999998,0.234599,0.022846000000000002
34378,5755019,3199962,0.121833,0.16478799999999999,0.49765199999999998,0.20633199999999999,0.0093950000000000006,1012659,0.11999799999999999,0.16689000000000001,0.50007599999999996,0.203456,0.00958,711085,0.103906,0.139435,0.46459699999999998,0.26721099999999998,0.024851000000000002,395518,0.116005,0.15751999999999999,0.48581600000000003,0.223992,0.016667000000000001,288193,0.12951399999999999,0.17116300000000001,0.48918600000000001,0.199186,0.010951000000000001,147602,0.116103,0.13325000000000001,0.49313699999999999,0.23464499999999999,0.022866000000000001
34379,5755234,3200118,0.12182999999999999,0.16478999999999999,0.49764700000000001,0.20633099999999999,0.0094020000000000006,1012693,0.119975,0.16689300000000001,0.50007100000000004,0.203483,0.0095779999999999997,711102,0.103882,0.13942599999999999,0.46460800000000002,0.267237,0.024846,395510,0.11601,0.15751100000000001,0.48569899999999999,0.22408800000000001,0.016691999999999999,288225,0.12953100000000001,0.17111299999999999,0.489284,0.19911499999999999,0.010957,147586,0.116081,0.13329199999999999,0.49301400000000001,0.234711,0.022901999999999999
34380,5755516,3200254,0.121834,0.16478200000000001,0.49762499999999998,0.206347,0.0094109999999999992,1012761,0.11998,0.166876,0.500081,0.203481,0.0095809999999999992,711125,0.10385800000000001,0.139434,0.46460000000000001,0.26724599999999998,0.024861999999999999,395514,0.116052,0.157552,0.48571199999999998,0.22400500000000001,0.01668,288278,0.129497,0.17113,0.48925999999999997,0.19914799999999999,0.010965000000000001,147584,0.11611,0.13325999999999999,0.49300699999999997,0.234707,0.022915999999999999
34381,5755727,3200247,0.121836,0.164772,0.49762200000000001,0.20635700000000001,0.0094149999999999998,1012824,0.119966,0.16689899999999999,0.50003399999999998,0.20352100000000001,0.0095809999999999992,711196,0.103879,0.13945399999999999,0.46456700000000001,0.26722200000000002,0.024878999999999998,395562,0.116045,0.15756800000000001,0.48571900000000001,0.223995,0.016671999999999999,288293,0.12945200000000001,0.171097,0.48927999999999999,0.19921700000000001,0.010954,147605,0.11609999999999999,0.133214,0.49311300000000002,0.23463999999999999,0.022932999999999999
34382,5755960,3200394,0.121839,0.164774,0.497612,0.20635500000000001,0.0094199999999999996,1012871,0.11996900000000001,0.16689899999999999,0.50002000000000002,0.20353199999999999,0.00958,711167,0.103876,0.13943,0.46457199999999998,0.26724500000000001,0.024877,395618,0.116024,0.157559,0.48575400000000002,0.22397400000000001,0.01669,288315,0.129442,0.17113900000000001,0.48920799999999998,0.19924,0.010971,147595,0.116088,0.13322300000000001,0.49315399999999998,0.234601,0.022934
34383,5756155,3200453,0.12182800000000001,0.16476499999999999,0.49762099999999998,0.20636199999999999,0.0094230000000000008,1012954,0.119952,0.166908,0.500004,0.20354900000000001,0.009587,711186,0.103865,0.13944699999999999,0.46456199999999997,0.26724500000000001,0.024881,395667,0.116037,0.157587,0.48570600000000003,0.22396099999999999,0.016708000000000001,288311,0.12942600000000001,0.17119000000000001,0.48916300000000001,0.19924700000000001,0.010973999999999999,147584,0.11608300000000001,0.133212,0.493062,0.23467299999999999,0.022970000000000001
34384,5756360,3200651,0.121824,0.16475600000000001,0.49761499999999997,0.20637800000000001,0.0094269999999999996,1012997,0.119949,0.166906,0.50000999999999995,0.203543,0.0095919999999999998,711123,0.103875,0.139484,0.46451900000000002,0.26722200000000002,0.024899999999999999,395659,0.116065,0.157555,0.485678,0.22397600000000001,0.016726999999999999,288338,0.12939300000000001,0.17120199999999999,0.48910999999999999,0.199325,0.010970000000000001,147592,0.11605600000000001,0.13317100000000001,0.49313000000000001,0.23468800000000001,0.022955
34385,5756586,3200785,0.121819,0.16475300000000001,0.49760399999999999,0.20639199999999999,0.0094330000000000004,1013007,0.11995,0.16689799999999999,0.50001399999999996,0.203543,0.0095949999999999994,711131,0.103853,0.139489,0.46451399999999998,0.267231,0.024913999999999999,395725,0.11608599999999999,0.15756400000000001,0.48572599999999999,0.22389000000000001,0.016733999999999999,288310,0.12937100000000001,0.17117299999999999,0.48910500000000001,0.199379,0.010971,147628,0.116164,0.133213,0.49303000000000002,0.23464399999999999,0.022950000000000002
34386,5756780,3200900,0.121806,0.16475000000000001,0.49761,0.20639199999999999,0.0094420000000000007,1013015,0.119934,0.16688900000000001,0.50002400000000002,0.20356099999999999,0.0095919999999999998,711148,0.103843,0.139517,0.46446999999999999,0.26724399999999998,0.024926,395757,0.116033,0.15762200000000001,0.48576799999999998,0.223857,0.016719999999999999,288344,0.129328,0.17117099999999999,0.489089,0.19942799999999999,0.010983,147616,0.116261,0.13317699999999999,0.49287999999999998,0.23469699999999999,0.022984999999999998
34387,5757022,3201069,0.121792,0.16475100000000001,0.49760199999999999,0.20640800000000001,0.0094479999999999998,1013050,0.11991300000000001,0.16689499999999999,0.50003500000000001,0.20355400000000001,0.0096039999999999997,711158,0.10385999999999999,0.13948099999999999,0.46446799999999999,0.26724999999999999,0.024941000000000001,395731,0.116079,0.15765299999999999,0.48580200000000001,0.22375,0.016716000000000002,288347,0.12933700000000001,0.171235,0.48898000000000003,0.199458,0.01099,147667,0.116275,0.13314400000000001,0.49283900000000003,0.234738,0.023004
34388,5757237,3201179,0.121783,0.164745,0.49760599999999999,0.20641200000000001,0.0094540000000000006,1013070,0.11991,0.16689799999999999,0.50001899999999999,0.20355999999999999,0.009613,711236,0.103894,0.139488,0.46440700000000001,0.26726699999999998,0.024944000000000001,395708,0.11606,0.15762599999999999,0.48584300000000002,0.22373799999999999,0.016732,288379,0.12933,0.171205,0.48897499999999999,0.19948099999999999,0.011010000000000001,147665,0.116121,0.133268,0.49274400000000002,0.234849,0.023018
34389,5757451,3201282,0.121779,0.164746,0.49760100000000002,0.20641599999999999,0.0094579999999999994,1013059,0.119921,0.166876,0.50003399999999998,0.20355400000000001,0.0096150000000000003,711318,0.103876,0.13946900000000001,0.46438299999999999,0.267318,0.024954,395732,0.115983,0.15768799999999999,0.485821,0.22376499999999999,0.016743999999999998,288397,0.12930800000000001,0.171181,0.48901299999999998,0.19947799999999999,0.01102,147663,0.11615,0.13344600000000001,0.49261500000000003,0.234737,0.023052
34390,5757654,3201470,0.121763,0.16474800000000001,0.49759599999999998,0.206426,0.0094660000000000005,1013105,0.119926,0.16688,0.50002100000000005,0.20355000000000001,0.0096220000000000003,711296,0.10388600000000001,0.139485,0.464368,0.26730500000000001,0.024955999999999999,395767,0.116025,0.157605,0.48583399999999999,0.22379599999999999,0.016740000000000001,288391,0.129217,0.17124700000000001,0.48901699999999998,0.19948299999999999,0.011037,147625,0.11615200000000001,0.13352800000000001,0.49254500000000001,0.23466899999999999,0.023106000000000002
34391,5757889,3201537,0.121764,0.164739,0.49760199999999999,0.206428,0.0094660000000000005,1013162,0.119938,0.166882,0.49998999999999999,0.20356099999999999,0.0096279999999999994,711367,0.103865,0.13952000000000001,0.46435199999999999,0.26729399999999998,0.024969000000000002,395789,0.116019,0.15761900000000001,0.48575400000000002,0.22386700000000001,0.016740999999999999,288404,0.12920799999999999,0.17121500000000001,0.48901899999999998,0.199494,0.011063999999999999,147630,0.116101,0.13348199999999999,0.49264400000000003,0.23464099999999999,0.023132
34392,5758129,3201663,0.121766,0.16473199999999999,0.49760500000000002,0.206423,0.0094750000000000008,1013205,0.11992899999999999,0.16686500000000001,0.49997799999999998,0.20358999999999999,0.009639,711448,0.10385,0.13952400000000001,0.46435399999999999,0.267289,0.024983000000000002,395761,0.11602700000000001,0.157613,0.48575000000000002,0.22387799999999999,0.016732,288427,0.12923499999999999,0.17116300000000001,0.48906300000000003,0.19947200000000001,0.011067,147625,0.11607099999999999,0.13358200000000001,0.49257899999999999,0.23461499999999999,0.023153
34393,5758370,3201788,0.12175800000000001,0.16473199999999999,0.49759900000000001,0.20643,0.0094820000000000008,1013231,0.119934,0.166851,0.49996000000000002,0.20360600000000001,0.0096480000000000003,711518,0.103812,0.13954,0.46433400000000002,0.26732600000000001,0.024989000000000001,395766,0.11611200000000001,0.15754299999999999,0.48582199999999998,0.223774,0.016750000000000001,288445,0.12922400000000001,0.17115900000000001,0.48904999999999998,0.19948299999999999,0.011084,147622,0.116019,0.13363900000000001,0.492616,0.234572,0.023154000000000001
34394,5758562,3201913,0.12175800000000001,0.16472600000000001,0.49758799999999997,0.20644000000000001,0.0094879999999999999,1013251,0.11991599999999999,0.16687099999999999,0.49992500000000001,0.20363600000000001,0.0096530000000000001,711598,0.10381700000000001,0.13955500000000001,0.46431099999999997,0.26731700000000003,0.025000000000000001,395734,0.116078,0.15756300000000001,0.48587200000000003,0.22372900000000001,0.016759,288466,0.12917600000000001,0.17116700000000001,0.48904199999999998,0.19952400000000001,0.011089999999999999,147600,0.115996,0.13365199999999999,0.49266300000000002,0.234539,0.02315
34395,5758790,3202114,0.12175999999999999,0.164719,0.49757000000000001,0.20646100000000001,0.0094900000000000002,1013305,0.119897,0.16688,0.49992999999999999,0.20363500000000001,0.0096579999999999999,711576,0.103824,0.13955600000000001,0.46435900000000002,0.26725599999999999,0.025003999999999998,395725,0.11607099999999999,0.15754399999999999,0.48583199999999999,0.22378700000000001,0.016767000000000001,288456,0.12915299999999999,0.171149,0.48903799999999997,0.19955600000000001,0.011103999999999999,147614,0.115978,0.13369300000000001,0.49266300000000002,0.23455100000000001,0.023113999999999999
34396,5759023,3202258,0.121754,0.16472700000000001,0.49755199999999999,0.20647399999999999,0.0094929999999999997,1013334,0.119903,0.16687099999999999,0.49992199999999998,0.20364199999999999,0.0096620000000000004,711611,0.1038,0.13955000000000001,0.46441500000000002,0.26722499999999999,0.025010999999999999,395753,0.116062,0.15748999999999999,0.48589399999999999,0.22378400000000001,0.016771000000000001,288425,0.129167,0.17114299999999999,0.48905300000000002,0.199515,0.011122,147642,0.115956,0.13377,0.492475,0.23464199999999999,0.023157000000000001
34397,5759230,3202427,0.121749,0.16472600000000001,0.49753999999999998,0.20649100000000001,0.009495,1013396,0.119855,0.16689399999999999,0.49992999999999999,0.20365,0.0096699999999999998,711578,0.103812,0.13953599999999999,0.46446599999999999,0.26717400000000002,0.025012,395769,0.116096,0.157476,0.48584899999999998,0.2238,0.01678,288434,0.129163,0.171093,0.48910700000000001,0.19950799999999999,0.011129,147626,0.116003,0.133906,0.49216300000000002,0.23472199999999999,0.023206999999999998
34398,5759467,3202604,0.12173,0.164718,0.49753900000000001,0.206514,0.0094990000000000005,1013435,0.119847,0.16691400000000001,0.49993199999999999,0.20363300000000001,0.0096740000000000003,711510,0.10382,0.139547,0.46442899999999998,0.26718199999999998,0.025021000000000002,395817,0.116165,0.15746199999999999,0.48586299999999999,0.22372500000000001,0.016785999999999999,288460,0.12914400000000001,0.17111899999999999,0.48903099999999999,0.199574,0.011132,147641,0.115964,0.133879,0.492336,0.23461000000000001,0.023212
34399,5759681,3202778,0.121728,0.16470499999999999,0.49753799999999998,0.20652599999999999,0.0095029999999999993,1013448,0.11981899999999999,0.16691900000000001,0.49991999999999998,0.20366699999999999,0.0096749999999999996,711433,0.103841,0.13953399999999999,0.464391,0.267204,0.02503,395907,0.11609999999999999,0.15746599999999999,0.48593199999999998,0.22370200000000001,0.016799000000000001,288468,0.12920000000000001,0.17113200000000001,0.48902099999999998,0.19952300000000001,0.011124,147647,0.11590499999999999,0.133988,0.49227500000000002,0.2346,0.023231000000000002
34400,5759876,3202878,0.12171700000000001,0.16469700000000001,0.49753799999999998,0.206543,0.0095060000000000006,1013519,0.119826,0.16691800000000001,0.49991099999999999,0.20366899999999999,0.0096760000000000006,711407,0.10383199999999999,0.139547,0.46437,0.26720300000000002,0.025048000000000001,395898,0.116116,0.15743399999999999,0.48599100000000001,0.223661,0.016796999999999999,288451,0.129166,0.17113500000000001,0.489033,0.199521,0.011146,147723,0.115838,0.13405500000000001,0.49225200000000002,0.234601,0.023252999999999999
34401,5760091,3203029,0.12171,0.16469600000000001,0.49753199999999997,0.20654800000000001,0.0095139999999999999,1013563,0.119829,0.16691900000000001,0.49990099999999998,0.20367099999999999,0.0096810000000000004,711393,0.10384,0.13952800000000001,0.46439599999999998,0.26717000000000002,0.025066000000000001,395917,0.11605500000000001,0.157475,0.486016,0.22365299999999999,0.016802000000000001,288478,0.12914,0.17107,0.48907,0.19957800000000001,0.011141,147711,0.115828,0.134127,0.492116,0.234654,0.023275000000000001
34402,5760277,3203134,0.121697,0.164682,0.49752800000000003,0.20657400000000001,0.0095200000000000007,1013568,0.119811,0.166934,0.49991000000000002,0.20365900000000001,0.0096860000000000002,711388,0.103824,0.13954800000000001,0.46442699999999998,0.26712799999999998,0.025072000000000001,395971,0.116087,0.15746099999999999,0.48600300000000002,0.22362199999999999,0.016827000000000002,288506,0.129134,0.17106399999999999,0.48906100000000002,0.19955600000000001,0.011185,147710,0.115896,0.13427700000000001,0.49186200000000002,0.234676,0.023289000000000001
34403,5760465,3203269,0.121699,0.16469,0.497506,0.20658099999999999,0.0095239999999999995,1013575,0.11978900000000001,0.16691900000000001,0.49991400000000003,0.20368700000000001,0.009691,711404,0.103812,0.13952800000000001,0.46446999999999999,0.26710400000000001,0.025086000000000001,395971,0.116087,0.15743099999999999,0.48607600000000001,0.22356400000000001,0.016841999999999999,288501,0.12909100000000001,0.171122,0.48903799999999997,0.199569,0.011178,147745,0.11580799999999999,0.13423099999999999,0.49188100000000001,0.23475599999999999,0.023324000000000001
34404,5760677,3203316,0.12168,0.164684,0.497502,0.20660500000000001,0.0095289999999999993,1013618,0.119785,0.16692100000000001,0.49989499999999998,0.20369899999999999,0.0097000000000000003,711486,0.103843,0.13950799999999999,0.46449099999999999,0.26706200000000002,0.025094999999999999,395941,0.11608300000000001,0.157448,0.48609799999999997,0.22351799999999999,0.016854000000000001,288539,0.129109,0.171121,0.48900500000000002,0.19958100000000001,0.011183999999999999,147777,0.11593100000000001,0.13426299999999999,0.49180200000000002,0.23465800000000001,0.023345999999999999
34405,5760927,3203441,0.121671,0.164687,0.4975,0.20660800000000001,0.0095340000000000008,1013679,0.119806,0.166908,0.49987199999999998,0.203712,0.0097009999999999996,711561,0.103835,0.139519,0.46449600000000002,0.26705400000000001,0.025097000000000001,395901,0.11612,0.15746099999999999,0.486041,0.22353100000000001,0.016847999999999998,288539,0.12915099999999999,0.17108300000000001,0.48902200000000001,0.199547,0.011198,147806,0.115976,0.134216,0.49163800000000002,0.23477400000000001,0.023396
34406,5761213,3203616,0.121669,0.16469,0.49748700000000001,0.20661399999999999,0.0095399999999999999,1013704,0.11981600000000001,0.16689100000000001,0.49986999999999998,0.20371800000000001,0.0097050000000000001,711600,0.103862,0.13954,0.46447300000000002,0.26701799999999998,0.025107000000000001,395916,0.116105,0.15740699999999999,0.48605999999999999,0.22358500000000001,0.016841999999999999,288541,0.129164,0.17105000000000001,0.48904300000000001,0.19955200000000001,0.011191,147836,0.11602,0.134182,0.49157200000000001,0.23480100000000001,0.023425000000000001
34407,5761417,3203706,0.121667,0.164691,0.49748300000000001,0.20661299999999999,0.0095460000000000007,1013782,0.119826,0.16689100000000001,0.49984200000000001,0.20372699999999999,0.0097140000000000004,711615,0.10385,0.139542,0.46445199999999998,0.26704899999999998,0.025107999999999998,395866,0.11604200000000001,0.15742700000000001,0.48605599999999999,0.22362899999999999,0.016847000000000001,288573,0.12917699999999999,0.17103499999999999,0.48908200000000002,0.19952,0.011186,147875,0.11601,0.134134,0.491672,0.23477899999999999,0.023404999999999999
34408,5761672,3203816,0.12166,0.16469600000000001,0.497479,0.20661099999999999,0.009554,1013824,0.119799,0.166881,0.49988300000000002,0.20371800000000001,0.0097199999999999995,711654,0.103878,0.13952999999999999,0.46442800000000001,0.267044,0.02512,395914,0.116035,0.15743799999999999,0.48605300000000001,0.22364999999999999,0.016823999999999999,288569,0.129106,0.17107900000000001,0.48902000000000001,0.19960900000000001,0.011186,147895,0.115934,0.134217,0.49159199999999997,0.23483599999999999,0.023421999999999998
34409,5761945,3204021,0.121652,0.164688,0.49748300000000001,0.20661299999999999,0.0095630000000000003,1013850,0.11980499999999999,0.166881,0.49986000000000003,0.20372799999999999,0.0097260000000000003,711678,0.103898,0.13955600000000001,0.464422,0.26699699999999998,0.025127,395909,0.116004,0.157334,0.48611199999999999,0.223716,0.016834999999999999,288560,0.129134,0.171067,0.48901099999999997,0.19960800000000001,0.011180000000000001,147927,0.11604399999999999,0.13425500000000001,0.49147200000000002,0.23483899999999999,0.023390000000000001
34410,5762132,3204218,0.121651,0.164687,0.49746499999999999,0.20663000000000001,0.0095659999999999999,1013829,0.119778,0.16686799999999999,0.49988700000000003,0.203739,0.0097280000000000005,711724,0.103903,0.13953699999999999,0.464474,0.266955,0.025132000000000002,395856,0.115994,0.157335,0.486068,0.22373999999999999,0.016861999999999999,288597,0.12911400000000001,0.17113500000000001,0.48896600000000001,0.19961699999999999,0.011168000000000001,147908,0.115998,0.13430600000000001,0.49147400000000002,0.23485500000000001,0.023366000000000001
34411,5762351,3204300,0.12163,0.164691,0.49746499999999999,0.20664099999999999,0.0095720000000000006,1013857,0.119778,0.166876,0.499863,0.20374300000000001,0.0097400000000000004,711772,0.10392700000000001,0.139545,0.46441100000000002,0.26696999999999999,0.025146999999999999,395903,0.115993,0.157301,0.48611900000000002,0.22373699999999999,0.01685,288562,0.12912299999999999,0.1711,0.489014,0.199604,0.011159000000000001,147957,0.11591899999999999,0.134438,0.49138599999999999,0.234872,0.023385
34412,5762564,3204463,0.121631,0.16469300000000001,0.497444,0.206654,0.0095790000000000007,1013851,0.119764,0.166884,0.49987399999999999,0.203733,0.0097439999999999992,711734,0.103922,0.13952500000000001,0.46445900000000001,0.26694400000000001,0.025149999999999999,395963,0.11597300000000001,0.15725500000000001,0.48613899999999999,0.22376799999999999,0.016865000000000002,288582,0.12909699999999999,0.17113300000000001,0.48902200000000001,0.19956499999999999,0.011181999999999999,147971,0.115928,0.134357,0.49149500000000002,0.234789,0.023429999999999999
34413,5762812,3204664,0.12163499999999999,0.16469600000000001,0.49743100000000001,0.20665500000000001,0.0095840000000000005,1013872,0.11976199999999999,0.16688900000000001,0.49987999999999999,0.20371800000000001,0.0097520000000000003,711746,0.10394200000000001,0.139491,0.46446500000000002,0.26695099999999999,0.025152000000000001,395986,0.11598899999999999,0.157223,0.48616599999999999,0.22373299999999999,0.016889000000000001,288590,0.12912399999999999,0.17108400000000001,0.48900199999999999,0.19959499999999999,0.011195999999999999,147954,0.115881,0.13438,0.49147000000000002,0.234816,0.023453000000000002
34414,5763067,3204781,0.12163599999999999,0.16469500000000001,0.497415,0.20666200000000001,0.0095919999999999998,1013917,0.119758,0.16689399999999999,0.49986599999999998,0.20372699999999999,0.0097540000000000005,711819,0.103953,0.13949300000000001,0.464476,0.26691799999999999,0.025159000000000001,396004,0.116047,0.15715499999999999,0.48607800000000001,0.22380800000000001,0.016910999999999999,288583,0.12909599999999999,0.171098,0.48905500000000002,0.19956499999999999,0.011186,147963,0.11576500000000001,0.134405,0.49151499999999998,0.23482900000000001,0.023486
34415,5763318,3204912,0.121627,0.16470000000000001,0.49740200000000001,0.206677,0.0095940000000000001,1013946,0.119753,0.16689599999999999,0.49986000000000003,0.20372599999999999,0.0097649999999999994,711865,0.10394200000000001,0.13949600000000001,0.46447699999999997,0.26688299999999998,0.025201000000000001,396041,0.11606900000000001,0.15714500000000001,0.48608400000000002,0.2238,0.016902,288551,0.129111,0.17119000000000001,0.48897800000000002,0.19953799999999999,0.011183,148003,0.115673,0.134409,0.49163200000000001,0.23483999999999999,0.023445000000000001
34416,5763524,3205000,0.12163,0.16469700000000001,0.497396,0.206681,0.0095960000000000004,1013978,0.119755,0.16689399999999999,0.49983699999999998,0.20374700000000001,0.0097660000000000004,711924,0.10392999999999999,0.13950799999999999,0.46448200000000001,0.26687,0.025211000000000001,396102,0.116081,0.15714600000000001,0.48601899999999998,0.22383400000000001,0.016920000000000001,288563,0.12906699999999999,0.171183,0.48903000000000002,0.19953399999999999,0.011186,147957,0.115574,0.134384,0.49170399999999997,0.23485900000000001,0.023480000000000001
34417,5763750,3205239,0.121637,0.16469400000000001,0.49738199999999999,0.20668300000000001,0.0096030000000000004,1013995,0.119751,0.166878,0.499857,0.20374600000000001,0.0097689999999999999,711929,0.103925,0.139484,0.46451300000000001,0.26686100000000001,0.025217,396074,0.116009,0.157142,0.48603000000000002,0.223885,0.016934000000000001,288585,0.12910199999999999,0.171236,0.48896899999999999,0.199494,0.011199000000000001,147928,0.115604,0.13441,0.49155700000000002,0.23494499999999999,0.023484000000000001
34418,5763992,3205351,0.12163400000000001,0.16469300000000001,0.49736999999999998,0.20669000000000001,0.0096120000000000008,1014043,0.11976299999999999,0.166855,0.49984200000000001,0.203766,0.0097750000000000007,711907,0.103946,0.139518,0.46448899999999999,0.26682099999999997,0.025225000000000001,396140,0.11602700000000001,0.15717700000000001,0.48594900000000002,0.22390599999999999,0.016941000000000001,288598,0.129083,0.17125199999999999,0.48901600000000001,0.19944000000000001,0.011209,147953,0.11555,0.134185,0.491676,0.23510800000000001,0.023480000000000001
34419,5764191,3205484,0.12163,0.164687,0.49736999999999998,0.20669699999999999,0.0096170000000000005,1014070,0.11974899999999999,0.16683999999999999,0.49986799999999998,0.203767,0.009776,711955,0.103973,0.13952400000000001,0.464449,0.26682,0.025232999999999998,396132,0.116022,0.15717700000000001,0.48594900000000002,0.223908,0.016944000000000001,288592,0.12907099999999999,0.17125599999999999,0.48902899999999999,0.19943,0.011213000000000001,147958,0.115492,0.13416600000000001,0.49159199999999997,0.23524900000000001,0.0235
34420,5764400,3205663,0.12162199999999999,0.16469,0.49735200000000002,0.20671100000000001,0.0096249999999999999,1014118,0.11973300000000001,0.16683799999999999,0.49988700000000003,0.20375799999999999,0.0097850000000000003,711836,0.10395699999999999,0.13950399999999999,0.46448499999999998,0.266816,0.025239000000000001,396189,0.11602,0.15718299999999999,0.48592999999999997,0.22392599999999999,0.016941000000000001,288592,0.12911,0.17122100000000001,0.48902600000000002,0.19944799999999999,0.011195999999999999,148002,0.115478,0.134073,0.49170999999999998,0.23522699999999999,0.023512999999999999
34421,5764602,3205792,0.12160600000000001,0.16467200000000001,0.497361,0.206729,0.0096310000000000007,1014141,0.11973499999999999,0.166823,0.49989499999999998,0.20375799999999999,0.0097900000000000001,711901,0.103993,0.13950699999999999,0.46446900000000002,0.266789,0.025242000000000001,396217,0.116037,0.157169,0.48596099999999998,0.22387199999999999,0.016959999999999999,288576,0.12911,0.17122999999999999,0.48899799999999999,0.199459,0.011202999999999999,147975,0.11540499999999999,0.13413800000000001,0.491705,0.23526900000000001,0.023484000000000001
34422,5764787,3205917,0.12160600000000001,0.164659,0.49737500000000001,0.20672299999999999,0.0096360000000000005,1014113,0.119728,0.16683100000000001,0.49989499999999998,0.20374800000000001,0.0097990000000000004,711908,0.10401100000000001,0.13950299999999999,0.46443800000000002,0.266793,0.025256000000000001,396227,0.11598899999999999,0.15720799999999999,0.48591299999999998,0.22392699999999999,0.016962000000000001,288589,0.12911800000000001,0.171209,0.48901,0.19943900000000001,0.011224,148033,0.115326,0.134213,0.49155900000000002,0.235427,0.023473999999999998
34423,5764974,3206008,0.121587,0.164661,0.49737199999999998,0.206734,0.0096460000000000001,1014126,0.11972099999999999,0.16680400000000001,0.49992900000000001,0.20374200000000001,0.0098049999999999995,711929,0.104016,0.13953099999999999,0.46442800000000001,0.26677200000000001,0.025253000000000001,396264,0.115998,0.157163,0.48591600000000001,0.22395399999999999,0.016968,288597,0.129135,0.17121800000000001,0.48901099999999997,0.19939899999999999,0.011237,148050,0.11541999999999999,0.13431299999999999,0.49135400000000001,0.235461,0.023452000000000001
34424,5765227,3206124,0.12159399999999999,0.164659,0.49736999999999998,0.206728,0.0096489999999999996,1014166,0.11971,0.16680800000000001,0.49992399999999998,0.20374800000000001,0.0098099999999999993,711959,0.10399799999999999,0.139546,0.46437800000000001,0.26680500000000001,0.025274000000000001,396293,0.11595,0.157194,0.48598400000000003,0.223915,0.016957,288632,0.12915399999999999,0.17122499999999999,0.48891000000000001,0.199465,0.011246000000000001,148053,0.115384,0.13422200000000001,0.491365,0.235537,0.023491999999999999
34425,5765453,3206266,0.121596,0.164656,0.49736599999999997,0.206729,0.0096539999999999994,1014178,0.11967899999999999,0.16681499999999999,0.49993599999999999,0.20374900000000001,0.0098209999999999999,711962,0.104001,0.13956199999999999,0.46435599999999999,0.266795,0.025284999999999998,396343,0.115968,0.157164,0.48593999999999998,0.22397,0.016958000000000001,288645,0.12909300000000001,0.17119999999999999,0.48891499999999999,0.19955300000000001,0.011239000000000001,148059,0.115346,0.134183,0.49154700000000001,0.235406,0.023518000000000001
34426,5765660,3206328,0.12159399999999999,0.16465099999999999,0.49736799999999998,0.20672699999999999,0.0096600000000000002,1014214,0.11967999999999999,0.16681599999999999,0.49994699999999997,0.20372899999999999,0.0098279999999999999,711947,0.104001,0.13953299999999999,0.46432400000000001,0.26681500000000002,0.025328,396410,0.115928,0.157166,0.48594399999999999,0.22403300000000001,0.016929,288684,0.12908900000000001,0.17121500000000001,0.48894300000000002,0.19951199999999999,0.011240999999999999,148077,0.115258,0.134099,0.49169000000000002,0.23544499999999999,0.023508000000000001
34427,5765869,3206490,0.121588,0.16464100000000001,0.49737999999999999,0.20672399999999999,0.0096659999999999992,1014235,0.119684,0.16683000000000001,0.49991600000000003,0.203735,0.009835,711975,0.103981,0.13955500000000001,0.46432099999999998,0.26680199999999998,0.025340999999999999,396389,0.115881,0.15718099999999999,0.48591899999999999,0.224075,0.016943,288718,0.12907399999999999,0.17119799999999999,0.48902000000000001,0.19945399999999999,0.011253000000000001,148062,0.115269,0.13414000000000001,0.491483,0.23558999999999999,0.023517
34428,5766069,3206596,0.121575,0.16463900000000001,0.49737900000000002,0.206737,0.0096699999999999998,1014277,0.119683,0.166824,0.49993199999999999,0.20371900000000001,0.0098410000000000008,711980,0.10396900000000001,0.13952899999999999,0.46430399999999999,0.266843,0.025354999999999999,396431,0.115886,0.15725600000000001,0.48585499999999998,0.22405700000000001,0.016945999999999999,288707,0.128999,0.171156,0.48913299999999998,0.199462,0.01125,148078,0.11537799999999999,0.134159,0.49141000000000001,0.23550399999999999,0.023547999999999999
34429,5766295,3206775,0.121569,0.16464000000000001,0.49737100000000001,0.20674400000000001,0.0096769999999999998,1014279,0.11967700000000001,0.16680600000000001,0.49993399999999999,0.203736,0.0098460000000000006,712005,0.10395,0.13955500000000001,0.46431600000000001,0.26682099999999997,0.025357999999999999,396468,0.115911,0.157193,0.48587999999999998,0.22404299999999999,0.016972000000000001,288754,0.12901599999999999,0.17114599999999999,0.489091,0.19949900000000001,0.011247999999999999,148014,0.115408,0.134163,0.49135200000000001,0.235512,0.023564999999999999
34430,5766531,3207003,0.12156400000000001,0.16463900000000001,0.49736200000000003,0.206757,0.0096769999999999998,1014278,0.11967700000000001,0.16680200000000001,0.49992199999999998,0.20374700000000001,0.0098510000000000004,712051,0.103963,0.13958999999999999,0.46427400000000002,0.26680999999999999,0.025363,396440,0.115939,0.15713099999999999,0.48588700000000001,0.224052,0.016990999999999999,288730,0.12905800000000001,0.17117399999999999,0.48904900000000001,0.19946700000000001,0.011253000000000001,148029,0.115356,0.13413600000000001,0.49137700000000001,0.23552100000000001,0.023609999999999999
34431,5766724,3207177,0.121558,0.16464000000000001,0.49735600000000002,0.20676,0.0096860000000000002,1014345,0.11966400000000001,0.16680600000000001,0.499917,0.20375399999999999,0.0098589999999999997,712104,0.103967,0.13964399999999999,0.46421200000000001,0.26682499999999998,0.025353000000000001,396388,0.115914,0.15709400000000001,0.48592999999999997,0.224076,0.016986000000000001,288695,0.12900500000000001,0.17116700000000001,0.48911100000000002,0.19947000000000001,0.011247,148015,0.115272,0.13403399999999999,0.49169299999999999,0.23538799999999999,0.023612000000000001
34432,5766935,3207311,0.121554,0.16464400000000001,0.49734600000000001,0.206761,0.0096950000000000005,1014335,0.119658,0.16680900000000001,0.49993500000000002,0.203733,0.0098650000000000005,712116,0.10395799999999999,0.139682,0.46418999999999999,0.26682899999999998,0.025340999999999999,396458,0.11587600000000001,0.157086,0.48592299999999999,0.224104,0.017010999999999998,288733,0.12900200000000001,0.171151,0.48911300000000002,0.199465,0.011270000000000001,147982,0.115284,0.13394200000000001,0.49169499999999999,0.235461,0.023618
34433,5767157,3207489,0.121556,0.164635,0.49735499999999999,0.20675399999999999,0.0097000000000000003,1014352,0.11963799999999999,0.166823,0.49992300000000001,0.20374700000000001,0.0098689999999999993,712130,0.103963,0.13967099999999999,0.46410899999999999,0.26690799999999998,0.025349,396536,0.115858,0.15712799999999999,0.485898,0.22412099999999999,0.016995,288727,0.128994,0.171158,0.489151,0.199403,0.011294,147923,0.115202,0.13395499999999999,0.49182300000000001,0.23541300000000001,0.023607
34434,5767356,3207518,0.121559,0.16462099999999999,0.49735299999999999,0.20676600000000001,0.0097000000000000003,1014382,0.119612,0.16682900000000001,0.49992399999999998,0.20375299999999999,0.0098829999999999994,712139,0.10394,0.13969300000000001,0.46409299999999998,0.26690199999999997,0.025371000000000001,396632,0.115853,0.157143,0.485871,0.22412199999999999,0.017010999999999998,288763,0.12901199999999999,0.17118900000000001,0.48907200000000001,0.19944400000000001,0.011283,147922,0.11520900000000001,0.13388800000000001,0.49197600000000002,0.23533299999999999,0.023594
34435,5767585,3207674,0.121556,0.16462199999999999,0.497334,0.20677899999999999,0.0097079999999999996,1014424,0.119616,0.16683400000000001,0.49991999999999998,0.20374999999999999,0.0098799999999999999,712137,0.103952,0.13963500000000001,0.464119,0.26690900000000001,0.025385999999999999,396647,0.11586100000000001,0.15717,0.48584500000000003,0.224134,0.016990000000000002,288802,0.12897800000000001,0.171294,0.48901699999999998,0.19941700000000001,0.011294999999999999,147901,0.115178,0.13386700000000001,0.49200500000000003,0.23536699999999999,0.023583
34436,5767811,3207888,0.12155100000000001,0.16461999999999999,0.49732799999999999,0.206787,0.0097140000000000004,1014433,0.11960800000000001,0.16683200000000001,0.49993700000000002,0.203735,0.009887,712143,0.10392999999999999,0.13965900000000001,0.46412199999999998,0.26690700000000001,0.025382999999999999,396643,0.115845,0.157134,0.48583500000000002,0.22417400000000001,0.017013,288805,0.128969,0.17130600000000001,0.48899799999999999,0.19942499999999999,0.011302,147899,0.115173,0.134017,0.491809,0.235404,0.023597
34437,5768052,3208053,0.121546,0.164629,0.49730000000000002,0.20680499999999999,0.0097199999999999995,1014453,0.119617,0.16683999999999999,0.49991999999999998,0.20372899999999999,0.0098949999999999993,712156,0.10388699999999999,0.13966899999999999,0.46412599999999998,0.26691900000000002,0.025399000000000001,396632,0.11583300000000001,0.15715599999999999,0.48586299999999999,0.22412699999999999,0.017021000000000001,288839,0.128992,0.171265,0.48908200000000002,0.19934299999999999,0.011318,147919,0.11526599999999999,0.13397899999999999,0.49178899999999998,0.23535200000000001,0.023614
34438,5768289,3208206,0.121533,0.16463700000000001,0.49729800000000002,0.20680799999999999,0.009724,1014492,0.119604,0.16685,0.49990600000000002,0.203738,0.0099019999999999993,712147,0.103924,0.139655,0.46410099999999999,0.26690599999999998,0.025415,396693,0.11587600000000001,0.157167,0.485759,0.22415299999999999,0.017045999999999999,288845,0.128938,0.17127500000000001,0.48915199999999998,0.19931499999999999,0.011320999999999999,147906,0.115276,0.13395000000000001,0.49179899999999999,0.235345,0.023630000000000002
34439,5768494,3208323,0.121528,0.16463700000000001,0.49730099999999999,0.20680299999999999,0.0097319999999999993,1014508,0.11956600000000001,0.16686400000000001,0.49991600000000003,0.20374700000000001,0.0099059999999999999,712149,0.103933,0.13966600000000001,0.46405999999999997,0.26693299999999998,0.025408,396789,0.11590499999999999,0.15712599999999999,0.48575400000000002,0.224162,0.017052000000000001,288819,0.12897700000000001,0.17126,0.489116,0.19930500000000001,0.011343000000000001,147906,0.115289,0.133882,0.49177199999999999,0.235433,0.023623000000000002
34440,5768718,3208448,0.121526,0.16464100000000001,0.49729699999999999,0.20679900000000001,0.0097359999999999999,1014548,0.119572,0.16687199999999999,0.499886,0.20374999999999999,0.00992,712153,0.103923,0.139654,0.46408300000000002,0.26691199999999998,0.025429,396818,0.115894,0.157107,0.48569899999999999,0.22423599999999999,0.017062999999999998,288827,0.128918,0.171262,0.48919600000000002,0.19925399999999999,0.01137,147924,0.11534999999999999,0.13389999999999999,0.491705,0.23541100000000001,0.023633999999999999
34441,5768971,3208561,0.12152499999999999,0.16463800000000001,0.497282,0.206813,0.0097409999999999997,1014585,0.119577,0.16688500000000001,0.49987199999999998,0.20374400000000001,0.0099209999999999993,712221,0.10391400000000001,0.13966300000000001,0.464055,0.266928,0.025439,396790,0.1159,0.15709799999999999,0.485736,0.22419900000000001,0.017066999999999999,288842,0.12885199999999999,0.171267,0.48924000000000001,0.199244,0.011396999999999999,147972,0.115326,0.13395099999999999,0.49169400000000002,0.235403,0.023626000000000001
34442,5769150,3208593,0.121513,0.16464000000000001,0.49727500000000002,0.20682600000000001,0.0097439999999999992,1014594,0.119562,0.166878,0.49987300000000001,0.20375499999999999,0.0099319999999999999,712325,0.103912,0.13969500000000001,0.46405099999999999,0.266878,0.025465000000000002,396793,0.11590200000000001,0.15709200000000001,0.48568099999999997,0.22426599999999999,0.017059000000000001,288867,0.12882399999999999,0.17130400000000001,0.48928100000000002,0.19919500000000001,0.011396,147978,0.115274,0.13394600000000001,0.49175600000000003,0.23540700000000001,0.023618
34443,5769397,3208724,0.121528,0.16461899999999999,0.49727199999999999,0.20683099999999999,0.00975,1014672,0.119548,0.16688500000000001,0.49986799999999998,0.203763,0.0099349999999999994,712286,0.103894,0.139732,0.46400200000000003,0.26689800000000002,0.025474,396819,0.115899,0.157029,0.48577799999999999,0.22423599999999999,0.017058,288911,0.12881500000000001,0.171316,0.48926500000000001,0.199182,0.011422,147985,0.115248,0.13396,0.49171199999999998,0.23544999999999999,0.023630999999999999
34444,5769624,3208865,0.12152200000000001,0.16461500000000001,0.49727100000000002,0.20683499999999999,0.0097579999999999993,1014711,0.119542,0.166878,0.49986900000000001,0.20377000000000001,0.0099399999999999992,712268,0.10389900000000001,0.139741,0.46395999999999998,0.26691799999999999,0.025482000000000001,396847,0.115914,0.15695700000000001,0.48578900000000003,0.224268,0.017072,288945,0.128807,0.17121900000000001,0.48934899999999998,0.19919400000000001,0.011431,147988,0.115246,0.133964,0.49171599999999999,0.23542399999999999,0.023650999999999998
34445,5769869,3208975,0.121516,0.16462099999999999,0.49725900000000001,0.20683799999999999,0.0097649999999999994,1014780,0.119548,0.16685900000000001,0.49986700000000001,0.20377899999999999,0.0099469999999999992,712308,0.103933,0.13972699999999999,0.46393699999999999,0.26691399999999998,0.025489000000000001,396817,0.115857,0.15697700000000001,0.485738,0.22433800000000001,0.017090999999999999,288983,0.12881699999999999,0.17130799999999999,0.48926399999999998,0.199185,0.011426,148006,0.115326,0.13380500000000001,0.49191200000000002,0.235349,0.023607
34446,5770086,3208993,0.121507,0.164628,0.49725200000000003,0.206846,0.0097669999999999996,1014811,0.11955,0.166851,0.49985800000000002,0.203788,0.0099539999999999993,712307,0.103938,0.139712,0.46393299999999998,0.26691300000000001,0.025503000000000001,396906,0.11591700000000001,0.156967,0.48571500000000001,0.224302,0.017100000000000001,289021,0.12878999999999999,0.171264,0.489286,0.199238,0.011421000000000001,148048,0.115213,0.13381499999999999,0.49204999999999999,0.235262,0.023661000000000001
34447,5770288,3209071,0.121491,0.164631,0.49724600000000002,0.20685700000000001,0.0097750000000000007,1014848,0.11952599999999999,0.16687299999999999,0.49985200000000002,0.20378399999999999,0.0099640000000000006,712368,0.10394100000000001,0.13969699999999999,0.463895,0.26694800000000002,0.025519,396912,0.115943,0.156942,0.48574200000000001,0.22425600000000001,0.017117,289030,0.12881400000000001,0.171266,0.489261,0.199239,0.011421000000000001,148059,0.115177,0.13389300000000001,0.49206699999999998,0.23521,0.023653
34448,5770536,3209170,0.1215,0.16461899999999999,0.49723099999999998,0.206872,0.0097789999999999995,1014889,0.119522,0.16686799999999999,0.49984800000000001,0.203788,0.0099740000000000002,712373,0.103912,0.13969500000000001,0.46393699999999999,0.266928,0.025529,396981,0.11591,0.15698200000000001,0.48571799999999998,0.22423699999999999,0.017152000000000001,289041,0.12880900000000001,0.17127000000000001,0.48924499999999999,0.19924500000000001,0.011431,148082,0.115179,0.13398699999999999,0.49198399999999998,0.23521400000000001,0.023636000000000001
34449,5770764,3209240,0.121505,0.16461200000000001,0.49724000000000002,0.20685600000000001,0.0097870000000000006,1014907,0.119506,0.16688,0.49981900000000001,0.203816,0.009979,712506,0.103891,0.13969100000000001,0.46391900000000003,0.266961,0.025538000000000002,397005,0.11593299999999999,0.156917,0.48576999999999998,0.22420599999999999,0.017173999999999998,289064,0.12876399999999999,0.17133899999999999,0.48921700000000001,0.199243,0.011436999999999999,148042,0.11519699999999999,0.134023,0.49177300000000002,0.23535200000000001,0.023654999999999999
34450,5770991,3209376,0.12151000000000001,0.16461799999999999,0.49722300000000003,0.20685700000000001,0.0097920000000000004,1014962,0.1195,0.16687199999999999,0.49982900000000002,0.203817,0.0099819999999999996,712533,0.10381799999999999,0.139707,0.46396199999999999,0.266955,0.025558000000000001,396985,0.115951,0.156918,0.48569099999999998,0.22426299999999999,0.017177000000000001,289094,0.12875400000000001,0.17130400000000001,0.489232,0.19925399999999999,0.011455999999999999,148041,0.11527900000000001,0.134017,0.49174200000000001,0.23531299999999999,0.023649
34451,5771232,3209559,0.121502,0.16461799999999999,0.49720999999999999,0.206873,0.0097959999999999992,1015032,0.1195,0.16687099999999999,0.49981300000000001,0.203822,0.0099950000000000004,712546,0.103835,0.13971700000000001,0.463945,0.26694299999999999,0.025559999999999999,396987,0.115963,0.15689900000000001,0.48572100000000001,0.22422400000000001,0.017191999999999999,289138,0.12873799999999999,0.171295,0.489261,0.19925100000000001,0.011455,147970,0.1153,0.13400000000000001,0.49176900000000001,0.23528399999999999,0.023647000000000001
34452,5771453,3209648,0.121503,0.164627,0.49720900000000001,0.20686199999999999,0.0097990000000000004,1015059,0.119489,0.166879,0.49980999999999998,0.203822,0.01,712576,0.10385800000000001,0.139657,0.46392499999999998,0.266982,0.025578,397032,0.115925,0.15695000000000001,0.48569899999999999,0.22422600000000001,0.0172,289152,0.128749,0.17127000000000001,0.48924400000000001,0.199272,0.011464999999999999,147986,0.11515300000000001,0.13395199999999999,0.49190499999999998,0.23533999999999999,0.023650999999999998
34453,5771682,3209756,0.121485,0.16464300000000001,0.49718499999999999,0.20688200000000001,0.0098049999999999995,1015113,0.119482,0.166877,0.49979699999999999,0.20383100000000001,0.010012999999999999,712618,0.103864,0.13963200000000001,0.46395500000000001,0.26697100000000001,0.025579000000000001,397058,0.11595,0.15695400000000001,0.48566199999999998,0.224214,0.017219000000000002,289140,0.128772,0.17125299999999999,0.48927500000000002,0.199239,0.011462,147997,0.11522499999999999,0.13394900000000001,0.49188799999999999,0.23530200000000001,0.023636000000000001
34454,5771921,3209906,0.121473,0.16464699999999999,0.49717699999999998,0.20689299999999999,0.0098099999999999993,1015142,0.119493,0.16686200000000001,0.49978,0.203845,0.010019,712675,0.103848,0.139627,0.463951,0.26698300000000003,0.025590999999999999,397007,0.11590200000000001,0.15701000000000001,0.48562100000000002,0.22423000000000001,0.017236000000000001,289197,0.128805,0.17122200000000001,0.48928899999999997,0.19921,0.011473000000000001,147994,0.115228,0.13401199999999999,0.491817,0.23530699999999999,0.023636000000000001
34455,5772137,3210007,0.12146899999999999,0.164635,0.49718600000000002,0.20689399999999999,0.0098160000000000001,1015171,0.11948400000000001,0.166854,0.49975999999999998,0.20388300000000001,0.010019,712722,0.103841,0.139679,0.46389799999999998,0.26699600000000001,0.025586000000000001,397012,0.115908,0.15698999999999999,0.48567300000000002,0.224162,0.017266,289237,0.12875600000000001,0.17124700000000001,0.48923499999999998,0.19925499999999999,0.011506000000000001,147988,0.115246,0.13391600000000001,0.49190499999999998,0.23530300000000001,0.023630000000000002
34456,5772338,3210040,0.121463,0.16464899999999999,0.49716100000000002,0.206903,0.0098239999999999994,1015167,0.119452,0.16687099999999999,0.49978499999999998,0.20386699999999999,0.010024999999999999,712818,0.10380300000000001,0.13964699999999999,0.46394200000000002,0.26703900000000003,0.025569000000000001,397082,0.11594599999999999,0.157003,0.48563800000000001,0.224138,0.017276,289243,0.12875700000000001,0.17125399999999999,0.48922900000000002,0.19927500000000001,0.011485,147988,0.115273,0.13386200000000001,0.49201299999999998,0.23519499999999999,0.023657000000000001
34457,5772589,3210227,0.12146800000000001,0.16464999999999999,0.49715100000000001,0.20690700000000001,0.0098250000000000004,1015214,0.11946,0.166849,0.49978099999999998,0.203875,0.010035000000000001,712848,0.103806,0.13969200000000001,0.46392800000000001,0.26699800000000001,0.025576000000000002,397018,0.115929,0.156945,0.48563800000000001,0.22420100000000001,0.017285999999999999,289266,0.12878100000000001,0.171213,0.48922399999999999,0.199291,0.011490999999999999,148016,0.115204,0.13377600000000001,0.492062,0.23527899999999999,0.02368
34458,5772819,3210261,0.12146700000000001,0.164633,0.49715100000000001,0.20691599999999999,0.0098329999999999997,1015278,0.119447,0.16683100000000001,0.499807,0.203874,0.010041,712921,0.10381,0.13970399999999999,0.46387,0.26702700000000001,0.025589000000000001,397038,0.115901,0.15700800000000001,0.48564099999999999,0.22414700000000001,0.017302999999999999,289262,0.12878600000000001,0.17119400000000001,0.489228,0.199297,0.011495,148059,0.115299,0.133825,0.49202000000000001,0.23519000000000001,0.023666
34459,5773070,3210401,0.121462,0.164635,0.49713499999999999,0.206926,0.0098420000000000001,1015330,0.11944299999999999,0.16683999999999999,0.49979000000000001,0.20388100000000001,0.010045999999999999,712914,0.103794,0.13969300000000001,0.46391100000000002,0.26701399999999997,0.025588,397102,0.11592,0.15700500000000001,0.48565900000000001,0.22409100000000001,0.017326000000000001,289268,0.12876299999999999,0.17120099999999999,0.48920000000000002,0.19933799999999999,0.011498,148055,0.115329,0.13381499999999999,0.491919,0.23528399999999999,0.023653
34460,5773342,3210446,0.121478,0.164627,0.49712000000000001,0.206928,0.0098469999999999999,1015382,0.11942899999999999,0.166849,0.49977199999999999,0.20389699999999999,0.010052999999999999,712940,0.103779,0.13966999999999999,0.46396799999999999,0.26698300000000003,0.025600999999999999,397171,0.115943,0.15695999999999999,0.485655,0.22411300000000001,0.017330000000000002,289312,0.128771,0.171179,0.48922599999999999,0.199321,0.011502999999999999,148091,0.11530700000000001,0.133904,0.49173099999999997,0.23539599999999999,0.023661000000000001
34461,5773561,3210592,0.12148100000000001,0.164603,0.49713000000000002,0.20693500000000001,0.0098510000000000004,1015427,0.119407,0.16683300000000001,0.49978899999999998,0.203906,0.010064999999999999,712951,0.10376299999999999,0.13970399999999999,0.463945,0.26696799999999998,0.02562,397155,0.115952,0.157002,0.48557899999999998,0.22415199999999999,0.017316000000000002,289319,0.12876799999999999,0.17113999999999999,0.48925200000000002,0.19932,0.011520000000000001,148117,0.115287,0.134022,0.49171300000000001,0.23527999999999999,0.023696999999999999
34462,5773813,3210770,0.121488,0.16458999999999999,0.49712200000000001,0.20694599999999999,0.0098549999999999992,1015485,0.11941300000000001,0.16681499999999999,0.49979400000000002,0.20390900000000001,0.010069,712975,0.103764,0.13971700000000001,0.463978,0.26690999999999998,0.025631000000000001,397120,0.115967,0.15701599999999999,0.48553800000000003,0.22415399999999999,0.017325,289311,0.12867100000000001,0.17117199999999999,0.48925600000000002,0.19936999999999999,0.011531,148152,0.115206,0.13419300000000001,0.49148199999999997,0.23539299999999999,0.023726000000000001
34463,5774041,3210935,0.12148299999999999,0.16458300000000001,0.49712699999999999,0.20694799999999999,0.0098589999999999997,1015556,0.119397,0.16683799999999999,0.49977199999999999,0.20392199999999999,0.010071999999999999,713036,0.103758,0.13972899999999999,0.46397500000000003,0.26688600000000001,0.025652000000000001,397108,0.115923,0.15704299999999999,0.48551499999999997,0.22418299999999999,0.017335,289292,0.12867300000000001,0.171183,0.48930499999999999,0.1993,0.011539000000000001,148114,0.115283,0.134302,0.491311,0.2354,0.023705
34464,5774264,3210969,0.121479,0.16458700000000001,0.49712600000000001,0.20694899999999999,0.0098600000000000007,1015611,0.11940099999999999,0.16683100000000001,0.499749,0.20394100000000001,0.010078,713106,0.103743,0.13974200000000001,0.46393699999999999,0.266903,0.025675,397136,0.115885,0.157055,0.48551100000000003,0.22419500000000001,0.017354000000000001,289315,0.128742,0.17113900000000001,0.48927599999999999,0.19930200000000001,0.011540999999999999,148127,0.115367,0.13422300000000001,0.491315,0.23536599999999999,0.023730000000000001
34465,5774463,3211066,0.121473,0.164576,0.49712600000000001,0.20696000000000001,0.0098650000000000005,1015641,0.119403,0.16685,0.49971399999999999,0.20394300000000001,0.010089000000000001,713154,0.10377,0.13972399999999999,0.46392800000000001,0.26688600000000001,0.025692,397174,0.115881,0.15708,0.48550300000000002,0.224186,0.017350000000000001,289319,0.128692,0.17117399999999999,0.48929699999999998,0.199268,0.011568999999999999,148109,0.11530700000000001,0.13417100000000001,0.49137500000000001,0.23544100000000001,0.023706000000000001
34466,5774704,3211150,0.121462,0.164579,0.49713200000000002,0.206958,0.0098689999999999993,1015718,0.119422,0.166849,0.49970900000000001,0.203925,0.010095,713294,0.103764,0.139707,0.463949,0.26686799999999999,0.025713,397146,0.11592,0.157003,0.48541800000000002,0.2243,0.017358999999999999,289343,0.128633,0.171212,0.48928100000000002,0.19931399999999999,0.011561,148053,0.115249,0.13412099999999999,0.49141899999999999,0.23551,0.023701
34467,5774925,3211284,0.12146,0.164579,0.49712600000000001,0.20696200000000001,0.0098729999999999998,1015742,0.119425,0.166848,0.499718,0.20391000000000001,0.010097999999999999,713287,0.103716,0.13971500000000001,0.46393499999999999,0.26690399999999997,0.025729999999999999,397161,0.11593000000000001,0.15700900000000001,0.48543500000000001,0.224274,0.017350999999999998,289392,0.128666,0.17124900000000001,0.48921199999999998,0.19931399999999999,0.011559,148059,0.11525100000000001,0.13413600000000001,0.49135099999999998,0.23556099999999999,0.023699999999999999
34468,5775137,3211414,0.12146800000000001,0.16456999999999999,0.49711699999999998,0.20696800000000001,0.0098759999999999994,1015757,0.11941599999999999,0.16686400000000001,0.49968899999999999,0.203925,0.010106,713302,0.10369399999999999,0.139708,0.46394800000000003,0.266897,0.025753000000000002,397158,0.115886,0.157026,0.485454,0.22427800000000001,0.017356,289411,0.128606,0.17130000000000001,0.48918699999999998,0.19933600000000001,0.011572000000000001,148095,0.115257,0.13425200000000001,0.49129299999999998,0.23551800000000001,0.023681000000000001
34469,5775359,3211520,0.121464,0.16456699999999999,0.497114,0.20697099999999999,0.0098849999999999997,1015830,0.119421,0.16683400000000001,0.49969999999999998,0.203926,0.010120000000000001,713339,0.103702,0.139684,0.463949,0.26690700000000001,0.025758,397153,0.115892,0.15704000000000001,0.485433,0.224271,0.017364000000000001,289449,0.12861,0.17130799999999999,0.48913299999999998,0.19936499999999999,0.011584000000000001,148068,0.115136,0.13433700000000001,0.49132799999999999,0.23552000000000001,0.023678000000000001
34470,5775567,3211643,0.121462,0.16456799999999999,0.49712000000000001,0.20696300000000001,0.009887,1015867,0.119404,0.16683200000000001,0.49970599999999998,0.20392399999999999,0.010133,713369,0.10372099999999999,0.13966700000000001,0.46393800000000002,0.26690999999999998,0.025765,397197,0.115887,0.157058,0.48531800000000003,0.22434200000000001,0.017394,289478,0.12862100000000001,0.171295,0.48912499999999998,0.19939299999999999,0.011566,148013,0.115091,0.13433999999999999,0.49129499999999998,0.23554700000000001,0.023727999999999999
34471,5775775,3211737,0.12145599999999999,0.16456399999999999,0.49711499999999997,0.20697199999999999,0.0098930000000000008,1015946,0.119409,0.16681299999999999,0.49971300000000002,0.203925,0.01014,713319,0.103725,0.139649,0.46393699999999999,0.26691100000000001,0.025777999999999999,397260,0.115856,0.15706600000000001,0.48530400000000001,0.224382,0.017392000000000001,289444,0.12857099999999999,0.17128399999999999,0.48919699999999999,0.19936799999999999,0.011580999999999999,148069,0.115115,0.13447100000000001,0.491203,0.23551900000000001,0.023692000000000001
34472,5775964,3211852,0.121447,0.16456299999999999,0.49710900000000002,0.206983,0.0098969999999999995,1015977,0.119378,0.16681099999999999,0.49973200000000001,0.20392199999999999,0.010158,713411,0.10372000000000001,0.13961399999999999,0.46398899999999998,0.266897,0.025780000000000001,397242,0.115882,0.157108,0.48526799999999998,0.224352,0.017389999999999999,289411,0.12856799999999999,0.171262,0.48922100000000002,0.199346,0.011603,148071,0.115174,0.13453699999999999,0.49102099999999999,0.235536,0.023732
34473,5776188,3212026,0.121445,0.16456499999999999,0.49709300000000001,0.20699500000000001,0.0099019999999999993,1016022,0.119365,0.1668,0.49973899999999999,0.203931,0.010166,713371,0.103671,0.13961299999999999,0.46404200000000001,0.26687899999999998,0.025794000000000001,397255,0.115898,0.157191,0.48519200000000001,0.224324,0.017394,289431,0.12856600000000001,0.171267,0.489174,0.19938400000000001,0.011609,148083,0.115233,0.13450599999999999,0.490981,0.23551,0.023769999999999999
34474,5776396,3212106,0.12144099999999999,0.16455500000000001,0.49708400000000003,0.20701700000000001,0.0099030000000000003,1016053,0.11935800000000001,0.166794,0.49974299999999999,0.20394000000000001,0.010165,713377,0.10363,0.13964299999999999,0.46405299999999999,0.26685599999999998,0.025818000000000001,397314,0.115906,0.157226,0.48518299999999998,0.224301,0.017384,289470,0.12862100000000001,0.171213,0.489201,0.19933699999999999,0.011627999999999999,148076,0.11519799999999999,0.13455300000000001,0.49085600000000001,0.23557500000000001,0.023819
34475,5776622,3212296,0.121415,0.164551,0.49709300000000001,0.20702699999999999,0.0099139999999999992,1016090,0.119349,0.16679099999999999,0.49974400000000002,0.203954,0.010161999999999999,713349,0.10367,0.13969300000000001,0.46396100000000001,0.26684099999999999,0.025833999999999999,397343,0.11588,0.15722700000000001,0.48523300000000003,0.22427,0.017391,289483,0.12864300000000001,0.17121900000000001,0.48921700000000001,0.19928299999999999,0.011638000000000001,148061,0.115304,0.134465,0.49079800000000001,0.23563300000000001,0.023800999999999999
34476,5776872,3212559,0.12141200000000001,0.16455700000000001,0.497083,0.20702899999999999,0.0099190000000000007,1016118,0.11935999999999999,0.166771,0.49974800000000003,0.20395099999999999,0.01017,713333,0.103684,0.13964399999999999,0.46394999999999997,0.26686599999999999,0.025856000000000001,397354,0.115844,0.15723300000000001,0.485205,0.22431400000000001,0.017405,289497,0.128633,0.171207,0.48925600000000002,0.19925200000000001,0.011651,148011,0.115397,0.13450999999999999,0.49076799999999998,0.23551,0.023816
34477,5777091,3212638,0.12141200000000001,0.164553,0.49707499999999999,0.207037,0.0099240000000000005,1016145,0.119357,0.16678599999999999,0.49973099999999998,0.203955,0.010170999999999999,713440,0.10370699999999999,0.13961899999999999,0.46397300000000002,0.26682400000000001,0.025876,397373,0.115884,0.15717999999999999,0.48519699999999999,0.22434599999999999,0.017394,289517,0.12856899999999999,0.17124,0.48924600000000001,0.19928699999999999,0.011657000000000001,147978,0.115314,0.13459399999999999,0.49073499999999998,0.23556199999999999,0.023793999999999999
34478,5777358,3212778,0.121415,0.164544,0.49706,0.20705000000000001,0.0099310000000000006,1016178,0.119367,0.16677800000000001,0.49971100000000002,0.20396800000000001,0.010175999999999999,713453,0.103676,0.13967599999999999,0.463951,0.26681199999999999,0.025884999999999998,397396,0.11586399999999999,0.157218,0.48514600000000002,0.224356,0.017416000000000001,289537,0.12855,0.17127999999999999,0.48924299999999998,0.19927,0.011657000000000001,148016,0.115339,0.134634,0.49077100000000001,0.235481,0.023774
34479,5777572,3212907,0.121408,0.16453200000000001,0.49706499999999998,0.20705699999999999,0.0099369999999999997,1016241,0.119363,0.16677400000000001,0.499699,0.203983,0.01018,713431,0.103704,0.139679,0.46389799999999998,0.26682899999999998,0.02589,397412,0.11587500000000001,0.15720999999999999,0.48515900000000001,0.22433600000000001,0.017420000000000001,289538,0.128522,0.17129,0.489207,0.1993,0.011681,148043,0.115291,0.13455600000000001,0.49079699999999998,0.23558699999999999,0.023769999999999999
34480,5777831,3212944,0.121408,0.16454199999999999,0.497056,0.20705200000000001,0.0099419999999999994,1016300,0.119362,0.166772,0.499691,0.20399400000000001,0.010181000000000001,713496,0.103715,0.13961100000000001,0.46390900000000002,0.26686500000000002,0.025901,397485,0.11586100000000001,0.15720300000000001,0.48514299999999999,0.224361,0.017432,289528,0.12853700000000001,0.17132,0.489172,0.19928000000000001,0.011691,148078,0.115304,0.13459099999999999,0.49074099999999998,0.23555200000000001,0.023812
34481,5778077,3213103,0.121402,0.16454299999999999,0.49704500000000001,0.207063,0.009946,1016335,0.119375,0.166767,0.49968899999999999,0.203987,0.010182999999999999,713512,0.10369100000000001,0.13963700000000001,0.46387299999999998,0.26688499999999998,0.025912999999999999,397477,0.115846,0.157194,0.485236,0.224302,0.017422,289545,0.12854699999999999,0.17130699999999999,0.48916700000000002,0.19927500000000001,0.011705,148105,0.11533,0.13459399999999999,0.49065199999999998,0.23558299999999999,0.023841000000000001
34482,5778310,3213260,0.121401,0.16452600000000001,0.49704999999999999,0.20707,0.009953,1016388,0.119381,0.16678299999999999,0.499666,0.203982,0.010187999999999999,713556,0.103712,0.13964699999999999,0.46381499999999998,0.26690799999999998,0.025918,397462,0.1158,0.15717999999999999,0.48528700000000002,0.22431599999999999,0.017417999999999999,289560,0.12851899999999999,0.171377,0.48917300000000002,0.19922000000000001,0.011710999999999999,148084,0.115272,0.13464699999999999,0.49065399999999998,0.23557600000000001,0.023851000000000001
34483,5778517,3213437,0.12138699999999999,0.164519,0.49704399999999999,0.20709,0.0099600000000000001,1016452,0.11937300000000001,0.16680200000000001,0.49964500000000001,0.203985,0.010194999999999999,713526,0.103699,0.13963800000000001,0.46386300000000003,0.26685399999999998,0.025947000000000001,397471,0.11584,0.15717600000000001,0.48526799999999998,0.224303,0.017413000000000001,289531,0.12850400000000001,0.171377,0.48918099999999998,0.19922899999999999,0.011709000000000001,148100,0.115273,0.134686,0.49056699999999998,0.23561099999999999,0.023862000000000001
34484,5778723,3213561,0.121382,0.16451299999999999,0.497027,0.20711499999999999,0.0099620000000000004,1016460,0.11937200000000001,0.166822,0.49965799999999999,0.20393900000000001,0.010208999999999999,713609,0.10369100000000001,0.139625,0.46388699999999999,0.26680900000000002,0.025988000000000001,397494,0.115828,0.157162,0.48525299999999999,0.22432299999999999,0.017434000000000002,289471,0.12851399999999999,0.17138800000000001,0.489172,0.19923199999999999,0.011694,148128,0.11519799999999999,0.13485,0.49046800000000002,0.235621,0.023864
34485,5778941,3213712,0.12138400000000001,0.16450500000000001,0.49702200000000002,0.207122,0.0099670000000000002,1016529,0.119363,0.16681799999999999,0.499637,0.20397000000000001,0.010213,713588,0.103687,0.13965900000000001,0.46386100000000002,0.26677600000000001,0.026016000000000001,397462,0.115817,0.15714,0.48524400000000001,0.22439400000000001,0.017405,289469,0.12845599999999999,0.171407,0.489172,0.19924800000000001,0.011717999999999999,148181,0.11519,0.134849,0.490508,0.23561699999999999,0.023836
34486,5779170,3213811,0.121374,0.16450100000000001,0.49702400000000002,0.207125,0.0099760000000000005,1016570,0.119369,0.16680500000000001,0.49964500000000001,0.20396700000000001,0.010214000000000001,713620,0.10365199999999999,0.13964299999999999,0.46387200000000001,0.26680300000000001,0.026030999999999999,397523,0.11588,0.157141,0.48524499999999998,0.224329,0.017405,289510,0.128469,0.17147200000000001,0.48908800000000002,0.19925399999999999,0.011716000000000001,148136,0.115245,0.134856,0.49045499999999997,0.23560800000000001,0.023836
34487,5779377,3213972,0.12135700000000001,0.16450799999999999,0.49701800000000002,0.20713100000000001,0.0099850000000000008,1016597,0.119367,0.16681199999999999,0.49961800000000001,0.203983,0.010219000000000001,713628,0.10366,0.13965,0.46385199999999999,0.26679199999999997,0.026046,397526,0.115899,0.15712699999999999,0.48525400000000002,0.224325,0.017395000000000001,289517,0.128497,0.17143,0.48907699999999998,0.199294,0.011702000000000001,148137,0.115218,0.13478100000000001,0.49058000000000002,0.235593,0.023828999999999999
34488,5779563,3214052,0.12134399999999999,0.16452,0.49701699999999999,0.207125,0.0099930000000000001,1016627,0.11935,0.166824,0.499614,0.203986,0.010226000000000001,713687,0.103599,0.13964399999999999,0.46384599999999998,0.26686500000000002,0.026046,397480,0.11589000000000001,0.157137,0.485232,0.224361,0.017378999999999999,289564,0.128528,0.171378,0.48909399999999997,0.199269,0.011731,148153,0.1153,0.13470499999999999,0.49068200000000001,0.23547299999999999,0.02384
34489,5779775,3214258,0.121336,0.16451199999999999,0.49701800000000002,0.20713899999999999,0.0099950000000000004,1016650,0.119348,0.166822,0.49962200000000001,0.203984,0.010224,713676,0.103574,0.13966400000000001,0.46382000000000001,0.26689000000000002,0.026051999999999999,397475,0.11588900000000001,0.157195,0.48518499999999998,0.22433900000000001,0.017392000000000001,289549,0.12853100000000001,0.17135300000000001,0.489095,0.199272,0.011749000000000001,148167,0.115343,0.134821,0.490541,0.23542399999999999,0.023872000000000001
34490,5779994,3214414,0.12132999999999999,0.16450899999999999,0.49701099999999998,0.207151,0.01,1016720,0.11935900000000001,0.16681599999999999,0.49963000000000002,0.20396300000000001,0.010232,713679,0.10357,0.13961899999999999,0.46382600000000002,0.26691100000000001,0.026072999999999999,397477,0.11587799999999999,0.157189,0.48517300000000002,0.22434799999999999,0.017412,289563,0.128525,0.17139299999999999,0.48909900000000001,0.19925200000000001,0.011731,148141,0.11537699999999999,0.13481799999999999,0.490506,0.23546500000000001,0.023834999999999999
34491,5780247,3214468,0.121327,0.16451099999999999,0.49700299999999997,0.207151,0.010007,1016762,0.119368,0.16680800000000001,0.49962899999999999,0.203959,0.010234999999999999,713723,0.103544,0.139654,0.46382000000000001,0.26688099999999998,0.026100999999999999,397514,0.115855,0.15712200000000001,0.48521599999999998,0.224385,0.017423000000000001,289591,0.12854299999999999,0.171376,0.48905199999999999,0.19930200000000001,0.011727,148189,0.115494,0.13469999999999999,0.49051499999999998,0.23549700000000001,0.023793999999999999
34492,5780467,3214565,0.121318,0.164525,0.49698999999999999,0.207154,0.010012999999999999,1016767,0.119338,0.16681199999999999,0.49964599999999998,0.20396,0.010243,713705,0.10355,0.13964199999999999,0.46378799999999998,0.26691700000000002,0.026103000000000001,397561,0.115907,0.15710499999999999,0.485178,0.22437599999999999,0.017434000000000002,289657,0.128473,0.17135800000000001,0.48911300000000002,0.19930800000000001,0.011748,148212,0.115402,0.13483400000000001,0.49047299999999999,0.23547999999999999,0.023810000000000001
34493,5780695,3214671,0.12130100000000001,0.16452900000000001,0.49698399999999998,0.20716599999999999,0.010019999999999999,1016816,0.119321,0.166825,0.499666,0.20393700000000001,0.010253,713705,0.103557,0.13967499999999999,0.46376000000000001,0.266903,0.026105,397610,0.11591799999999999,0.157058,0.48520400000000002,0.22439799999999999,0.017422,289662,0.12847700000000001,0.17131299999999999,0.489149,0.199325,0.011734,148231,0.115394,0.13495799999999999,0.49032300000000001,0.23551800000000001,0.023806999999999998
34494,5780937,3214716,0.12130000000000001,0.164521,0.49697799999999998,0.207172,0.010029,1016882,0.119329,0.166797,0.49965999999999999,0.20396,0.010253999999999999,713707,0.10351200000000001,0.13967499999999999,0.46375899999999998,0.26694800000000002,0.026106000000000001,397610,0.11595999999999999,0.157081,0.48518600000000001,0.22434000000000001,0.017432,289712,0.12853500000000001,0.17128699999999999,0.48907899999999999,0.19936400000000001,0.011736,148310,0.11541999999999999,0.135021,0.49033100000000002,0.23539199999999999,0.023834999999999999
34495,5781173,3214913,0.121298,0.16451099999999999,0.496971,0.20718600000000001,0.010033,1016877,0.11931600000000001,0.1668,0.49964900000000001,0.20397299999999999,0.010262,713627,0.10349899999999999,0.13969799999999999,0.46373199999999998,0.266955,0.026116,397679,0.115948,0.15706899999999999,0.48527100000000001,0.22429099999999999,0.017420999999999999,289724,0.128522,0.17130799999999999,0.48905900000000002,0.19936899999999999,0.011742000000000001,148353,0.115441,0.135023,0.49032999999999999,0.235351,0.023855000000000001
34496,5781383,3215052,0.121304,0.16450799999999999,0.49696099999999999,0.20719099999999999,0.010037000000000001,1016896,0.11930200000000001,0.16678999999999999,0.49966500000000003,0.20397599999999999,0.010267999999999999,713681,0.10351,0.13966899999999999,0.46374199999999999,0.26696399999999998,0.026114999999999999,397656,0.115922,0.15709799999999999,0.48528900000000003,0.22425899999999999,0.017432,289733,0.128494,0.17125799999999999,0.48907400000000001,0.19942499999999999,0.011749000000000001,148365,0.115344,0.13500499999999999,0.49037799999999998,0.235379,0.023893999999999999
34497,5781588,3215195,0.121293,0.16450699999999999,0.49695099999999998,0.207207,0.010042000000000001,1016925,0.11930200000000001,0.16678599999999999,0.49967200000000001,0.20396500000000001,0.010274999999999999,713682,0.103508,0.139652,0.46373500000000001,0.26696199999999998,0.026143,397628,0.115978,0.15709400000000001,0.48522199999999999,0.22425200000000001,0.017453,289785,0.12848799999999999,0.17122699999999999,0.48910399999999998,0.19944100000000001,0.01174,148373,0.115338,0.13498399999999999,0.49048700000000001,0.23528499999999999,0.023906
34498,5781816,3215289,0.121291,0.164495,0.49694100000000002,0.20722199999999999,0.01005,1016922,0.119292,0.16678200000000001,0.49965900000000002,0.20399500000000001,0.010272,713737,0.103505,0.13969300000000001,0.46368599999999999,0.26697599999999999,0.02614,397690,0.115997,0.15707499999999999,0.48526200000000003,0.22420000000000001,0.017465999999999999,289795,0.128522,0.171211,0.48912899999999998,0.19939599999999999,0.011743,148383,0.11539099999999999,0.13494100000000001,0.490454,0.23527600000000001,0.023938000000000001
34499,5782013,3215414,0.12128800000000001,0.16447999999999999,0.49693700000000002,0.207237,0.010057999999999999,1016986,0.11927599999999999,0.166796,0.499641,0.204017,0.010271000000000001,713743,0.103494,0.13969899999999999,0.463694,0.26696399999999998,0.026148999999999999,397730,0.115996,0.15709699999999999,0.48528399999999999,0.224139,0.017484,289773,0.12853500000000001,0.171179,0.48915900000000001,0.19938700000000001,0.01174,148367,0.115443,0.13494200000000001,0.49039899999999997,0.235268,0.023947
34500,5782248,3215563,0.121283,0.16447600000000001,0.49693399999999999,0.20723800000000001,0.010069,1016981,0.119293,0.16679099999999999,0.49962200000000001,0.20401900000000001,0.010276,713843,0.103461,0.13969200000000001,0.46368599999999999,0.26702399999999998,0.026137000000000001,397705,0.116026,0.157114,0.48527399999999998,0.224081,0.017505,289806,0.12852,0.17114199999999999,0.48918899999999998,0.19939899999999999,0.011749000000000001,148350,0.115457,0.13489000000000001,0.49046800000000002,0.23519399999999999,0.023990999999999998
34501,5782470,3215713,0.121272,0.16448399999999999,0.49693399999999999,0.207234,0.010076,1016986,0.11931899999999999,0.16678599999999999,0.49960700000000002,0.20400399999999999,0.010284,713832,0.103436,0.13969999999999999,0.46365699999999999,0.26705299999999998,0.026155000000000001,397767,0.11602999999999999,0.157107,0.485236,0.22411400000000001,0.017513000000000001,289858,0.12851799999999999,0.171177,0.48914000000000002,0.199429,0.011736999999999999,148314,0.115397,0.134795,0.49060799999999999,0.23521700000000001,0.023983000000000001
34502,5782703,3215858,0.12127599999999999,0.164467,0.496944,0.207232,0.010081,1017006,0.11931600000000001,0.166795,0.49961299999999997,0.20399100000000001,0.010285000000000001,713910,0.103436,0.13974900000000001,0.46360899999999999,0.26702900000000002,0.026176999999999999,397746,0.116021,0.15703700000000001,0.48524200000000001,0.224166,0.017534000000000001,289885,0.12853700000000001,0.17113,0.48915599999999998,0.19944100000000001,0.011736,148298,0.115288,0.13483700000000001,0.49056,0.23530300000000001,0.024011999999999999
34503,5782925,3216018,0.121258,0.16447200000000001,0.49695400000000001,0.20722599999999999,0.010089000000000001,1017045,0.119323,0.16680800000000001,0.49957200000000002,0.20400499999999999,0.010293,713941,0.103426,0.13975399999999999,0.46357799999999999,0.26704600000000001,0.026197000000000002,397742,0.116088,0.157001,0.48521700000000001,0.22416800000000001,0.017526,289858,0.12850800000000001,0.17111100000000001,0.48913299999999998,0.19949800000000001,0.011750999999999999,148321,0.115311,0.134883,0.49045699999999998,0.23536799999999999,0.023982
34504,5783126,3216075,0.121255,0.16448199999999999,0.49693799999999999,0.207228,0.010097,1017092,0.119326,0.16680400000000001,0.49957499999999999,0.20399500000000001,0.010299000000000001,714002,0.103396,0.13969999999999999,0.46365099999999998,0.26704699999999998,0.026206,397723,0.116124,0.15696099999999999,0.485207,0.22418399999999999,0.017524999999999999,289878,0.12845400000000001,0.17116200000000001,0.489064,0.19955999999999999,0.01176,148356,0.11523600000000001,0.13502,0.49044900000000002,0.23531199999999999,0.023983000000000001
34505,5783359,3216149,0.121256,0.16448699999999999,0.49692500000000001,0.207229,0.010102999999999999,1017136,0.11931899999999999,0.16680800000000001,0.49956600000000001,0.20400599999999999,0.0103,714073,0.103363,0.13967299999999999,0.46370699999999998,0.26704699999999998,0.026209,397720,0.116165,0.156919,0.48524800000000001,0.224138,0.01753,289905,0.128473,0.17119400000000001,0.48894599999999999,0.19960700000000001,0.011780000000000001,148376,0.115133,0.134995,0.490423,0.23549600000000001,0.023952999999999999
34506,5783587,3216395,0.12126000000000001,0.16447200000000001,0.49691400000000002,0.20724000000000001,0.010114,1017154,0.119314,0.166794,0.499579,0.204009,0.010303,714068,0.103378,0.139677,0.46365200000000001,0.26708700000000002,0.026206,397694,0.11615499999999999,0.156967,0.48521199999999998,0.224132,0.017534000000000001,289909,0.12845100000000001,0.17121900000000001,0.48897099999999999,0.19958000000000001,0.011780000000000001,148367,0.11512,0.13490199999999999,0.49064099999999999,0.23538899999999999,0.023947
34507,5783788,3216511,0.121251,0.16447500000000001,0.49690499999999999,0.20724699999999999,0.010122000000000001,1017168,0.119298,0.16681199999999999,0.49958799999999998,0.20399400000000001,0.010307999999999999,714089,0.10341400000000001,0.139658,0.46363300000000002,0.267069,0.026225999999999999,397730,0.11608400000000001,0.15701399999999999,0.48521599999999998,0.22417200000000001,0.017513999999999998,289913,0.12843199999999999,0.171155,0.48903600000000003,0.199605,0.011771999999999999,148377,0.115078,0.13489999999999999,0.49053400000000003,0.23553499999999999,0.023952000000000001
34508,5784004,3216625,0.121243,0.16447400000000001,0.496892,0.20726700000000001,0.010125,1017180,0.119272,0.16681299999999999,0.499585,0.20400799999999999,0.010322,714153,0.103419,0.13964699999999999,0.46365299999999998,0.26704899999999998,0.026231999999999998,397728,0.116062,0.15707699999999999,0.485153,0.224186,0.017521999999999999,289937,0.12842100000000001,0.17118900000000001,0.48901299999999998,0.199599,0.011778,148381,0.115096,0.134936,0.49050100000000002,0.235482,0.023986
34509,5784234,3216777,0.121244,0.16445100000000001,0.49690000000000001,0.20727200000000001,0.010133,1017225,0.11926100000000001,0.166821,0.49957499999999999,0.20402000000000001,0.010324,714159,0.103425,0.13966500000000001,0.463673,0.267009,0.026228000000000001,397737,0.116059,0.15707099999999999,0.48514200000000002,0.22420100000000001,0.017527000000000001,289989,0.128412,0.17117499999999999,0.48897400000000002,0.19964599999999999,0.011794000000000001,148347,0.115041,0.13509499999999999,0.49029600000000001,0.23556299999999999,0.024004999999999999
34510,5784468,3216911,0.12124500000000001,0.164441,0.49689299999999997,0.20728099999999999,0.01014,1017280,0.119224,0.16686300000000001,0.49954799999999999,0.204036,0.010330000000000001,714264,0.10341400000000001,0.139685,0.46371899999999999,0.26693800000000001,0.026244,397701,0.116049,0.157025,0.485045,0.22433700000000001,0.017543,290003,0.12836800000000001,0.171233,0.48902899999999999,0.19956299999999999,0.011807,148309,0.11498999999999999,0.135049,0.490456,0.235542,0.023963000000000002
34511,5784712,3217039,0.121243,0.16444,0.49687799999999999,0.207292,0.010147,1017308,0.119209,0.16685900000000001,0.49953399999999998,0.204067,0.010331,714252,0.103398,0.13964499999999999,0.463808,0.26688800000000001,0.026261,397752,0.116087,0.157055,0.48495500000000002,0.22434599999999999,0.017555999999999999,289980,0.12837100000000001,0.17119799999999999,0.48899900000000002,0.1996,0.011832000000000001,148381,0.11504200000000001,0.13505800000000001,0.490454,0.235488,0.023959000000000001
34512,5784941,3217102,0.121243,0.16444300000000001,0.49686999999999998,0.20729300000000001,0.010151,1017353,0.119212,0.166849,0.49953700000000001,0.204072,0.010331,714247,0.103393,0.13963700000000001,0.46378200000000003,0.26693,0.026258,397837,0.11607000000000001,0.15697900000000001,0.48499500000000001,0.22437299999999999,0.017583000000000001,290015,0.128414,0.17122599999999999,0.48896099999999998,0.19955899999999999,0.011841000000000001,148387,0.11502999999999999,0.13497100000000001,0.490454,0.23558699999999999,0.023958
34513,5785169,3217207,0.121236,0.16444600000000001,0.49686599999999997,0.207291,0.010161999999999999,1017459,0.11920699999999999,0.166848,0.49952299999999999,0.20408899999999999,0.010333999999999999,714254,0.103382,0.13966899999999999,0.463727,0.26696799999999998,0.026254,397858,0.116094,0.15699099999999999,0.48495700000000003,0.22437199999999999,0.017586999999999998,290064,0.12839600000000001,0.17121,0.48900199999999999,0.199542,0.011849,148327,0.11508400000000001,0.134857,0.49045699999999998,0.235621,0.023980999999999999
34514,5785381,3217330,0.121239,0.164442,0.496861,0.207292,0.010167000000000001,1017506,0.119188,0.16686100000000001,0.499529,0.20408100000000001,0.01034,714267,0.103366,0.13963300000000001,0.46372999999999998,0.26701900000000001,0.026252000000000001,397901,0.116089,0.15700900000000001,0.48498000000000002,0.224327,0.017595,290078,0.128362,0.17121900000000001,0.48901,0.19957,0.011838,148299,0.11503099999999999,0.134876,0.49040099999999998,0.235625,0.024066000000000001
34515,5785574,3217408,0.121227,0.16444400000000001,0.496861,0.20730199999999999,0.010168,1017555,0.119172,0.166876,0.49951499999999999,0.204092,0.010345,714339,0.103377,0.13964699999999999,0.46374100000000001,0.26696999999999999,0.026266000000000001,397878,0.116116,0.15696499999999999,0.48494300000000001,0.22436800000000001,0.017607999999999999,290095,0.128358,0.171234,0.488985,0.199576,0.011847999999999999,148299,0.11493,0.13491,0.49040800000000001,0.23567299999999999,0.024080000000000001
34516,5785795,3217491,0.121224,0.16444400000000001,0.49686000000000002,0.20730299999999999,0.010168999999999999,1017565,0.119162,0.166881,0.49951800000000002,0.20408299999999999,0.010356000000000001,714384,0.103352,0.13964599999999999,0.46377200000000002,0.26695600000000003,0.026273999999999999,397941,0.11609,0.15692500000000001,0.484904,0.22445300000000001,0.017628000000000001,290128,0.128357,0.17122799999999999,0.489008,0.199546,0.011860000000000001,148286,0.11493299999999999,0.13496900000000001,0.49026199999999998,0.23571300000000001,0.024122000000000001
34517,5786034,3217568,0.121221,0.164433,0.49686799999999998,0.20730000000000001,0.010178,1017617,0.119157,0.166875,0.49952400000000002,0.20408000000000001,0.010364,714419,0.103395,0.13963400000000001,0.46374599999999999,0.26694400000000001,0.026280999999999999,397991,0.116068,0.156941,0.48485800000000001,0.22450000000000001,0.017634,290139,0.128383,0.17122799999999999,0.48899999999999999,0.199546,0.011842999999999999,148300,0.11486200000000001,0.13508400000000001,0.49016199999999999,0.23577899999999999,0.024112999999999999
34518,5786255,3217743,0.121216,0.164433,0.49685400000000002,0.20730999999999999,0.010187999999999999,1017628,0.11913600000000001,0.166877,0.49954599999999999,0.20407500000000001,0.010366,714454,0.10337399999999999,0.13963300000000001,0.463758,0.26693699999999998,0.026297999999999998,397987,0.11604100000000001,0.15689,0.4849,0.22451699999999999,0.017651,290189,0.12840299999999999,0.171237,0.48897099999999999,0.199546,0.011844,148254,0.11487700000000001,0.134991,0.49025299999999999,0.235791,0.024087000000000001
34519,5786457,3217865,0.121209,0.16444300000000001,0.49684499999999998,0.207311,0.010192,1017646,0.11912,0.16688900000000001,0.49952999999999997,0.20408999999999999,0.010371,714487,0.103355,0.13963,0.463758,0.26696199999999998,0.026294000000000001,397968,0.11605,0.15683900000000001,0.48497600000000002,0.22447,0.017665,290210,0.12840699999999999,0.171207,0.48897699999999999,0.19955899999999999,0.011849999999999999,148281,0.114796,0.13489300000000001,0.49029200000000001,0.23587,0.024150000000000001
34520,5786701,3218056,0.121202,0.16444400000000001,0.49684200000000001,0.207311,0.010201,1017671,0.11912399999999999,0.16687199999999999,0.49951099999999998,0.20411399999999999,0.010378999999999999,714484,0.10337399999999999,0.13960600000000001,0.46374399999999999,0.26697700000000002,0.026298999999999999,397977,0.116037,0.156861,0.484958,0.22448299999999999,0.017662000000000001,290254,0.12845300000000001,0.171178,0.48898200000000003,0.19950799999999999,0.011879000000000001,148259,0.114759,0.13497300000000001,0.49029099999999998,0.23582400000000001,0.024153999999999998
34521,5786904,3218203,0.1212,0.164435,0.49683500000000003,0.20732600000000001,0.010204,1017680,0.119104,0.16687399999999999,0.49951099999999998,0.204121,0.01039,714520,0.103337,0.13964099999999999,0.46377000000000002,0.26694000000000001,0.026313,398003,0.116022,0.15685099999999999,0.484956,0.22450800000000001,0.017663000000000002,290229,0.12848499999999999,0.171179,0.488931,0.199522,0.011884,148269,0.114791,0.13484299999999999,0.49027799999999999,0.23588899999999999,0.024198999999999998
34522,5787182,3218447,0.12120599999999999,0.16442399999999999,0.49683500000000003,0.20732700000000001,0.010208999999999999,1017709,0.119103,0.16687299999999999,0.49949399999999999,0.20413100000000001,0.010399,714561,0.103405,0.139572,0.463781,0.26693600000000001,0.026306,397979,0.116009,0.156915,0.48485499999999998,0.22453699999999999,0.017683999999999998,290241,0.12846199999999999,0.171178,0.48895899999999998,0.19948199999999999,0.011918,148245,0.11469500000000001,0.13489200000000001,0.49033700000000002,0.23585300000000001,0.024223000000000001
34523,5787410,3218724,0.121198,0.16442699999999999,0.49682700000000002,0.20733599999999999,0.010212000000000001,1017721,0.11909599999999999,0.166876,0.49948599999999999,0.20414299999999999,0.010399,714551,0.103447,0.13953699999999999,0.46377499999999999,0.26689499999999999,0.026346999999999999,398010,0.115962,0.156948,0.48480899999999999,0.224602,0.017677999999999999,290218,0.12840699999999999,0.17113999999999999,0.48909399999999997,0.199436,0.011922,148186,0.11466700000000001,0.13483700000000001,0.49043799999999999,0.23581199999999999,0.024247000000000001
34524,5787625,3218866,0.121194,0.16443199999999999,0.49682300000000001,0.20732800000000001,0.010222999999999999,1017756,0.119072,0.16688800000000001,0.499471,0.20416699999999999,0.010402,714634,0.10344299999999999,0.139541,0.46377699999999999,0.266897,0.026341,397976,0.115982,0.15695400000000001,0.48472999999999999,0.224629,0.017704999999999999,290212,0.12834799999999999,0.171151,0.48917300000000002,0.199409,0.011919000000000001,148181,0.114603,0.13484199999999999,0.490508,0.23580599999999999,0.024240999999999999
34525,5787856,3218979,0.121188,0.16442100000000001,0.49682599999999999,0.20733499999999999,0.01023,1017779,0.119076,0.16686699999999999,0.49946200000000002,0.20419000000000001,0.010404999999999999,714701,0.10344200000000001,0.13955799999999999,0.46373500000000001,0.26689299999999999,0.026372,398014,0.115951,0.156967,0.484734,0.224638,0.01771,290215,0.12837000000000001,0.171204,0.48915500000000001,0.199352,0.011919000000000001,148168,0.11461300000000001,0.13483999999999999,0.49054500000000001,0.23575299999999999,0.024250000000000001
34526,5788070,3219048,0.121186,0.16442200000000001,0.49682199999999999,0.20733399999999999,0.010236,1017843,0.11905300000000001,0.16685900000000001,0.499475,0.20419799999999999,0.010415000000000001,714760,0.10345,0.13955899999999999,0.46374199999999999,0.26688099999999998,0.026367999999999999,398049,0.11588,0.156998,0.484767,0.22462799999999999,0.017725999999999999,290213,0.128388,0.17117099999999999,0.48918600000000001,0.199326,0.011929,148157,0.114527,0.13484299999999999,0.49050700000000003,0.235844,0.024278000000000001
34527,5788286,3219226,0.12119000000000001,0.16442200000000001,0.496809,0.207342,0.010236,1017925,0.119044,0.16685700000000001,0.49947900000000001,0.20419599999999999,0.010423999999999999,714761,0.103477,0.13950399999999999,0.46376099999999998,0.26686799999999999,0.026391000000000001,398028,0.115831,0.157054,0.484767,0.224602,0.017745,290213,0.12835099999999999,0.171209,0.48914099999999999,0.19936400000000001,0.011936,148133,0.114552,0.13480500000000001,0.49045800000000001,0.23593,0.024254999999999999
34528,5788517,3219394,0.12119099999999999,0.16442399999999999,0.496807,0.20734,0.010238000000000001,1017931,0.119046,0.16684099999999999,0.49947799999999998,0.20420199999999999,0.010432,714785,0.10345500000000001,0.139519,0.46373900000000001,0.26688200000000001,0.026405000000000001,397986,0.115803,0.15698500000000001,0.48485899999999998,0.224603,0.017749000000000001,290244,0.12833700000000001,0.171235,0.48911300000000002,0.199353,0.011962,148177,0.11453199999999999,0.13485900000000001,0.49038599999999999,0.235954,0.024268000000000001
34529,5788748,3219583,0.12118,0.164435,0.49679800000000002,0.207348,0.010239,1018007,0.11903,0.16683000000000001,0.4995,0.204205,0.010435,714689,0.103481,0.139462,0.46375300000000003,0.26686199999999999,0.026442,397993,0.115809,0.156995,0.48486299999999999,0.22458900000000001,0.017743999999999999,290283,0.12835099999999999,0.171291,0.48904999999999998,0.19935,0.011957000000000001,148193,0.114553,0.13473599999999999,0.49038799999999999,0.23605699999999999,0.024265999999999999
34530,5788983,3219656,0.121186,0.16442699999999999,0.49678600000000001,0.20735799999999999,0.010243,1018068,0.119009,0.16685700000000001,0.49948199999999998,0.20421600000000001,0.010435,714721,0.103491,0.13944999999999999,0.46376000000000001,0.266851,0.026447999999999999,397989,0.115795,0.15698899999999999,0.484875,0.22458700000000001,0.017753999999999999,290302,0.12831500000000001,0.17133899999999999,0.489008,0.19938500000000001,0.011953,148247,0.11462,0.134654,0.49037799999999998,0.23602500000000001,0.024323999999999998
34531,5789169,3219702,0.12117,0.16442999999999999,0.49678699999999998,0.20736099999999999,0.010252000000000001,1018097,0.119001,0.16684299999999999,0.49948399999999998,0.20422999999999999,0.010442,714718,0.103505,0.139407,0.463752,0.26688600000000001,0.026450000000000001,398027,0.11576400000000001,0.15702199999999999,0.48485400000000001,0.22459000000000001,0.017770000000000001,290330,0.12830900000000001,0.171322,0.489095,0.199297,0.011976000000000001,148295,0.114677,0.13467799999999999,0.49032700000000001,0.236009,0.024309999999999998
34532,5789398,3219864,0.121167,0.16442599999999999,0.49677700000000002,0.207373,0.010258,1018146,0.118995,0.16683899999999999,0.49949300000000002,0.20422799999999999,0.010444999999999999,714688,0.103487,0.13941700000000001,0.46374100000000001,0.266897,0.026457999999999999,398054,0.11577800000000001,0.15698100000000001,0.48490699999999998,0.22453999999999999,0.017794000000000001,290351,0.128276,0.17133399999999999,0.48907,0.19933799999999999,0.011982,148295,0.11466999999999999,0.13470399999999999,0.49034,0.23596200000000001,0.024323000000000001
34533,5789605,3220028,0.121172,0.16441900000000001,0.49676500000000001,0.20738000000000001,0.010264000000000001,1018190,0.11899700000000001,0.16683300000000001,0.49948799999999999,0.20422799999999999,0.010453,714724,0.103454,0.139431,0.46375,0.26689000000000002,0.026474999999999999,398050,0.11575199999999999,0.15701300000000001,0.484871,0.224547,0.017817,290323,0.12828500000000001,0.171295,0.48913099999999998,0.19930200000000001,0.011986999999999999,148290,0.114721,0.134689,0.49028300000000002,0.23599700000000001,0.024309999999999998
34534,5789838,3220155,0.121171,0.164411,0.49676599999999999,0.20738599999999999,0.010267,1018253,0.118988,0.166827,0.49948199999999998,0.204236,0.010467000000000001,714689,0.103439,0.13945399999999999,0.46372099999999999,0.26689499999999999,0.026491000000000001,398129,0.115746,0.15706700000000001,0.48481000000000002,0.22453799999999999,0.017838,290324,0.12826699999999999,0.17126,0.489147,0.19934299999999999,0.011983000000000001,148288,0.11468200000000001,0.134799,0.49019499999999999,0.23598,0.024344999999999999
34535,5790087,3220247,0.12116300000000001,0.164409,0.49676599999999999,0.20738699999999999,0.010274999999999999,1018289,0.11898300000000001,0.16683700000000001,0.49946600000000002,0.204237,0.010477,714694,0.10345500000000001,0.13946700000000001,0.46369500000000002,0.266874,0.026509000000000001,398151,0.115745,0.15704599999999999,0.48479299999999997,0.22459799999999999,0.017817,290351,0.12823799999999999,0.17124800000000001,0.48917300000000002,0.19936899999999999,0.011972,148355,0.114671,0.13486600000000001,0.49005399999999999,0.23603499999999999,0.024374
34536,5790332,3220413,0.121147,0.164412,0.49676799999999999,0.207394,0.010279999999999999,1018376,0.118992,0.16680300000000001,0.49948500000000001,0.204238,0.010481000000000001,714711,0.103447,0.13946800000000001,0.46370400000000001,0.26685599999999998,0.026525,398122,0.115761,0.15701999999999999,0.48476799999999998,0.22461,0.017840999999999999,290332,0.12823599999999999,0.171269,0.489095,0.19941300000000001,0.011986,148378,0.11487600000000001,0.13476399999999999,0.49007299999999998,0.23583000000000001,0.024458000000000001
34537,5790564,3220419,0.121131,0.164438,0.496753,0.20738799999999999,0.010290000000000001,1018424,0.118995,0.166798,0.49949399999999999,0.20422499999999999,0.010488000000000001,714793,0.103479,0.13944300000000001,0.46362399999999998,0.26692500000000002,0.026529,398158,0.11573,0.15698799999999999,0.484792,0.224662,0.017826999999999999,290365,0.12823899999999999,0.17126,0.48917699999999997,0.199322,0.012002000000000001,148405,0.11475399999999999,0.134766,0.49018600000000001,0.23586099999999999,0.024433
34538,5790795,3220664,0.121126,0.16444900000000001,0.49672500000000003,0.20741000000000001,0.010291,1018454,0.11898599999999999,0.16680400000000001,0.49949500000000002,0.20422299999999999,0.010491,714743,0.103448,0.139461,0.46359600000000001,0.26694899999999999,0.026544999999999999,398088,0.11576599999999999,0.156998,0.48479,0.224631,0.017815000000000001,290376,0.128248,0.171233,0.48921700000000001,0.19930400000000001,0.011998,148470,0.114703,0.13478100000000001,0.490315,0.235731,0.024469999999999999
34539,5791041,3220787,0.121125,0.16445100000000001,0.49671199999999999,0.20741599999999999,0.010295,1018496,0.118991,0.16681000000000001,0.49948799999999999,0.20421400000000001,0.010496999999999999,714684,0.103432,0.13941400000000001,0.463613,0.26699400000000001,0.026547000000000001,398177,0.115702,0.157026,0.48487200000000003,0.22456799999999999,0.017831,290397,0.12825900000000001,0.171207,0.489151,0.19939299999999999,0.011990000000000001,148500,0.11468,0.13492299999999999,0.49022900000000003,0.23569699999999999,0.024471
34540,5791301,3220964,0.121128,0.16444800000000001,0.49671100000000001,0.20741699999999999,0.010297000000000001,1018567,0.118973,0.16681399999999999,0.49949199999999999,0.20421900000000001,0.010501999999999999,714719,0.103431,0.139428,0.46357900000000002,0.26700000000000002,0.026561000000000001,398140,0.115688,0.157023,0.48485200000000001,0.22459399999999999,0.017843000000000001,290448,0.12825700000000001,0.17121800000000001,0.48915500000000001,0.199382,0.011988,148463,0.11468200000000001,0.134882,0.49002800000000002,0.235904,0.024504000000000001
34541,5791502,3221068,0.12112199999999999,0.164437,0.49670999999999998,0.207428,0.010303,1018612,0.118961,0.16681099999999999,0.49946600000000002,0.20424800000000001,0.010514000000000001,714802,0.103447,0.13944799999999999,0.46353699999999998,0.26699400000000001,0.026574,398142,0.115705,0.15706200000000001,0.484819,0.224576,0.017838,290419,0.128215,0.171208,0.48918299999999998,0.199402,0.011993,148459,0.114564,0.13494,0.49016900000000002,0.23577600000000001,0.024552000000000001
34542,5791701,3221232,0.12112100000000001,0.164442,0.49668800000000002,0.20743900000000001,0.01031,1018616,0.11895600000000001,0.16680800000000001,0.49947599999999998,0.20424100000000001,0.01052,714808,0.103426,0.1394,0.46359299999999998,0.26700200000000002,0.026578999999999998,398107,0.115665,0.15711900000000001,0.48482199999999998,0.224548,0.017846999999999998,290414,0.12820699999999999,0.17118,0.48921199999999998,0.199402,0.012,148524,0.114513,0.13508899999999999,0.49009599999999998,0.23576,0.024541
34543,5791951,3221415,0.121116,0.16442999999999999,0.496693,0.20744799999999999,0.010312999999999999,1018621,0.118959,0.16680500000000001,0.49946099999999999,0.20425499999999999,0.010521000000000001,714822,0.103419,0.13941200000000001,0.46358700000000003,0.266988,0.026594,398086,0.11562799999999999,0.157114,0.48475000000000001,0.22462199999999999,0.017885999999999999,290440,0.12820500000000001,0.171154,0.48924400000000001,0.19939100000000001,0.012005999999999999,148567,0.114575,0.13515099999999999,0.49010199999999998,0.23567099999999999,0.024500999999999998
34544,5792142,3221528,0.121116,0.16442799999999999,0.49669200000000002,0.20744399999999999,0.010319999999999999,1018643,0.11894100000000001,0.16680400000000001,0.49948100000000001,0.20424300000000001,0.010531,714763,0.103411,0.139427,0.46357199999999998,0.26699299999999998,0.026598,398161,0.115609,0.15712999999999999,0.48469600000000002,0.22467999999999999,0.017885000000000002,290440,0.128192,0.171158,0.48921999999999999,0.199408,0.012023000000000001,148607,0.114618,0.13514799999999999,0.490037,0.23570199999999999,0.024493999999999998
34545,5792385,3221654,0.121125,0.16442200000000001,0.496672,0.207455,0.010326,1018690,0.118939,0.16679099999999999,0.49949500000000002,0.204239,0.010536,714796,0.103396,0.13941600000000001,0.46357599999999999,0.26699099999999998,0.026622,398214,0.115629,0.157162,0.48461900000000002,0.224718,0.017871999999999999,290425,0.12814,0.17114599999999999,0.489286,0.19939699999999999,0.012031,148606,0.11458500000000001,0.135156,0.49004799999999998,0.23571700000000001,0.024493999999999998
34546,5792594,3221838,0.121112,0.16442699999999999,0.49665500000000001,0.207482,0.010324,1018687,0.11891500000000001,0.166821,0.49948300000000001,0.204233,0.010548999999999999,714793,0.10338799999999999,0.13939399999999999,0.46357500000000001,0.26701000000000003,0.026633,398260,0.115646,0.157169,0.48466799999999999,0.22464000000000001,0.017878000000000002,290433,0.12812200000000001,0.17123099999999999,0.48923800000000001,0.19935800000000001,0.012050999999999999,148583,0.114603,0.13500200000000001,0.49016999999999999,0.23568,0.024545000000000001
34547,5792812,3221864,0.121102,0.164434,0.49664700000000001,0.207487,0.010330000000000001,1018724,0.118904,0.16683200000000001,0.49947200000000003,0.20424200000000001,0.01055,714835,0.103411,0.139372,0.46354200000000001,0.26703100000000002,0.026644000000000001,398317,0.115659,0.157139,0.48471700000000001,0.22459699999999999,0.017888000000000001,290442,0.128112,0.17120099999999999,0.48928199999999999,0.199327,0.012078,148630,0.114526,0.13508000000000001,0.49013000000000001,0.23572000000000001,0.024544
34548,5793022,3221936,0.1211,0.16442599999999999,0.496645,0.20749200000000001,0.010337000000000001,1018742,0.11887499999999999,0.16686300000000001,0.49945600000000001,0.20425299999999999,0.010553,714912,0.10340199999999999,0.13941400000000001,0.46351399999999998,0.267017,0.026651999999999999,398354,0.115606,0.15718699999999999,0.48466399999999998,0.22464899999999999,0.017894,290466,0.12812899999999999,0.171101,0.48937599999999998,0.199321,0.012074,148612,0.114567,0.13511699999999999,0.49011500000000002,0.23567399999999999,0.024527
34549,5793265,3222100,0.121103,0.16442399999999999,0.49662400000000001,0.207508,0.010340999999999999,1018743,0.118879,0.16685900000000001,0.49945200000000001,0.20424800000000001,0.010562999999999999,714925,0.103383,0.139401,0.46352599999999999,0.26701399999999997,0.026676999999999999,398386,0.115574,0.15723899999999999,0.48467100000000002,0.22462399999999999,0.017892000000000002,290466,0.12814200000000001,0.17111799999999999,0.489338,0.19933799999999999,0.012063000000000001,148645,0.114689,0.134993,0.49014799999999997,0.23566200000000001,0.024507999999999999
34550,5793522,3222253,0.12109200000000001,0.16442699999999999,0.49662099999999998,0.207509,0.010351000000000001,1018826,0.118885,0.16683799999999999,0.49946800000000002,0.20424100000000001,0.010567999999999999,714955,0.103393,0.13939499999999999,0.46349600000000002,0.26703500000000002,0.026681,398350,0.115629,0.15725900000000001,0.484599,0.224629,0.017884000000000001,290484,0.128141,0.17113900000000001,0.48936600000000002,0.19927800000000001,0.012076,148654,0.114676,0.134904,0.49027300000000001,0.23563400000000001,0.024513
34551,5793749,3222314,0.121084,0.16441600000000001,0.49660900000000002,0.207536,0.010355,1018850,0.11887499999999999,0.16683200000000001,0.49946699999999999,0.20424900000000001,0.010577,714987,0.10334,0.139432,0.46354299999999998,0.266988,0.026696999999999999,398359,0.115665,0.157305,0.484545,0.224609,0.017876,290524,0.12809999999999999,0.17118700000000001,0.48935000000000001,0.19928100000000001,0.012082000000000001,148715,0.114743,0.13491600000000001,0.49011900000000003,0.23571900000000001,0.024503
34552,5793974,3222348,0.12108099999999999,0.16439599999999999,0.49663299999999999,0.20752899999999999,0.010359999999999999,1018913,0.118849,0.16685,0.499469,0.20424300000000001,0.010588999999999999,715069,0.10334699999999999,0.139461,0.46349099999999999,0.26699400000000001,0.026707999999999999,398370,0.115651,0.157306,0.48455199999999998,0.22461999999999999,0.01787,290535,0.128136,0.17121500000000001,0.48920799999999998,0.19934299999999999,0.012097999999999999,148739,0.114745,0.13486699999999999,0.490147,0.23574200000000001,0.024499
34553,5794222,3222442,0.12106500000000001,0.164412,0.496618,0.20754300000000001,0.010363000000000001,1018987,0.118856,0.166856,0.49946699999999999,0.20422899999999999,0.010592000000000001,715038,0.10334400000000001,0.139458,0.46348299999999998,0.26699299999999998,0.026721999999999999,398428,0.115607,0.15732599999999999,0.48459200000000002,0.22462299999999999,0.017853000000000001,290550,0.12819800000000001,0.17117199999999999,0.48918299999999998,0.19933600000000001,0.012112,148777,0.11483,0.134907,0.48999500000000001,0.23575599999999999,0.024513
34554,5794463,3222554,0.121064,0.164408,0.49660700000000002,0.20755100000000001,0.010370000000000001,1019095,0.118862,0.16686699999999999,0.49946000000000002,0.20421300000000001,0.010599000000000001,715023,0.103351,0.13944300000000001,0.46345799999999998,0.267011,0.026738000000000001,398426,0.115577,0.15737200000000001,0.48460199999999998,0.224576,0.017873,290544,0.12820400000000001,0.171206,0.48915799999999998,0.19930500000000001,0.012126,148821,0.114775,0.13488700000000001,0.49014600000000003,0.23574000000000001,0.024452000000000002
34555,5794689,3222743,0.12106699999999999,0.16441,0.49660300000000002,0.20754,0.010378999999999999,1019095,0.11885999999999999,0.16685700000000001,0.49945899999999999,0.20421800000000001,0.010605,714964,0.103334,0.13941999999999999,0.46348600000000001,0.267013,0.026747,398467,0.115648,0.15736600000000001,0.484514,0.22458600000000001,0.017885999999999999,290577,0.128138,0.171208,0.48916799999999999,0.199352,0.012134000000000001,148843,0.11479200000000001,0.13487399999999999,0.490033,0.23586599999999999,0.024434999999999998
34556,5794940,3222927,0.12106,0.164407,0.49660199999999999,0.20754300000000001,0.010388,1019075,0.118865,0.166852,0.49946099999999999,0.20421,0.010612999999999999,714984,0.103338,0.13945199999999999,0.46341500000000002,0.26704899999999998,0.026745999999999999,398498,0.11566700000000001,0.157308,0.48445700000000003,0.22467400000000001,0.017895000000000001,290605,0.128133,0.17119799999999999,0.48915900000000001,0.19935,0.012161,148851,0.11482000000000001,0.13492699999999999,0.49004700000000001,0.23574600000000001,0.024461
34557,5795161,3222990,0.121062,0.16439699999999999,0.496589,0.20755499999999999,0.010397,1019125,0.11885900000000001,0.16687299999999999,0.49944699999999997,0.204209,0.010612999999999999,715033,0.103334,0.139462,0.46346799999999999,0.26699200000000001,0.026744,398590,0.115673,0.15732199999999999,0.48437200000000002,0.22473499999999999,0.017898000000000001,290589,0.12809499999999999,0.17116999999999999,0.48924800000000002,0.199319,0.012168,148834,0.114732,0.13486799999999999,0.49013699999999999,0.235793,0.024469999999999999
34558,5795350,3223065,0.12106,0.16438700000000001,0.496589,0.207563,0.010401000000000001,1019138,0.118841,0.166876,0.49945499999999998,0.20421600000000001,0.010612,715102,0.103338,0.13947200000000001,0.463507,0.26693,0.026752999999999999,398651,0.115675,0.15731100000000001,0.48430299999999998,0.22478300000000001,0.017927999999999999,290571,0.12807199999999999,0.171184,0.48923,0.19933200000000001,0.012182999999999999,148823,0.114646,0.134993,0.48996499999999998,0.235931,0.024465000000000001
34559,5795547,3223169,0.12105100000000001,0.16438,0.496589,0.20757200000000001,0.010408000000000001,1019159,0.118856,0.16686599999999999,0.49945000000000001,0.204212,0.010616,715170,0.103342,0.13949600000000001,0.46349099999999999,0.26690900000000001,0.026762999999999999,398671,0.115652,0.15729799999999999,0.484292,0.22481200000000001,0.017947000000000001,290558,0.128078,0.17111899999999999,0.48926199999999997,0.199354,0.012187,148820,0.114568,0.13511000000000001,0.48991400000000002,0.23592299999999999,0.024486000000000001
34560,5795770,3223295,0.121042,0.16437599999999999,0.496585,0.20758699999999999,0.010410000000000001,1019234,0.118857,0.166851,0.49944899999999998,0.20422399999999999,0.010619999999999999,715233,0.10333100000000001,0.139485,0.46349699999999999,0.26691399999999998,0.026773000000000002,398702,0.115658,0.15732299999999999,0.48430899999999999,0.22472900000000001,0.017981,290560,0.12807299999999999,0.171128,0.48924499999999999,0.199374,0.01218,148746,0.11453099999999999,0.13517000000000001,0.48992200000000002,0.23585800000000001,0.024518000000000002
34561,5795975,3223363,0.121032,0.164382,0.49658200000000002,0.20758499999999999,0.010418999999999999,1019230,0.11885999999999999,0.16681000000000001,0.49945699999999998,0.20424500000000001,0.010626999999999999,715323,0.103328,0.13945199999999999,0.46351100000000001,0.26692700000000003,0.026782,398704,0.115617,0.157357,0.48426399999999997,0.22478600000000001,0.017975999999999999,290584,0.12806300000000001,0.17113800000000001,0.48929699999999998,0.199319,0.012182,148771,0.11457199999999999,0.13522799999999999,0.48990699999999998,0.23577200000000001,0.024521000000000001
34562,5796194,3223428,0.12102599999999999,0.16437199999999999,0.49658799999999997,0.207589,0.010425,1019272,0.11887499999999999,0.166793,0.49945099999999998,0.20424999999999999,0.010632000000000001,715358,0.103343,0.13946700000000001,0.46349099999999999,0.26693099999999997,0.026768,398727,0.115603,0.15731600000000001,0.48428900000000003,0.22478799999999999,0.018005,290638,0.12807299999999999,0.17111999999999999,0.48926500000000001,0.19934399999999999,0.012197,148771,0.114525,0.13526199999999999,0.48987999999999998,0.23581199999999999,0.024521000000000001
34563,5796409,3223519,0.12101000000000001,0.16436999999999999,0.49659399999999998,0.207598,0.010429000000000001,1019289,0.118882,0.16678200000000001,0.49945299999999998,0.20424600000000001,0.010637000000000001,715402,0.10335900000000001,0.13947399999999999,0.46346500000000002,0.266928,0.026773999999999999,398669,0.115587,0.15732099999999999,0.48426399999999997,0.224828,0.017999999999999999,290682,0.12803700000000001,0.17113500000000001,0.48929800000000001,0.19931099999999999,0.01222,148848,0.114701,0.135212,0.489782,0.23581099999999999,0.024494999999999999
34564,5796640,3223630,0.121006,0.16437199999999999,0.49658799999999997,0.20760300000000001,0.010430999999999999,1019336,0.118876,0.16677,0.49946200000000002,0.20424600000000001,0.010645,715461,0.10333100000000001,0.13947399999999999,0.46350000000000002,0.26692399999999999,0.026772000000000001,398679,0.115577,0.157272,0.48424400000000001,0.22487299999999999,0.018034999999999999,290710,0.12806200000000001,0.17114299999999999,0.48928500000000003,0.19928799999999999,0.012222,148824,0.11483400000000001,0.135133,0.48980699999999999,0.23571500000000001,0.024511999999999999
34565,5796863,3223724,0.121013,0.16436600000000001,0.49657800000000002,0.20760300000000001,0.01044,1019363,0.11887200000000001,0.16677400000000001,0.49944499999999997,0.20424600000000001,0.010663000000000001,715525,0.103306,0.139457,0.463507,0.266961,0.026769000000000001,398696,0.115537,0.15731500000000001,0.48424099999999998,0.224853,0.018054000000000001,290758,0.128048,0.171177,0.48929,0.19925799999999999,0.012227,148797,0.114686,0.135272,0.489761,0.23577100000000001,0.024510000000000001
34566,5797098,3223974,0.12101000000000001,0.164354,0.49657800000000002,0.20761499999999999,0.010442999999999999,1019396,0.11887,0.166773,0.49945299999999998,0.204232,0.010671999999999999,715490,0.103273,0.13950000000000001,0.46352399999999999,0.266926,0.026776000000000001,398731,0.115552,0.15729199999999999,0.484234,0.22484100000000001,0.018082000000000001,290759,0.12801000000000001,0.17121700000000001,0.48921999999999999,0.19930899999999999,0.012244,148748,0.114758,0.135215,0.48962,0.235875,0.024531000000000001
34567,5797313,3224052,0.121003,0.16436600000000001,0.49657200000000001,0.20760500000000001,0.010453,1019427,0.11887,0.166769,0.49943799999999999,0.20424999999999999,0.010673,715558,0.10328,0.139519,0.46348200000000001,0.26695799999999997,0.026761,398792,0.115521,0.15723699999999999,0.48424200000000001,0.22489899999999999,0.018100000000000002,290751,0.12801299999999999,0.17119500000000001,0.48921199999999998,0.199298,0.012282,148733,0.114736,0.13525599999999999,0.48964299999999999,0.23583200000000001,0.024534
34568,5797523,3224149,0.120988,0.16436700000000001,0.496583,0.20760600000000001,0.010455000000000001,1019497,0.118868,0.166766,0.499419,0.204262,0.010685,715568,0.103297,0.13949300000000001,0.46344999999999997,0.26699899999999999,0.026761,398836,0.115559,0.15726299999999999,0.48416900000000002,0.22489700000000001,0.018113000000000001,290731,0.128029,0.17122000000000001,0.48920799999999998,0.199263,0.012279,148742,0.114789,0.13511300000000001,0.48963299999999998,0.235932,0.024532000000000002
34569,5797741,3224251,0.120977,0.16437499999999999,0.49657299999999999,0.20761499999999999,0.010460000000000001,1019498,0.11885999999999999,0.16675400000000001,0.49942900000000001,0.204266,0.010691000000000001,715655,0.103293,0.13950299999999999,0.463424,0.26702500000000001,0.026755000000000001,398865,0.115518,0.15734100000000001,0.48411399999999999,0.22489799999999999,0.018128999999999999,290702,0.127997,0.17118900000000001,0.48925000000000002,0.199293,0.01227,148770,0.114741,0.135189,0.48980299999999999,0.23572599999999999,0.024541
34570,5797949,3224350,0.12096,0.164382,0.49657499999999999,0.20761599999999999,0.010467000000000001,1019515,0.11887399999999999,0.166745,0.49941000000000002,0.204288,0.010683,715709,0.103295,0.13942499999999999,0.46346900000000002,0.26704699999999998,0.026764,398874,0.11551500000000001,0.15733800000000001,0.48407,0.224911,0.018166000000000002,290734,0.12803500000000001,0.171153,0.48926199999999997,0.19928899999999999,0.012262,148767,0.11472300000000001,0.13525200000000001,0.48976599999999998,0.235738,0.024521999999999999
34571,5798180,3224477,0.120944,0.16438700000000001,0.49657800000000002,0.207618,0.010473,1019515,0.118867,0.16672799999999999,0.49942799999999998,0.20429,0.010685999999999999,715756,0.103315,0.13944799999999999,0.46342899999999998,0.26702399999999998,0.026783999999999999,398905,0.115549,0.15728300000000001,0.48407499999999998,0.22492799999999999,0.018165000000000001,290747,0.12801899999999999,0.17116600000000001,0.48925999999999997,0.19928000000000001,0.012274999999999999,148780,0.1148,0.135267,0.48969600000000002,0.23571700000000001,0.024518999999999999
34572,5798405,3224556,0.120949,0.16438800000000001,0.49655100000000002,0.20763499999999999,0.010477,1019590,0.118855,0.16671800000000001,0.49944300000000003,0.204287,0.010697,715821,0.103322,0.13946600000000001,0.46339799999999998,0.26703199999999999,0.026782,398922,0.115519,0.15723599999999999,0.48418499999999998,0.224881,0.018179000000000001,290745,0.12801899999999999,0.17113999999999999,0.48924699999999999,0.19931199999999999,0.012282,148771,0.114747,0.13527500000000001,0.489618,0.23581199999999999,0.024548
34573,5798642,3224745,0.12096,0.164386,0.49652499999999999,0.207651,0.010477999999999999,1019589,0.118853,0.16672899999999999,0.499421,0.20430200000000001,0.010695,715879,0.103314,0.139436,0.463422,0.267013,0.026816,398957,0.11550100000000001,0.157195,0.484265,0.224851,0.018186999999999998,290729,0.12803999999999999,0.171149,0.48925299999999999,0.19927800000000001,0.012279,148743,0.114634,0.13531399999999999,0.48979099999999998,0.235735,0.024525999999999999
34574,5798830,3224886,0.12094100000000001,0.16438800000000001,0.49652600000000002,0.20766000000000001,0.010485,1019663,0.11886099999999999,0.16670599999999999,0.49944,0.204294,0.010699999999999999,715876,0.103338,0.13944000000000001,0.46339000000000002,0.26701999999999998,0.026811999999999999,398872,0.115541,0.157196,0.48426599999999997,0.224804,0.018193999999999998,290730,0.12801599999999999,0.17119999999999999,0.48920000000000002,0.199295,0.012290000000000001,148803,0.11461499999999999,0.13538,0.48973499999999998,0.23571400000000001,0.024556000000000001
34575,5799051,3224949,0.12092899999999999,0.16439100000000001,0.496529,0.20766200000000001,0.010489999999999999,1019750,0.11886099999999999,0.16670699999999999,0.49942799999999998,0.20430599999999999,0.010699,715851,0.103357,0.13944400000000001,0.46339799999999998,0.26696799999999998,0.026834,398900,0.115575,0.15718499999999999,0.48420200000000002,0.22481599999999999,0.018223,290757,0.12798999999999999,0.171157,0.48921599999999998,0.199349,0.012289,148844,0.114563,0.13544400000000001,0.48968699999999998,0.23577000000000001,0.024535999999999999
34576,5799282,3225138,0.120921,0.164378,0.49654199999999998,0.20766699999999999,0.010492,1019807,0.11887399999999999,0.16669600000000001,0.49940200000000001,0.204315,0.010711999999999999,715847,0.103348,0.139456,0.46339399999999997,0.266961,0.026842000000000001,398877,0.115647,0.157166,0.48410399999999998,0.224851,0.018231000000000001,290751,0.127996,0.171181,0.48923,0.19930800000000001,0.012285000000000001,148862,0.114536,0.13542100000000001,0.48967500000000003,0.23578199999999999,0.024587000000000001
34577,5799476,3225310,0.120918,0.16436600000000001,0.49653999999999998,0.207679,0.010498,1019827,0.11887499999999999,0.16669300000000001,0.49940699999999999,0.20430400000000001,0.01072,715858,0.103353,0.13947000000000001,0.463366,0.266961,0.026849999999999999,398877,0.11564199999999999,0.157139,0.484184,0.22479099999999999,0.018244,290732,0.127946,0.17119500000000001,0.48920000000000002,0.19935900000000001,0.0123,148872,0.114541,0.13538500000000001,0.48971599999999998,0.23576,0.024597999999999998
34578,5799704,3225360,0.120908,0.16436700000000001,0.49653599999999998,0.20768800000000001,0.010501,1019898,0.118884,0.16666400000000001,0.49942999999999999,0.204292,0.01073,715947,0.103357,0.13947799999999999,0.46337800000000001,0.26693899999999998,0.026848,398889,0.115689,0.15708900000000001,0.48413699999999998,0.22481899999999999,0.018266000000000001,290749,0.127945,0.17122999999999999,0.489178,0.19934399999999999,0.012303,148861,0.11457000000000001,0.135381,0.48968499999999998,0.23571,0.024653999999999999
34579,5799902,3225478,0.12091,0.164358,0.49652099999999999,0.207703,0.010507000000000001,1019894,0.118881,0.16666300000000001,0.49941600000000003,0.20430499999999999,0.010735,715984,0.103324,0.13947399999999999,0.463418,0.26691900000000002,0.026865,398920,0.115662,0.15707199999999999,0.48419699999999999,0.22479199999999999,0.018277000000000002,290732,0.12790499999999999,0.17124400000000001,0.48913400000000001,0.19939699999999999,0.012321,148894,0.114578,0.135465,0.48960999999999999,0.23569100000000001,0.024655
34580,5800123,3225633,0.12091200000000001,0.16436200000000001,0.49652299999999999,0.20769299999999999,0.010511,1019991,0.11888,0.16666700000000001,0.49939600000000001,0.204317,0.01074,715999,0.103309,0.13944400000000001,0.46341500000000002,0.26697100000000001,0.026859999999999998,398938,0.115622,0.157024,0.48425099999999999,0.22481400000000001,0.018289,290717,0.12787999999999999,0.17122799999999999,0.48910100000000001,0.199462,0.012328,148845,0.114582,0.135604,0.48953600000000003,0.23561399999999999,0.024663000000000001
34581,5800306,3225767,0.12091,0.16436300000000001,0.49650899999999998,0.20769899999999999,0.01052,1020028,0.11887,0.16667699999999999,0.49937599999999999,0.20433200000000001,0.010744999999999999,716005,0.103294,0.13941200000000001,0.46344400000000002,0.26697900000000002,0.026870999999999999,398956,0.115672,0.15698699999999999,0.48429699999999998,0.22472700000000001,0.018318000000000001,290708,0.12786,0.17121600000000001,0.48911300000000002,0.199489,0.012322,148842,0.114524,0.13572799999999999,0.48943799999999998,0.23565900000000001,0.024649999999999998
34582,5800497,3225940,0.120902,0.164354,0.49651099999999998,0.20771000000000001,0.010522999999999999,1020047,0.118856,0.16666300000000001,0.49937399999999998,0.204349,0.010756999999999999,716049,0.103323,0.13941899999999999,0.46341100000000002,0.26696900000000001,0.026877999999999999,398945,0.115645,0.157002,0.48426000000000002,0.22475500000000001,0.018338,290702,0.12783900000000001,0.171241,0.48908200000000002,0.19953099999999999,0.012307999999999999,148814,0.11455899999999999,0.135626,0.48951,0.23566999999999999,0.024635000000000001
34583,5800693,3226119,0.120889,0.16436799999999999,0.49650899999999998,0.207703,0.010531,1020061,0.118852,0.16664000000000001,0.49937999999999999,0.20436000000000001,0.010768,716071,0.10333299999999999,0.13939799999999999,0.46339399999999997,0.26697799999999999,0.026897000000000001,398957,0.115637,0.15689700000000001,0.48430299999999998,0.224854,0.01831,290716,0.12781200000000001,0.17116400000000001,0.48911700000000002,0.19958300000000001,0.012324999999999999,148769,0.11462700000000001,0.13564000000000001,0.489396,0.23567399999999999,0.024662
34584,5800908,3226284,0.120878,0.16437399999999999,0.49649599999999999,0.20771500000000001,0.010536999999999999,1020085,0.118841,0.16665099999999999,0.49935800000000002,0.20436799999999999,0.010781000000000001,716202,0.10334699999999999,0.13941000000000001,0.46338200000000002,0.266953,0.026908999999999999,398935,0.11558,0.15689,0.48438500000000001,0.224851,0.018294000000000001,290668,0.12781600000000001,0.17111999999999999,0.48916300000000001,0.19955400000000001,0.012347,148734,0.11464100000000001,0.135571,0.48951099999999997,0.23560900000000001,0.024667999999999999
34585,5801147,3226363,0.120878,0.16437499999999999,0.49646400000000002,0.20774000000000001,0.010543,1020146,0.118816,0.16669100000000001,0.49932799999999999,0.20438000000000001,0.010786,716252,0.103338,0.13942399999999999,0.463422,0.26689600000000002,0.026918999999999998,398972,0.115582,0.15689600000000001,0.48442499999999999,0.224803,0.018294999999999999,290630,0.127805,0.17114199999999999,0.48914800000000003,0.199546,0.012359,148784,0.114609,0.135572,0.489508,0.23564399999999999,0.024667000000000001
34586,5801367,3226579,0.120867,0.164383,0.49646299999999999,0.20773900000000001,0.010548,1020175,0.11881700000000001,0.166684,0.49930600000000003,0.204398,0.010795000000000001,716212,0.103324,0.13944599999999999,0.46335700000000002,0.26693099999999997,0.026942000000000001,398934,0.115555,0.156918,0.48443399999999998,0.224774,0.018318999999999998,290673,0.12776599999999999,0.171182,0.48912699999999998,0.199575,0.012351000000000001,148794,0.114648,0.13561699999999999,0.48947499999999999,0.23557400000000001,0.024684999999999999
34587,5801572,3226746,0.12085600000000001,0.16438,0.49644199999999999,0.20776500000000001,0.010558,1020176,0.118797,0.16670099999999999,0.499311,0.20438999999999999,0.010801,716170,0.10331899999999999,0.13946,0.46333099999999999,0.26694899999999999,0.026941,398983,0.115539,0.156886,0.48451899999999998,0.224746,0.018308999999999999,290689,0.12778300000000001,0.171186,0.48913800000000002,0.19954,0.012352999999999999,148808,0.114691,0.13556399999999999,0.489591,0.235431,0.024722999999999998
34588,5801799,3226906,0.12085,0.16437499999999999,0.496446,0.20776800000000001,0.010560999999999999,1020232,0.118779,0.16670099999999999,0.49933,0.20438600000000001,0.010803999999999999,716133,0.103301,0.13945199999999999,0.46329700000000001,0.26701599999999998,0.026935000000000001,398991,0.11555600000000001,0.156948,0.48450199999999999,0.22467200000000001,0.018321,290718,0.127801,0.17119999999999999,0.48907899999999999,0.199547,0.012373,148819,0.11468299999999999,0.13542000000000001,0.48964800000000003,0.23552100000000001,0.024728
34589,5802046,3227038,0.120841,0.164381,0.49644199999999999,0.20777399999999999,0.010562,1020261,0.118782,0.16669600000000001,0.49931900000000001,0.20438799999999999,0.010815,716085,0.103298,0.13944599999999999,0.46329399999999998,0.26700499999999999,0.026957999999999999,399021,0.11556,0.156917,0.48450300000000002,0.22470499999999999,0.018315000000000001,290754,0.12784300000000001,0.171179,0.48905599999999999,0.19952900000000001,0.012392,148887,0.114812,0.135324,0.48962600000000001,0.235487,0.024750000000000001
34590,5802246,3227121,0.120836,0.16436500000000001,0.49645099999999998,0.20777799999999999,0.010569,1020313,0.118782,0.16669700000000001,0.49932500000000002,0.204378,0.010817,716127,0.103307,0.13945299999999999,0.46331,0.26696799999999998,0.026962,399018,0.11558599999999999,0.15687499999999999,0.48451699999999998,0.224687,0.018335000000000001,290754,0.127806,0.171213,0.48902499999999999,0.19955000000000001,0.012406,148913,0.11476500000000001,0.13542799999999999,0.48948000000000003,0.23557400000000001,0.024753000000000001
34591,5802444,3227267,0.12084,0.16434299999999999,0.49645299999999998,0.207791,0.010573000000000001,1020343,0.118772,0.16672100000000001,0.499307,0.204374,0.010826000000000001,716145,0.103296,0.139462,0.46326099999999998,0.266988,0.026993,399015,0.11554499999999999,0.156939,0.484518,0.22467300000000001,0.018325000000000001,290774,0.12783800000000001,0.17116000000000001,0.48904599999999998,0.19953299999999999,0.012422000000000001,148900,0.114782,0.13544700000000001,0.48948999999999998,0.23552000000000001,0.024761999999999999
34592,5802669,3227415,0.120841,0.16434199999999999,0.49643900000000002,0.20779600000000001,0.010581999999999999,1020381,0.118781,0.166709,0.499311,0.204374,0.010825,716163,0.10330300000000001,0.13944999999999999,0.46326299999999998,0.266988,0.026995000000000002,399078,0.115534,0.15693199999999999,0.48450900000000002,0.224693,0.018332000000000001,290785,0.12784699999999999,0.171151,0.48904199999999998,0.19953199999999999,0.012428,148847,0.114722,0.13538700000000001,0.48954300000000001,0.23552999999999999,0.024816999999999999
34593,5802856,3227576,0.12084,0.164324,0.49643999999999999,0.20780599999999999,0.01059,1020427,0.118773,0.166717,0.49929800000000002,0.20438200000000001,0.010829999999999999,716114,0.10330499999999999,0.139462,0.46321400000000001,0.26700400000000002,0.027015000000000001,399098,0.115546,0.156919,0.484595,0.22461100000000001,0.018329000000000002,290795,0.12778400000000001,0.17113100000000001,0.48907600000000001,0.199574,0.012435,148846,0.114602,0.13550899999999999,0.48957299999999998,0.23551900000000001,0.024797
34594,5803065,3227705,0.120833,0.16431999999999999,0.49642399999999998,0.20782900000000001,0.010595,1020465,0.11876399999999999,0.16672200000000001,0.499309,0.204378,0.010827,716150,0.103351,0.139461,0.46317999999999998,0.26697799999999999,0.027030999999999999,399110,0.11557199999999999,0.15693699999999999,0.48455799999999999,0.224605,0.018328000000000001,290770,0.127747,0.17110800000000001,0.48916300000000001,0.19953199999999999,0.012449999999999999,148865,0.114621,0.13548499999999999,0.48955100000000001,0.23552899999999999,0.024813999999999999
34595,5803271,3227805,0.120811,0.16432099999999999,0.49642700000000001,0.207839,0.010602,1020505,0.118773,0.166711,0.49928600000000001,0.204397,0.010834,716178,0.10338899999999999,0.13944599999999999,0.46312500000000001,0.26699499999999998,0.027045,399087,0.11558400000000001,0.15693799999999999,0.48460599999999998,0.22453200000000001,0.018339000000000001,290816,0.12768599999999999,0.17102899999999999,0.48926799999999998,0.19956599999999999,0.012451,148880,0.114676,0.13550499999999999,0.48959599999999998,0.235431,0.024792000000000002
34596,5803453,3227870,0.120793,0.164322,0.49642700000000001,0.20785100000000001,0.010607,1020558,0.118742,0.166739,0.49929200000000001,0.20438999999999999,0.010836999999999999,716205,0.103394,0.139432,0.46311999999999998,0.26697799999999999,0.027075999999999999,399086,0.115582,0.15698599999999999,0.48459200000000002,0.22451099999999999,0.018329000000000002,290850,0.12764700000000001,0.17108499999999999,0.489232,0.19958699999999999,0.012449999999999999,148884,0.11468,0.13548099999999999,0.48942799999999997,0.23563300000000001,0.024778000000000001
34597,5803634,3228029,0.120783,0.164323,0.49642700000000001,0.20785400000000001,0.010612999999999999,1020573,0.118737,0.166739,0.49929800000000002,0.20438200000000001,0.010843999999999999,716160,0.103383,0.13944799999999999,0.46314699999999998,0.26694499999999999,0.027078000000000001,399064,0.11561299999999999,0.15695700000000001,0.48450599999999999,0.22459799999999999,0.018325000000000001,290883,0.12754599999999999,0.17116200000000001,0.48918600000000001,0.19964399999999999,0.012462000000000001,148925,0.11466800000000001,0.13550400000000001,0.48942099999999999,0.23560200000000001,0.024804
34598,5803862,3228159,0.120782,0.16431200000000001,0.49643399999999999,0.20785600000000001,0.010616,1020610,0.11871900000000001,0.166745,0.49929800000000002,0.20438799999999999,0.010848999999999999,716132,0.10338,0.13941999999999999,0.46312399999999998,0.266982,0.027094,399075,0.11568000000000001,0.15692800000000001,0.48449300000000001,0.22454399999999999,0.018355,290968,0.12753300000000001,0.17121800000000001,0.489116,0.19966500000000001,0.012468999999999999,148918,0.11465400000000001,0.13558500000000001,0.48924899999999999,0.235707,0.024806000000000002
34599,5804124,3228384,0.12077,0.16430800000000001,0.49642399999999998,0.207875,0.010624,1020692,0.11874999999999999,0.16673099999999999,0.49927300000000002,0.20438700000000001,0.010859000000000001,716077,0.103393,0.13949600000000001,0.46305200000000002,0.26695600000000003,0.027102999999999999,399092,0.115673,0.15690100000000001,0.48452499999999998,0.22456999999999999,0.018332000000000001,290984,0.12754699999999999,0.171178,0.489147,0.199654,0.012475,148895,0.114624,0.13559199999999999,0.48922399999999999,0.23572299999999999,0.024836
34600,5804362,3228509,0.120764,0.16431799999999999,0.49640299999999998,0.20788999999999999,0.010626,1020761,0.118752,0.166738,0.49925799999999998,0.20438200000000001,0.010869999999999999,716086,0.10342800000000001,0.139462,0.46303499999999997,0.26696700000000001,0.027108,399114,0.11562600000000001,0.15692500000000001,0.48449300000000001,0.22459699999999999,0.018357999999999999,291005,0.12753400000000001,0.17121,0.48918699999999998,0.19959099999999999,0.012477,148887,0.114563,0.13553899999999999,0.489344,0.235675,0.024878000000000001
34601,5804589,3228635,0.120749,0.16431200000000001,0.49639800000000001,0.20790900000000001,0.010632000000000001,1020762,0.118729,0.166767,0.49924200000000002,0.20438799999999999,0.010874999999999999,716110,0.103411,0.13949400000000001,0.46305299999999999,0.26691199999999998,0.027130000000000001,399161,0.11568000000000001,0.156942,0.48442400000000002,0.22459399999999999,0.018360999999999999,291039,0.12755,0.17119999999999999,0.489172,0.19958100000000001,0.012496999999999999,148882,0.114581,0.13556399999999999,0.48935400000000001,0.23563600000000001,0.024865000000000002
34602,5804789,3228683,0.12074699999999999,0.16430800000000001,0.49640000000000001,0.20790600000000001,0.01064,1020811,0.118714,0.166769,0.49926399999999999,0.204374,0.010879,716152,0.10341400000000001,0.13950799999999999,0.46305099999999999,0.266899,0.027127999999999999,399172,0.115659,0.15695200000000001,0.48437999999999998,0.22464799999999999,0.018360999999999999,291064,0.12753200000000001,0.171182,0.48915399999999998,0.19961899999999999,0.012513,148907,0.114676,0.13562199999999999,0.48916399999999999,0.23567099999999999,0.024868000000000001
34603,5805008,3228816,0.120741,0.164303,0.49639800000000001,0.20791399999999999,0.010644000000000001,1020790,0.118715,0.16678599999999999,0.49923099999999998,0.20438000000000001,0.010888999999999999,716167,0.103399,0.139511,0.46307599999999999,0.26688299999999998,0.027130999999999999,399217,0.115619,0.156942,0.48439300000000002,0.22467200000000001,0.018373,291130,0.12756200000000001,0.171209,0.489091,0.19961499999999999,0.012524,148888,0.114704,0.135572,0.48913299999999998,0.23569399999999999,0.024898
34604,5805238,3228940,0.120737,0.164294,0.49640000000000001,0.207926,0.010643,1020791,0.11870699999999999,0.16678899999999999,0.49923200000000001,0.204375,0.010895999999999999,716259,0.103379,0.13953099999999999,0.46305000000000002,0.26688800000000001,0.027151999999999999,399196,0.11562,0.15690999999999999,0.48434899999999997,0.224747,0.018374000000000001,291154,0.12759200000000001,0.17113300000000001,0.48913299999999998,0.19962299999999999,0.012519000000000001,148898,0.114676,0.135737,0.48908000000000001,0.23558399999999999,0.024923000000000001
34605,5805442,3229105,0.12074,0.164298,0.49637700000000001,0.20793700000000001,0.010647999999999999,1020820,0.11872000000000001,0.16678000000000001,0.499226,0.204373,0.010900999999999999,716255,0.103322,0.13947000000000001,0.46312999999999999,0.26691500000000001,0.027164000000000001,399209,0.115606,0.15697800000000001,0.48430299999999998,0.224744,0.018369,291176,0.12756200000000001,0.171127,0.48911300000000002,0.19968,0.012518,148877,0.114719,0.135682,0.48914200000000002,0.23552300000000001,0.024933
34606,5805670,3229254,0.12073299999999999,0.164303,0.49638199999999999,0.20793200000000001,0.010651000000000001,1020872,0.118728,0.16678100000000001,0.49920199999999998,0.20438200000000001,0.010907,716263,0.103313,0.13950299999999999,0.463092,0.26691999999999999,0.027172000000000002,399230,0.115603,0.15693699999999999,0.48429699999999998,0.22480800000000001,0.018355,291201,0.127637,0.171129,0.489037,0.19967299999999999,0.012524,148850,0.11459900000000001,0.13576099999999999,0.48904900000000001,0.235573,0.025017999999999999
34607,5805907,3229393,0.120731,0.16429299999999999,0.49638599999999999,0.20793,0.010659999999999999,1020929,0.11874899999999999,0.16677800000000001,0.49919599999999997,0.204373,0.010904,716276,0.103302,0.13950799999999999,0.46305299999999999,0.26694200000000001,0.027195,399243,0.115589,0.15695200000000001,0.48431200000000002,0.22479499999999999,0.018352,291201,0.12759899999999999,0.17113999999999999,0.489037,0.199683,0.012541,148865,0.11462700000000001,0.135714,0.48900700000000002,0.23566300000000001,0.024989000000000001
34608,5806083,3229535,0.120724,0.16428499999999999,0.49639299999999997,0.20793600000000001,0.010661,1020974,0.11876,0.16675300000000001,0.49921100000000002,0.204372,0.010904,716273,0.103285,0.13950499999999999,0.46306799999999998,0.266928,0.027213999999999999,399277,0.115634,0.156921,0.484263,0.224829,0.018353000000000001,291217,0.127606,0.171123,0.489089,0.199631,0.012551,148807,0.114605,0.13566600000000001,0.48892200000000002,0.23580200000000001,0.025006
34609,5806314,3229696,0.120699,0.16428699999999999,0.496394,0.207954,0.010664999999999999,1020979,0.118742,0.16677800000000001,0.49921199999999999,0.20436199999999999,0.010906000000000001,716321,0.103329,0.13950299999999999,0.46301300000000001,0.26691900000000002,0.027234999999999999,399258,0.11566700000000001,0.15689600000000001,0.48424099999999998,0.22483700000000001,0.018359,291199,0.12762699999999999,0.17114399999999999,0.48910500000000001,0.199568,0.012555,148861,0.11461,0.135516,0.48905399999999999,0.23580400000000001,0.025017000000000001
34610,5806496,3229818,0.12067700000000001,0.164297,0.49640000000000001,0.207958,0.010668,1021013,0.118732,0.16675599999999999,0.49923299999999998,0.20436599999999999,0.010914,716313,0.10331899999999999,0.13952999999999999,0.46298899999999998,0.26690399999999997,0.027258000000000001,399244,0.115659,0.156919,0.48414000000000001,0.22494,0.018342000000000001,291241,0.12768099999999999,0.171123,0.48909000000000002,0.19955300000000001,0.012553,148867,0.114693,0.13561100000000001,0.48886600000000002,0.235788,0.025041999999999998
34611,5806731,3229933,0.120675,0.164295,0.496394,0.20796400000000001,0.010671999999999999,1021039,0.118705,0.16677600000000001,0.49922299999999997,0.204374,0.010921999999999999,716344,0.10333199999999999,0.13952500000000001,0.46294800000000003,0.26693600000000001,0.027258999999999999,399298,0.115658,0.15693299999999999,0.484155,0.224885,0.018370000000000001,291247,0.12764800000000001,0.171075,0.48916900000000002,0.19953899999999999,0.01257,148870,0.114603,0.135655,0.48876199999999997,0.23591100000000001,0.025069000000000001
34612,5806957,3230042,0.12069100000000001,0.164272,0.49638199999999999,0.207977,0.010677000000000001,1021083,0.118688,0.16675499999999999,0.49923299999999998,0.204397,0.010928,716367,0.10327799999999999,0.13953199999999999,0.463028,0.26691100000000001,0.027251000000000001,399305,0.115661,0.156975,0.48402800000000001,0.22495100000000001,0.018384000000000001,291263,0.12768199999999999,0.17108599999999999,0.48911500000000002,0.19953399999999999,0.012583,148897,0.114562,0.135765,0.48874699999999999,0.235821,0.025104999999999999
34613,5807184,3230137,0.12067700000000001,0.16428200000000001,0.49637900000000001,0.20797499999999999,0.010687,1021140,0.118689,0.16673399999999999,0.49924800000000003,0.20439499999999999,0.010933999999999999,716336,0.10328,0.13953099999999999,0.46297500000000003,0.26695200000000002,0.027262000000000002,399347,0.115621,0.156974,0.48403299999999999,0.22497200000000001,0.0184,291298,0.12770799999999999,0.17107900000000001,0.489145,0.19950000000000001,0.012567999999999999,148926,0.11456,0.13583899999999999,0.48863899999999999,0.23588899999999999,0.025073000000000002
34614,5807397,3230370,0.120674,0.16428200000000001,0.49637900000000001,0.20797399999999999,0.010691000000000001,1021161,0.11866699999999999,0.16672899999999999,0.49925399999999998,0.20441500000000001,0.010935,716346,0.10331,0.139512,0.46292899999999998,0.26695600000000003,0.027293000000000001,399312,0.115589,0.15695200000000001,0.48408299999999999,0.22498699999999999,0.018388999999999999,291321,0.12767000000000001,0.171072,0.48914400000000002,0.19953599999999999,0.012577,148887,0.11457000000000001,0.13586799999999999,0.48857899999999999,0.23586299999999999,0.02512
34615,5807606,3230467,0.120666,0.16429199999999999,0.49635800000000002,0.20798800000000001,0.010696000000000001,1021193,0.118641,0.16673399999999999,0.49926900000000002,0.20441599999999999,0.01094,716420,0.103312,0.139461,0.462951,0.26697500000000002,0.027300999999999999,399306,0.115548,0.15696499999999999,0.48413200000000001,0.22495999999999999,0.018394000000000001,291334,0.12770899999999999,0.17108899999999999,0.489037,0.19956099999999999,0.012604000000000001,148886,0.11459800000000001,0.135903,0.488535,0.23580499999999999,0.025159999999999998
34616,5807850,3230556,0.120655,0.164302,0.49635800000000002,0.207986,0.010697999999999999,1021286,0.118645,0.16673299999999999,0.49923899999999999,0.20443600000000001,0.010947,716453,0.103302,0.13945199999999999,0.462924,0.26699600000000001,0.027326,399285,0.115532,0.157031,0.48404799999999998,0.22498499999999999,0.018405000000000001,291357,0.127723,0.17103099999999999,0.48906300000000003,0.19956299999999999,0.012619999999999999,148913,0.114637,0.135851,0.48843999999999999,0.23592299999999999,0.025149000000000001
34617,5808068,3230691,0.12064999999999999,0.164297,0.49634299999999998,0.208008,0.010702,1021313,0.118631,0.16671800000000001,0.49923899999999999,0.20446300000000001,0.01095,716494,0.10335999999999999,0.139455,0.46290700000000001,0.26692199999999999,0.027355000000000001,399313,0.115573,0.15698699999999999,0.48405399999999998,0.22497900000000001,0.018407,291352,0.12764600000000001,0.17102000000000001,0.489147,0.199573,0.012614,148905,0.11463,0.13594600000000001,0.48839199999999999,0.23590900000000001,0.025122999999999999
34618,5808311,3230799,0.120643,0.164297,0.49634200000000001,0.20801,0.010709,1021336,0.118616,0.16672200000000001,0.499247,0.204461,0.010954,716539,0.103371,0.13943700000000001,0.46290700000000001,0.26690700000000001,0.027379000000000001,399362,0.115574,0.15693299999999999,0.48399900000000001,0.225082,0.018412000000000001,291382,0.127637,0.171047,0.489124,0.199573,0.012619,148893,0.11458599999999999,0.13598399999999999,0.488344,0.235961,0.025125000000000001
34619,5808560,3230997,0.120632,0.164303,0.49632900000000002,0.20801900000000001,0.010717000000000001,1021420,0.118627,0.166714,0.49923099999999998,0.20446400000000001,0.010963000000000001,716507,0.103379,0.13944200000000001,0.462918,0.26688899999999999,0.027372,399401,0.11558599999999999,0.15692,0.48395500000000002,0.22512699999999999,0.018412999999999999,291362,0.12761400000000001,0.171042,0.48913000000000001,0.19958000000000001,0.012633999999999999,148873,0.114594,0.13591500000000001,0.48845699999999997,0.235872,0.025162
34620,5808776,3231178,0.120629,0.16431200000000001,0.49632100000000001,0.208013,0.010723999999999999,1021431,0.118629,0.166683,0.49924800000000003,0.20447000000000001,0.010971,716543,0.10337399999999999,0.13941000000000001,0.46292800000000001,0.26690700000000001,0.027380999999999999,399384,0.11562600000000001,0.15687200000000001,0.483983,0.225104,0.018415999999999998,291355,0.127583,0.171094,0.48910100000000001,0.199602,0.012619999999999999,148885,0.11457199999999999,0.13595699999999999,0.48839700000000003,0.235954,0.02512
34621,5808988,3231307,0.120625,0.16430900000000001,0.49632199999999999,0.208011,0.010732,1021475,0.118602,0.16669500000000001,0.499247,0.20447899999999999,0.010977000000000001,716580,0.103391,0.139372,0.462893,0.26695400000000002,0.027390000000000001,399381,0.115596,0.15687300000000001,0.483989,0.22511800000000001,0.018423999999999999,291324,0.12754199999999999,0.17113600000000001,0.48910799999999999,0.19958899999999999,0.012625000000000001,148921,0.11457100000000001,0.136045,0.4884,0.23587,0.025114000000000001
34622,5809220,3231456,0.120628,0.164298,0.49632700000000002,0.208013,0.010734,1021515,0.118593,0.16669,0.499255,0.20447799999999999,0.010985,716645,0.103376,0.13933799999999999,0.46290300000000001,0.26699000000000001,0.027393000000000001,399377,0.115573,0.156919,0.48394900000000002,0.225101,0.018459,291298,0.12756400000000001,0.17114399999999999,0.48910399999999998,0.199569,0.012619,148929,0.11458500000000001,0.13605100000000001,0.48830000000000001,0.23593800000000001,0.025125999999999999
34623,5809426,3231623,0.120629,0.1643,0.49632300000000001,0.208009,0.010739,1021565,0.118585,0.166685,0.49925900000000001,0.20447599999999999,0.010994,716614,0.103357,0.13932900000000001,0.46291199999999999,0.26700800000000002,0.027394000000000002,399402,0.115595,0.15687699999999999,0.48391800000000001,0.22514200000000001,0.018467999999999998,291295,0.127558,0.171129,0.48905399999999999,0.199633,0.012626,148927,0.114499,0.13611999999999999,0.48835299999999998,0.23588700000000001,0.025139999999999999
34624,5809610,3231707,0.120615,0.164303,0.49632500000000002,0.208012,0.010744999999999999,1021577,0.11856999999999999,0.166684,0.49925599999999998,0.204487,0.011004,716661,0.10331899999999999,0.13933499999999999,0.46298,0.26696300000000001,0.027401999999999999,399458,0.115622,0.15684000000000001,0.48382799999999998,0.22523000000000001,0.01848,291254,0.12757599999999999,0.171153,0.48899599999999999,0.19963700000000001,0.012638,148953,0.114412,0.13625799999999999,0.48827500000000001,0.235927,0.025128999999999999
34625,5809855,3231873,0.12060899999999999,0.16431000000000001,0.496313,0.20801900000000001,0.010749,1021587,0.118572,0.166685,0.49924099999999999,0.20449300000000001,0.011009,716727,0.103302,0.139346,0.46298499999999998,0.26695000000000002,0.027418000000000001,399447,0.11562699999999999,0.15681400000000001,0.48381400000000002,0.22525600000000001,0.018488000000000001,291280,0.12762599999999999,0.17114099999999999,0.488925,0.199681,0.012626999999999999,148941,0.114401,0.136208,0.48835400000000001,0.23586499999999999,0.025170999999999999
34626,5810086,3231934,0.120603,0.16430400000000001,0.496311,0.20802699999999999,0.010755000000000001,1021601,0.118566,0.16669600000000001,0.499226,0.20450299999999999,0.011009,716852,0.103302,0.13938400000000001,0.46292699999999998,0.266953,0.027434,399484,0.115592,0.156802,0.483879,0.225213,0.018513999999999999,291313,0.127691,0.17107700000000001,0.48891099999999998,0.199679,0.012643,148902,0.114444,0.13617699999999999,0.488375,0.23585300000000001,0.025151
34627,5810350,3232113,0.12060999999999999,0.164294,0.49629600000000001,0.208038,0.010762000000000001,1021653,0.118566,0.16669700000000001,0.49922299999999997,0.20449700000000001,0.011016,716827,0.10330400000000001,0.13944899999999999,0.46293600000000001,0.26685900000000001,0.027452000000000001,399547,0.11553099999999999,0.15675,0.483908,0.22528999999999999,0.018520999999999999,291323,0.12768599999999999,0.17106399999999999,0.48892799999999997,0.19967499999999999,0.012645999999999999,148887,0.114389,0.13627800000000001,0.488317,0.23588400000000001,0.025132999999999999
34628,5810601,3232146,0.120611,0.16430400000000001,0.49627900000000003,0.208039,0.010767000000000001,1021726,0.11856700000000001,0.16667299999999999,0.49922,0.204515,0.011025,716934,0.1033,0.13941300000000001,0.46293899999999999,0.26688200000000001,0.027466000000000001,399519,0.115564,0.15677099999999999,0.48383700000000002,0.22528799999999999,0.018540000000000001,291350,0.12767800000000001,0.171121,0.48887900000000001,0.19967399999999999,0.012648,148926,0.114325,0.13627600000000001,0.48839700000000003,0.23592299999999999,0.025080000000000002
34629,5810790,3232273,0.120606,0.164302,0.49628299999999997,0.208036,0.010773,1021755,0.118562,0.16666900000000001,0.49921399999999999,0.20452000000000001,0.011036000000000001,716946,0.103287,0.139402,0.46294800000000003,0.26688099999999998,0.027481999999999999,399534,0.11554,0.15675500000000001,0.48384899999999997,0.225295,0.018561999999999999,291334,0.12768199999999999,0.17110900000000001,0.48882700000000001,0.19972999999999999,0.012652,148948,0.114429,0.13625599999999999,0.48837199999999997,0.23590800000000001,0.025035999999999999
34630,5811038,3232499,0.120612,0.164301,0.49627399999999999,0.208033,0.01078,1021822,0.118578,0.16664599999999999,0.49921599999999999,0.20451900000000001,0.011039999999999999,716906,0.103311,0.13938600000000001,0.46288899999999999,0.266926,0.027487999999999999,399540,0.115525,0.15673999999999999,0.48387400000000003,0.225297,0.018564000000000001,291320,0.12767100000000001,0.17111799999999999,0.48884699999999998,0.19970099999999999,0.012663000000000001,148951,0.114541,0.13616600000000001,0.48822100000000002,0.23600399999999999,0.025069000000000001
34631,5811241,3232712,0.120606,0.16429199999999999,0.49627300000000002,0.208041,0.010787,1021848,0.118564,0.16664399999999999,0.49921100000000002,0.20452699999999999,0.011054,716906,0.10331799999999999,0.13938600000000001,0.46288899999999999,0.26691199999999998,0.027494999999999999,399506,0.115513,0.156781,0.48385,0.225301,0.018554999999999999,291329,0.127663,0.17110900000000001,0.48890800000000001,0.199657,0.012663000000000001,148940,0.11448899999999999,0.13613500000000001,0.48824400000000001,0.23605499999999999,0.025076999999999999
34632,5811471,3232817,0.120589,0.164303,0.49626399999999998,0.20804800000000001,0.010795000000000001,1021930,0.11854099999999999,0.16663,0.499247,0.20452699999999999,0.011056,716936,0.103324,0.139381,0.46286699999999997,0.26691199999999998,0.027515999999999999,399551,0.11551,0.15675600000000001,0.483873,0.22531999999999999,0.018540999999999998,291292,0.12769,0.171124,0.48890800000000001,0.199631,0.012647,148945,0.114519,0.13615099999999999,0.488153,0.236067,0.02511
34633,5811649,3232927,0.12057,0.16431599999999999,0.49625399999999997,0.20805299999999999,0.010807000000000001,1021951,0.118523,0.166634,0.49925399999999998,0.20452600000000001,0.011062000000000001,716912,0.103329,0.139378,0.462843,0.26695200000000002,0.027497000000000001,399622,0.115479,0.15675800000000001,0.48395199999999999,0.225273,0.018537999999999999,291294,0.12767200000000001,0.17113,0.48887399999999998,0.19966100000000001,0.012664,148943,0.114554,0.136133,0.48799199999999998,0.23619799999999999,0.025124
34634,5811880,3233019,0.120555,0.16431899999999999,0.49625000000000002,0.208064,0.010812,1021996,0.118504,0.16664200000000001,0.49925599999999998,0.20452500000000001,0.011072,716927,0.10335900000000001,0.13938700000000001,0.46281600000000001,0.266928,0.02751,399650,0.115451,0.15676499999999999,0.48394599999999999,0.22530500000000001,0.018533999999999998,291323,0.12767999999999999,0.17117099999999999,0.48888300000000001,0.199603,0.012663000000000001,148965,0.114577,0.13606599999999999,0.48797400000000002,0.23624999999999999,0.025132999999999999
34635,5812110,3233160,0.12055100000000001,0.16431899999999999,0.496226,0.20808199999999999,0.010821000000000001,1022029,0.11849899999999999,0.16663500000000001,0.49925799999999998,0.20453199999999999,0.011076000000000001,716920,0.103349,0.13933899999999999,0.46288400000000002,0.266903,0.027525000000000001,399709,0.115479,0.15684899999999999,0.48386200000000001,0.22526399999999999,0.018546,291289,0.12762200000000001,0.17121800000000001,0.48889899999999997,0.199602,0.012658000000000001,149003,0.11469600000000001,0.13606399999999999,0.48783599999999999,0.236264,0.025139999999999999
34636,5812349,3233400,0.12055100000000001,0.16431299999999999,0.49621399999999999,0.208094,0.010827,1022035,0.11849,0.166604,0.49928,0.204542,0.011084,716930,0.10335,0.13934099999999999,0.46292800000000001,0.26684600000000003,0.027533999999999999,399751,0.115507,0.15687000000000001,0.48381400000000002,0.22525500000000001,0.018554000000000001,291281,0.12762200000000001,0.171185,0.48886499999999999,0.19967299999999999,0.012654,148952,0.114661,0.136124,0.48772100000000002,0.23631099999999999,0.025183000000000001
34637,5812573,3233529,0.120547,0.16430400000000001,0.49621300000000002,0.20810000000000001,0.010836999999999999,1022058,0.11847299999999999,0.166604,0.499282,0.20455400000000001,0.011087,716935,0.10337300000000001,0.13934299999999999,0.46293200000000001,0.26683000000000001,0.027521,399804,0.115482,0.156887,0.48382500000000001,0.22527,0.018537000000000001,291298,0.12762499999999999,0.17116500000000001,0.48884300000000003,0.19970599999999999,0.012661,148949,0.114603,0.136214,0.48770400000000003,0.23627600000000001,0.025203
34638,5812776,3233692,0.120543,0.164297,0.49620799999999998,0.20811399999999999,0.010838,1022099,0.118468,0.16660900000000001,0.49928,0.20454900000000001,0.011094,716894,0.10337,0.13936799999999999,0.46290199999999998,0.26683200000000001,0.027528,399840,0.115479,0.156833,0.48385899999999998,0.225268,0.018561999999999999,291337,0.127584,0.17119000000000001,0.488784,0.19977600000000001,0.012666,148914,0.11459,0.136354,0.48757,0.23627100000000001,0.025215999999999999
34639,5812976,3233799,0.120542,0.16429099999999999,0.49620700000000001,0.20811399999999999,0.010846,1022119,0.118468,0.16661699999999999,0.49926599999999999,0.20455499999999999,0.011095000000000001,716869,0.10334,0.139399,0.46285700000000002,0.26685900000000001,0.027545,399918,0.11543399999999999,0.15684699999999999,0.48388900000000001,0.225246,0.018584,291321,0.12751899999999999,0.171237,0.48876999999999998,0.19980000000000001,0.012673,148950,0.114549,0.136348,0.48768699999999998,0.23622000000000001,0.025196
34640,5813192,3233887,0.120544,0.16428499999999999,0.49620199999999998,0.208119,0.010851,1022185,0.118491,0.166598,0.49925000000000003,0.204572,0.011089,716841,0.103337,0.13938800000000001,0.462864,0.266849,0.027563000000000001,399900,0.115409,0.15685199999999999,0.48388100000000001,0.225269,0.018589999999999999,291380,0.127528,0.171237,0.48877399999999999,0.19977700000000001,0.012684000000000001,148999,0.114679,0.13635700000000001,0.48772100000000002,0.23604900000000001,0.025194999999999999
34641,5813401,3234023,0.120527,0.16429099999999999,0.49620399999999998,0.208122,0.010855999999999999,1022175,0.11848400000000001,0.16659299999999999,0.49924800000000003,0.20457800000000001,0.011096999999999999,716859,0.10337200000000001,0.139379,0.46281600000000001,0.26685399999999998,0.027578999999999999,399916,0.115399,0.15684799999999999,0.48391400000000001,0.225245,0.018593999999999999,291405,0.12750300000000001,0.17126,0.48881799999999997,0.19972899999999999,0.01269,149023,0.114633,0.136348,0.48764999999999997,0.236205,0.025163999999999999
34642,5813615,3234162,0.120522,0.16428799999999999,0.49619600000000003,0.20813400000000001,0.01086,1022215,0.11847199999999999,0.166604,0.49923400000000001,0.20458799999999999,0.011102000000000001,716900,0.10335900000000001,0.13936299999999999,0.46285399999999999,0.26684200000000002,0.027583,399902,0.115421,0.15686600000000001,0.48389100000000002,0.22523000000000001,0.018592000000000001,291415,0.12746399999999999,0.171268,0.48879400000000001,0.19977400000000001,0.012699999999999999,149021,0.11468200000000001,0.13634299999999999,0.48762899999999998,0.23613500000000001,0.025211000000000001
34643,5813831,3234220,0.120518,0.16428300000000001,0.496195,0.20813899999999999,0.010865,1022230,0.118464,0.166603,0.49925199999999997,0.20457800000000001,0.011103,716912,0.103329,0.139353,0.46285999999999999,0.26688200000000001,0.027574999999999999,399966,0.11545999999999999,0.15687300000000001,0.48387599999999997,0.22517400000000001,0.018617000000000002,291487,0.12749099999999999,0.17127999999999999,0.48874200000000001,0.19977600000000001,0.012711,149016,0.114692,0.13630800000000001,0.48754500000000001,0.23623,0.025225000000000001
34644,5814058,3234337,0.120507,0.16428499999999999,0.49619799999999997,0.20813799999999999,0.010871,1022269,0.118477,0.166605,0.49924299999999999,0.204564,0.011112,716939,0.10334599999999999,0.13938300000000001,0.46281299999999997,0.26686799999999999,0.02759,399991,0.11541800000000001,0.15683900000000001,0.48391800000000001,0.225185,0.01864,291497,0.127442,0.171268,0.48874600000000001,0.19984099999999999,0.012703000000000001,149025,0.114706,0.13621900000000001,0.48757600000000001,0.236316,0.025184000000000002
34645,5814264,3234416,0.120507,0.16427900000000001,0.49619200000000002,0.20814199999999999,0.010880000000000001,1022297,0.118483,0.16658000000000001,0.499253,0.20457400000000001,0.01111,717059,0.103362,0.13938700000000001,0.46280399999999999,0.26685799999999998,0.027588000000000001,399989,0.115441,0.15681400000000001,0.48391299999999998,0.225186,0.018645999999999999,291493,0.12739600000000001,0.17130100000000001,0.48869800000000002,0.199881,0.012723999999999999,149010,0.114704,0.13628599999999999,0.48750399999999999,0.23632600000000001,0.025180000000000001
34646,5814488,3234563,0.12051099999999999,0.16427900000000001,0.49617499999999998,0.208144,0.010891,1022296,0.118469,0.16658200000000001,0.49926100000000001,0.204569,0.011119,717103,0.103323,0.139351,0.46284799999999998,0.26689099999999999,0.027587,399976,0.115374,0.15681200000000001,0.48389399999999999,0.225269,0.018651000000000001,291537,0.127418,0.17129900000000001,0.48869600000000002,0.199855,0.012733,149013,0.11480899999999999,0.13622999999999999,0.48746099999999998,0.23630799999999999,0.025191999999999999
34647,5814703,3234676,0.12050900000000001,0.16425799999999999,0.49618200000000001,0.20815600000000001,0.010893999999999999,1022367,0.11844300000000001,0.166597,0.499253,0.20457700000000001,0.011129999999999999,717138,0.103312,0.139379,0.462841,0.26688899999999999,0.027578999999999999,399953,0.115354,0.15686600000000001,0.48388399999999998,0.22523599999999999,0.01866,291533,0.12744,0.171288,0.48871300000000001,0.19981599999999999,0.012743000000000001,149036,0.11486499999999999,0.13619500000000001,0.48747299999999999,0.236238,0.025229000000000001
34648,5814927,3234736,0.12051000000000001,0.164242,0.49619099999999999,0.20815500000000001,0.010900999999999999,1022405,0.118426,0.166597,0.49926900000000002,0.20457400000000001,0.011135000000000001,717152,0.103286,0.13936699999999999,0.46281699999999998,0.26692100000000002,0.027609000000000002,399947,0.115338,0.15692300000000001,0.48384199999999999,0.22523000000000001,0.018667,291619,0.12745400000000001,0.17133999999999999,0.48866199999999999,0.19981199999999999,0.012732,149068,0.114867,0.136133,0.48748900000000001,0.236288,0.025222999999999999
34649,5815142,3234774,0.1205,0.16424900000000001,0.49617600000000001,0.20816899999999999,0.010906000000000001,1022447,0.11840199999999999,0.166604,0.49928699999999998,0.204566,0.011141,717182,0.103302,0.13936999999999999,0.46282000000000001,0.26689299999999999,0.027615000000000001,400044,0.11531,0.15692500000000001,0.48383199999999998,0.22525500000000001,0.018678,291650,0.127444,0.17135600000000001,0.48865399999999998,0.19980100000000001,0.012744999999999999,149045,0.11485099999999999,0.13611300000000001,0.48748399999999997,0.23624400000000001,0.025308000000000001
34650,5815357,3234903,0.120488,0.164242,0.49616500000000002,0.20819199999999999,0.010913000000000001,1022473,0.11841599999999999,0.16661200000000001,0.49926900000000002,0.20456099999999999,0.011143,717174,0.103286,0.13943900000000001,0.46278599999999998,0.26685199999999998,0.027637999999999999,400126,0.11534899999999999,0.15688099999999999,0.48388300000000001,0.225192,0.018696999999999998,291681,0.127417,0.171324,0.48865700000000001,0.19985900000000001,0.012743000000000001,149000,0.114953,0.135987,0.48751,0.23628199999999999,0.025267999999999999
34651,5815585,3234979,0.120486,0.16424,0.49615999999999999,0.208201,0.010912,1022543,0.118419,0.166603,0.49927899999999997,0.20455000000000001,0.011148999999999999,717179,0.10327,0.139456,0.46280199999999999,0.26680900000000002,0.027663,400163,0.11534,0.15687899999999999,0.48383799999999999,0.22526099999999999,0.018682000000000001,291692,0.12742899999999999,0.17132800000000001,0.48860799999999999,0.19986799999999999,0.012767000000000001,149029,0.11489000000000001,0.13602700000000001,0.48753600000000002,0.23626900000000001,0.025277000000000001
34652,5815798,3235118,0.120487,0.16422999999999999,0.49615599999999999,0.20821200000000001,0.010914999999999999,1022543,0.118408,0.166603,0.49928600000000001,0.20455599999999999,0.011148,717251,0.10329199999999999,0.139459,0.462781,0.26679199999999997,0.027677,400145,0.11525100000000001,0.156941,0.48388999999999999,0.22523099999999999,0.018688,291718,0.12743099999999999,0.17130899999999999,0.48858499999999999,0.19988800000000001,0.012786,149023,0.114929,0.135966,0.48750900000000003,0.23633299999999999,0.025264999999999999
34653,5816029,3235298,0.120487,0.16422999999999999,0.49613699999999999,0.20822599999999999,0.010919999999999999,1022571,0.118391,0.166606,0.49930200000000002,0.20455400000000001,0.011147000000000001,717255,0.10327699999999999,0.13947799999999999,0.46274500000000002,0.26681899999999997,0.027681999999999998,400137,0.115178,0.15696399999999999,0.483929,0.225215,0.018714000000000001,291744,0.127447,0.17130400000000001,0.48858200000000002,0.19986400000000001,0.012801999999999999,149024,0.114921,0.13589799999999999,0.487566,0.23632400000000001,0.025291000000000001
34654,5816244,3235437,0.120491,0.16422900000000001,0.49612299999999998,0.208233,0.010923,1022592,0.118409,0.16659299999999999,0.49929400000000002,0.20455899999999999,0.011145,717247,0.10327799999999999,0.13942499999999999,0.462758,0.26686100000000001,0.027678000000000001,400187,0.11512600000000001,0.15697700000000001,0.48397099999999998,0.22520200000000001,0.018724000000000001,291738,0.12737499999999999,0.171318,0.48864400000000002,0.19983999999999999,0.012822999999999999,149043,0.114967,0.135934,0.487564,0.23622699999999999,0.025308000000000001
34655,5816469,3235652,0.12048399999999999,0.16422700000000001,0.49612299999999998,0.208236,0.010928999999999999,1022662,0.11839,0.166597,0.49929000000000001,0.204568,0.011155,717210,0.103251,0.13941200000000001,0.46277400000000002,0.26689000000000002,0.027673,400169,0.11519600000000001,0.15698400000000001,0.483908,0.22517499999999999,0.018737,291731,0.127364,0.17130500000000001,0.48865199999999998,0.19984199999999999,0.012836999999999999,149045,0.11491800000000001,0.13599900000000001,0.48755700000000002,0.23616400000000001,0.025361000000000002
34656,5816722,3235765,0.120477,0.16423399999999999,0.49611899999999998,0.208233,0.010937000000000001,1022740,0.118404,0.166577,0.49928899999999998,0.204566,0.011162999999999999,717271,0.103223,0.13939799999999999,0.46275100000000002,0.26694099999999998,0.027687,400199,0.115213,0.15703900000000001,0.48391699999999999,0.22511100000000001,0.018721000000000002,291692,0.12734699999999999,0.171266,0.48868,0.199855,0.012853,149055,0.11509800000000001,0.13588900000000001,0.48747800000000002,0.23616100000000001,0.025373
34657,5816947,3235887,0.12047099999999999,0.16422500000000001,0.49612099999999998,0.20824200000000001,0.010940999999999999,1022736,0.11840299999999999,0.16659399999999999,0.49928299999999998,0.20455400000000001,0.011165,717251,0.1032,0.13939099999999999,0.46276400000000001,0.26693699999999998,0.027709000000000001,400309,0.115228,0.157024,0.48391400000000001,0.22512099999999999,0.018713,291702,0.127335,0.171209,0.48871799999999999,0.19988900000000001,0.012848999999999999,149062,0.11516,0.13598399999999999,0.487294,0.23614299999999999,0.025419000000000001
34658,5817171,3236018,0.120472,0.164214,0.496116,0.20824899999999999,0.010947999999999999,1022740,0.11840100000000001,0.166601,0.49927300000000002,0.20455799999999999,0.011168000000000001,717321,0.103188,0.13941700000000001,0.46274399999999999,0.266932,0.027718,400309,0.115241,0.15704599999999999,0.48395100000000002,0.22505900000000001,0.018703000000000001,291730,0.12729599999999999,0.171182,0.48875000000000002,0.19992099999999999,0.012851,149053,0.11508699999999999,0.136019,0.48721599999999998,0.23622499999999999,0.025454000000000001
34659,5817401,3236135,0.12046999999999999,0.16420899999999999,0.49610799999999999,0.208262,0.010951000000000001,1022746,0.11838600000000001,0.16661100000000001,0.49925399999999998,0.20457500000000001,0.011174,717336,0.103197,0.139378,0.46276899999999999,0.26691100000000001,0.027744000000000001,400375,0.11523899999999999,0.15706000000000001,0.48392099999999999,0.22506699999999999,0.018711999999999999,291751,0.127245,0.171235,0.48874600000000001,0.19991700000000001,0.012857,149058,0.115063,0.13614799999999999,0.48722599999999999,0.23615,0.025413000000000002
34660,5817612,3236203,0.120465,0.16420899999999999,0.49610300000000002,0.208264,0.010959,1022799,0.118385,0.16659599999999999,0.49925000000000003,0.204592,0.011176999999999999,717340,0.103229,0.139347,0.46274799999999999,0.26691799999999999,0.027758000000000001,400393,0.11522399999999999,0.157078,0.48393000000000003,0.22506100000000001,0.018707000000000001,291802,0.12722700000000001,0.17128699999999999,0.48868400000000001,0.19994400000000001,0.012858,149075,0.115083,0.13618,0.48719800000000002,0.23614299999999999,0.025396999999999999
34661,5817854,3236261,0.120464,0.16420199999999999,0.49609599999999998,0.20827399999999999,0.010965000000000001,1022834,0.118407,0.16656099999999999,0.49925199999999997,0.204595,0.011185,717409,0.103202,0.13938900000000001,0.46273500000000001,0.26690599999999998,0.027768000000000001,400428,0.115249,0.157084,0.48393199999999997,0.22501199999999999,0.018721999999999999,291873,0.12725400000000001,0.17124200000000001,0.48860599999999998,0.20002200000000001,0.012874999999999999,149049,0.115137,0.13611000000000001,0.487149,0.23619699999999999,0.025408
34662,5818074,3236380,0.120459,0.16419400000000001,0.49609799999999998,0.20828099999999999,0.010968,1022893,0.11842,0.16655800000000001,0.49922699999999998,0.20460200000000001,0.011193,717444,0.103198,0.13939499999999999,0.46271299999999999,0.26688800000000001,0.027806000000000001,400433,0.115245,0.157082,0.48389900000000002,0.225051,0.018721999999999999,291885,0.127249,0.17127000000000001,0.48857600000000001,0.200041,0.012865,149039,0.11507100000000001,0.136105,0.48724800000000001,0.23616000000000001,0.025416000000000001
34663,5818311,3236476,0.120446,0.16420000000000001,0.49608799999999997,0.20829400000000001,0.010972000000000001,1022965,0.118396,0.166574,0.49921900000000002,0.20460900000000001,0.011202,717429,0.103185,0.13938400000000001,0.46270600000000001,0.26690999999999998,0.027814999999999999,400498,0.115254,0.157079,0.48392000000000002,0.22501199999999999,0.018734000000000001,291890,0.12726399999999999,0.17127700000000001,0.48853999999999997,0.200045,0.012874999999999999,149053,0.11512,0.136186,0.48716199999999998,0.23613700000000001,0.025394
34664,5818557,3236564,0.120438,0.164215,0.49607400000000001,0.20829700000000001,0.010976,1023007,0.118422,0.16655900000000001,0.49919999999999998,0.20461099999999999,0.011207999999999999,717506,0.103177,0.13936899999999999,0.46269900000000003,0.26691599999999999,0.027838999999999999,400484,0.115258,0.15706000000000001,0.48394199999999998,0.224998,0.018742000000000002,291923,0.12723899999999999,0.17124,0.48856699999999997,0.20005600000000001,0.012897,149073,0.114991,0.136242,0.48729800000000001,0.236092,0.025377
34665,5818801,3236636,0.12042799999999999,0.16423099999999999,0.49605700000000003,0.20830399999999999,0.01098,1023037,0.11842900000000001,0.166577,0.49918099999999999,0.204594,0.011220000000000001,717538,0.10315299999999999,0.13936999999999999,0.46270600000000001,0.26693099999999997,0.027841000000000001,400483,0.11525299999999999,0.15700500000000001,0.483933,0.22503600000000001,0.018772,291981,0.127248,0.17119599999999999,0.48857600000000001,0.20006099999999999,0.012919,149126,0.114983,0.13636799999999999,0.48729299999999998,0.23600199999999999,0.025354000000000002
34666,5819055,3236665,0.120425,0.16423399999999999,0.49605199999999999,0.20830899999999999,0.010980999999999999,1023130,0.118432,0.16655900000000001,0.49918299999999999,0.204599,0.011226999999999999,717625,0.103117,0.13936699999999999,0.46270099999999997,0.26697100000000001,0.027845000000000002,400460,0.115213,0.157027,0.48394599999999999,0.22500100000000001,0.018813,292012,0.12729599999999999,0.171181,0.48857899999999999,0.200016,0.012928,149163,0.115049,0.136294,0.487292,0.236091,0.025274000000000001
34667,5819250,3236629,0.120408,0.16425899999999999,0.49603599999999998,0.20830699999999999,0.01099,1023143,0.11844300000000001,0.16653999999999999,0.49918200000000001,0.20460400000000001,0.011231,717771,0.10308,0.139376,0.4627,0.26699299999999998,0.02785,400532,0.115249,0.157051,0.48391600000000001,0.224968,0.018814999999999998,292024,0.12733900000000001,0.17106099999999999,0.48869299999999999,0.199987,0.012919999999999999,149151,0.115118,0.13622400000000001,0.48732500000000001,0.236043,0.02529
34668,5819503,3236710,0.12039999999999999,0.16426499999999999,0.49602099999999999,0.208316,0.010999,1023166,0.118451,0.16653399999999999,0.49917499999999998,0.204597,0.011243,717873,0.103121,0.13935600000000001,0.46272400000000002,0.26696599999999998,0.027831999999999999,400543,0.115261,0.15703900000000001,0.48388300000000001,0.224992,0.018824,292054,0.12731200000000001,0.171068,0.488732,0.19994600000000001,0.012943,149157,0.11506,0.13621900000000001,0.487346,0.23607300000000001,0.025302000000000002
34669,5819720,3236845,0.120392,0.16426099999999999,0.49602200000000002,0.20832200000000001,0.011003000000000001,1023182,0.118432,0.166542,0.49918600000000002,0.20458499999999999,0.011254999999999999,717981,0.10311099999999999,0.13934099999999999,0.46271800000000002,0.266986,0.027843,400514,0.11526699999999999,0.157086,0.48386099999999999,0.224971,0.018815999999999999,292063,0.12732199999999999,0.17108599999999999,0.488651,0.20000499999999999,0.012936,149135,0.115064,0.136152,0.487404,0.23607500000000001,0.025305999999999999
34670,5819952,3237035,0.120384,0.16425600000000001,0.49601299999999998,0.20834,0.011008,1023240,0.118422,0.166544,0.49919400000000003,0.20458299999999999,0.011257,717958,0.103126,0.13934199999999999,0.46269300000000002,0.26699099999999998,0.027848000000000001,400522,0.115287,0.157055,0.483871,0.22495599999999999,0.01883,292066,0.12731400000000001,0.17109099999999999,0.488622,0.200016,0.012956000000000001,149131,0.11512,0.13622300000000001,0.487263,0.23605400000000001,0.025340000000000001
34671,5820160,3237159,0.120389,0.16425500000000001,0.49600499999999997,0.208341,0.011010000000000001,1023252,0.118409,0.166549,0.49918899999999999,0.20458899999999999,0.011264,717961,0.103091,0.13933599999999999,0.46271200000000001,0.26698499999999997,0.027876000000000001,400541,0.115299,0.15707499999999999,0.48378100000000002,0.22500600000000001,0.018839999999999999,292066,0.127303,0.171095,0.48863600000000001,0.19998199999999999,0.012983,149181,0.115108,0.13619700000000001,0.48733399999999999,0.236042,0.025318
34672,5820394,3237374,0.120384,0.16426299999999999,0.49599399999999999,0.208341,0.011018,1023342,0.118425,0.16652800000000001,0.49917499999999998,0.20460100000000001,0.011271,717902,0.1031,0.13930600000000001,0.46275500000000003,0.26695000000000002,0.027888,400504,0.115297,0.157087,0.48370299999999999,0.22506100000000001,0.018851,292051,0.127272,0.17108699999999999,0.48864099999999999,0.200013,0.012987,149221,0.11501699999999999,0.13617399999999999,0.48745100000000002,0.236012,0.025344999999999999
34673,5820605,3237522,0.120391,0.16425400000000001,0.49598399999999998,0.208346,0.011025,1023362,0.118411,0.16653599999999999,0.49915300000000001,0.204627,0.011273,717906,0.10302500000000001,0.13930200000000001,0.46281099999999997,0.26696300000000001,0.027899,400503,0.115355,0.15709999999999999,0.48361700000000002,0.22507199999999999,0.018856000000000001,292070,0.12729799999999999,0.17108200000000001,0.48866399999999999,0.19995499999999999,0.012999999999999999,149242,0.114954,0.13630200000000001,0.48734300000000003,0.236039,0.025361000000000002
34674,5820830,3237715,0.12038500000000001,0.164243,0.49598100000000001,0.20835600000000001,0.011036000000000001,1023372,0.118408,0.16653999999999999,0.49916100000000002,0.20461799999999999,0.011273999999999999,717864,0.10301299999999999,0.13930400000000001,0.46280500000000002,0.26697100000000001,0.027907999999999999,400553,0.11533599999999999,0.15712300000000001,0.483649,0.22503600000000001,0.018856000000000001,292114,0.12728600000000001,0.171074,0.488672,0.19996,0.013009,149212,0.114897,0.13630300000000001,0.48737399999999997,0.23603299999999999,0.025392999999999999
34675,5821088,3237833,0.12038699999999999,0.16423599999999999,0.495975,0.20836399999999999,0.011037999999999999,1023439,0.11840299999999999,0.16655500000000001,0.49914199999999997,0.20461499999999999,0.011285,717932,0.103024,0.139317,0.46274900000000002,0.26699899999999999,0.027911999999999999,400568,0.11537600000000001,0.15711900000000001,0.483653,0.22497600000000001,0.018876,292088,0.12726000000000001,0.171075,0.48865799999999998,0.19999800000000001,0.013010000000000001,149228,0.114824,0.13631499999999999,0.48739500000000002,0.23607500000000001,0.025391
34676,5821338,3238043,0.120393,0.164238,0.49595,0.208374,0.011044,1023437,0.118385,0.16653499999999999,0.499141,0.20464599999999999,0.011292999999999999,717991,0.10301,0.13933499999999999,0.46274799999999999,0.26698100000000002,0.027927,400544,0.11539099999999999,0.15704899999999999,0.48369699999999999,0.22498399999999999,0.018879,292090,0.127194,0.17108799999999999,0.48869499999999999,0.20000299999999999,0.01302,149233,0.11476699999999999,0.13637099999999999,0.48736499999999999,0.236154,0.025343000000000001
34677,5821563,3238211,0.12039,0.164241,0.49593900000000002,0.20837900000000001,0.011051,1023479,0.118378,0.166518,0.49914500000000001,0.20466000000000001,0.011299999999999999,718016,0.102987,0.13936200000000001,0.462729,0.26699099999999998,0.027931000000000001,400562,0.11540499999999999,0.15700900000000001,0.48371500000000001,0.22498899999999999,0.018880999999999998,292061,0.12717200000000001,0.17107,0.48874000000000001,0.19997899999999999,0.013037999999999999,149234,0.114846,0.13634299999999999,0.48724200000000001,0.23619999999999999,0.02537
34678,5821764,3238376,0.120375,0.16423399999999999,0.49593599999999999,0.208397,0.011057000000000001,1023536,0.11838600000000001,0.16653200000000001,0.49912899999999999,0.204651,0.011302,717944,0.10294300000000001,0.13938,0.46271400000000001,0.26703199999999999,0.027931000000000001,400567,0.11543399999999999,0.15703700000000001,0.48365399999999997,0.22498099999999999,0.018893,292075,0.12717999999999999,0.17102500000000001,0.48881599999999997,0.199938,0.013041000000000001,149266,0.114802,0.136407,0.48721700000000001,0.23616899999999999,0.025403999999999999
34679,5821964,3238495,0.120362,0.164239,0.49593500000000001,0.20840400000000001,0.01106,1023592,0.11837300000000001,0.166546,0.49911,0.20466899999999999,0.011301,718012,0.102936,0.139351,0.46274999999999999,0.26700499999999999,0.027958,400517,0.115428,0.157055,0.48361700000000002,0.22501399999999999,0.018886,292048,0.12714300000000001,0.17108799999999999,0.48874800000000002,0.19996700000000001,0.013053,149300,0.11469500000000001,0.13652400000000001,0.48715999999999998,0.23619599999999999,0.025425
34680,5822170,3238658,0.120353,0.164239,0.49592799999999998,0.20841100000000001,0.011069000000000001,1023586,0.11834500000000001,0.166542,0.499116,0.20469300000000001,0.011304,718029,0.102987,0.13933100000000001,0.46269199999999999,0.26702399999999998,0.027965,400509,0.115381,0.15701999999999999,0.48370200000000002,0.22501099999999999,0.018886,292076,0.127111,0.17111299999999999,0.48880800000000002,0.19991,0.013058,149312,0.114773,0.13659299999999999,0.48699399999999998,0.236177,0.025463
34681,5822410,3238775,0.120341,0.164239,0.49593500000000001,0.20841399999999999,0.011070999999999999,1023641,0.11837300000000001,0.166515,0.49909500000000001,0.204704,0.011313999999999999,717952,0.102966,0.13934099999999999,0.46270099999999997,0.267015,0.027976999999999998,400520,0.115383,0.15697800000000001,0.48364099999999999,0.22511200000000001,0.018884999999999999,292155,0.12711700000000001,0.171074,0.488867,0.19988400000000001,0.013058,149367,0.114958,0.13655,0.48701499999999998,0.23600299999999999,0.025474
34682,5822612,3238850,0.12034300000000001,0.16423399999999999,0.49592900000000001,0.20841699999999999,0.011077,1023660,0.11836099999999999,0.16653299999999999,0.499081,0.204709,0.011317000000000001,718009,0.102953,0.13933799999999999,0.46271400000000001,0.26700200000000002,0.027993000000000001,400542,0.115399,0.15701699999999999,0.48360700000000001,0.22508500000000001,0.018891999999999999,292172,0.12706899999999999,0.171098,0.48880499999999999,0.199961,0.013068,149379,0.114916,0.13666600000000001,0.48697600000000002,0.23596400000000001,0.025479000000000002
34683,5822823,3238970,0.12033099999999999,0.164219,0.49594100000000002,0.208424,0.011084999999999999,1023726,0.118353,0.166542,0.49908599999999997,0.20469599999999999,0.011323,717985,0.102941,0.13935400000000001,0.46270600000000001,0.26700600000000002,0.027994000000000002,400542,0.115386,0.157002,0.483622,0.22511,0.018879,292200,0.127132,0.17105100000000001,0.488792,0.19994899999999999,0.013077,149400,0.114967,0.13668,0.48680099999999998,0.236037,0.025514999999999999
34684,5823020,3239104,0.12033000000000001,0.16422200000000001,0.49592999999999998,0.208427,0.011091,1023727,0.118335,0.16655600000000001,0.49907899999999999,0.20469899999999999,0.01133,717989,0.102939,0.13934299999999999,0.46269100000000002,0.26699699999999998,0.028029999999999999,400559,0.11532100000000001,0.157028,0.48369400000000001,0.22508,0.018876,292228,0.12714,0.17103399999999999,0.48874200000000001,0.19999800000000001,0.013086,149413,0.11497,0.136708,0.48677799999999999,0.23608399999999999,0.02546
34685,5823249,3239246,0.120326,0.16422400000000001,0.49592700000000001,0.208425,0.011096999999999999,1023752,0.118329,0.16656399999999999,0.49906699999999998,0.204706,0.011334,717964,0.10291500000000001,0.13934099999999999,0.462725,0.26699000000000001,0.028028999999999998,400559,0.115301,0.15698799999999999,0.48370400000000002,0.22509799999999999,0.018908999999999999,292270,0.12716,0.171013,0.48871900000000001,0.200014,0.013094,149458,0.114915,0.13669400000000001,0.48673899999999998,0.23616699999999999,0.025485000000000001
34686,5823469,3239436,0.12032900000000001,0.16422300000000001,0.49591800000000003,0.208429,0.011101,1023809,0.118314,0.16655700000000001,0.49905500000000003,0.204737,0.011336000000000001,717959,0.10295700000000001,0.13935600000000001,0.46267799999999998,0.26695799999999997,0.028049999999999999,400513,0.115205,0.157004,0.48374200000000001,0.22511600000000001,0.018932999999999998,292316,0.12716,0.17099,0.488755,0.20000299999999999,0.013091999999999999,149436,0.11477800000000001,0.13672699999999999,0.48682399999999998,0.23620099999999999,0.025468999999999999
34687,5823705,3239628,0.120327,0.16422400000000001,0.49591200000000002,0.20843100000000001,0.011105,1023855,0.118297,0.166547,0.49905699999999997,0.204759,0.011339,717947,0.102955,0.139372,0.46266499999999999,0.26693299999999998,0.028074000000000002,400521,0.115148,0.15708,0.48369699999999999,0.225137,0.018938,292308,0.12717700000000001,0.17100499999999999,0.48874499999999999,0.19998099999999999,0.013091999999999999,149446,0.114817,0.13671800000000001,0.48674400000000001,0.23622599999999999,0.025493999999999999
34688,5823938,3239756,0.120326,0.16422200000000001,0.49590699999999999,0.20843400000000001,0.01111,1023929,0.1183,0.16653299999999999,0.49904900000000002,0.20477400000000001,0.011344,718012,0.10295899999999999,0.139379,0.46264499999999997,0.26693299999999998,0.028083,400472,0.115147,0.157087,0.48373899999999997,0.225074,0.018953000000000001,292307,0.12720500000000001,0.17097799999999999,0.48868099999999998,0.20004,0.013096,149462,0.114839,0.13671700000000001,0.48679299999999998,0.23616000000000001,0.025491
34689,5824156,3239865,0.120321,0.164211,0.49593100000000001,0.20843200000000001,0.011106,1023953,0.11827799999999999,0.166574,0.49902299999999999,0.20477899999999999,0.011346,718072,0.102912,0.13939699999999999,0.46264300000000003,0.26695000000000002,0.028098999999999999,400498,0.11516899999999999,0.15713199999999999,0.48362300000000003,0.22509000000000001,0.018985999999999999,292320,0.12724099999999999,0.17095299999999999,0.48862499999999998,0.200096,0.013084999999999999,149448,0.11484900000000001,0.13670299999999999,0.48679099999999997,0.23610200000000001,0.025554
34690,5824399,3240060,0.120321,0.16420599999999999,0.49592599999999998,0.20843700000000001,0.011110999999999999,1023983,0.118253,0.16658700000000001,0.49900299999999997,0.20480000000000001,0.011357000000000001,718125,0.102912,0.13936799999999999,0.46263799999999999,0.26698300000000003,0.028098000000000001,400492,0.11518299999999999,0.15715199999999999,0.48358499999999999,0.22506599999999999,0.019014,292294,0.12723100000000001,0.170982,0.48863499999999999,0.20006599999999999,0.013086,149445,0.114832,0.13680600000000001,0.486815,0.23599999999999999,0.025548000000000001
34691,5824598,3240183,0.12030200000000001,0.164217,0.495923,0.20843999999999999,0.011117999999999999,1024025,0.118238,0.166576,0.49900899999999998,0.20481199999999999,0.011364000000000001,718174,0.102932,0.139321,0.46265499999999998,0.26699099999999998,0.0281,400464,0.115176,0.15720000000000001,0.48354399999999997,0.22503400000000001,0.019044999999999999,292307,0.12717100000000001,0.171043,0.48863000000000001,0.200074,0.013082,149445,0.114885,0.13673299999999999,0.48690800000000001,0.23594000000000001,0.025534000000000001
34692,5824818,3240374,0.120306,0.16420799999999999,0.495925,0.20843999999999999,0.011122,1024015,0.118233,0.16655400000000001,0.499004,0.20483899999999999,0.01137,718246,0.102951,0.139353,0.46262399999999998,0.26697399999999999,0.028098000000000001,400448,0.115136,0.15718599999999999,0.48359099999999999,0.225018,0.019068999999999999,292337,0.127141,0.17107700000000001,0.48855599999999999,0.20013900000000001,0.013088000000000001,149398,0.114801,0.13669500000000001,0.48690699999999998,0.23600699999999999,0.025589000000000001
34693,5825050,3240516,0.120305,0.16420899999999999,0.49591400000000002,0.20844599999999999,0.011126,1024036,0.118211,0.16655800000000001,0.499004,0.204849,0.011379,718227,0.10294200000000001,0.139399,0.46260699999999999,0.26694099999999998,0.028111000000000001,400474,0.11511399999999999,0.157161,0.48352699999999998,0.22511600000000001,0.019081999999999998,292406,0.127138,0.17108400000000001,0.48858800000000002,0.20010500000000001,0.013084999999999999,149391,0.11476600000000001,0.13656799999999999,0.487064,0.236012,0.025590999999999999
34694,5825244,3240620,0.12030399999999999,0.16419,0.49593700000000002,0.20843500000000001,0.011134,1024107,0.118186,0.16656699999999999,0.49898999999999999,0.204872,0.011386,718250,0.10299800000000001,0.13939699999999999,0.46251599999999998,0.26697500000000002,0.028114,400476,0.11508599999999999,0.15717500000000001,0.48355500000000001,0.225102,0.019081999999999998,292418,0.127085,0.17111799999999999,0.488622,0.200077,0.013098,149373,0.114773,0.136464,0.48703600000000002,0.236127,0.025600000000000001
34695,5825457,3240845,0.12030299999999999,0.16418099999999999,0.49593799999999999,0.20843999999999999,0.011138,1024138,0.118185,0.16656899999999999,0.49898700000000001,0.20486799999999999,0.011390000000000001,718252,0.10299999999999999,0.13941300000000001,0.46248099999999998,0.26698300000000003,0.028122000000000001,400473,0.115076,0.157139,0.48358600000000002,0.225104,0.019095000000000001,292425,0.127027,0.17113800000000001,0.48861100000000002,0.20013,0.013094,149324,0.114764,0.13642099999999999,0.48708200000000001,0.23608399999999999,0.025649000000000002
34696,5825660,3241004,0.120299,0.16416800000000001,0.49593500000000001,0.208454,0.011143999999999999,1024164,0.118172,0.1666,0.49897999999999998,0.20485200000000001,0.011396999999999999,718209,0.10299800000000001,0.1394,0.462509,0.26698499999999997,0.028108999999999999,400487,0.115052,0.15714900000000001,0.483541,0.22514300000000001,0.019113999999999999,292412,0.12699199999999999,0.171204,0.48858800000000002,0.20011499999999999,0.013101,149384,0.114798,0.13639299999999999,0.48708000000000001,0.236043,0.025684999999999999
34697,5825892,3241175,0.120299,0.164159,0.49593799999999999,0.208458,0.011145,1024233,0.118189,0.16658400000000001,0.49896600000000002,0.20485900000000001,0.011403,718260,0.10301,0.13940900000000001,0.46249099999999999,0.26695099999999999,0.028139000000000001,400464,0.11500199999999999,0.15714,0.48360199999999998,0.225156,0.019099999999999999,292375,0.126994,0.17124200000000001,0.48852699999999999,0.20014000000000001,0.013096,149385,0.114831,0.13631199999999999,0.487064,0.23602799999999999,0.025766000000000001
34698,5826141,3241332,0.12030299999999999,0.16415099999999999,0.49592399999999998,0.20847099999999999,0.011150999999999999,1024269,0.118175,0.16659099999999999,0.49898399999999998,0.204844,0.011405999999999999,718254,0.10299,0.13944400000000001,0.46244499999999999,0.266961,0.028160000000000001,400526,0.11497400000000001,0.15709799999999999,0.48363200000000001,0.22520899999999999,0.019087,292367,0.127022,0.171213,0.48857099999999998,0.20009099999999999,0.013103,149393,0.11495900000000001,0.13633799999999999,0.48694399999999999,0.23600199999999999,0.025758
34699,5826352,3241340,0.120296,0.16416500000000001,0.49591099999999999,0.20846799999999999,0.01116,1024303,0.11817,0.166577,0.498969,0.204872,0.011413,718346,0.102981,0.13944100000000001,0.462455,0.266959,0.028163000000000001,400575,0.11500199999999999,0.157087,0.48361700000000002,0.22521099999999999,0.019082999999999999,292389,0.12703600000000001,0.17117599999999999,0.48854799999999998,0.20011699999999999,0.013122999999999999,149399,0.114827,0.136326,0.48719899999999999,0.23589199999999999,0.025756999999999999
34700,5826554,3241427,0.120291,0.16416600000000001,0.49590000000000001,0.208477,0.011166000000000001,1024356,0.118155,0.16659099999999999,0.498975,0.20485800000000001,0.01142,718336,0.103008,0.13944200000000001,0.46242100000000003,0.26696599999999998,0.028164000000000002,400632,0.114953,0.15709899999999999,0.48364600000000002,0.225212,0.019089999999999999,292401,0.12701399999999999,0.17116600000000001,0.48860599999999998,0.200095,0.013119,149402,0.114757,0.136297,0.48718899999999998,0.235987,0.025769
34701,5826767,3241469,0.120291,0.164162,0.49588199999999999,0.20849699999999999,0.011169,1024381,0.11812499999999999,0.16656399999999999,0.49901899999999999,0.20486499999999999,0.011426,718449,0.103007,0.13946800000000001,0.46239999999999998,0.266957,0.028167999999999999,400672,0.115004,0.157079,0.483682,0.225162,0.019073,292407,0.127049,0.17110700000000001,0.488651,0.20006399999999999,0.013129,149389,0.114701,0.13633500000000001,0.48718400000000001,0.23600099999999999,0.025777999999999999
34702,5827019,3241607,0.120292,0.164157,0.49585499999999999,0.20852000000000001,0.011176999999999999,1024441,0.118078,0.166575,0.49902999999999997,0.20488100000000001,0.011436,718491,0.103038,0.13950899999999999,0.46235799999999999,0.26691900000000002,0.028176,400702,0.114998,0.157059,0.48374400000000001,0.22511700000000001,0.019081999999999998,292404,0.12704299999999999,0.17111299999999999,0.48861500000000002,0.20011699999999999,0.013112,149374,0.114605,0.13633600000000001,0.48731400000000002,0.23593800000000001,0.025808000000000001
34703,5827244,3241704,0.120295,0.16416,0.49583899999999997,0.20852799999999999,0.011179,1024487,0.118065,0.16656899999999999,0.499027,0.20488600000000001,0.011453,718591,0.103049,0.139491,0.46234500000000001,0.26690799999999998,0.028206999999999999,400709,0.114964,0.157107,0.48374499999999998,0.225108,0.019075999999999999,292362,0.12698999999999999,0.17111699999999999,0.48868200000000001,0.20009099999999999,0.013121000000000001,149391,0.11453199999999999,0.1363,0.48743199999999998,0.235958,0.025777999999999999
34704,5827460,3241833,0.12028999999999999,0.164161,0.49582799999999999,0.20854,0.011181,1024521,0.11805499999999999,0.16655900000000001,0.499033,0.20489299999999999,0.01146,718567,0.103062,0.139487,0.46235799999999999,0.26688000000000001,0.028212999999999998,400750,0.114969,0.15706600000000001,0.48373500000000003,0.225135,0.019094,292385,0.127021,0.17106199999999999,0.48868800000000001,0.200103,0.013127,149404,0.114522,0.13624800000000001,0.48748999999999998,0.23592399999999999,0.025815999999999999
34705,5827682,3241905,0.12028700000000001,0.164158,0.49582799999999999,0.20854,0.011187000000000001,1024568,0.118043,0.16657,0.49903700000000001,0.20488300000000001,0.011467,718609,0.103045,0.13947899999999999,0.46234700000000001,0.26690000000000003,0.028228,400799,0.115013,0.157054,0.48370099999999999,0.22512299999999999,0.019109000000000001,292402,0.12706799999999999,0.171042,0.488622,0.200132,0.013136,149399,0.114485,0.136266,0.48751299999999997,0.235878,0.025857000000000002
34706,5827928,3242003,0.120272,0.16417100000000001,0.49581900000000001,0.20854600000000001,0.011191,1024617,0.118049,0.16656399999999999,0.49902800000000003,0.20488200000000001,0.011476,718649,0.103064,0.13943700000000001,0.46233800000000003,0.26691500000000001,0.028246,400858,0.115041,0.157028,0.48369699999999999,0.22512199999999999,0.019112000000000001,292419,0.12701599999999999,0.17106299999999999,0.48868899999999998,0.20009299999999999,0.013139,149382,0.114478,0.136268,0.487562,0.235845,0.025846000000000001
34707,5828151,3242093,0.120281,0.16417100000000001,0.49581199999999997,0.208541,0.011195999999999999,1024640,0.11801300000000001,0.16658000000000001,0.49900499999999998,0.20491999999999999,0.011481999999999999,718703,0.103088,0.13942199999999999,0.46235399999999999,0.26688200000000001,0.028254000000000001,400858,0.11496099999999999,0.157003,0.48373699999999997,0.225184,0.019113999999999999,292428,0.127023,0.171102,0.48860199999999998,0.200128,0.013145,149429,0.11446199999999999,0.13619800000000001,0.48763600000000001,0.23583100000000001,0.025871999999999999
34708,5828361,3242178,0.120277,0.16417699999999999,0.49580999999999997,0.208537,0.011199000000000001,1024664,0.118006,0.16655500000000001,0.49900899999999998,0.20494699999999999,0.011481999999999999,718682,0.103059,0.13944100000000001,0.46233200000000002,0.26690199999999997,0.028264000000000001,400941,0.114942,0.15707299999999999,0.48364499999999999,0.22523799999999999,0.019102999999999998,292459,0.12703,0.17105000000000001,0.48863600000000001,0.200131,0.013154000000000001,149437,0.11451,0.13608400000000001,0.48776399999999998,0.23577799999999999,0.025864000000000002
34709,5828533,3242359,0.120271,0.16417799999999999,0.49579800000000002,0.20854600000000001,0.011207,1024683,0.11799999999999999,0.166547,0.49901400000000001,0.20495099999999999,0.011487000000000001,718657,0.103051,0.13941799999999999,0.462362,0.26689499999999999,0.028274000000000001,401001,0.11493200000000001,0.15712400000000001,0.48364499999999999,0.225162,0.019137000000000001,292411,0.12700600000000001,0.17099900000000001,0.48863800000000002,0.200208,0.013148999999999999,149422,0.11446099999999999,0.13609099999999999,0.48773899999999998,0.23585500000000001,0.025853000000000001
34710,5828751,3242511,0.120282,0.16416700000000001,0.495786,0.20855299999999999,0.011212,1024760,0.117991,0.166549,0.49900499999999998,0.20496400000000001,0.011490999999999999,718692,0.103073,0.13938800000000001,0.46237099999999998,0.26688299999999998,0.028285000000000001,401043,0.114895,0.15720500000000001,0.483626,0.22512299999999999,0.01915,292364,0.12697900000000001,0.17105699999999999,0.48864800000000003,0.200155,0.013162,149381,0.114325,0.13602800000000001,0.48773300000000003,0.23605400000000001,0.025860000000000001
34711,5828981,3242686,0.120291,0.164155,0.495778,0.20855699999999999,0.011219,1024792,0.117975,0.166548,0.49901699999999999,0.20496600000000001,0.011493,718683,0.103045,0.13944699999999999,0.46229799999999999,0.266903,0.028306000000000001,401050,0.114881,0.15715699999999999,0.48364499999999999,0.22516600000000001,0.01915,292379,0.126969,0.171042,0.48869400000000002,0.20014799999999999,0.013147000000000001,149391,0.11437799999999999,0.13592499999999999,0.487734,0.236125,0.025838
34712,5829230,3242879,0.120292,0.164134,0.49579000000000001,0.20855899999999999,0.011225000000000001,1024825,0.117976,0.16653000000000001,0.49900499999999998,0.20499000000000001,0.011499000000000001,718667,0.103032,0.13946500000000001,0.46229300000000001,0.26689299999999999,0.028316000000000001,401061,0.114955,0.15717800000000001,0.48355199999999998,0.22514799999999999,0.019167,292415,0.126916,0.17108200000000001,0.48866199999999999,0.20017799999999999,0.013162999999999999,149383,0.11429,0.13584499999999999,0.48791400000000001,0.236071,0.02588
34713,5829432,3242953,0.120285,0.16414500000000001,0.495782,0.208564,0.011224,1024907,0.117975,0.16652,0.49900800000000001,0.20499600000000001,0.011501000000000001,718718,0.103032,0.139464,0.462312,0.26685799999999998,0.028334000000000002,401092,0.11493100000000001,0.157163,0.48352699999999998,0.225188,0.019189999999999999,292378,0.12689700000000001,0.17107600000000001,0.48866500000000002,0.20019600000000001,0.013164,149384,0.114263,0.13583100000000001,0.48780299999999999,0.23619000000000001,0.025912999999999999
34714,5829662,3243078,0.120271,0.16413800000000001,0.49578899999999998,0.20857200000000001,0.01123,1024930,0.117965,0.166514,0.49901299999999998,0.20499400000000001,0.011514999999999999,718799,0.103052,0.13945099999999999,0.46227499999999999,0.26686599999999999,0.028355999999999999,401112,0.11493299999999999,0.15721299999999999,0.48345100000000002,0.225221,0.019182000000000001,292391,0.12692300000000001,0.171093,0.48869200000000002,0.200129,0.013164,149352,0.114227,0.13589999999999999,0.48788799999999999,0.23604600000000001,0.025939
34715,5829910,3243140,0.120269,0.164135,0.49579800000000002,0.208565,0.011233999999999999,1024964,0.117967,0.16650200000000001,0.49900699999999998,0.20499899999999999,0.011524,718906,0.10301200000000001,0.13944699999999999,0.462279,0.266903,0.02836,401181,0.114978,0.15715599999999999,0.48346499999999998,0.22523699999999999,0.019162999999999999,292382,0.12695400000000001,0.171149,0.48855599999999999,0.20016300000000001,0.013178,149337,0.11422499999999999,0.135907,0.48780299999999999,0.236124,0.025940999999999999
34716,5830137,3243213,0.12026000000000001,0.16413900000000001,0.49577900000000003,0.20858299999999999,0.011239000000000001,1025030,0.11795799999999999,0.166523,0.49899500000000002,0.20499100000000001,0.011532000000000001,718902,0.10299999999999999,0.13944500000000001,0.46230199999999999,0.26688299999999998,0.028369999999999999,401232,0.114971,0.15712100000000001,0.48344300000000001,0.225274,0.019191,292413,0.12697800000000001,0.17113500000000001,0.48858600000000002,0.200124,0.013176999999999999,149347,0.114264,0.13589799999999999,0.48777700000000002,0.23610800000000001,0.025953
34717,5830366,3243341,0.120258,0.164131,0.495786,0.20858099999999999,0.011243,1025044,0.117934,0.166522,0.49902200000000002,0.204985,0.011537,718942,0.102996,0.13944200000000001,0.46225300000000002,0.26692700000000003,0.028382000000000001,401246,0.11495900000000001,0.157143,0.48334700000000003,0.22532099999999999,0.019230000000000001,292424,0.12698000000000001,0.17108000000000001,0.48868099999999998,0.20009299999999999,0.013166000000000001,149369,0.11430800000000001,0.13591800000000001,0.48775200000000002,0.23602000000000001,0.026002999999999998
34718,5830600,3243494,0.120257,0.16413700000000001,0.49576500000000001,0.208589,0.011251000000000001,1025099,0.117921,0.16653200000000001,0.49900699999999998,0.20499700000000001,0.011542,719003,0.103022,0.139403,0.46228200000000003,0.26690700000000001,0.028386999999999999,401222,0.114949,0.157053,0.48346800000000001,0.22531200000000001,0.019219,292409,0.126973,0.17103099999999999,0.48869200000000002,0.20010700000000001,0.013197,149373,0.114264,0.136049,0.48763800000000002,0.23603299999999999,0.026015
34719,5830822,3243632,0.120258,0.164135,0.495753,0.20859900000000001,0.011254,1025115,0.117907,0.16653699999999999,0.49902099999999999,0.204989,0.011546000000000001,719011,0.103029,0.13943900000000001,0.46225899999999998,0.26686799999999999,0.028406000000000001,401228,0.11490499999999999,0.15705,0.48343799999999998,0.225381,0.019226,292442,0.12694800000000001,0.17105300000000001,0.48868499999999998,0.20012199999999999,0.013192000000000001,149394,0.114215,0.13599600000000001,0.48764299999999999,0.236094,0.026051999999999999
34720,5831062,3243782,0.12026000000000001,0.16413900000000001,0.49573400000000001,0.20860200000000001,0.011266,1025153,0.11791600000000001,0.16653699999999999,0.49900800000000001,0.20499200000000001,0.011547,719043,0.10298400000000001,0.139456,0.46227699999999999,0.26688099999999998,0.028402,401213,0.114884,0.15696399999999999,0.48353600000000002,0.22540099999999999,0.019213999999999998,292448,0.12695600000000001,0.17107700000000001,0.48866500000000002,0.200101,0.013202,149423,0.114179,0.13616400000000001,0.487402,0.236182,0.026074
34721,5831278,3243888,0.120259,0.164127,0.495724,0.208618,0.011273,1025188,0.117908,0.16652800000000001,0.499033,0.204984,0.011546000000000001,719048,0.102953,0.13948199999999999,0.462283,0.26687499999999997,0.028407000000000002,401228,0.114935,0.156946,0.48350300000000002,0.225381,0.019236,292440,0.12692200000000001,0.17110500000000001,0.48867500000000003,0.20008200000000001,0.013216,149486,0.11423800000000001,0.13624,0.48727599999999999,0.236183,0.026062999999999999
34722,5831497,3244058,0.12024,0.16412199999999999,0.495728,0.20862800000000001,0.011282,1025246,0.117922,0.166516,0.49902600000000003,0.204985,0.011551000000000001,719071,0.102962,0.139462,0.46230500000000002,0.26687499999999997,0.028396000000000001,401231,0.114936,0.15694,0.48350700000000002,0.22536900000000001,0.019248000000000001,292403,0.126945,0.17113700000000001,0.48862,0.20006599999999999,0.013232000000000001,149488,0.114324,0.136292,0.48708899999999999,0.23624000000000001,0.026055999999999999
34723,5831711,3244285,0.120231,0.16412199999999999,0.49570700000000001,0.20865400000000001,0.011285,1025253,0.117908,0.166515,0.499033,0.204987,0.011556,718997,0.10295700000000001,0.13947799999999999,0.46229399999999998,0.26686900000000002,0.028402,401273,0.114944,0.15693799999999999,0.48348400000000002,0.22536,0.019273999999999999,292411,0.126999,0.171153,0.48857899999999999,0.20002700000000001,0.013242,149492,0.114327,0.136215,0.487257,0.23613300000000001,0.026068000000000001
34724,5831934,3244367,0.120226,0.164128,0.49569200000000002,0.20866399999999999,0.01129,1025302,0.11791600000000001,0.166495,0.49902299999999999,0.20501,0.011557,718936,0.102924,0.139485,0.462312,0.26686100000000001,0.028417000000000001,401316,0.114979,0.156974,0.48342000000000002,0.225354,0.019273999999999999,292452,0.127029,0.17116700000000001,0.48850100000000002,0.20002300000000001,0.013280999999999999,149561,0.11428099999999999,0.136272,0.48726599999999998,0.23611099999999999,0.026069999999999999
34725,5832150,3244480,0.120214,0.16413800000000001,0.49567800000000001,0.208675,0.011294999999999999,1025373,0.117908,0.16648399999999999,0.49902600000000003,0.205015,0.011566999999999999,718985,0.102921,0.13949500000000001,0.46232800000000002,0.26681199999999999,0.028443,401281,0.11495900000000001,0.156967,0.48343900000000001,0.22536100000000001,0.019272999999999998,292491,0.12703600000000001,0.17111299999999999,0.488514,0.200071,0.013265000000000001,149540,0.114324,0.13620399999999999,0.48715399999999998,0.23625099999999999,0.026067
34726,5832359,3244633,0.12020599999999999,0.16413900000000001,0.49567499999999998,0.208676,0.011303000000000001,1025399,0.117896,0.166515,0.49899300000000002,0.20502300000000001,0.011573999999999999,718984,0.102909,0.139462,0.46238600000000002,0.266789,0.028454,401306,0.114967,0.15698500000000001,0.483377,0.225379,0.019292,292509,0.12700800000000001,0.171075,0.48854199999999998,0.200103,0.013271,149528,0.11428000000000001,0.13624900000000001,0.487126,0.23630999999999999,0.026034999999999999
34727,5832574,3244749,0.12021,0.16414100000000001,0.49566100000000002,0.20868400000000001,0.011305000000000001,1025448,0.117885,0.166495,0.49898900000000002,0.20505100000000001,0.01158,719007,0.10291,0.13947300000000001,0.46241300000000002,0.26675500000000002,0.028448999999999999,401296,0.114953,0.15698100000000001,0.48337599999999997,0.22537199999999999,0.019317000000000001,292533,0.12695999999999999,0.171099,0.48851600000000001,0.20013500000000001,0.013291000000000001,149541,0.11418300000000001,0.13622400000000001,0.48707699999999998,0.236457,0.02606
34728,5832843,3244940,0.120203,0.16414100000000001,0.49565500000000001,0.20868999999999999,0.011311,1025466,0.117891,0.16647700000000001,0.49899900000000003,0.205041,0.011591000000000001,719012,0.10290100000000001,0.139519,0.46238200000000002,0.26672699999999999,0.028471,401335,0.114966,0.15696399999999999,0.48333399999999999,0.22539300000000001,0.019342999999999999,292546,0.12694800000000001,0.17111199999999999,0.488539,0.20014299999999999,0.013259,149544,0.114274,0.136214,0.48689300000000002,0.236539,0.026079000000000001
34729,5833066,3245064,0.120196,0.16414699999999999,0.49564999999999998,0.20868999999999999,0.011317000000000001,1025498,0.11791,0.16647600000000001,0.49895800000000001,0.20505999999999999,0.011596,719077,0.102896,0.13950199999999999,0.462422,0.266704,0.028475,401319,0.114963,0.15693299999999999,0.48332599999999998,0.225414,0.019363999999999999,292577,0.12696499999999999,0.171093,0.48849700000000001,0.200187,0.013258000000000001,149531,0.11422400000000001,0.136213,0.48700300000000002,0.236513,0.026048000000000002
34730,5833258,3245189,0.120186,0.16413800000000001,0.49565300000000001,0.2087,0.011322,1025501,0.117913,0.166494,0.49894100000000002,0.205043,0.011609,719115,0.102868,0.13953299999999999,0.462391,0.26672400000000002,0.028485,401329,0.114873,0.15694900000000001,0.48336400000000002,0.225436,0.019377999999999999,292596,0.126967,0.17110600000000001,0.48854700000000001,0.20011200000000001,0.013266999999999999,149528,0.114373,0.136182,0.48696600000000001,0.23641699999999999,0.026061999999999998
34731,5833486,3245332,0.12017799999999999,0.164133,0.49565700000000001,0.208706,0.011325999999999999,1025543,0.117932,0.16649700000000001,0.49892900000000001,0.205038,0.011605000000000001,719130,0.10284500000000001,0.13951,0.46240599999999998,0.26672499999999999,0.028514000000000001,401357,0.114845,0.15700500000000001,0.48328500000000002,0.22547300000000001,0.019392,292577,0.12696499999999999,0.17104900000000001,0.48854799999999998,0.20017299999999999,0.013265000000000001,149547,0.114466,0.13619100000000001,0.48691699999999999,0.23635400000000001,0.026072000000000001
34732,5833695,3245387,0.12016400000000001,0.164132,0.49565900000000002,0.20871100000000001,0.011334,1025592,0.117909,0.16652500000000001,0.498917,0.20504500000000001,0.011603,719175,0.102868,0.13949500000000001,0.46239400000000003,0.26672800000000002,0.028516,401404,0.11486200000000001,0.15695700000000001,0.48329899999999998,0.22546099999999999,0.019421999999999998,292583,0.12698300000000001,0.171073,0.48850399999999999,0.200183,0.013258000000000001,149554,0.114534,0.136158,0.48694100000000001,0.23629600000000001,0.026071
34733,5833913,3245481,0.120157,0.16414000000000001,0.49564000000000002,0.20872199999999999,0.011342,1025618,0.11790399999999999,0.166519,0.49889899999999998,0.20507,0.011609,719214,0.10285999999999999,0.13947300000000001,0.46243499999999998,0.26670199999999999,0.02853,401435,0.114855,0.15694900000000001,0.48332599999999998,0.225464,0.019404999999999999,292615,0.12696199999999999,0.17106399999999999,0.48853600000000003,0.200154,0.013284000000000001,149550,0.114644,0.13617499999999999,0.48676700000000001,0.236316,0.026098
34734,5834125,3245616,0.12014900000000001,0.16414400000000001,0.49562899999999999,0.208727,0.011351,1025650,0.1179,0.16650100000000001,0.498921,0.205063,0.011615,719230,0.102885,0.13946,0.46244600000000002,0.26668500000000001,0.028524000000000001,401454,0.114853,0.15695200000000001,0.48335600000000001,0.22542799999999999,0.019411999999999999,292625,0.12692999999999999,0.171069,0.48851299999999998,0.200185,0.013304,149550,0.11461,0.13617499999999999,0.48669299999999999,0.23640900000000001,0.026112
34735,5834352,3245816,0.120159,0.164131,0.495612,0.20874100000000001,0.011358,1025664,0.11788800000000001,0.16650400000000001,0.49892799999999998,0.20505899999999999,0.011620999999999999,719237,0.102877,0.13947599999999999,0.462482,0.26664500000000002,0.028521000000000001,401424,0.114831,0.156971,0.48334199999999999,0.22544,0.019415999999999999,292623,0.12687699999999999,0.17108400000000001,0.48854300000000001,0.20016500000000001,0.013331000000000001,149588,0.114555,0.13622799999999999,0.48669699999999999,0.236396,0.026124999999999999
34736,5834567,3245895,0.120146,0.164128,0.495612,0.20875299999999999,0.011361,1025734,0.117881,0.166493,0.49892199999999998,0.20507800000000001,0.011625999999999999,719321,0.102855,0.13949700000000001,0.46246799999999999,0.26663900000000001,0.028541,401427,0.114868,0.157,0.48332599999999998,0.22537599999999999,0.019431,292650,0.126892,0.17102700000000001,0.488597,0.200154,0.01333,149540,0.114498,0.136291,0.48655900000000002,0.23651900000000001,0.026133
34737,5834812,3246091,0.120144,0.164127,0.49559799999999998,0.208763,0.011369000000000001,1025797,0.11788,0.166494,0.498915,0.20507600000000001,0.011636000000000001,719351,0.102918,0.139459,0.46243200000000001,0.26664700000000002,0.028544,401367,0.11481,0.15695600000000001,0.48341499999999998,0.22536999999999999,0.019449000000000001,292671,0.12686600000000001,0.17111699999999999,0.48854500000000001,0.20014299999999999,0.013329000000000001,149535,0.114375,0.136436,0.486508,0.236513,0.026168
34738,5835007,3246206,0.120141,0.16412199999999999,0.49559300000000001,0.20877000000000001,0.011374,1025838,0.11788700000000001,0.16647000000000001,0.49892399999999998,0.20508100000000001,0.011638000000000001,719389,0.102908,0.13953199999999999,0.46236899999999997,0.26664199999999999,0.028549000000000001,401304,0.114803,0.15690100000000001,0.48341200000000001,0.22542499999999999,0.019459000000000001,292742,0.126883,0.171123,0.48850900000000003,0.200128,0.013356,149528,0.114306,0.13642899999999999,0.48653099999999999,0.23651800000000001,0.026216
34739,5835232,3246400,0.12013,0.16411600000000001,0.495589,0.208785,0.011379,1025785,0.11787300000000001,0.16647400000000001,0.49893399999999999,0.20507700000000001,0.011642,719405,0.102892,0.13955699999999999,0.46234199999999998,0.266656,0.028552999999999999,401340,0.11487,0.15687200000000001,0.48339799999999999,0.22539200000000001,0.019467000000000002,292742,0.12689,0.17113999999999999,0.48847400000000002,0.20013900000000001,0.013356,149560,0.11436200000000001,0.13646,0.486487,0.23647399999999999,0.026217000000000001
34740,5835435,3246451,0.120118,0.16411999999999999,0.49558400000000002,0.208791,0.011386,1025843,0.117863,0.16649,0.49890600000000002,0.205092,0.011649,719462,0.10291,0.13952400000000001,0.46235500000000002,0.26666899999999999,0.028542000000000001,401331,0.11486300000000001,0.15684100000000001,0.483431,0.225358,0.019508000000000001,292773,0.12690000000000001,0.171129,0.48844300000000002,0.20016200000000001,0.013365,149575,0.114317,0.13660700000000001,0.48643199999999998,0.236376,0.026268
34741,5835650,3246488,0.120114,0.16413900000000001,0.49554599999999999,0.20880699999999999,0.011393,1025887,0.117864,0.166468,0.498921,0.205093,0.011653999999999999,719589,0.10292800000000001,0.13950599999999999,0.462397,0.26662000000000002,0.028548,401347,0.11477800000000001,0.15681899999999999,0.483539,0.22534899999999999,0.019514,292766,0.12695100000000001,0.17111299999999999,0.48842400000000002,0.20014299999999999,0.013369000000000001,149573,0.114352,0.136569,0.48631099999999999,0.23648,0.026287999999999999
34742,5835866,3246567,0.120102,0.164132,0.49554100000000001,0.20882100000000001,0.011403999999999999,1025915,0.117864,0.16647500000000001,0.49890200000000001,0.205091,0.011669000000000001,719654,0.102866,0.139538,0.46240399999999998,0.26664900000000002,0.028542999999999999,401343,0.11479200000000001,0.15684300000000001,0.483514,0.225326,0.019524,292807,0.126998,0.17113,0.48839700000000003,0.200101,0.013374,149580,0.11430700000000001,0.136569,0.48638900000000002,0.236455,0.026280000000000001
34743,5836086,3246629,0.120098,0.164132,0.49553999999999998,0.20882000000000001,0.01141,1025929,0.117895,0.166466,0.49887599999999999,0.205093,0.01167,719692,0.10284699999999999,0.139571,0.46240100000000001,0.26662400000000003,0.028558,401409,0.11479300000000001,0.15678800000000001,0.48354399999999997,0.22533900000000001,0.019536000000000001,292821,0.12697900000000001,0.17105999999999999,0.48846600000000001,0.20012199999999999,0.013372999999999999,149606,0.114427,0.13647799999999999,0.48639100000000002,0.23646800000000001,0.026235999999999999
34744,5836309,3246826,0.120092,0.16412399999999999,0.49552400000000002,0.208844,0.011416000000000001,1026002,0.117881,0.16645799999999999,0.49890200000000001,0.20508399999999999,0.011675,719682,0.102876,0.13955699999999999,0.46238099999999999,0.26663599999999998,0.028549999999999999,401373,0.114786,0.15685399999999999,0.48353299999999999,0.22526199999999999,0.019564999999999999,292814,0.12693699999999999,0.17108100000000001,0.48852499999999999,0.20008600000000001,0.01337,149612,0.114383,0.13652,0.486485,0.236378,0.026235000000000001
34745,5836525,3246967,0.12009300000000001,0.16412499999999999,0.49551600000000001,0.208845,0.011421000000000001,1026040,0.117881,0.16645199999999999,0.49890600000000002,0.20508199999999999,0.011679999999999999,719753,0.102837,0.139546,0.46237899999999998,0.266675,0.028563000000000002,401361,0.114819,0.156831,0.48352000000000001,0.22523899999999999,0.019591000000000001,292801,0.126974,0.17105799999999999,0.488479,0.20011499999999999,0.013374,149603,0.11436300000000001,0.13653499999999999,0.48658099999999999,0.236285,0.026235999999999999
34746,5836718,3247105,0.12009599999999999,0.164109,0.49550699999999998,0.208869,0.011419,1026078,0.117868,0.16645399999999999,0.49890699999999999,0.20508699999999999,0.011683000000000001,719708,0.10283299999999999,0.13953299999999999,0.46244200000000002,0.2666,0.028591999999999999,401386,0.114797,0.15684200000000001,0.48349199999999998,0.22527900000000001,0.01959,292821,0.12694800000000001,0.17111499999999999,0.48841099999999998,0.20013600000000001,0.013390000000000001,149620,0.114256,0.13669300000000001,0.48647899999999999,0.23632500000000001,0.026245999999999998
34747,5836957,3247251,0.12010700000000001,0.16409499999999999,0.49549700000000002,0.20887500000000001,0.011427,1026054,0.117842,0.16645699999999999,0.49892799999999998,0.20508399999999999,0.011689,719672,0.102852,0.139572,0.462391,0.26659500000000003,0.028589,401471,0.114783,0.156891,0.48343700000000001,0.22529099999999999,0.019598000000000001,292841,0.12690199999999999,0.17114399999999999,0.48846000000000001,0.200102,0.013393,149668,0.114233,0.13658200000000001,0.48644300000000001,0.23649700000000001,0.026245000000000001
34748,5837162,3247340,0.1201,0.16409899999999999,0.49549100000000001,0.20888100000000001,0.011428000000000001,1026099,0.117828,0.166463,0.49890800000000002,0.20510500000000001,0.011696,719672,0.10284799999999999,0.13955500000000001,0.46237499999999998,0.26662000000000002,0.028601999999999999,401485,0.114776,0.15690200000000001,0.48344799999999999,0.22525600000000001,0.019616999999999999,292855,0.12693699999999999,0.17110500000000001,0.48841899999999999,0.20014299999999999,0.013396,149711,0.114207,0.136576,0.48652400000000001,0.236456,0.026237
34749,5837399,3247473,0.12009499999999999,0.16409299999999999,0.49548599999999998,0.208893,0.011434,1026130,0.117815,0.16647700000000001,0.49891400000000002,0.205094,0.0117,719667,0.102884,0.139542,0.46234199999999998,0.26661899999999999,0.028613,401531,0.11477800000000001,0.156939,0.48341000000000001,0.225243,0.019630000000000002,292900,0.12691,0.17103099999999999,0.48852200000000001,0.20011599999999999,0.013421000000000001,149698,0.114103,0.136575,0.48668699999999998,0.236369,0.026266000000000001
34750,5837659,3247573,0.12009599999999999,0.16409899999999999,0.49547799999999997,0.20888599999999999,0.011441,1026152,0.117821,0.166463,0.49891000000000002,0.20510900000000001,0.011698,719763,0.102905,0.13952400000000001,0.46234399999999998,0.26658199999999999,0.028646000000000001,401553,0.114772,0.15688099999999999,0.48341099999999998,0.22531999999999999,0.019616000000000001,292933,0.12691,0.17100799999999999,0.488566,0.200104,0.013413,149685,0.114053,0.13664000000000001,0.48670200000000002,0.236343,0.026262000000000001
34751,5837867,3247685,0.120092,0.16409399999999999,0.495475,0.20889099999999999,0.011448,1026196,0.117798,0.166462,0.49891400000000002,0.205127,0.011698999999999999,719774,0.102878,0.139542,0.46231,0.266596,0.028673000000000001,401557,0.114746,0.15690899999999999,0.48344300000000001,0.22529099999999999,0.019611,292980,0.126889,0.170988,0.48855599999999999,0.20014299999999999,0.013424,149675,0.11407399999999999,0.13667599999999999,0.48670799999999997,0.23627899999999999,0.026263999999999999
34752,5838079,3247774,0.120086,0.16408400000000001,0.495477,0.2089,0.011453,1026232,0.11781999999999999,0.16642299999999999,0.498913,0.20514099999999999,0.011703,719877,0.102884,0.13955899999999999,0.46228000000000002,0.26659300000000002,0.028684000000000001,401522,0.114714,0.15693299999999999,0.48347499999999999,0.22525300000000001,0.019625,293001,0.12686,0.17102000000000001,0.48852699999999999,0.200153,0.013440000000000001,149673,0.114082,0.13675100000000001,0.486628,0.23628199999999999,0.026256999999999999
34753,5838264,3247944,0.12006799999999999,0.16408400000000001,0.49548900000000001,0.208895,0.011462999999999999,1026248,0.117824,0.16641900000000001,0.49889699999999998,0.205148,0.011712,719932,0.102892,0.139567,0.46224900000000002,0.26657500000000001,0.028716999999999999,401488,0.114721,0.15690100000000001,0.48348099999999999,0.22526199999999999,0.019633999999999999,292984,0.12686,0.17099600000000001,0.48855900000000002,0.20016500000000001,0.013421000000000001,149668,0.11411300000000001,0.13677600000000001,0.48654999999999998,0.23635,0.026211000000000002
34754,5838449,3248095,0.120064,0.164079,0.49549799999999999,0.20889099999999999,0.011469,1026264,0.11780500000000001,0.16642199999999999,0.498888,0.20516899999999999,0.011715,719969,0.102854,0.13956399999999999,0.46221299999999998,0.26665,0.028718,401488,0.114703,0.15694900000000001,0.48348400000000002,0.225212,0.019651999999999999,292965,0.12684500000000001,0.17100000000000001,0.48859399999999997,0.20010600000000001,0.013455999999999999,149668,0.11411300000000001,0.136763,0.486624,0.23629600000000001,0.026204999999999999
34755,5838696,3248226,0.120058,0.16409199999999999,0.49548500000000001,0.208896,0.011469,1026315,0.117803,0.16639100000000001,0.49892399999999998,0.20516100000000001,0.011721000000000001,719965,0.102893,0.13951,0.46219900000000003,0.26666000000000001,0.028739000000000001,401505,0.114679,0.15693699999999999,0.48349300000000001,0.22523499999999999,0.019656,292991,0.12681300000000001,0.17100199999999999,0.48862299999999997,0.20008799999999999,0.013475000000000001,149694,0.114173,0.136772,0.48653299999999999,0.236315,0.026207000000000001
34756,5838917,3248440,0.12003999999999999,0.164081,0.49549399999999999,0.20891100000000001,0.011474,1026294,0.117781,0.16640099999999999,0.49893999999999999,0.20515600000000001,0.011723000000000001,720010,0.102918,0.13950799999999999,0.462169,0.26665299999999997,0.028752,401497,0.114703,0.156973,0.48337799999999997,0.225269,0.019675999999999999,293042,0.126859,0.17097899999999999,0.48860199999999998,0.20006299999999999,0.013495999999999999,149634,0.114138,0.136854,0.48659400000000003,0.23621600000000001,0.026197000000000002
34757,5839128,3248554,0.120032,0.16408500000000001,0.49548599999999998,0.20891799999999999,0.011479,1026347,0.117774,0.16639899999999999,0.49896000000000001,0.20514499999999999,0.011722,720004,0.10291699999999999,0.13949500000000001,0.46214499999999997,0.26667600000000002,0.028767000000000001,401477,0.114701,0.157025,0.48335,0.225243,0.01968,293092,0.126861,0.170905,0.48862800000000001,0.20008699999999999,0.013518000000000001,149654,0.114056,0.13684199999999999,0.48668299999999998,0.23621800000000001,0.026200000000000001
34758,5839314,3248703,0.12002699999999999,0.16408600000000001,0.49548300000000001,0.20891699999999999,0.011487000000000001,1026381,0.117746,0.166406,0.49897000000000002,0.205146,0.011731999999999999,720010,0.10289,0.13947899999999999,0.46214899999999998,0.26671299999999998,0.028768999999999999,401467,0.11464000000000001,0.157106,0.483325,0.225249,0.01968,293100,0.12688199999999999,0.17091100000000001,0.48861500000000002,0.20008899999999999,0.013504,149653,0.114218,0.13678999999999999,0.486572,0.23618,0.026241
34759,5839541,3248765,0.120019,0.16409699999999999,0.49547200000000002,0.208921,0.011492,1026431,0.117742,0.166383,0.498971,0.20516100000000001,0.011743,720069,0.10291400000000001,0.139456,0.46218300000000001,0.26666699999999999,0.028778999999999999,401539,0.114639,0.157083,0.48331800000000003,0.22526299999999999,0.019696999999999999,293080,0.12689,0.17095299999999999,0.48847800000000002,0.20017099999999999,0.013507999999999999,149657,0.114255,0.136799,0.48641899999999999,0.23624000000000001,0.026287000000000001
34760,5839774,3248902,0.120009,0.164104,0.49547200000000002,0.20891499999999999,0.0115,1026434,0.117739,0.16636699999999999,0.49896600000000002,0.205177,0.01175,720100,0.102941,0.139436,0.46216600000000002,0.26667299999999999,0.028784000000000001,401549,0.11465599999999999,0.157079,0.483296,0.225273,0.019696000000000002,293121,0.12687300000000001,0.17097399999999999,0.48849100000000001,0.20014299999999999,0.013520000000000001,149668,0.11426600000000001,0.13680300000000001,0.486377,0.236236,0.026318000000000001
34761,5840006,3249165,0.120006,0.16409000000000001,0.49548399999999998,0.20891299999999999,0.011506000000000001,1026449,0.117724,0.16636000000000001,0.49897999999999998,0.205176,0.011759,720002,0.102925,0.139457,0.46216099999999999,0.26665899999999998,0.028799000000000002,401531,0.114636,0.157136,0.48320099999999999,0.22533500000000001,0.019692000000000001,293158,0.12684300000000001,0.17097899999999999,0.48847000000000002,0.200186,0.013521999999999999,149701,0.11434800000000001,0.13683899999999999,0.48622300000000002,0.236231,0.026359
34762,5840228,3249314,0.11999899999999999,0.16408400000000001,0.495481,0.208926,0.011509999999999999,1026515,0.11773500000000001,0.16633999999999999,0.498969,0.20518800000000001,0.011767,720011,0.10291400000000001,0.13945299999999999,0.46214699999999997,0.266679,0.028806999999999999,401532,0.114648,0.157161,0.48314200000000002,0.22534199999999999,0.019706999999999999,293163,0.1268,0.17105200000000001,0.48845899999999998,0.20016200000000001,0.013528,149693,0.114394,0.13680700000000001,0.48626900000000001,0.23616300000000001,0.026367000000000002
34763,5840463,3249449,0.120004,0.164077,0.49547400000000003,0.20893100000000001,0.011514,1026550,0.11772000000000001,0.16636300000000001,0.49895499999999998,0.20519000000000001,0.011771999999999999,719989,0.102881,0.139488,0.46211799999999997,0.26669399999999999,0.028818,401560,0.114603,0.15715199999999999,0.48314299999999999,0.225386,0.019716000000000001,293179,0.126806,0.17102200000000001,0.48847600000000002,0.20017099999999999,0.013524,149736,0.11444799999999999,0.136874,0.48622900000000002,0.23608199999999999,0.026366000000000001
34764,5840655,3249538,0.11999899999999999,0.164074,0.495479,0.208927,0.011520000000000001,1026572,0.11769300000000001,0.16636999999999999,0.49896400000000002,0.20519699999999999,0.011776,720038,0.102865,0.13952600000000001,0.46205800000000002,0.266712,0.028839,401612,0.114591,0.15714700000000001,0.48311599999999999,0.22540399999999999,0.019743,293205,0.12678200000000001,0.17102700000000001,0.48849100000000001,0.20016700000000001,0.013533,149690,0.114497,0.13677600000000001,0.48621199999999998,0.236155,0.026360999999999999
34765,5840854,3249717,0.11998399999999999,0.16406499999999999,0.49548599999999998,0.20893800000000001,0.011527000000000001,1026539,0.117686,0.16639399999999999,0.49895099999999998,0.20518900000000001,0.011779,720054,0.10287,0.139487,0.46206999999999998,0.26672299999999999,0.028851000000000002,401615,0.11458500000000001,0.15713099999999999,0.48313200000000001,0.22540499999999999,0.019748000000000002,293203,0.126748,0.17111399999999999,0.48838900000000002,0.20019200000000001,0.013557,149726,0.114536,0.13686999999999999,0.48626200000000003,0.23601800000000001,0.026315000000000002
34766,5841089,3249756,0.11998300000000001,0.16406000000000001,0.49548599999999998,0.20893900000000001,0.011533,1026598,0.117701,0.16638,0.49894699999999997,0.205179,0.011793,720141,0.102827,0.13947699999999999,0.46211400000000002,0.26672699999999999,0.028854999999999999,401663,0.11464100000000001,0.15709899999999999,0.48309400000000002,0.22542300000000001,0.019743,293214,0.12675700000000001,0.17110700000000001,0.488367,0.20019500000000001,0.013573999999999999,149717,0.11459,0.13680500000000001,0.48611700000000002,0.236125,0.026363000000000001
34767,5841323,3249783,0.119976,0.16406499999999999,0.49547999999999998,0.20893700000000001,0.011542999999999999,1026633,0.11769499999999999,0.16637299999999999,0.49894300000000003,0.20519999999999999,0.011789000000000001,720189,0.102813,0.13944400000000001,0.46215200000000001,0.26671699999999998,0.028872999999999999,401696,0.114659,0.15709100000000001,0.483072,0.225437,0.019741000000000002,293260,0.12675400000000001,0.17110400000000001,0.48834499999999997,0.200239,0.013558000000000001,149762,0.114649,0.13677700000000001,0.48602400000000001,0.23618800000000001,0.026362
34768,5841552,3249905,0.119972,0.164074,0.495479,0.20893100000000001,0.011544,1026662,0.11769399999999999,0.16637099999999999,0.498944,0.20519100000000001,0.011799,720198,0.10279099999999999,0.13939599999999999,0.46215600000000001,0.26676299999999997,0.028892999999999999,401721,0.11469699999999999,0.15707399999999999,0.48307699999999998,0.225413,0.019740000000000001,293284,0.12672700000000001,0.171094,0.48835299999999998,0.200267,0.013559999999999999,149782,0.114707,0.13680500000000001,0.48598000000000002,0.23615,0.026357999999999999
34769,5841786,3249998,0.119965,0.164075,0.49548300000000001,0.208929,0.011547999999999999,1026697,0.117691,0.166381,0.49893700000000002,0.20519000000000001,0.011801000000000001,720243,0.102781,0.13938800000000001,0.46213799999999999,0.26677699999999999,0.028917000000000002,401785,0.11473800000000001,0.15712100000000001,0.482987,0.22542200000000001,0.019732,293285,0.126723,0.17108999999999999,0.488317,0.20027300000000001,0.013598000000000001,149778,0.11471000000000001,0.13674900000000001,0.48602600000000001,0.23613600000000001,0.026379
34770,5841989,3250164,0.119947,0.164072,0.49549700000000002,0.20893300000000001,0.011551000000000001,1026724,0.11769499999999999,0.166378,0.498921,0.20519299999999999,0.011813000000000001,720170,0.102767,0.13942499999999999,0.46208700000000003,0.26677200000000001,0.028948999999999999,401822,0.114762,0.157084,0.48293799999999998,0.22547800000000001,0.019737999999999999,293306,0.12665999999999999,0.17114499999999999,0.488367,0.20022400000000001,0.013604,149803,0.11475100000000001,0.13675300000000001,0.48599199999999998,0.23615700000000001,0.026348
34771,5842196,3250298,0.119946,0.16406599999999999,0.49548900000000001,0.20894499999999999,0.011554999999999999,1026772,0.117685,0.16635900000000001,0.49893700000000002,0.205203,0.011815000000000001,720149,0.10280400000000001,0.13948199999999999,0.46202100000000002,0.266735,0.028958000000000001,401815,0.11473899999999999,0.15703700000000001,0.48298600000000003,0.22547900000000001,0.019758000000000001,293330,0.126554,0.171183,0.48839199999999999,0.20025599999999999,0.013616,149832,0.11464199999999999,0.136853,0.48592400000000002,0.23621800000000001,0.026363000000000001
34772,5842440,3250520,0.11994100000000001,0.16406499999999999,0.495481,0.20894699999999999,0.011565000000000001,1026872,0.11766699999999999,0.16636000000000001,0.498948,0.205205,0.011820000000000001,720177,0.10283299999999999,0.13944799999999999,0.461982,0.26677899999999999,0.028958000000000001,401776,0.11476500000000001,0.157025,0.48302499999999998,0.22542400000000001,0.01976,293299,0.12655,0.17125899999999999,0.48831400000000003,0.20024600000000001,0.013631000000000001,149796,0.11446199999999999,0.13705300000000001,0.48583399999999999,0.23624100000000001,0.026408999999999998
34773,5842645,3250590,0.119935,0.164073,0.49548300000000001,0.20893900000000001,0.01157,1026894,0.11767,0.16636600000000001,0.49893900000000002,0.20520099999999999,0.011823999999999999,720201,0.10280599999999999,0.13947599999999999,0.46196700000000002,0.26677400000000001,0.028976999999999999,401779,0.11475,0.15695200000000001,0.48305700000000001,0.225467,0.019775000000000001,293349,0.126528,0.171212,0.48832300000000001,0.20030400000000001,0.013632,149832,0.11447499999999999,0.13704,0.48571700000000001,0.23631099999999999,0.026456
34774,5842878,3250706,0.119932,0.16406599999999999,0.49547200000000002,0.208954,0.011577,1026902,0.117664,0.16635800000000001,0.49895,0.20519799999999999,0.011831,720230,0.10285900000000001,0.13945299999999999,0.46195199999999997,0.26676899999999998,0.028967,401790,0.114692,0.15701699999999999,0.48303099999999999,0.22548599999999999,0.019774,293398,0.12647700000000001,0.17119699999999999,0.48841800000000002,0.20028399999999999,0.013623,149852,0.1144,0.13702900000000001,0.48567900000000003,0.23635300000000001,0.026540000000000001
34775,5843086,3250761,0.119921,0.16406899999999999,0.49547000000000002,0.208955,0.011585,1026912,0.117645,0.16638700000000001,0.49891799999999997,0.205209,0.01184,720320,0.102849,0.13947100000000001,0.46193200000000001,0.26676899999999998,0.028979000000000001,401819,0.114676,0.15700600000000001,0.483066,0.22547700000000001,0.019775000000000001,293422,0.126497,0.17121400000000001,0.48840600000000001,0.200264,0.013618999999999999,149852,0.114426,0.13692799999999999,0.48567300000000002,0.236433,0.026540000000000001
34776,5843306,3250927,0.119897,0.16408,0.495479,0.208956,0.011587999999999999,1026961,0.117629,0.16640199999999999,0.49890099999999998,0.20521900000000001,0.011849999999999999,720427,0.10284699999999999,0.139483,0.46187899999999998,0.26678600000000002,0.029005,401738,0.11469699999999999,0.15700500000000001,0.48303400000000002,0.22550000000000001,0.019764,293440,0.12647900000000001,0.17122399999999999,0.48842999999999998,0.20024900000000001,0.013618,149813,0.114496,0.13685700000000001,0.485759,0.236315,0.026572999999999999
34777,5843499,3251014,0.119877,0.16408700000000001,0.49547200000000002,0.20896600000000001,0.011598000000000001,1026995,0.11763999999999999,0.166379,0.49890699999999999,0.20522299999999999,0.011851,720480,0.102843,0.13946500000000001,0.46187400000000001,0.26681700000000003,0.029000999999999999,401739,0.114736,0.15704000000000001,0.48299799999999998,0.22548499999999999,0.019741999999999999,293446,0.12643199999999999,0.17122699999999999,0.48847800000000002,0.20024800000000001,0.013613999999999999,149825,0.114534,0.13682,0.48568699999999998,0.23635600000000001,0.026603999999999999
34778,5843732,3251110,0.119869,0.16409299999999999,0.49546800000000002,0.20896899999999999,0.011601,1027031,0.11763800000000001,0.166349,0.49890099999999998,0.20524700000000001,0.011864,720504,0.10279099999999999,0.13952200000000001,0.46189599999999997,0.26679700000000001,0.028995,401834,0.114769,0.15698999999999999,0.48298799999999997,0.22548599999999999,0.019767,293431,0.12640499999999999,0.17130100000000001,0.48839100000000002,0.20028199999999999,0.013622,149822,0.114569,0.13681599999999999,0.48550300000000002,0.23652100000000001,0.026592000000000001
34779,5843955,3251228,0.119852,0.16409199999999999,0.49547600000000003,0.20897399999999999,0.011605000000000001,1027081,0.117645,0.16634699999999999,0.49889299999999998,0.20524400000000001,0.011871,720498,0.102773,0.139513,0.46188299999999999,0.26683600000000002,0.028993999999999999,401888,0.114788,0.15699399999999999,0.48296499999999998,0.22546099999999999,0.019792000000000001,293448,0.126411,0.17133200000000001,0.488342,0.20027400000000001,0.013641,149812,0.114644,0.136765,0.48545500000000003,0.23652999999999999,0.026606999999999999
34780,5844209,3251312,0.119855,0.164103,0.49545899999999998,0.20897499999999999,0.011608,1027086,0.11763700000000001,0.166348,0.49890000000000001,0.205233,0.011882,720545,0.10277600000000001,0.13947100000000001,0.46191300000000002,0.26682400000000001,0.029016,401959,0.114755,0.15695400000000001,0.48295500000000002,0.22553500000000001,0.019800999999999999,293454,0.12640799999999999,0.17129800000000001,0.488404,0.20022599999999999,0.013665,149853,0.114592,0.13684099999999999,0.48536899999999999,0.23660500000000001,0.026592999999999999
34781,5844432,3251370,0.119842,0.164109,0.49546099999999998,0.20897299999999999,0.011615,1027140,0.117629,0.16636200000000001,0.49888500000000002,0.205233,0.011891000000000001,720595,0.102771,0.139483,0.46189599999999997,0.26681100000000002,0.029038999999999999,401973,0.114749,0.15692600000000001,0.482983,0.22555700000000001,0.019785000000000001,293454,0.126391,0.17125699999999999,0.48844100000000001,0.20022899999999999,0.013682,149900,0.11465599999999999,0.136825,0.485317,0.23658399999999999,0.026617999999999999
34782,5844662,3251485,0.119839,0.164109,0.49545400000000001,0.208978,0.011620999999999999,1027129,0.117603,0.16637199999999999,0.498892,0.205235,0.011898000000000001,720639,0.10277500000000001,0.139491,0.461891,0.26680999999999999,0.029031000000000001,402028,0.11468399999999999,0.15695400000000001,0.48295100000000002,0.22561899999999999,0.019792000000000001,293488,0.12639400000000001,0.17124400000000001,0.48840800000000001,0.20024,0.013714,149893,0.11468200000000001,0.136818,0.48535299999999998,0.236509,0.026638999999999999
34783,5844880,3251559,0.11983199999999999,0.16409399999999999,0.49546200000000001,0.20898600000000001,0.011625999999999999,1027160,0.11759,0.166376,0.49888900000000003,0.205239,0.011906,720625,0.102797,0.13949,0.46188899999999999,0.26677000000000001,0.029054,402066,0.11464000000000001,0.15695899999999999,0.48298000000000002,0.22562699999999999,0.019793000000000002,293579,0.12640499999999999,0.17125199999999999,0.48835200000000001,0.20029,0.0137,149891,0.114763,0.136826,0.485259,0.23650499999999999,0.026646
34784,5845068,3251710,0.119827,0.164079,0.49545699999999998,0.20900299999999999,0.011634,1027176,0.117579,0.166381,0.49889899999999998,0.20522899999999999,0.011912000000000001,720648,0.102774,0.139541,0.461891,0.26673799999999998,0.029055999999999998,402075,0.11464299999999999,0.15700600000000001,0.48293700000000001,0.22562499999999999,0.019789999999999999,293581,0.126357,0.17128499999999999,0.4884,0.20027200000000001,0.013686,149878,0.11476,0.136791,0.48530800000000002,0.23651900000000001,0.026622
34785,5845295,3251749,0.119828,0.16408,0.49545699999999998,0.20899300000000001,0.011642,1027237,0.11756,0.166377,0.49891200000000002,0.20522499999999999,0.011925,720671,0.102772,0.13951,0.46187400000000001,0.26676100000000003,0.029083000000000001,402107,0.114616,0.157028,0.48295100000000002,0.22561400000000001,0.019791,293592,0.12637300000000001,0.17131299999999999,0.48838500000000001,0.20024400000000001,0.013686,149939,0.11476699999999999,0.13682900000000001,0.48513099999999998,0.236676,0.026596999999999999
34786,5845490,3251831,0.119823,0.164074,0.49546200000000001,0.20899100000000001,0.011650000000000001,1027261,0.117565,0.16634599999999999,0.49892300000000001,0.205237,0.011929,720776,0.102767,0.13950099999999999,0.461872,0.266758,0.029101999999999999,402131,0.114609,0.156976,0.48297400000000001,0.22563800000000001,0.019802,293588,0.12637799999999999,0.171403,0.488317,0.20019899999999999,0.013703,149903,0.114761,0.13692199999999999,0.48503400000000002,0.23669299999999999,0.026591
34787,5845689,3251944,0.119812,0.16406999999999999,0.49546699999999999,0.20899699999999999,0.011653999999999999,1027308,0.117551,0.16634699999999999,0.49890699999999999,0.205266,0.011929,720770,0.10279000000000001,0.139515,0.46183099999999999,0.26675500000000002,0.029108999999999999,402168,0.114646,0.15694900000000001,0.48296699999999998,0.225632,0.019805,293624,0.12633800000000001,0.17139599999999999,0.48835200000000001,0.20019799999999999,0.013715,149875,0.114729,0.13691400000000001,0.48505799999999999,0.236704,0.026595000000000001
34788,5845873,3252152,0.11981700000000001,0.16405600000000001,0.49545600000000001,0.209013,0.011658,1027314,0.11754199999999999,0.166349,0.49890899999999999,0.20526700000000001,0.011932,720708,0.102785,0.139517,0.46181699999999998,0.26675700000000002,0.029124000000000001,402123,0.114639,0.156945,0.48302899999999999,0.22556799999999999,0.019820000000000001,293658,0.1263,0.17139299999999999,0.488371,0.20021600000000001,0.01372,149918,0.114736,0.136902,0.48508499999999999,0.236676,0.026601
34789,5846069,3252219,0.119798,0.16406899999999999,0.49544500000000002,0.20902999999999999,0.011658999999999999,1027372,0.117524,0.16636000000000001,0.49891099999999999,0.205265,0.011939,720769,0.102754,0.139543,0.461837,0.26672499999999999,0.029141,402131,0.114632,0.15692200000000001,0.483014,0.225601,0.019831999999999999,293681,0.12633800000000001,0.171404,0.48836000000000002,0.20017299999999999,0.013726,149897,0.114705,0.13689399999999999,0.48498000000000002,0.236816,0.026605
34790,5846293,3252315,0.119793,0.16406499999999999,0.49543799999999999,0.20904,0.011663,1027390,0.11752700000000001,0.16636799999999999,0.49891099999999999,0.20525199999999999,0.011941999999999999,720831,0.102797,0.13953099999999999,0.46179799999999999,0.26671600000000001,0.029159000000000001,402159,0.114621,0.15686800000000001,0.48311700000000002,0.22555500000000001,0.019838000000000001,293695,0.126308,0.171406,0.48834699999999998,0.200215,0.013724999999999999,149903,0.114687,0.136855,0.48502699999999999,0.23683299999999999,0.026596999999999999
34791,5846527,3252446,0.119799,0.164053,0.49544300000000002,0.209036,0.011668,1027407,0.117522,0.166378,0.49890499999999999,0.20525299999999999,0.011941999999999999,720819,0.102798,0.13955400000000001,0.46174999999999999,0.26672299999999999,0.029175,402196,0.114591,0.15686900000000001,0.48315999999999998,0.225524,0.019855999999999999,293713,0.12628300000000001,0.171375,0.488317,0.20030100000000001,0.013724,149946,0.114595,0.136903,0.48506100000000002,0.236819,0.026623000000000001
34792,5846706,3252571,0.119795,0.16406100000000001,0.49543300000000001,0.20904,0.011671000000000001,1027454,0.117524,0.16636899999999999,0.49890099999999998,0.20525299999999999,0.011953,720867,0.102797,0.13956199999999999,0.46173999999999998,0.26671600000000001,0.029184000000000002,402174,0.11458,0.156833,0.48312899999999998,0.22558400000000001,0.019873999999999999,293723,0.12629599999999999,0.171352,0.48836800000000002,0.200267,0.013717,149917,0.114597,0.13678899999999999,0.485128,0.236818,0.026668000000000001
34793,5846928,3252674,0.119786,0.16406100000000001,0.49542900000000001,0.20904600000000001,0.011677999999999999,1027484,0.117532,0.16635800000000001,0.49890699999999999,0.205239,0.011964000000000001,720894,0.102825,0.139514,0.46172000000000002,0.26673799999999998,0.029203,402186,0.114576,0.156828,0.48312500000000003,0.22559699999999999,0.019873999999999999,293739,0.126306,0.17136299999999999,0.48831400000000003,0.200297,0.01372,149951,0.11458400000000001,0.13685800000000001,0.48510500000000001,0.23678399999999999,0.026669000000000002
34794,5847149,3252759,0.11978800000000001,0.16405400000000001,0.49541400000000002,0.209065,0.011679,1027561,0.117537,0.16634399999999999,0.49889099999999997,0.205264,0.011964000000000001,720869,0.10284699999999999,0.139519,0.46174100000000001,0.266677,0.029215999999999999,402239,0.114569,0.15681999999999999,0.48311599999999999,0.22559699999999999,0.019899,293753,0.12626899999999999,0.17136199999999999,0.48832199999999998,0.200325,0.013722,149968,0.114538,0.136963,0.48497000000000001,0.23682400000000001,0.026706000000000001
34795,5847401,3252998,0.119786,0.164051,0.49539299999999997,0.209091,0.011679,1027607,0.117524,0.16633700000000001,0.49890200000000001,0.20526700000000001,0.011971000000000001,720781,0.102883,0.13953099999999999,0.46170099999999997,0.26664300000000002,0.029243000000000002,402274,0.114603,0.156806,0.48308400000000001,0.22559000000000001,0.019917000000000001,293754,0.126248,0.171351,0.48839500000000002,0.20027300000000001,0.013733,149987,0.11448999999999999,0.136992,0.48505500000000001,0.23676700000000001,0.026696000000000001
34796,5847605,3253066,0.119771,0.164044,0.49539800000000001,0.20910400000000001,0.011683000000000001,1027650,0.11752899999999999,0.16633899999999999,0.49888100000000002,0.20527400000000001,0.011977,720799,0.10285,0.13955100000000001,0.46169500000000002,0.26665299999999997,0.029252,402338,0.114635,0.15681600000000001,0.48306199999999999,0.225549,0.019938000000000001,293775,0.12625,0.171379,0.48838700000000002,0.20024800000000001,0.013735000000000001,149977,0.11451799999999999,0.13694100000000001,0.48504799999999998,0.236763,0.026731000000000001
34797,5847816,3253184,0.119768,0.16403300000000001,0.49540000000000001,0.20911099999999999,0.011688,1027699,0.11751499999999999,0.166349,0.49889,0.205263,0.011982,720881,0.10283100000000001,0.13960400000000001,0.46163900000000002,0.26666299999999998,0.029263000000000001,402332,0.114617,0.156831,0.48301699999999997,0.22559499999999999,0.019941,293750,0.12628400000000001,0.17135300000000001,0.48839500000000002,0.20022100000000001,0.013746,149970,0.11453000000000001,0.13686699999999999,0.48516399999999998,0.236734,0.026705
34798,5848046,3253359,0.11976100000000001,0.16403599999999999,0.49538500000000002,0.20912600000000001,0.011691999999999999,1027745,0.117533,0.16631499999999999,0.49889,0.20527400000000001,0.011988,720889,0.10283299999999999,0.139622,0.46161600000000003,0.26664900000000002,0.029281000000000001,402367,0.114657,0.156832,0.48298400000000002,0.225573,0.019954,293746,0.126218,0.17135900000000001,0.48844199999999999,0.200238,0.013743,149940,0.114512,0.13686799999999999,0.48517399999999999,0.23672799999999999,0.026717000000000001
34799,5848244,3253452,0.11974799999999999,0.16404199999999999,0.49538599999999999,0.209123,0.011701,1027791,0.11754199999999999,0.16628999999999999,0.49889099999999997,0.205285,0.011991999999999999,721021,0.102795,0.13960500000000001,0.46162999999999998,0.26668599999999998,0.029284999999999999,402331,0.114664,0.156886,0.48297000000000001,0.225548,0.019931000000000001,293733,0.12622700000000001,0.17136299999999999,0.48842000000000002,0.200243,0.013747000000000001,149916,0.114477,0.13680999999999999,0.48518499999999998,0.236759,0.026768
34800,5848472,3253606,0.119737,0.16403599999999999,0.49538599999999999,0.20912900000000001,0.011712,1027831,0.11754000000000001,0.166293,0.49888199999999999,0.20529,0.011996,721101,0.10280300000000001,0.13960900000000001,0.46161799999999997,0.26668799999999998,0.029283,402328,0.114648,0.156889,0.48293199999999997,0.22558700000000001,0.019944,293726,0.12622,0.17136699999999999,0.48841800000000002,0.20026099999999999,0.013734,149880,0.11443200000000001,0.13678299999999999,0.48528199999999999,0.236763,0.026741000000000001
34801,5848728,3253737,0.119737,0.16404299999999999,0.495369,0.20913399999999999,0.011717,1027836,0.117552,0.16628799999999999,0.49886799999999998,0.205292,0.012001,721137,0.102814,0.13961699999999999,0.461592,0.26667999999999997,0.029297,402349,0.114644,0.15687599999999999,0.48294399999999998,0.225575,0.019959999999999999,293738,0.126197,0.171323,0.48848000000000003,0.20025999999999999,0.01374,149931,0.114466,0.136683,0.48535699999999998,0.23676900000000001,0.026726
34802,5848915,3253873,0.11971999999999999,0.164053,0.49536599999999997,0.20913799999999999,0.011723000000000001,1027873,0.117534,0.166273,0.49887199999999998,0.20531199999999999,0.012008,721072,0.102811,0.13961399999999999,0.46159099999999997,0.266681,0.029304,402415,0.11460099999999999,0.15692,0.48293900000000001,0.22558300000000001,0.019956999999999999,293742,0.12619900000000001,0.17136100000000001,0.48841499999999999,0.200271,0.013754000000000001,149940,0.11444600000000001,0.136661,0.48535400000000001,0.236841,0.026696999999999999
34803,5849120,3254008,0.11969399999999999,0.16406799999999999,0.49536599999999997,0.209143,0.011729,1027914,0.117508,0.16627900000000001,0.49886000000000003,0.20533399999999999,0.012019,721136,0.102842,0.13963400000000001,0.46154400000000001,0.26666699999999999,0.029312999999999999,402436,0.114622,0.156862,0.48300100000000001,0.22555600000000001,0.019958,293733,0.12617600000000001,0.171373,0.48840600000000001,0.20028399999999999,0.013761000000000001,149893,0.114455,0.136711,0.485286,0.236849,0.026699000000000001
34804,5849352,3254177,0.119684,0.16408300000000001,0.49534600000000001,0.20915300000000001,0.011735000000000001,1027970,0.11749900000000001,0.16627500000000001,0.49887900000000002,0.205321,0.012026,721096,0.10283100000000001,0.13964199999999999,0.46150999999999998,0.26669700000000002,0.029321,402453,0.11459,0.156856,0.48303299999999999,0.22555700000000001,0.019965,293757,0.126223,0.17135900000000001,0.48838300000000001,0.20024,0.013794000000000001,149899,0.114477,0.136685,0.48530000000000001,0.23683899999999999,0.026698
34805,5849591,3254304,0.119685,0.16408700000000001,0.49532999999999999,0.20915700000000001,0.01174,1027980,0.117494,0.16627700000000001,0.49886799999999998,0.20533100000000001,0.012031,721089,0.102849,0.139594,0.46155200000000002,0.266679,0.029326000000000001,402533,0.114547,0.15687400000000001,0.48308600000000002,0.225517,0.019976000000000001,293771,0.12623400000000001,0.17139199999999999,0.48825400000000002,0.200319,0.0138,149914,0.114412,0.136652,0.48537200000000003,0.236849,0.026714999999999999
34806,5849834,3254491,0.119682,0.16408,0.495334,0.20916199999999999,0.011742000000000001,1027994,0.117478,0.16629099999999999,0.49885200000000002,0.205345,0.012034,721103,0.102862,0.139596,0.46153,0.26666000000000001,0.029352,402551,0.114537,0.15681999999999999,0.483074,0.225574,0.019994999999999999,293782,0.126253,0.17140900000000001,0.48822300000000002,0.200298,0.013816,149913,0.11432,0.136739,0.48538199999999998,0.23683699999999999,0.026721999999999999
34807,5850064,3254585,0.11967999999999999,0.16408400000000001,0.49531799999999998,0.20916699999999999,0.011750999999999999,1028033,0.117463,0.16630300000000001,0.49885400000000002,0.205344,0.012037000000000001,721165,0.102881,0.13956199999999999,0.46154200000000001,0.26665,0.029364999999999999,402531,0.114468,0.15684999999999999,0.48311300000000001,0.22558,0.019989,293800,0.12628700000000001,0.17135500000000001,0.48828100000000002,0.20025499999999999,0.013821999999999999,149950,0.11426500000000001,0.13675200000000001,0.48540800000000001,0.23685200000000001,0.026721999999999999
34808,5850291,3254699,0.11967999999999999,0.16409199999999999,0.49530099999999999,0.20916999999999999,0.011757,1028078,0.117475,0.16627800000000001,0.49886200000000003,0.20533999999999999,0.012045,721210,0.10285999999999999,0.13955999999999999,0.46156700000000001,0.26663399999999998,0.029378000000000001,402568,0.114458,0.15684300000000001,0.48309600000000003,0.225607,0.019997000000000001,293800,0.12628700000000001,0.171344,0.48826399999999998,0.20027200000000001,0.013833,149936,0.114289,0.13675200000000001,0.48539399999999999,0.236821,0.026745000000000001
34809,5850489,3254873,0.119668,0.16408400000000001,0.495309,0.209174,0.011764999999999999,1028135,0.117468,0.16627700000000001,0.49884499999999998,0.20535,0.01206,721234,0.102893,0.139571,0.46146900000000002,0.26668500000000001,0.029382999999999999,402516,0.11447499999999999,0.15682399999999999,0.48313400000000001,0.225576,0.019991999999999999,293812,0.126251,0.171371,0.48822399999999999,0.20033200000000001,0.013821999999999999,149919,0.114215,0.136827,0.485402,0.236788,0.026768
34810,5850682,3254928,0.119659,0.16408500000000001,0.49531900000000001,0.20916699999999999,0.011769999999999999,1028179,0.117481,0.166269,0.49883100000000002,0.20535400000000001,0.012064999999999999,721258,0.102865,0.13956199999999999,0.46148099999999997,0.26669799999999999,0.029394,402598,0.11447400000000001,0.156807,0.48313499999999998,0.22559199999999999,0.019993,293809,0.1263,0.17144100000000001,0.48811300000000002,0.20033100000000001,0.013814999999999999,149910,0.114195,0.136875,0.48528500000000002,0.23686199999999999,0.026783000000000001
34811,5850879,3254965,0.11966400000000001,0.164078,0.495313,0.209172,0.011773,1028242,0.117497,0.16624900000000001,0.498832,0.20535400000000001,0.012068000000000001,721275,0.102823,0.13957800000000001,0.461474,0.26671400000000001,0.029409999999999999,402631,0.11447,0.15681100000000001,0.48314000000000001,0.22556100000000001,0.020018000000000001,293822,0.12628700000000001,0.17144400000000001,0.48812499999999998,0.20033899999999999,0.013804,149944,0.114116,0.13689100000000001,0.485288,0.236902,0.026803
34812,5851125,3255153,0.11967700000000001,0.164073,0.49530099999999999,0.209171,0.011778,1028270,0.117489,0.16623499999999999,0.49885200000000002,0.20535,0.012075000000000001,721294,0.10284600000000001,0.13958699999999999,0.46144400000000002,0.266708,0.029415,402607,0.114486,0.156726,0.48313899999999999,0.225634,0.020015000000000002,293822,0.126253,0.17147100000000001,0.48812899999999998,0.200325,0.013821,149979,0.114049,0.13686599999999999,0.485348,0.23688000000000001,0.026856999999999999
34813,5851367,3255160,0.119671,0.16407099999999999,0.495309,0.20916999999999999,0.011779,1028315,0.117505,0.16621900000000001,0.49884099999999998,0.20535100000000001,0.012083,721370,0.10285,0.139569,0.46141799999999999,0.26672600000000002,0.029437000000000001,402631,0.11451699999999999,0.156717,0.483155,0.22559100000000001,0.020021000000000001,293882,0.126251,0.17150399999999999,0.48805300000000001,0.20035900000000001,0.013832000000000001,150009,0.11398,0.13691200000000001,0.48530400000000001,0.236899,0.026904999999999998
34814,5851555,3255274,0.119669,0.164081,0.49528899999999998,0.209177,0.011783,1028338,0.117491,0.16622000000000001,0.49884400000000001,0.20536299999999999,0.012083,721370,0.102856,0.139573,0.461397,0.26672600000000002,0.029447999999999998,402699,0.11447,0.156636,0.48328399999999999,0.22559000000000001,0.02002,293893,0.126253,0.17148099999999999,0.48798399999999997,0.20043,0.013852,149981,0.113968,0.13687099999999999,0.48542800000000003,0.23682300000000001,0.02691
34815,5851777,3255389,0.119674,0.16408300000000001,0.49526399999999998,0.20918900000000001,0.01179,1028349,0.11747199999999999,0.16621,0.49885499999999999,0.205369,0.012094000000000001,721437,0.10287200000000001,0.13958300000000001,0.461422,0.26666800000000002,0.029454999999999999,402707,0.11444799999999999,0.15665200000000001,0.48328199999999999,0.22561300000000001,0.020004999999999998,293907,0.12619,0.171456,0.48798399999999997,0.20049900000000001,0.013872000000000001,149988,0.113969,0.136878,0.48544599999999999,0.236792,0.026915000000000001
34816,5851957,3255474,0.11967700000000001,0.16408700000000001,0.49525000000000002,0.20919299999999999,0.011793,1028363,0.117451,0.166211,0.49888199999999999,0.20536399999999999,0.012092,721431,0.102844,0.139595,0.46145799999999998,0.266627,0.029475999999999999,402758,0.114429,0.15663299999999999,0.48325000000000001,0.22568099999999999,0.020007,293913,0.12618699999999999,0.17141100000000001,0.48799500000000001,0.20052500000000001,0.013882,150018,0.113886,0.13694400000000001,0.48546800000000001,0.23677200000000001,0.026929999999999999
34817,5852153,3255593,0.11966300000000001,0.16408700000000001,0.495257,0.20919399999999999,0.011799,1028391,0.117466,0.16619200000000001,0.49887799999999999,0.20536699999999999,0.012097,721445,0.102866,0.139598,0.46137499999999998,0.266654,0.029506999999999999,402812,0.114383,0.15664600000000001,0.48321500000000001,0.225748,0.020007,293910,0.12614700000000001,0.17144999999999999,0.48802699999999999,0.20049700000000001,0.013878,150002,0.113812,0.13691800000000001,0.48557400000000001,0.23679700000000001,0.0269
34818,5852368,3255672,0.11966300000000001,0.164077,0.49525599999999997,0.20919599999999999,0.011809,1028391,0.11747199999999999,0.166182,0.498867,0.205374,0.012104999999999999,721435,0.10283399999999999,0.13961899999999999,0.46134599999999998,0.26670300000000002,0.029498,402901,0.114368,0.15670600000000001,0.483178,0.22573499999999999,0.020011999999999999,293939,0.12610399999999999,0.17146800000000001,0.48805399999999999,0.20047699999999999,0.013897,150030,0.11382399999999999,0.136879,0.48570999999999998,0.23669899999999999,0.026887999999999999
34819,5852563,3255801,0.119658,0.16408200000000001,0.49523699999999998,0.209203,0.011821,1028423,0.117482,0.16614699999999999,0.49887399999999998,0.20538000000000001,0.012116999999999999,721493,0.10279000000000001,0.139602,0.461399,0.26670100000000002,0.029508,402921,0.114338,0.15676000000000001,0.48309999999999997,0.225799,0.020004000000000001,293934,0.126161,0.17146400000000001,0.48805900000000002,0.20041600000000001,0.013901,149991,0.1138,0.13686799999999999,0.48578199999999999,0.236628,0.026922000000000001
34820,5852752,3255872,0.119627,0.16409000000000001,0.49522500000000003,0.209229,0.011828999999999999,1028472,0.117483,0.16614100000000001,0.49886599999999998,0.20538500000000001,0.012125,721526,0.102825,0.13956299999999999,0.46141900000000002,0.26667400000000002,0.029519,402924,0.11436200000000001,0.156779,0.48308400000000001,0.22577700000000001,0.019998999999999999,293924,0.126135,0.17149700000000001,0.48807499999999998,0.20039499999999999,0.013898000000000001,150034,0.11379400000000001,0.13681599999999999,0.48580299999999998,0.23668,0.026907
34821,5852976,3256004,0.11962100000000001,0.164076,0.49523800000000001,0.209233,0.011832000000000001,1028480,0.117491,0.16613,0.49885499999999999,0.205397,0.012128,721573,0.10281800000000001,0.13954900000000001,0.46142,0.26669100000000001,0.029522,402957,0.114454,0.15681600000000001,0.48299399999999998,0.225744,0.019991999999999999,293933,0.12614400000000001,0.171485,0.488064,0.20036499999999999,0.013942,150029,0.11371100000000001,0.13694000000000001,0.48572599999999999,0.236681,0.026941
34822,5853139,3256107,0.119618,0.164073,0.495224,0.20924699999999999,0.011839000000000001,1028517,0.117478,0.16614699999999999,0.49882500000000002,0.20541699999999999,0.012133,721588,0.102766,0.13958000000000001,0.46145000000000003,0.266683,0.029520999999999999,402952,0.114453,0.15682299999999999,0.48302,0.22569900000000001,0.020004999999999998,293948,0.12610099999999999,0.17153399999999999,0.48812,0.200297,0.013948,150027,0.11368,0.136875,0.48577900000000002,0.236711,0.026955
34823,5853331,3256243,0.119601,0.16409499999999999,0.49521399999999999,0.20924300000000001,0.011847,1028559,0.117488,0.166132,0.498838,0.205401,0.012141000000000001,721594,0.102728,0.13961899999999999,0.46140999999999999,0.26672800000000002,0.029515,402975,0.11445900000000001,0.15679100000000001,0.48300300000000002,0.225744,0.020004000000000001,293954,0.126139,0.17152999999999999,0.48807,0.20030300000000001,0.013958,150006,0.11368200000000001,0.136715,0.48584100000000002,0.23681099999999999,0.026952
34824,5853541,3256261,0.11959699999999999,0.16408400000000001,0.49522500000000003,0.20923600000000001,0.011858,1028609,0.117492,0.166131,0.49880799999999997,0.20542199999999999,0.012147,721661,0.10272000000000001,0.13963500000000001,0.461397,0.266735,0.029513999999999999,402986,0.114386,0.15687400000000001,0.48296,0.225767,0.020013,293992,0.126191,0.171518,0.487979,0.20035900000000001,0.013953,150032,0.11366900000000001,0.136744,0.48585,0.236789,0.026948
34825,5853767,3256346,0.11958000000000001,0.16408,0.49524099999999999,0.209234,0.011865000000000001,1028650,0.11747199999999999,0.166135,0.49881900000000001,0.205427,0.012147,721743,0.10278,0.13961299999999999,0.46134700000000001,0.26671800000000001,0.029541000000000001,403008,0.114338,0.15682299999999999,0.48299799999999998,0.225829,0.020011999999999999,293991,0.12620799999999999,0.171485,0.48798799999999998,0.20036699999999999,0.013953,150029,0.113658,0.13683999999999999,0.48583900000000002,0.236734,0.026928000000000001
34826,5854007,3256465,0.11958299999999999,0.164075,0.495224,0.20924499999999999,0.011873,1028671,0.11745899999999999,0.16614300000000001,0.49881300000000001,0.205429,0.012154999999999999,721747,0.10280599999999999,0.139597,0.46138499999999999,0.26665899999999998,0.029552999999999999,403046,0.114285,0.156828,0.48309400000000002,0.22579099999999999,0.020003,294039,0.126194,0.17147399999999999,0.487983,0.200402,0.013946999999999999,150039,0.11362999999999999,0.136824,0.48564000000000002,0.23688500000000001,0.027019999999999999
34827,5854225,3256595,0.119576,0.164078,0.495228,0.20923700000000001,0.011880999999999999,1028673,0.117464,0.16613700000000001,0.498803,0.20543400000000001,0.012161999999999999,721807,0.10281700000000001,0.13957700000000001,0.46138600000000002,0.26667099999999999,0.029548000000000001,402997,0.114219,0.156832,0.48309299999999999,0.22583,0.020025000000000001,294068,0.126223,0.17147399999999999,0.48793500000000001,0.200406,0.013963,150085,0.113662,0.13685600000000001,0.48552499999999998,0.23693900000000001,0.027018
34828,5854418,3256717,0.119578,0.16406799999999999,0.495224,0.20924400000000001,0.011886000000000001,1028703,0.11744599999999999,0.16613800000000001,0.49880799999999997,0.20543900000000001,0.012168999999999999,721816,0.10281700000000001,0.13963100000000001,0.46134999999999998,0.266652,0.029548999999999999,402989,0.114177,0.15682299999999999,0.48306500000000002,0.225882,0.020053000000000001,294095,0.12618699999999999,0.17144499999999999,0.48797499999999999,0.20042199999999999,0.013972,150098,0.113592,0.13699700000000001,0.48547600000000002,0.23691899999999999,0.027015999999999998
34829,5854618,3256780,0.11957,0.164076,0.49520799999999998,0.209254,0.011893000000000001,1028736,0.117441,0.166128,0.498809,0.20544599999999999,0.012175,721846,0.10280400000000001,0.13958000000000001,0.46138200000000001,0.26667600000000002,0.029558000000000001,403042,0.114192,0.15684500000000001,0.483074,0.22584199999999999,0.020048,294117,0.126161,0.171428,0.48799999999999999,0.20044400000000001,0.013967,150097,0.113666,0.13705800000000001,0.48531299999999999,0.23690700000000001,0.027056
34830,5854840,3256874,0.119573,0.16406899999999999,0.49519600000000003,0.20926700000000001,0.011894999999999999,1028780,0.117447,0.16612099999999999,0.49879200000000001,0.205453,0.012187,721890,0.102797,0.13960700000000001,0.46138600000000002,0.26663599999999998,0.029574,403069,0.114139,0.156861,0.48309800000000003,0.22583,0.020070999999999999,294140,0.12617800000000001,0.171429,0.48798200000000003,0.20045199999999999,0.013958999999999999,150087,0.113607,0.137021,0.48530499999999999,0.23699600000000001,0.027071000000000001
34831,5855031,3257005,0.119556,0.16408400000000001,0.49518200000000001,0.20927899999999999,0.011899,1028794,0.11744400000000001,0.16611999999999999,0.498776,0.205459,0.012201,721973,0.102752,0.139626,0.46142,0.26661400000000002,0.029588,403035,0.114161,0.15683,0.483045,0.22589100000000001,0.020073000000000001,294144,0.12617999999999999,0.17139199999999999,0.48806699999999997,0.20038800000000001,0.013972999999999999,150080,0.11359900000000001,0.137074,0.485348,0.23685400000000001,0.027126000000000001
34832,5855235,3257146,0.11955,0.164078,0.495174,0.20929,0.011908,1028845,0.117448,0.16613600000000001,0.49876199999999998,0.20544699999999999,0.012207000000000001,721980,0.102718,0.13963,0.46143699999999999,0.266625,0.029590999999999999,403029,0.11412600000000001,0.15686,0.48307699999999998,0.22586000000000001,0.020077999999999999,294132,0.12618799999999999,0.17135800000000001,0.48806699999999997,0.20042699999999999,0.01396,150103,0.113649,0.13703899999999999,0.48530000000000001,0.236871,0.027140999999999998
34833,5855427,3257228,0.119531,0.16408200000000001,0.49517899999999998,0.20929400000000001,0.011913999999999999,1028857,0.11743199999999999,0.16614499999999999,0.49875599999999998,0.20544799999999999,0.012218,722092,0.102747,0.13960700000000001,0.46143600000000001,0.26661600000000002,0.029595,403018,0.114146,0.15690399999999999,0.48302099999999998,0.22583600000000001,0.020093,294131,0.126168,0.17135600000000001,0.48805100000000001,0.20045499999999999,0.01397,150101,0.113663,0.137041,0.48517300000000002,0.23697399999999999,0.027147999999999999
34834,5855647,3257341,0.119523,0.16406599999999999,0.49519000000000002,0.20929900000000001,0.011920999999999999,1028934,0.117427,0.16614999999999999,0.498755,0.20544200000000001,0.012226000000000001,722095,0.10274,0.13967399999999999,0.461391,0.26658799999999999,0.029607000000000001,403011,0.11417099999999999,0.15689900000000001,0.48297699999999999,0.225855,0.020098999999999999,294148,0.12612699999999999,0.17139699999999999,0.48811100000000002,0.20038600000000001,0.013979,150118,0.113737,0.13706599999999999,0.48495199999999999,0.237093,0.027151999999999999
34835,5855856,3257480,0.11951100000000001,0.16408400000000001,0.495168,0.209309,0.011927999999999999,1028973,0.117411,0.16614799999999999,0.49875000000000003,0.205455,0.012236,722126,0.102759,0.13967399999999999,0.46141500000000002,0.266544,0.029607999999999999,403026,0.11412899999999999,0.15686600000000001,0.48305799999999999,0.22583700000000001,0.020109999999999999,294148,0.126161,0.17139299999999999,0.48805700000000002,0.200403,0.013986,150103,0.113709,0.13699900000000001,0.48499399999999998,0.23714399999999999,0.027154999999999999
34836,5856063,3257623,0.119505,0.16408700000000001,0.49515700000000001,0.209317,0.011934,1029042,0.11741,0.16614599999999999,0.49876900000000002,0.20544000000000001,0.012236,722117,0.102744,0.139681,0.461422,0.26653700000000002,0.029616,403026,0.114166,0.15683900000000001,0.48302299999999998,0.225854,0.020118,294133,0.12611,0.171402,0.48805100000000001,0.20044300000000001,0.013993999999999999,150122,0.11364100000000001,0.136929,0.48507899999999998,0.23713999999999999,0.027210999999999999
34837,5856309,3257869,0.119504,0.16406699999999999,0.49515199999999998,0.20933299999999999,0.011944,1029095,0.117405,0.16614899999999999,0.49875900000000001,0.20544999999999999,0.012237,722098,0.102724,0.13974800000000001,0.46139400000000003,0.26651200000000003,0.029621000000000001,402944,0.114195,0.15684300000000001,0.48300799999999999,0.22583,0.020124,294129,0.12610499999999999,0.17139799999999999,0.48811199999999999,0.20038500000000001,0.014001,150174,0.113535,0.137014,0.48511100000000001,0.237125,0.027215
34838,5856538,3257911,0.119502,0.16405700000000001,0.495145,0.20934700000000001,0.011949,1029135,0.11740200000000001,0.16614699999999999,0.49876799999999999,0.20544299999999999,0.012239,722126,0.102676,0.139761,0.46140599999999998,0.26652300000000001,0.029635000000000002,403003,0.114178,0.15693399999999999,0.48293199999999997,0.225797,0.020159,294136,0.126136,0.17139699999999999,0.48808699999999999,0.200377,0.014004000000000001,150227,0.113555,0.136993,0.48508600000000002,0.237148,0.027219
34839,5856761,3258067,0.119479,0.164076,0.49512499999999998,0.20936099999999999,0.011958999999999999,1029174,0.117399,0.166161,0.49874200000000002,0.205453,0.012245000000000001,722138,0.10267999999999999,0.13977000000000001,0.46141300000000002,0.26650699999999999,0.02963,402995,0.114192,0.15693499999999999,0.48294599999999999,0.22576499999999999,0.020161999999999999,294140,0.126083,0.171378,0.48813200000000001,0.20041800000000001,0.013990000000000001,150247,0.113593,0.13692799999999999,0.48507499999999998,0.23715600000000001,0.027248000000000001
34840,5856963,3258308,0.119467,0.164079,0.49510500000000002,0.20938300000000001,0.011965999999999999,1029223,0.117385,0.16614699999999999,0.49876799999999999,0.20544599999999999,0.012253999999999999,722089,0.10270899999999999,0.13971700000000001,0.46145599999999998,0.26648100000000002,0.029638000000000001,402981,0.114187,0.15693799999999999,0.48296099999999997,0.22575999999999999,0.020154999999999999,294127,0.126085,0.17132700000000001,0.48821399999999998,0.200373,0.014001,150235,0.113589,0.136932,0.48502000000000001,0.237208,0.027251000000000001
34841,5857228,3258456,0.119463,0.16406599999999999,0.49510500000000002,0.20939199999999999,0.011972999999999999,1029264,0.117382,0.16616600000000001,0.49872499999999997,0.20546500000000001,0.012260999999999999,722173,0.10269399999999999,0.13970299999999999,0.46147100000000002,0.26649800000000001,0.029633,402982,0.114214,0.15697700000000001,0.482927,0.225715,0.020167000000000001,294113,0.12612200000000001,0.171291,0.48821399999999998,0.20035500000000001,0.014017999999999999,150240,0.113705,0.13696800000000001,0.48489700000000002,0.23718700000000001,0.027243
34842,5857443,3258604,0.119454,0.16406699999999999,0.49510100000000001,0.209394,0.011983000000000001,1029289,0.117365,0.16617599999999999,0.49872499999999997,0.20546700000000001,0.012267,722216,0.10267800000000001,0.139737,0.461426,0.26652700000000001,0.029631999999999999,403020,0.11418300000000001,0.15695700000000001,0.48295100000000002,0.225718,0.02019,294101,0.126137,0.171288,0.48817199999999999,0.200373,0.014029,150213,0.113785,0.136985,0.484871,0.23714299999999999,0.027215
34843,5857663,3258712,0.11945600000000001,0.16405500000000001,0.49510999999999999,0.20938899999999999,0.011989,1029330,0.117342,0.166183,0.49872499999999997,0.20547699999999999,0.012272,722280,0.102644,0.13975299999999999,0.46143499999999998,0.26652399999999998,0.029644,403003,0.114215,0.15697900000000001,0.48289700000000002,0.22572300000000001,0.020185999999999999,294095,0.12611900000000001,0.17130500000000001,0.48816500000000002,0.20036399999999999,0.014045999999999999,150243,0.11379599999999999,0.136991,0.48480800000000002,0.23718900000000001,0.027216000000000001
34844,5857909,3258944,0.11945600000000001,0.16405,0.49510700000000002,0.209393,0.011993999999999999,1029393,0.11734899999999999,0.16617899999999999,0.498722,0.20547199999999999,0.012279,722226,0.10262400000000001,0.13975299999999999,0.46140799999999998,0.266565,0.029649999999999999,403028,0.11423800000000001,0.15692500000000001,0.48293900000000001,0.22569900000000001,0.020199999999999999,294094,0.12612000000000001,0.171347,0.48818400000000001,0.200297,0.014053,150224,0.11383,0.13692199999999999,0.48478900000000003,0.23721200000000001,0.027245999999999999
34845,5858091,3259066,0.119433,0.164051,0.49510599999999999,0.20940600000000001,0.012004000000000001,1029428,0.11734,0.16619900000000001,0.49869799999999997,0.20547799999999999,0.012284,722339,0.102635,0.139739,0.46142,0.26655800000000002,0.029648000000000001,402964,0.11421099999999999,0.156974,0.48299399999999998,0.22558800000000001,0.020233000000000001,294099,0.12614500000000001,0.17136100000000001,0.48815900000000001,0.20028599999999999,0.01405,150195,0.11387899999999999,0.136822,0.48487599999999997,0.23715800000000001,0.027265000000000001
34846,5858372,3259220,0.119438,0.16405400000000001,0.49509399999999998,0.20940300000000001,0.012011000000000001,1029501,0.117338,0.16620099999999999,0.49868099999999999,0.20549000000000001,0.012289,722381,0.102619,0.139741,0.46140900000000001,0.26657799999999998,0.029652999999999999,402938,0.11422400000000001,0.15695500000000001,0.48301699999999997,0.22556100000000001,0.020244000000000002,294138,0.12618199999999999,0.17133499999999999,0.48805999999999999,0.200375,0.014048,150194,0.113926,0.13677600000000001,0.484906,0.23708699999999999,0.027304999999999999
34847,5858624,3259475,0.11944100000000001,0.164053,0.495087,0.209401,0.012017,1029559,0.11734,0.16617999999999999,0.49869599999999997,0.205485,0.012298999999999999,722338,0.102608,0.139734,0.46140900000000001,0.26659300000000002,0.029655999999999998,402944,0.114229,0.15690799999999999,0.48306700000000002,0.22553300000000001,0.020263,294111,0.12615999999999999,0.17136000000000001,0.48802299999999998,0.20042399999999999,0.014031999999999999,150197,0.11395,0.136874,0.48470999999999997,0.23713500000000001,0.027331000000000001
34848,5858805,3259551,0.119426,0.164049,0.49509700000000001,0.20940500000000001,0.012024,1029592,0.117315,0.16619800000000001,0.498697,0.205481,0.012309,722384,0.102607,0.13972799999999999,0.46140599999999998,0.266594,0.029666000000000001,402895,0.114218,0.15692900000000001,0.48302699999999998,0.225545,0.020281,294138,0.12612100000000001,0.17135800000000001,0.48802899999999999,0.200457,0.014034,150245,0.113987,0.13684299999999999,0.484682,0.23713899999999999,0.027348999999999998
34849,5859037,3259751,0.119434,0.16403899999999999,0.49509799999999998,0.20940600000000001,0.012023000000000001,1029620,0.117303,0.16620799999999999,0.49869000000000002,0.20547599999999999,0.012323000000000001,722426,0.102603,0.13971,0.461395,0.26660899999999998,0.029683000000000001,402916,0.11421000000000001,0.15693599999999999,0.48297400000000001,0.22559299999999999,0.020286999999999999,294145,0.12612799999999999,0.17133399999999999,0.48804199999999998,0.20043900000000001,0.014057999999999999,150179,0.11401699999999999,0.136877,0.48461500000000002,0.23713699999999999,0.027354
34850,5859257,3259847,0.119424,0.16405500000000001,0.495087,0.20940400000000001,0.012030000000000001,1029694,0.117296,0.16620599999999999,0.49867099999999998,0.20549200000000001,0.012335,722423,0.102635,0.13969500000000001,0.46134900000000001,0.26661099999999999,0.02971,402922,0.11419600000000001,0.156889,0.48305599999999999,0.22556200000000001,0.020296999999999999,294158,0.12606800000000001,0.17133999999999999,0.48805700000000002,0.20047000000000001,0.014064,150213,0.114065,0.136879,0.48452499999999998,0.23721600000000001,0.027314999999999999
34851,5859442,3259948,0.119412,0.16405500000000001,0.495091,0.20941199999999999,0.012030000000000001,1029737,0.117267,0.16620299999999999,0.49868200000000001,0.20550499999999999,0.012344000000000001,722445,0.102657,0.139706,0.46127099999999999,0.26664500000000002,0.029721000000000001,402922,0.114206,0.156859,0.483039,0.22559499999999999,0.020302000000000001,294164,0.12604199999999999,0.17130600000000001,0.48803400000000002,0.200572,0.014047,150226,0.11411499999999999,0.136934,0.48449700000000001,0.23712900000000001,0.027324999999999999
34852,5859652,3260094,0.119394,0.16405,0.49509500000000001,0.209422,0.012038999999999999,1029745,0.117266,0.16619500000000001,0.498668,0.20552100000000001,0.012351000000000001,722493,0.10266500000000001,0.139711,0.46125300000000002,0.26664500000000002,0.029725999999999999,402937,0.114244,0.15688099999999999,0.48298400000000002,0.225574,0.020317999999999999,294175,0.125976,0.17136699999999999,0.48808699999999999,0.20052300000000001,0.014045999999999999,150208,0.114148,0.13699,0.48454799999999998,0.23695099999999999,0.027362000000000001
34853,5859875,3260326,0.119389,0.16406000000000001,0.495085,0.20941799999999999,0.012047,1029754,0.11727899999999999,0.166158,0.49868400000000002,0.20552500000000001,0.012352999999999999,722462,0.10266599999999999,0.13969300000000001,0.46124799999999999,0.266652,0.029741,402965,0.114246,0.156828,0.48310199999999998,0.225523,0.020302000000000001,294181,0.12598400000000001,0.171293,0.48807400000000001,0.200601,0.014049000000000001,150187,0.11419799999999999,0.13699600000000001,0.48443599999999998,0.23699799999999999,0.027373000000000001
34854,5860111,3260485,0.119377,0.16405400000000001,0.49508999999999997,0.209424,0.012055,1029816,0.117261,0.166181,0.498672,0.20552400000000001,0.012362,722515,0.10265299999999999,0.13969799999999999,0.46126099999999998,0.26664100000000002,0.029746999999999999,402914,0.114258,0.15687699999999999,0.48304399999999997,0.225517,0.020305,294183,0.12596599999999999,0.17125099999999999,0.48808400000000002,0.20064699999999999,0.014052,150198,0.114203,0.13697300000000001,0.48444100000000001,0.237007,0.027376999999999999
34855,5860340,3260608,0.119371,0.16404199999999999,0.49509700000000001,0.20943200000000001,0.012057999999999999,1029850,0.11726200000000001,0.16617599999999999,0.49865700000000002,0.205542,0.012364,722553,0.102658,0.13969899999999999,0.46125100000000002,0.26663500000000001,0.029756999999999999,402950,0.114297,0.156858,0.48294599999999999,0.225581,0.020317999999999999,294189,0.12597700000000001,0.17130500000000001,0.48802299999999998,0.20063300000000001,0.014062,150190,0.114255,0.136993,0.48450599999999999,0.236847,0.027399
34856,5860549,3260748,0.119377,0.164024,0.495085,0.20944699999999999,0.012067,1029881,0.117247,0.16617000000000001,0.49868000000000001,0.20553099999999999,0.012373,722517,0.102629,0.13971700000000001,0.46122200000000002,0.26664300000000002,0.029789,402999,0.114313,0.15682199999999999,0.483014,0.22553699999999999,0.020315,294184,0.125999,0.17136899999999999,0.488008,0.20056199999999999,0.014063000000000001,150220,0.11426600000000001,0.136966,0.48464299999999999,0.236759,0.027366999999999999
34857,5860770,3260868,0.11937,0.16403100000000001,0.49507000000000001,0.20945800000000001,0.012071,1029929,0.11725099999999999,0.166183,0.49865199999999998,0.205538,0.012376,722530,0.102643,0.13967399999999999,0.461225,0.26665100000000003,0.029805999999999999,403008,0.1143,0.15681300000000001,0.48305999999999999,0.22551199999999999,0.020315,294194,0.125975,0.17139399999999999,0.48798399999999997,0.20057900000000001,0.014069,150241,0.114263,0.13691999999999999,0.48470800000000003,0.23672599999999999,0.027383000000000001
34858,5860993,3261020,0.119362,0.16402800000000001,0.49506499999999998,0.20946899999999999,0.012074,1029949,0.117274,0.166183,0.49861800000000001,0.20554,0.012385,722516,0.102618,0.13969699999999999,0.461258,0.26662200000000003,0.029805999999999999,403035,0.114305,0.15679000000000001,0.48302499999999998,0.22554399999999999,0.020336,294203,0.12595000000000001,0.17143600000000001,0.487952,0.20058300000000001,0.014079,150270,0.11426799999999999,0.13689399999999999,0.48472100000000001,0.23674100000000001,0.027376999999999999
34859,5861200,3261135,0.11935900000000001,0.164019,0.49506699999999998,0.20947499999999999,0.01208,1029957,0.117241,0.16619500000000001,0.49863299999999999,0.205539,0.012392,722533,0.10262400000000001,0.139678,0.46126600000000001,0.26663100000000001,0.029801000000000001,403049,0.114314,0.156745,0.483045,0.22556799999999999,0.020327999999999999,294252,0.125916,0.171455,0.48794900000000002,0.20058300000000001,0.014097,150274,0.114291,0.137043,0.48462100000000002,0.23664099999999999,0.027403
34860,5861429,3261298,0.119356,0.16401399999999999,0.49506,0.209485,0.012083999999999999,1030010,0.117233,0.166212,0.49861699999999998,0.20554500000000001,0.012394000000000001,722533,0.10262,0.13968800000000001,0.46126200000000001,0.26661499999999999,0.029815999999999999,403054,0.114292,0.15674099999999999,0.483074,0.225548,0.020344999999999999,294247,0.12590100000000001,0.17146500000000001,0.48787199999999997,0.20063800000000001,0.014123999999999999,150287,0.114215,0.137071,0.484566,0.23672699999999999,0.027421000000000001
34861,5861648,3261390,0.119351,0.16400699999999999,0.49506699999999998,0.20948600000000001,0.01209,1030047,0.11722399999999999,0.166215,0.498587,0.20558000000000001,0.012395,722511,0.10265299999999999,0.13964499999999999,0.46126800000000001,0.26660800000000001,0.029826999999999999,403110,0.114306,0.15674099999999999,0.48304900000000001,0.22554099999999999,0.020362000000000002,294275,0.12590599999999999,0.171435,0.48789100000000002,0.200632,0.014135999999999999,150315,0.114147,0.13714499999999999,0.48452899999999999,0.23671600000000001,0.027462
34862,5861852,3261549,0.119343,0.16400699999999999,0.49505300000000002,0.20949699999999999,0.012099,1030108,0.117227,0.16622999999999999,0.49856400000000001,0.20557600000000001,0.012404,722462,0.10262300000000001,0.13965900000000001,0.46127099999999999,0.26661099999999999,0.029836999999999999,403126,0.114317,0.15668799999999999,0.48306700000000002,0.22556999999999999,0.020358000000000001,294286,0.12589500000000001,0.17146600000000001,0.487896,0.20059399999999999,0.014149999999999999,150321,0.114122,0.137186,0.48463000000000001,0.23658699999999999,0.027474999999999999
34863,5862071,3261661,0.11934400000000001,0.164017,0.49502200000000002,0.20951,0.012106,1030147,0.11723,0.166241,0.49854900000000002,0.20557600000000001,0.012404,722493,0.102631,0.13960600000000001,0.46129399999999998,0.266621,0.029848,403134,0.114292,0.15668499999999999,0.48308000000000001,0.225548,0.020395,294297,0.125832,0.17150699999999999,0.48793900000000001,0.200573,0.014149,150339,0.11401600000000001,0.13727600000000001,0.48475800000000002,0.23646600000000001,0.027484999999999999
34864,5862257,3261743,0.11934400000000001,0.164016,0.49502000000000002,0.209507,0.012113000000000001,1030197,0.11722399999999999,0.16625300000000001,0.498554,0.205563,0.012406,722512,0.10262,0.13961200000000001,0.46125899999999997,0.26664599999999999,0.029864000000000002,403171,0.114249,0.15670300000000001,0.48310799999999998,0.22556399999999999,0.020375999999999998,294299,0.125777,0.171455,0.48802400000000001,0.20058500000000001,0.014159,150335,0.11407200000000001,0.13728699999999999,0.48463800000000001,0.23654500000000001,0.027459000000000001
34865,5862490,3261894,0.119339,0.16400000000000001,0.495033,0.209509,0.012118,1030227,0.11722399999999999,0.16624900000000001,0.49854799999999999,0.20557300000000001,0.012406,722565,0.102626,0.13963,0.46124199999999999,0.26663100000000001,0.029871000000000002,403150,0.11425,0.156746,0.483039,0.225601,0.020365000000000001,294327,0.125748,0.17144499999999999,0.48808000000000001,0.20055600000000001,0.014171,150327,0.114105,0.137347,0.48448999999999998,0.236591,0.027466999999999998
34866,5862705,3262017,0.119338,0.16400400000000001,0.49502200000000002,0.209512,0.012123,1030252,0.11723,0.16623099999999999,0.49856600000000001,0.20555699999999999,0.012416,722599,0.102602,0.13960700000000001,0.46127800000000002,0.26663300000000001,0.02988,403186,0.114195,0.156781,0.48303299999999999,0.22562499999999999,0.020365000000000001,294343,0.12573799999999999,0.171426,0.48804599999999998,0.20061999999999999,0.014171,150308,0.114152,0.137318,0.48439199999999999,0.23666699999999999,0.027470000000000001
34867,5862928,3262214,0.119335,0.16400000000000001,0.49501299999999998,0.20952100000000001,0.012130999999999999,1030292,0.117226,0.16622400000000001,0.49854100000000001,0.20558399999999999,0.012425,722607,0.102601,0.13963100000000001,0.46127699999999999,0.2666,0.029891999999999998,403199,0.114219,0.15672700000000001,0.48308899999999999,0.22561600000000001,0.02035,294382,0.125752,0.17141999999999999,0.488043,0.200624,0.014161999999999999,150234,0.114122,0.137319,0.48436400000000002,0.23668400000000001,0.02751
34868,5863149,3262367,0.119334,0.163996,0.49500499999999997,0.209533,0.012132,1030341,0.117211,0.16622799999999999,0.49853399999999998,0.205595,0.012432,722607,0.10259,0.139649,0.46121899999999999,0.26663199999999998,0.029911,403202,0.114228,0.15671299999999999,0.48307800000000001,0.225631,0.02035,294387,0.125726,0.17141700000000001,0.48805100000000001,0.20063400000000001,0.014172000000000001,150245,0.1142,0.13725599999999999,0.48450199999999999,0.23653399999999999,0.027508000000000001
34869,5863336,3262418,0.119323,0.16399,0.49502099999999999,0.20952899999999999,0.012137999999999999,1030366,0.11718000000000001,0.166245,0.498525,0.20561499999999999,0.012435,722707,0.102593,0.13969699999999999,0.46115499999999998,0.26662000000000002,0.029935,403228,0.114181,0.15672,0.48303400000000002,0.22570899999999999,0.020355999999999999,294389,0.12570100000000001,0.171406,0.48813299999999998,0.20057800000000001,0.014182,150228,0.11429300000000001,0.137265,0.48441699999999999,0.23650099999999999,0.027525000000000001
34870,5863565,3262516,0.119324,0.163992,0.49501600000000001,0.20952100000000001,0.012146000000000001,1030445,0.117162,0.16624800000000001,0.49852200000000002,0.205624,0.012444999999999999,722728,0.10261099999999999,0.13970099999999999,0.46115,0.26660200000000001,0.029935,403250,0.11419,0.15668899999999999,0.48300100000000001,0.22575799999999999,0.020362000000000002,294405,0.125636,0.17142399999999999,0.48815399999999998,0.20058400000000001,0.014201999999999999,150221,0.114192,0.13725799999999999,0.48442000000000002,0.23660500000000001,0.027525999999999998
34871,5863782,3262716,0.119329,0.16400400000000001,0.49499500000000002,0.20951900000000001,0.012153000000000001,1030474,0.11716799999999999,0.16622999999999999,0.49849199999999999,0.20566200000000001,0.012448000000000001,722716,0.10256999999999999,0.139684,0.46120699999999998,0.26658700000000002,0.029950999999999998,403234,0.114256,0.15665100000000001,0.48298000000000002,0.22575999999999999,0.020353,294415,0.12559500000000001,0.17144799999999999,0.48817500000000003,0.20057700000000001,0.014204,150227,0.114167,0.137179,0.48449300000000001,0.23660200000000001,0.027557999999999999
34872,5863995,3262847,0.11931899999999999,0.16400600000000001,0.49499399999999999,0.20952499999999999,0.012156,1030476,0.11716799999999999,0.166237,0.49847399999999997,0.20566999999999999,0.012452,722671,0.10256899999999999,0.139707,0.461148,0.26660499999999998,0.029971000000000001,403303,0.114259,0.156634,0.48300399999999999,0.22573399999999999,0.020369000000000002,294433,0.12554999999999999,0.17144799999999999,0.48822300000000002,0.20058200000000001,0.014197,150265,0.11408500000000001,0.137158,0.48453099999999999,0.23669499999999999,0.027531
34873,5864211,3262992,0.11932,0.16400200000000001,0.49498900000000001,0.20952999999999999,0.012159,1030515,0.117162,0.166241,0.49845699999999998,0.205681,0.012460000000000001,722761,0.102587,0.13971700000000001,0.46110699999999999,0.26661000000000001,0.029978999999999999,403249,0.114188,0.156643,0.48308099999999998,0.225692,0.020396999999999998,294432,0.125554,0.171405,0.48824200000000001,0.20058999999999999,0.01421,150262,0.114054,0.13718,0.48450700000000002,0.23669299999999999,0.027564999999999999
34874,5864410,3263039,0.119312,0.16400699999999999,0.49499500000000002,0.20952399999999999,0.012163,1030559,0.11712599999999999,0.16625300000000001,0.49847200000000003,0.20568,0.012468999999999999,722781,0.102618,0.139708,0.46106599999999998,0.26661000000000001,0.029998,403332,0.11416900000000001,0.15662999999999999,0.48304599999999998,0.22575200000000001,0.020403000000000001,294431,0.12549299999999999,0.17145299999999999,0.48824699999999999,0.20058300000000001,0.014224000000000001,150268,0.114123,0.13717499999999999,0.48442099999999999,0.236764,0.027518000000000001
34875,5864629,3263152,0.119313,0.16400999999999999,0.494975,0.209536,0.012166,1030546,0.117094,0.166273,0.49846499999999999,0.20569499999999999,0.012473,722818,0.102578,0.13969500000000001,0.46112599999999998,0.26658599999999999,0.030016000000000001,403383,0.11421199999999999,0.15664800000000001,0.482983,0.22575799999999999,0.020400000000000001,294457,0.125475,0.17145099999999999,0.48830200000000001,0.20052500000000001,0.014246999999999999,150273,0.11409900000000001,0.13728299999999999,0.48438500000000001,0.23674200000000001,0.027490000000000001
34876,5864846,3263225,0.1193,0.16400799999999999,0.49497000000000002,0.20954999999999999,0.012171,1030606,0.117104,0.166293,0.49843799999999999,0.20569000000000001,0.012475,722910,0.10255599999999999,0.13969500000000001,0.46111000000000002,0.26660200000000001,0.030037000000000001,403362,0.11422,0.15665299999999999,0.48300500000000002,0.22572500000000001,0.020396000000000001,294463,0.125503,0.171482,0.48830899999999999,0.200456,0.014250000000000001,150280,0.114047,0.13730400000000001,0.484489,0.23664499999999999,0.027515000000000001
34877,5865072,3263374,0.119297,0.16400500000000001,0.49496400000000002,0.209561,0.012172000000000001,1030672,0.117118,0.16627,0.49843599999999999,0.20569799999999999,0.012478,722920,0.10254099999999999,0.13972599999999999,0.46107199999999998,0.26662000000000002,0.030041000000000002,403360,0.114176,0.15664900000000001,0.48301500000000003,0.225746,0.020414000000000002,294491,0.12548100000000001,0.171516,0.48829699999999998,0.20041999999999999,0.014286,150255,0.11405899999999999,0.13725999999999999,0.48454999999999998,0.23660400000000001,0.027526999999999999
34878,5865273,3263418,0.119295,0.16401099999999999,0.49495400000000001,0.209565,0.012175999999999999,1030703,0.117101,0.16627700000000001,0.49843300000000001,0.205708,0.012482,723018,0.102544,0.139738,0.46107300000000001,0.26660699999999998,0.030037999999999999,403347,0.11413,0.156637,0.48299399999999998,0.22581300000000001,0.020427000000000001,294511,0.12548899999999999,0.17150499999999999,0.48830800000000002,0.20039299999999999,0.014305,150276,0.114077,0.137241,0.484622,0.236485,0.027576
34879,5865485,3263539,0.11929099999999999,0.16400300000000001,0.49494300000000002,0.20958099999999999,0.012182,1030748,0.117116,0.166292,0.49840499999999999,0.20570099999999999,0.012486000000000001,722973,0.102538,0.13974700000000001,0.46110899999999999,0.266544,0.030062999999999999,403421,0.114102,0.15660299999999999,0.48300700000000002,0.22584299999999999,0.020445000000000001,294522,0.12550500000000001,0.171539,0.48823499999999997,0.20041600000000001,0.014305,150282,0.114019,0.13717499999999999,0.48477500000000001,0.23644899999999999,0.027581000000000001
34880,5865675,3263657,0.119281,0.16400000000000001,0.49493500000000001,0.20959,0.012194,1030756,0.117115,0.166294,0.49837999999999999,0.20571700000000001,0.012494,722984,0.102538,0.13974600000000001,0.46109699999999998,0.26656099999999999,0.030058999999999999,403494,0.114081,0.15657699999999999,0.48311500000000002,0.22577,0.020455999999999998,294515,0.125532,0.17156299999999999,0.48816900000000002,0.20042399999999999,0.014312,150269,0.11398899999999999,0.137207,0.48473699999999997,0.23644899999999999,0.027616999999999999
34881,5865887,3263685,0.119282,0.163992,0.49493599999999999,0.209593,0.012197,1030780,0.1171,0.16630700000000001,0.49838500000000002,0.20571,0.012498,723080,0.10252,0.13974800000000001,0.46109099999999997,0.266569,0.030071000000000001,403507,0.11401799999999999,0.15659699999999999,0.48309400000000002,0.22584499999999999,0.020445999999999999,294530,0.125525,0.171511,0.48820799999999998,0.20041800000000001,0.014338,150305,0.114035,0.13723399999999999,0.48461500000000002,0.236459,0.027657000000000001
34882,5866152,3263758,0.11927500000000001,0.16399,0.494946,0.20958599999999999,0.012201999999999999,1030863,0.117114,0.166294,0.49835200000000002,0.205733,0.012507000000000001,723186,0.102549,0.139736,0.46107100000000001,0.26656099999999999,0.030084,403498,0.11400299999999999,0.15661,0.48299599999999998,0.22591700000000001,0.020473000000000002,294523,0.12549099999999999,0.17152800000000001,0.488261,0.200378,0.014342000000000001,150324,0.11409999999999999,0.13725699999999999,0.48459999999999998,0.236403,0.027640000000000001
34883,5866367,3263919,0.11927500000000001,0.163993,0.49493100000000001,0.209595,0.012205000000000001,1030862,0.11711100000000001,0.16627800000000001,0.49836900000000001,0.20572499999999999,0.012517,723130,0.102551,0.139733,0.46102199999999999,0.26660899999999998,0.030084,403600,0.113999,0.15659300000000001,0.483018,0.225907,0.020483000000000001,294532,0.12542600000000001,0.17157700000000001,0.48827599999999999,0.200382,0.014338,150324,0.113994,0.137377,0.48462699999999997,0.23633599999999999,0.027667000000000001
34884,5866628,3264049,0.119281,0.163997,0.494921,0.209592,0.012208999999999999,1030921,0.117106,0.16625400000000001,0.49838399999999999,0.20572799999999999,0.012527999999999999,723194,0.10256999999999999,0.13972300000000001,0.46102300000000002,0.266594,0.030089999999999999,403609,0.11400399999999999,0.15659699999999999,0.48300999999999999,0.22588900000000001,0.020500000000000001,294535,0.12543199999999999,0.17155500000000001,0.48825800000000003,0.200407,0.014348,150320,0.11387700000000001,0.13738,0.48471900000000001,0.23635600000000001,0.027668000000000002
34885,5866885,3264188,0.119281,0.16400400000000001,0.49491099999999999,0.20958499999999999,0.012219000000000001,1030918,0.11709799999999999,0.16623499999999999,0.49840299999999998,0.20573,0.012533000000000001,723258,0.102557,0.139707,0.46105299999999999,0.266567,0.030117000000000001,403631,0.114027,0.15657599999999999,0.48297800000000002,0.22592699999999999,0.020490999999999999,294570,0.125393,0.171572,0.48824400000000001,0.200435,0.014357,150320,0.11391,0.13732,0.484713,0.236369,0.027688000000000001
34886,5867091,3264326,0.119273,0.163998,0.49490499999999998,0.20960000000000001,0.012224,1030939,0.117086,0.166214,0.498417,0.205737,0.012545000000000001,723263,0.102548,0.13974400000000001,0.46101799999999998,0.26657700000000001,0.030113999999999998,403691,0.114025,0.156555,0.48299599999999998,0.22589100000000001,0.020532999999999999,294567,0.125357,0.17161799999999999,0.48821500000000001,0.20044699999999999,0.014363000000000001,150305,0.113982,0.13738700000000001,0.484628,0.236319,0.027684
34887,5867306,3264470,0.119264,0.16398799999999999,0.49491600000000002,0.20960400000000001,0.012227,1030982,0.117077,0.166211,0.49842700000000001,0.205731,0.012553999999999999,723317,0.102559,0.139789,0.46093899999999999,0.26658300000000001,0.030129,403655,0.114023,0.15654999999999999,0.48297699999999999,0.22590099999999999,0.020549999999999999,294576,0.12541099999999999,0.17159199999999999,0.48825400000000002,0.200373,0.014370000000000001,150306,0.11400100000000001,0.13730700000000001,0.48461799999999999,0.236345,0.027730000000000001
34888,5867516,3264635,0.119259,0.16399,0.49491099999999999,0.20960899999999999,0.012231000000000001,1031048,0.117072,0.166211,0.49840699999999999,0.20575499999999999,0.012553999999999999,723327,0.10255,0.13978299999999999,0.46092699999999998,0.26658500000000002,0.030155000000000001,403634,0.114022,0.15651599999999999,0.48296699999999998,0.22593199999999999,0.020563000000000001,294556,0.12544,0.171597,0.48825400000000002,0.200325,0.014383999999999999,150316,0.11402,0.13722400000000001,0.48459200000000002,0.236455,0.027708
34889,5867751,3264668,0.119255,0.163991,0.49489300000000003,0.209622,0.012239,1031077,0.117061,0.16619200000000001,0.49842999999999998,0.20575499999999999,0.012562,723445,0.102551,0.139796,0.46090399999999998,0.26658599999999999,0.030162999999999999,403724,0.114023,0.15648100000000001,0.48308000000000001,0.22587499999999999,0.020541,294559,0.125442,0.17157500000000001,0.48827199999999998,0.20033300000000001,0.014376999999999999,150278,0.114069,0.13724600000000001,0.48449500000000001,0.236455,0.027734999999999999
34890,5867976,3264770,0.119252,0.16398699999999999,0.49488599999999999,0.20963000000000001,0.012244,1031132,0.11706,0.16616800000000001,0.49845099999999998,0.20575299999999999,0.012569,723438,0.102523,0.13981399999999999,0.460895,0.26658999999999999,0.030178,403729,0.114089,0.15646399999999999,0.48300500000000002,0.225909,0.020534,294598,0.12539500000000001,0.17158000000000001,0.48829899999999998,0.200354,0.014371999999999999,150309,0.11405800000000001,0.13725699999999999,0.48455500000000001,0.23641300000000001,0.027716000000000001
34891,5868151,3264897,0.11924899999999999,0.16398099999999999,0.49489100000000003,0.20963200000000001,0.012246999999999999,1031156,0.11705500000000001,0.16614300000000001,0.49846299999999999,0.20577200000000001,0.012567,723483,0.10251399999999999,0.13983699999999999,0.46087699999999998,0.26656600000000003,0.030204999999999999,403726,0.11409999999999999,0.15651499999999999,0.482902,0.22592799999999999,0.020556000000000001,294595,0.125335,0.17150699999999999,0.48837199999999997,0.200407,0.014378999999999999,150294,0.11401699999999999,0.13722400000000001,0.48462300000000003,0.23641000000000001,0.027726000000000001
34892,5868386,3265061,0.11924,0.163989,0.49487999999999999,0.20963999999999999,0.012251,1031175,0.117053,0.166129,0.49845899999999999,0.205788,0.012572,723471,0.10252699999999999,0.139816,0.46085199999999998,0.26657700000000001,0.030228000000000001,403801,0.114078,0.15651799999999999,0.48291600000000001,0.225913,0.020573999999999999,294611,0.12537499999999999,0.17147399999999999,0.48836299999999999,0.20039599999999999,0.014392,150267,0.11401699999999999,0.13717599999999999,0.48460399999999998,0.23647899999999999,0.027723999999999999
34893,5868611,3265187,0.119227,0.163989,0.49487500000000001,0.20965300000000001,0.012256,1031221,0.117022,0.16614699999999999,0.49845200000000001,0.20580399999999999,0.012574999999999999,723455,0.10254000000000001,0.13980000000000001,0.46088600000000002,0.266538,0.030237,403822,0.11407299999999999,0.15649199999999999,0.48288399999999998,0.225941,0.020611000000000001,294647,0.12537400000000001,0.17151,0.48835699999999999,0.200348,0.014409999999999999,150279,0.114048,0.13727800000000001,0.48451899999999998,0.23646700000000001,0.027688000000000001
34894,5868839,3265357,0.11923,0.16397700000000001,0.49486599999999997,0.20966499999999999,0.012262,1031257,0.117019,0.16615199999999999,0.49843700000000002,0.20580899999999999,0.012583,723437,0.10253,0.139823,0.46085999999999999,0.26654299999999997,0.030245000000000001,403875,0.11404499999999999,0.156499,0.48291699999999999,0.22591600000000001,0.020622999999999999,294662,0.12537100000000001,0.17152500000000001,0.48835299999999998,0.20030700000000001,0.014444,150251,0.114096,0.13725000000000001,0.48453600000000002,0.23643800000000001,0.02768
34895,5869046,3265455,0.11922099999999999,0.16397100000000001,0.49486599999999997,0.209676,0.012267,1031297,0.117021,0.166153,0.49842900000000001,0.20580999999999999,0.012588,723386,0.102523,0.13986000000000001,0.46082699999999999,0.26653300000000002,0.030256000000000002,403976,0.114051,0.15644,0.48293999999999998,0.225909,0.020660000000000001,294674,0.12537599999999999,0.17149500000000001,0.48838399999999998,0.20028899999999999,0.014456999999999999,150258,0.114024,0.13727700000000001,0.48458699999999999,0.23641300000000001,0.027699000000000001
34896,5869253,3265568,0.119213,0.16397500000000001,0.494867,0.209676,0.01227,1031316,0.117017,0.16614799999999999,0.49842599999999998,0.20581199999999999,0.012597000000000001,723414,0.102515,0.13983699999999999,0.46080700000000002,0.26655299999999998,0.030287999999999999,403969,0.114038,0.15645999999999999,0.48292600000000002,0.22591800000000001,0.020657999999999999,294704,0.12545799999999999,0.171406,0.48833399999999999,0.20033000000000001,0.014472,150282,0.114066,0.137235,0.48460900000000001,0.23642199999999999,0.027668000000000002
34897,5869476,3265610,0.119231,0.16395799999999999,0.494869,0.20967,0.012271000000000001,1031339,0.116998,0.166157,0.49840200000000001,0.20583699999999999,0.012605999999999999,723529,0.102516,0.13984199999999999,0.46079799999999999,0.26655200000000001,0.030291999999999999,404006,0.114048,0.15648000000000001,0.482879,0.22594,0.020653000000000001,294721,0.12543399999999999,0.17143,0.48832300000000001,0.20033200000000001,0.014481000000000001,150271,0.114061,0.13723199999999999,0.48455799999999999,0.23646600000000001,0.027682999999999999
34898,5869681,3265724,0.119232,0.16395499999999999,0.494869,0.20967,0.012274,1031354,0.116977,0.16620399999999999,0.49838300000000002,0.20582400000000001,0.012612999999999999,723578,0.102504,0.13982600000000001,0.46079900000000001,0.26658399999999999,0.030287000000000001,403999,0.114067,0.15648300000000001,0.48288199999999998,0.225882,0.020686,294738,0.125447,0.17141700000000001,0.488257,0.200375,0.014504,150288,0.11393499999999999,0.13727600000000001,0.48459000000000002,0.236539,0.027660000000000001
34899,5869889,3265785,0.119209,0.16395000000000001,0.49487700000000001,0.20968800000000001,0.012274999999999999,1031351,0.116978,0.16617000000000001,0.49839600000000001,0.20583599999999999,0.012619999999999999,723605,0.10251300000000001,0.13985500000000001,0.46077800000000002,0.26654600000000001,0.030308000000000002,404086,0.114052,0.156524,0.48286499999999999,0.22587299999999999,0.020686,294767,0.125496,0.17138999999999999,0.48820599999999997,0.20039199999999999,0.014517,150295,0.113969,0.137297,0.48454700000000001,0.236508,0.027678999999999999
34900,5870093,3265811,0.119198,0.163935,0.49488300000000002,0.209702,0.012282,1031420,0.116979,0.16615099999999999,0.49842900000000001,0.205813,0.012628,723621,0.102536,0.13986699999999999,0.46073700000000001,0.26656200000000002,0.030297999999999999,404116,0.11405899999999999,0.156559,0.48283399999999999,0.225851,0.020697,294771,0.12547,0.171431,0.48822300000000002,0.20035600000000001,0.01452,150354,0.113931,0.13735600000000001,0.484543,0.23644200000000001,0.027727999999999999
34901,5870325,3265928,0.11919399999999999,0.16394600000000001,0.49485600000000002,0.20971500000000001,0.012290000000000001,1031478,0.116975,0.16614699999999999,0.49841999999999997,0.20582400000000001,0.012633999999999999,723723,0.102496,0.13983000000000001,0.460837,0.26654800000000001,0.030289,404048,0.114056,0.15659500000000001,0.48280400000000001,0.22586200000000001,0.020683,294829,0.125496,0.17139799999999999,0.48822900000000002,0.200347,0.01453,150319,0.11400399999999999,0.13744100000000001,0.48443000000000003,0.23633100000000001,0.027793999999999999
34902,5870539,3266013,0.11917800000000001,0.16394500000000001,0.49487100000000001,0.20971000000000001,0.012296,1031532,0.11698699999999999,0.16614300000000001,0.49839499999999998,0.20583699999999999,0.012638,723705,0.102482,0.139847,0.460808,0.26655600000000002,0.030307000000000001,404093,0.11408,0.15662499999999999,0.48268800000000001,0.22591800000000001,0.020688000000000002,294828,0.12546299999999999,0.171374,0.48824099999999998,0.200381,0.014541,150368,0.11402,0.13745599999999999,0.48437799999999998,0.236347,0.027798
34903,5870774,3266236,0.119184,0.163941,0.49486400000000003,0.209707,0.012305,1031520,0.116982,0.16614399999999999,0.49840299999999998,0.20583499999999999,0.012636,723704,0.10244399999999999,0.13986100000000001,0.46080900000000002,0.26656999999999997,0.030315999999999999,404078,0.11414100000000001,0.15659600000000001,0.48263899999999998,0.22592699999999999,0.020695999999999999,294828,0.12543899999999999,0.17134099999999999,0.48828500000000002,0.200381,0.014553999999999999,150408,0.11397699999999999,0.137459,0.484296,0.23641000000000001,0.027858000000000001
34904,5870995,3266309,0.119167,0.16394700000000001,0.49487700000000001,0.209702,0.012307,1031597,0.11698799999999999,0.16613700000000001,0.49839499999999998,0.20583499999999999,0.012645,723753,0.102477,0.13986000000000001,0.460816,0.26652599999999999,0.030321000000000001,404088,0.114094,0.15660499999999999,0.48258099999999998,0.22601299999999999,0.020708000000000001,294823,0.12545799999999999,0.17135,0.48823499999999997,0.20041200000000001,0.014544,150425,0.11395,0.137464,0.484261,0.23638400000000001,0.027941000000000001
34905,5871210,3266427,0.11916,0.16395699999999999,0.49487999999999999,0.20968800000000001,0.012314,1031644,0.116966,0.16613800000000001,0.49840800000000002,0.20583599999999999,0.012652999999999999,723701,0.10248599999999999,0.13988800000000001,0.46080399999999999,0.26649400000000001,0.030328999999999998,404148,0.11411399999999999,0.156559,0.48250900000000002,0.226081,0.020736999999999998,294889,0.12538299999999999,0.17138300000000001,0.48819000000000001,0.200486,0.014558,150401,0.11400200000000001,0.137406,0.48415200000000003,0.23650099999999999,0.027938999999999999
34906,5871436,3266508,0.119146,0.16397999999999999,0.49486400000000003,0.20968600000000001,0.012324,1031672,0.116965,0.166129,0.498419,0.20583799999999999,0.012649000000000001,723683,0.102494,0.13983999999999999,0.46085100000000001,0.26647900000000002,0.030335999999999998,404289,0.11412600000000001,0.156586,0.482487,0.226054,0.020747999999999999,294871,0.125384,0.17133300000000001,0.48819299999999999,0.20055200000000001,0.014539,150413,0.113953,0.13744799999999999,0.48408000000000001,0.236515,0.028003
34907,5871612,3266591,0.11914,0.163968,0.494867,0.2097,0.012324999999999999,1031695,0.116937,0.16614100000000001,0.49840899999999999,0.20585100000000001,0.012663000000000001,723589,0.10248599999999999,0.139847,0.46082499999999998,0.266488,0.030353000000000002,404383,0.11417099999999999,0.156614,0.482491,0.22598399999999999,0.020740000000000001,294905,0.12537899999999999,0.17131299999999999,0.48821100000000001,0.200546,0.01455,150449,0.113926,0.137488,0.48397800000000002,0.23655899999999999,0.028049000000000001
34908,5871798,3266686,0.119129,0.16397200000000001,0.49486200000000002,0.20970800000000001,0.012330000000000001,1031706,0.116921,0.166126,0.49844699999999997,0.20583599999999999,0.012670000000000001,723691,0.102488,0.13983200000000001,0.46079999999999999,0.26652100000000001,0.030358,404362,0.11418200000000001,0.15665200000000001,0.48244599999999999,0.22598099999999999,0.020739,294904,0.125356,0.171263,0.488257,0.20055000000000001,0.014574,150449,0.113899,0.13762099999999999,0.48391800000000001,0.23649200000000001,0.028069
34909,5872015,3266765,0.119128,0.163967,0.49485699999999999,0.20971500000000001,0.012333999999999999,1031786,0.11693000000000001,0.166105,0.49845899999999999,0.20582900000000001,0.012677000000000001,723727,0.102461,0.139848,0.46081299999999997,0.26650699999999999,0.030370999999999999,404362,0.11418,0.15670899999999999,0.48231299999999999,0.22605,0.020749,294915,0.12529699999999999,0.17128699999999999,0.48831000000000002,0.20053199999999999,0.014574,150460,0.113858,0.13764499999999999,0.48387599999999997,0.23654800000000001,0.028074000000000002
34910,5872240,3266978,0.119113,0.16397300000000001,0.49484899999999998,0.20972299999999999,0.012341,1031812,0.116921,0.1661,0.49845299999999998,0.20583799999999999,0.012687,723735,0.102511,0.13981399999999999,0.46079199999999998,0.26649299999999998,0.030391000000000001,404327,0.114135,0.15679100000000001,0.48226599999999997,0.226045,0.020763,294918,0.125282,0.17130500000000001,0.48828500000000002,0.20056399999999999,0.014563,150470,0.11383,0.13763500000000001,0.483877,0.23660500000000001,0.028052000000000001
34911,5872515,3267090,0.119107,0.16397100000000001,0.49484299999999998,0.209735,0.012344000000000001,1031836,0.116914,0.16609699999999999,0.49845299999999998,0.20583299999999999,0.012703000000000001,723725,0.102549,0.13980300000000001,0.46081699999999998,0.26643099999999997,0.0304,404345,0.114162,0.15679899999999999,0.48226400000000003,0.22600300000000001,0.020771999999999999,294995,0.12529999999999999,0.17129800000000001,0.48819800000000002,0.200624,0.014579999999999999,150524,0.113736,0.13767199999999999,0.483823,0.23671300000000001,0.028055
34912,5872747,3267237,0.119098,0.16398299999999999,0.49482599999999999,0.20974599999999999,0.012348,1031895,0.11690300000000001,0.16608999999999999,0.498442,0.20586599999999999,0.012699,723797,0.10256999999999999,0.13977300000000001,0.46083800000000003,0.26641599999999999,0.030404,404318,0.114173,0.15676000000000001,0.48234100000000002,0.22595100000000001,0.020775999999999999,294963,0.12534100000000001,0.17129900000000001,0.48814299999999999,0.200629,0.014588,150537,0.113806,0.13759399999999999,0.48380800000000002,0.236706,0.028086
34913,5872970,3267384,0.119101,0.16397600000000001,0.49482599999999999,0.20974100000000001,0.012356000000000001,1031908,0.11690200000000001,0.166102,0.49841800000000003,0.20588000000000001,0.012697999999999999,723855,0.10252699999999999,0.13980600000000001,0.46079799999999999,0.266455,0.030414,404315,0.114139,0.15670200000000001,0.48238399999999998,0.22598699999999999,0.020788000000000001,294985,0.12534200000000001,0.17130699999999999,0.48813699999999999,0.200624,0.014591,150523,0.113797,0.137653,0.48377999999999999,0.23668800000000001,0.028081999999999999
34914,5873194,3267514,0.119091,0.163965,0.494836,0.20974599999999999,0.012362,1031993,0.116885,0.16612299999999999,0.49839099999999997,0.20589499999999999,0.012706,723851,0.102593,0.13974600000000001,0.46078799999999998,0.26645000000000002,0.030422999999999999,404329,0.114095,0.15673400000000001,0.482404,0.225967,0.020799999999999999,294980,0.125337,0.171323,0.48814200000000002,0.20060700000000001,0.014591,150527,0.11373999999999999,0.13771600000000001,0.48367399999999999,0.23671500000000001,0.028153999999999998
34915,5873391,3267591,0.119079,0.163967,0.49483899999999997,0.20974699999999999,0.012368000000000001,1032029,0.116882,0.166134,0.49837900000000002,0.20589499999999999,0.012709,723865,0.10259799999999999,0.13972399999999999,0.46079199999999998,0.266428,0.030459,404391,0.114125,0.15673000000000001,0.48236699999999999,0.225989,0.020788999999999998,294975,0.125302,0.171292,0.48820400000000003,0.20061399999999999,0.014588,150540,0.11367099999999999,0.13781099999999999,0.48363200000000001,0.23675399999999999,0.028132000000000001
34916,5873576,3267683,0.119085,0.163969,0.49482999999999999,0.20974300000000001,0.012371999999999999,1032057,0.1169,0.16612299999999999,0.49837199999999998,0.205897,0.012710000000000001,723863,0.102572,0.139684,0.46082600000000001,0.26642900000000003,0.030488999999999999,404417,0.114132,0.156724,0.48238599999999998,0.22597500000000001,0.020782999999999999,295015,0.12528900000000001,0.17125599999999999,0.48822900000000002,0.200627,0.014599000000000001,150541,0.113617,0.137903,0.48358899999999999,0.236793,0.028098999999999999
34917,5873800,3267795,0.119085,0.163963,0.494836,0.20974100000000001,0.012374,1032089,0.116895,0.166134,0.49835299999999999,0.205904,0.012714,723886,0.102547,0.139656,0.460841,0.26643800000000001,0.030519000000000001,404431,0.114138,0.15672900000000001,0.48240100000000002,0.225937,0.020795000000000001,295037,0.12528300000000001,0.17127000000000001,0.48820999999999998,0.20066000000000001,0.014578000000000001,150562,0.11361400000000001,0.13799,0.48339599999999999,0.23688600000000001,0.028115000000000001
34918,5873986,3268055,0.119075,0.16395799999999999,0.49484499999999998,0.20974100000000001,0.01238,1032086,0.1169,0.16611899999999999,0.49835600000000002,0.205905,0.01272,723808,0.102588,0.13963,0.46080700000000002,0.26644600000000002,0.030529000000000001,404395,0.11410099999999999,0.15671599999999999,0.48233999999999999,0.226022,0.020820999999999999,295038,0.125252,0.17130000000000001,0.48823499999999997,0.200632,0.014581,150604,0.11368200000000001,0.13797799999999999,0.48339399999999999,0.23686599999999999,0.028080000000000001
34919,5874212,3268230,0.119073,0.163963,0.49483300000000002,0.20974699999999999,0.012383,1032126,0.116894,0.16611799999999999,0.49835400000000002,0.20590800000000001,0.012725999999999999,723833,0.10258,0.13961200000000001,0.46080399999999999,0.26647199999999999,0.030532,404432,0.114066,0.156691,0.48238999999999999,0.226021,0.020832,295009,0.12523300000000001,0.17130999999999999,0.48821599999999998,0.20064499999999999,0.014596,150582,0.113705,0.13801099999999999,0.48325800000000002,0.23693400000000001,0.028091000000000001
34920,5874449,3268339,0.11906600000000001,0.16397100000000001,0.49482199999999998,0.20974799999999999,0.012393,1032190,0.116887,0.16612199999999999,0.49835699999999999,0.2059,0.012734000000000001,723814,0.102565,0.139602,0.46080900000000002,0.26649099999999998,0.030533000000000001,404440,0.114052,0.15665100000000001,0.482437,0.22602900000000001,0.020830999999999999,295047,0.125224,0.171379,0.48819699999999999,0.200602,0.014598,150619,0.113737,0.138017,0.48306700000000002,0.23710200000000001,0.028077000000000001
34921,5874692,3268509,0.119063,0.163967,0.494815,0.209757,0.012397999999999999,1032245,0.11687599999999999,0.16613,0.49835499999999999,0.20588999999999999,0.012749,723828,0.102535,0.13964399999999999,0.460814,0.26646900000000001,0.030537999999999999,404429,0.114067,0.156606,0.482483,0.22600999999999999,0.020833999999999998,295068,0.125252,0.17138800000000001,0.48810100000000001,0.200655,0.014603,150613,0.113788,0.13800299999999999,0.48301899999999998,0.237091,0.028098999999999999
34922,5874937,3268658,0.119062,0.16397,0.494813,0.20975199999999999,0.012403000000000001,1032271,0.11686299999999999,0.166133,0.498359,0.20588400000000001,0.012761,723865,0.10249999999999999,0.139654,0.46080700000000002,0.26649699999999998,0.030542,404443,0.11408,0.15662799999999999,0.48239900000000002,0.226047,0.020846,295055,0.12526499999999999,0.17136499999999999,0.488126,0.20061699999999999,0.014628,150645,0.113771,0.137987,0.48303000000000001,0.23710000000000001,0.028112000000000002
34923,5875174,3268711,0.119075,0.16397100000000001,0.49478899999999998,0.209758,0.012406,1032302,0.11685,0.166127,0.498363,0.20588999999999999,0.01277,723910,0.10247299999999999,0.13963999999999999,0.46082699999999999,0.26651900000000001,0.030540999999999999,404487,0.114093,0.15657599999999999,0.482431,0.226017,0.020882999999999999,295080,0.12524099999999999,0.17136000000000001,0.48805700000000002,0.200715,0.014626999999999999,150684,0.11365500000000001,0.13803099999999999,0.48320999999999997,0.237013,0.028091999999999999
34924,5875386,3268890,0.11907,0.16397100000000001,0.49477300000000002,0.20977299999999999,0.012413,1032363,0.11683399999999999,0.16613600000000001,0.49835099999999999,0.20590600000000001,0.012773,723886,0.102461,0.139627,0.46080199999999999,0.26655699999999999,0.030553,404452,0.114103,0.156634,0.482433,0.22594500000000001,0.020885000000000001,295094,0.12518399999999999,0.17141000000000001,0.488095,0.200678,0.014633,150701,0.11361599999999999,0.138048,0.48328100000000002,0.23691300000000001,0.028142
34925,5875618,3269015,0.119064,0.16397500000000001,0.49474800000000002,0.20979600000000001,0.012416999999999999,1032398,0.11683,0.16613,0.49835099999999999,0.20591100000000001,0.012777999999999999,723896,0.102495,0.139629,0.460787,0.26651999999999998,0.030568000000000001,404477,0.114063,0.156607,0.48250999999999999,0.22591900000000001,0.020900999999999999,295083,0.12514800000000001,0.17147399999999999,0.488093,0.200655,0.014630000000000001,150749,0.113626,0.13808400000000001,0.48316700000000001,0.23691000000000001,0.028212000000000001
34926,5875832,3269214,0.11904000000000001,0.163993,0.49474200000000002,0.20979800000000001,0.012427000000000001,1032431,0.116842,0.166106,0.49838199999999999,0.20589399999999999,0.012777,723827,0.10255499999999999,0.139598,0.46075700000000003,0.26651900000000001,0.030571000000000001,404478,0.114028,0.15659200000000001,0.48254799999999998,0.225913,0.020917999999999999,295118,0.12524099999999999,0.171406,0.488035,0.20068900000000001,0.014628,150764,0.113661,0.13799700000000001,0.48317900000000003,0.236933,0.028230000000000002
34927,5876053,3269351,0.119038,0.16400100000000001,0.49472100000000002,0.20980699999999999,0.012432,1032447,0.116817,0.16611500000000001,0.49837900000000002,0.20590900000000001,0.01278,723845,0.102566,0.13958200000000001,0.46076699999999998,0.26651000000000002,0.030574,404492,0.11401500000000001,0.156587,0.48256100000000002,0.22592300000000001,0.020915,295136,0.125197,0.171406,0.48810700000000001,0.20067699999999999,0.014614,150782,0.11361400000000001,0.13800699999999999,0.48318100000000003,0.236905,0.028292999999999999
34928,5876295,3269566,0.119032,0.163994,0.49472899999999997,0.20980499999999999,0.01244,1032500,0.116855,0.1661,0.49833699999999997,0.20592199999999999,0.012786,723875,0.102549,0.139568,0.46073799999999998,0.26656099999999999,0.030582999999999999,404472,0.114055,0.156532,0.48255799999999999,0.225941,0.020913999999999999,295122,0.12520899999999999,0.171373,0.48814400000000002,0.20066300000000001,0.014611000000000001,150760,0.113578,0.13803399999999999,0.48324499999999998,0.23685999999999999,0.028282999999999999
34929,5876546,3269799,0.119023,0.163989,0.49473099999999998,0.209812,0.012444999999999999,1032553,0.116883,0.16608300000000001,0.49832599999999999,0.20591499999999999,0.012794,723888,0.102552,0.139574,0.460731,0.266536,0.030606999999999999,404466,0.114049,0.15647800000000001,0.48255700000000001,0.225989,0.020926,295107,0.125165,0.171406,0.488145,0.20067299999999999,0.014612,150733,0.113658,0.13803199999999999,0.48308600000000002,0.236955,0.028268999999999999
34930,5876779,3269922,0.11901100000000001,0.16398499999999999,0.49474600000000002,0.209809,0.012449,1032592,0.11687599999999999,0.166102,0.49831399999999998,0.20590800000000001,0.012800000000000001,723866,0.102631,0.13957600000000001,0.460642,0.26652300000000001,0.030629,404541,0.114013,0.15648799999999999,0.48250999999999999,0.22604399999999999,0.020944999999999998,295096,0.12512899999999999,0.17147000000000001,0.48811199999999999,0.20067399999999999,0.014616000000000001,150762,0.11364299999999999,0.138039,0.483099,0.23699600000000001,0.028223000000000002
34931,5877006,3270094,0.119006,0.163993,0.49472500000000003,0.20982300000000001,0.012453000000000001,1032601,0.11688,0.16608400000000001,0.49832799999999999,0.205903,0.012806,723836,0.10262300000000001,0.139573,0.46066400000000002,0.26650699999999999,0.030634000000000002,404593,0.113996,0.15651999999999999,0.48247000000000001,0.22606699999999999,0.020947,295105,0.12510099999999999,0.17147799999999999,0.48813499999999999,0.20066100000000001,0.014625000000000001,150777,0.11357200000000001,0.13808500000000001,0.48309099999999999,0.23699200000000001,0.02826
34932,5877238,3270242,0.119007,0.163992,0.49470900000000001,0.20983299999999999,0.012458,1032655,0.11687400000000001,0.16608000000000001,0.49832900000000002,0.20591400000000001,0.012803,723849,0.102643,0.13955400000000001,0.46062799999999998,0.26651999999999998,0.030655999999999999,404591,0.113967,0.156501,0.48253200000000002,0.22604099999999999,0.020958999999999998,295135,0.125082,0.17160600000000001,0.48802800000000002,0.200657,0.014626999999999999,150766,0.113454,0.138128,0.483186,0.23696300000000001,0.028268999999999999
34933,5877443,3270401,0.119002,0.163992,0.49471700000000002,0.20982400000000001,0.012465,1032691,0.116859,0.16609099999999999,0.49831999999999999,0.20591499999999999,0.012814000000000001,723829,0.10262400000000001,0.13959099999999999,0.46051799999999998,0.26660400000000001,0.030662999999999999,404574,0.113937,0.156468,0.48261900000000002,0.22600100000000001,0.020975000000000001,295175,0.12513299999999999,0.171569,0.48801899999999998,0.20066100000000001,0.014618000000000001,150773,0.11350200000000001,0.13804900000000001,0.48313699999999998,0.237065,0.028247999999999999
34934,5877672,3270568,0.11899999999999999,0.16398099999999999,0.49471300000000001,0.20983599999999999,0.012468999999999999,1032722,0.116865,0.16608200000000001,0.49831300000000001,0.205927,0.012813,723866,0.102576,0.13961299999999999,0.46054699999999998,0.26658900000000002,0.030675999999999998,404553,0.11391800000000001,0.15649099999999999,0.48267300000000002,0.225938,0.020979000000000001,295175,0.12515599999999999,0.17152500000000001,0.48802600000000002,0.20067099999999999,0.014622,150788,0.113484,0.138075,0.48306900000000003,0.237068,0.028305
34935,5877888,3270704,0.11899700000000001,0.163969,0.49471399999999999,0.209842,0.012478,1032758,0.116856,0.16608700000000001,0.49830000000000002,0.20594000000000001,0.012817,723892,0.102536,0.13963400000000001,0.46050799999999997,0.266625,0.030696999999999999,404521,0.113922,0.15651799999999999,0.48266500000000001,0.225912,0.020983000000000002,295209,0.12520600000000001,0.171539,0.48801699999999998,0.20060700000000001,0.014630000000000001,150804,0.11351799999999999,0.138126,0.48297099999999998,0.23710200000000001,0.028282000000000002
34936,5878111,3270918,0.118996,0.16397700000000001,0.49470799999999998,0.209837,0.012482,1032808,0.116856,0.16608800000000001,0.49828899999999998,0.20594299999999999,0.012822999999999999,723957,0.102535,0.139623,0.460447,0.26667999999999997,0.030714999999999999,404449,0.11391999999999999,0.156497,0.48266900000000001,0.22592000000000001,0.020993999999999999,295203,0.12517500000000001,0.171546,0.48805700000000002,0.20060800000000001,0.014614,150776,0.11344600000000001,0.13808599999999999,0.48315399999999997,0.23705999999999999,0.028254000000000001
34937,5878332,3271027,0.118994,0.163968,0.49471300000000001,0.20983199999999999,0.012493000000000001,1032844,0.116859,0.16606499999999999,0.49828,0.20596700000000001,0.012829999999999999,724010,0.102483,0.13966899999999999,0.46045799999999998,0.26666899999999999,0.030720999999999998,404441,0.113913,0.156495,0.48265400000000003,0.225939,0.020999,295246,0.12518399999999999,0.17156199999999999,0.48804700000000001,0.20060600000000001,0.014600999999999999,150764,0.113522,0.13805000000000001,0.48309299999999999,0.23708599999999999,0.028249
34938,5878579,3271242,0.118987,0.16397600000000001,0.49470599999999998,0.20983199999999999,0.012499,1032854,0.116844,0.166079,0.49825799999999998,0.205984,0.012834999999999999,724076,0.10249900000000001,0.13964399999999999,0.460453,0.26667000000000002,0.030734000000000001,404383,0.113914,0.15646099999999999,0.48272799999999999,0.22589200000000001,0.021004999999999999,295268,0.125198,0.17149800000000001,0.48803800000000003,0.20066200000000001,0.014604000000000001,150756,0.113495,0.13803099999999999,0.483072,0.237118,0.028284
34939,5878830,3271353,0.118987,0.16397800000000001,0.49470500000000001,0.20982899999999999,0.012501,1032914,0.116842,0.16606099999999999,0.498247,0.20600499999999999,0.012845000000000001,724026,0.10248400000000001,0.13963900000000001,0.46044099999999999,0.26669100000000001,0.030745999999999999,404507,0.113931,0.156413,0.48272300000000001,0.225939,0.020993000000000001,295290,0.125226,0.17149900000000001,0.487931,0.20072499999999999,0.014619999999999999,150740,0.11348,0.137933,0.48318299999999997,0.23703099999999999,0.028372999999999999
34940,5879059,3271492,0.118987,0.16397400000000001,0.49469200000000002,0.20984,0.012507000000000001,1032976,0.116839,0.16606499999999999,0.49823299999999998,0.20601800000000001,0.012844,724036,0.102447,0.139656,0.46043299999999998,0.26669700000000002,0.030768,404579,0.113958,0.15635299999999999,0.48273899999999997,0.22594400000000001,0.021007000000000001,295280,0.12525700000000001,0.17149800000000001,0.48794700000000002,0.20067699999999999,0.014619999999999999,150696,0.1135,0.13791999999999999,0.48315799999999998,0.23703299999999999,0.028388
34941,5879286,3271647,0.118991,0.163961,0.49469999999999997,0.20984,0.012508999999999999,1033031,0.116831,0.16606299999999999,0.49824400000000002,0.20600399999999999,0.012857,724021,0.102411,0.139682,0.46039400000000003,0.26672000000000001,0.030792,404599,0.11397,0.15640200000000001,0.48261100000000001,0.22600899999999999,0.021007999999999999,295307,0.125253,0.17144899999999999,0.48802099999999998,0.200656,0.014622,150681,0.11351799999999999,0.13799400000000001,0.48308000000000001,0.23699100000000001,0.028417999999999999
34942,5879535,3271823,0.118989,0.16394800000000001,0.49469800000000003,0.20985100000000001,0.012514000000000001,1033083,0.116823,0.16605300000000001,0.49824800000000002,0.20601,0.012865,724008,0.102438,0.13967399999999999,0.46039999999999998,0.266677,0.030811999999999999,404588,0.113993,0.15645100000000001,0.48256300000000002,0.22599,0.021003999999999998,295328,0.12520000000000001,0.17145299999999999,0.48804700000000001,0.20066800000000001,0.014631,150705,0.113566,0.13795199999999999,0.48303000000000001,0.23705300000000001,0.028400000000000002
34943,5879740,3271935,0.118976,0.16395199999999999,0.49469099999999999,0.20986399999999999,0.012517,1033086,0.11683300000000001,0.16605,0.49824600000000002,0.20600399999999999,0.012866000000000001,724030,0.10243099999999999,0.13967099999999999,0.460393,0.26667800000000003,0.030827,404625,0.114039,0.156392,0.482541,0.22600700000000001,0.021021999999999999,295365,0.125218,0.17144200000000001,0.48802299999999998,0.20069100000000001,0.014626,150699,0.113471,0.137931,0.48305599999999999,0.237148,0.028393999999999999
34944,5879986,3272093,0.118975,0.16395699999999999,0.49468200000000001,0.209865,0.012522,1033092,0.116815,0.166042,0.498247,0.20602300000000001,0.012872,724079,0.102435,0.13964199999999999,0.46040399999999998,0.26669100000000001,0.030828000000000001,404602,0.114038,0.15643499999999999,0.48254799999999998,0.22594800000000001,0.021031000000000001,295399,0.125254,0.17146600000000001,0.48797099999999999,0.20068800000000001,0.014621,150721,0.11347500000000001,0.13783100000000001,0.48310500000000001,0.23716000000000001,0.02843
34945,5880205,3272249,0.118979,0.163941,0.49469000000000002,0.20985899999999999,0.012529999999999999,1033116,0.116798,0.166049,0.498251,0.206012,0.01289,724088,0.102409,0.13967399999999999,0.46037400000000001,0.266708,0.030835999999999999,404646,0.114038,0.156334,0.482622,0.22595599999999999,0.021049999999999999,295391,0.12524099999999999,0.17147399999999999,0.48793599999999998,0.20074700000000001,0.014600999999999999,150715,0.113466,0.13785,0.48301100000000002,0.237209,0.028464
34946,5880416,3272296,0.11897099999999999,0.16392599999999999,0.49468699999999999,0.20988000000000001,0.012536,1033147,0.116794,0.166045,0.498253,0.20601700000000001,0.012891,724158,0.102411,0.13974900000000001,0.46031899999999998,0.26667800000000003,0.030842999999999999,404681,0.114055,0.156303,0.48259999999999997,0.22599,0.021051,295426,0.12520899999999999,0.171485,0.48799999999999999,0.20070299999999999,0.014603,150708,0.11349099999999999,0.13778299999999999,0.48311999999999999,0.237121,0.028486000000000001
34947,5880650,3272344,0.118967,0.16391600000000001,0.49469000000000002,0.20988000000000001,0.012547000000000001,1033230,0.116799,0.166043,0.498251,0.20600399999999999,0.012902,724214,0.102409,0.13972399999999999,0.46030900000000002,0.26671,0.030849000000000001,404729,0.11410099999999999,0.15636900000000001,0.48254999999999998,0.225907,0.021073000000000001,295454,0.12518699999999999,0.17150199999999999,0.48796099999999998,0.200762,0.014588,150679,0.113427,0.13782900000000001,0.48308699999999999,0.23713999999999999,0.028518000000000002
34948,5880873,3272477,0.118967,0.16390099999999999,0.49470399999999998,0.20987600000000001,0.012551,1033228,0.116767,0.16606099999999999,0.49825000000000003,0.20601700000000001,0.012904000000000001,724281,0.102411,0.13970399999999999,0.460316,0.266706,0.030863999999999999,404711,0.114104,0.156366,0.48249500000000001,0.225966,0.021069000000000001,295462,0.12515000000000001,0.17152800000000001,0.48796499999999998,0.200764,0.014593999999999999,150714,0.113367,0.13793,0.48303400000000002,0.237178,0.028490999999999999
34949,5881112,3272644,0.118967,0.16388900000000001,0.49470900000000001,0.20988000000000001,0.012553999999999999,1033240,0.116781,0.16606199999999999,0.49823699999999999,0.206014,0.012906000000000001,724345,0.102426,0.13968900000000001,0.46029300000000001,0.26672200000000001,0.030869000000000001,404768,0.114102,0.156359,0.48248400000000002,0.225969,0.021086000000000001,295438,0.125143,0.17150799999999999,0.487981,0.20075999999999999,0.014609,150677,0.113342,0.13797100000000001,0.48305999999999999,0.23709,0.028538000000000001
34950,5881337,3272667,0.118967,0.163879,0.49470700000000001,0.20988999999999999,0.012557,1033282,0.11676400000000001,0.16606799999999999,0.498249,0.206012,0.012906000000000001,724417,0.10244,0.13967199999999999,0.46029799999999998,0.26670700000000003,0.030883000000000001,404806,0.114109,0.156391,0.482406,0.22600000000000001,0.021094000000000002,295448,0.125058,0.17149900000000001,0.488089,0.20072899999999999,0.014625000000000001,150717,0.113371,0.13800000000000001,0.48293199999999997,0.237146,0.028549999999999999
34951,5881598,3272849,0.11897199999999999,0.16386899999999999,0.49469999999999997,0.209895,0.012564000000000001,1033321,0.11676499999999999,0.166051,0.49825000000000003,0.206009,0.012925000000000001,724437,0.102451,0.13967299999999999,0.46028599999999997,0.26671099999999998,0.030880999999999999,404822,0.11411399999999999,0.156412,0.48245900000000003,0.225939,0.021076000000000001,295487,0.125055,0.17149300000000001,0.48807899999999999,0.20072599999999999,0.014647,150682,0.113371,0.13791300000000001,0.48293799999999998,0.23722099999999999,0.028556999999999999
34952,5881839,3273086,0.11897000000000001,0.16386600000000001,0.49468899999999999,0.20990400000000001,0.012571000000000001,1033317,0.116757,0.16605,0.49823800000000001,0.20603299999999999,0.012921999999999999,724471,0.10245700000000001,0.13967299999999999,0.46024500000000002,0.26671699999999998,0.030908000000000001,404802,0.114132,0.15640699999999999,0.48243599999999998,0.22595199999999999,0.021072,295478,0.12507199999999999,0.171542,0.48808000000000001,0.20067499999999999,0.014631,150685,0.113442,0.13794300000000001,0.48278199999999999,0.23724999999999999,0.028583000000000001
34953,5882093,3273071,0.118976,0.16386999999999999,0.49468499999999999,0.20988799999999999,0.012581999999999999,1033359,0.116746,0.166051,0.498251,0.20602799999999999,0.012924,724607,0.10242900000000001,0.13967399999999999,0.46027699999999999,0.26671699999999998,0.030901999999999999,404853,0.114093,0.15640699999999999,0.48242200000000002,0.225996,0.021082,295502,0.125085,0.17154900000000001,0.488014,0.200706,0.014645999999999999,150701,0.113496,0.13792199999999999,0.48263099999999998,0.23736399999999999,0.028586
34954,5882316,3273197,0.11897099999999999,0.16387099999999999,0.49468800000000002,0.20988100000000001,0.012588999999999999,1033381,0.11672299999999999,0.16606899999999999,0.49825700000000001,0.20601800000000001,0.012933,724645,0.102413,0.13970399999999999,0.46023900000000001,0.26672099999999999,0.030922999999999999,404866,0.114107,0.15643199999999999,0.48233500000000001,0.226023,0.021103,295529,0.125081,0.171513,0.48799599999999999,0.20075899999999999,0.014652,150698,0.113485,0.13789799999999999,0.48272700000000002,0.23735600000000001,0.028534
34955,5882518,3273336,0.11896900000000001,0.16386300000000001,0.49468000000000001,0.209895,0.012593,1033425,0.11670800000000001,0.166098,0.49824800000000002,0.206014,0.012932000000000001,724677,0.102381,0.139712,0.460256,0.266712,0.030939000000000001,404829,0.11412700000000001,0.15640699999999999,0.48232199999999997,0.22601099999999999,0.021132000000000001,295536,0.12507399999999999,0.17152600000000001,0.48802899999999999,0.20071700000000001,0.014655,150715,0.11343300000000001,0.13796900000000001,0.48263899999999998,0.23738799999999999,0.028570000000000002
34956,5882740,3273476,0.118952,0.16386700000000001,0.49468200000000001,0.2099,0.012599000000000001,1033447,0.11672100000000001,0.16608700000000001,0.49824400000000002,0.206012,0.012935,724696,0.102366,0.13971700000000001,0.460233,0.26674199999999998,0.030942999999999998,404864,0.114152,0.156415,0.48228300000000002,0.22601399999999999,0.021135000000000001,295553,0.12509799999999999,0.17150899999999999,0.48799399999999998,0.20073199999999999,0.014666999999999999,150704,0.113441,0.13795299999999999,0.482595,0.237426,0.028586
34957,5882950,3273502,0.11895,0.163855,0.494676,0.20991699999999999,0.012600999999999999,1033513,0.11670899999999999,0.16609099999999999,0.49823899999999999,0.206014,0.012947999999999999,724649,0.10236000000000001,0.13971600000000001,0.46021499999999999,0.266762,0.030946999999999999,404943,0.11411,0.15643199999999999,0.48233700000000002,0.225963,0.021159000000000001,295574,0.12508900000000001,0.17147999999999999,0.48798599999999998,0.20077900000000001,0.014666,150769,0.113478,0.138019,0.48253299999999999,0.23738300000000001,0.028587000000000001
34958,5883171,3273557,0.11894399999999999,0.163854,0.49466700000000002,0.209925,0.01261,1033539,0.116675,0.16611600000000001,0.49823600000000001,0.20602200000000001,0.012952,724725,0.102366,0.13969200000000001,0.46024100000000001,0.26674100000000001,0.030960999999999999,404990,0.114131,0.15643599999999999,0.48237999999999998,0.22591900000000001,0.021134,295584,0.125054,0.171457,0.48800300000000002,0.20080600000000001,0.014678999999999999,150776,0.113506,0.13792599999999999,0.482603,0.237319,0.028645
34959,5883382,3273697,0.118937,0.16386200000000001,0.49465599999999998,0.209929,0.012614999999999999,1033597,0.116662,0.166103,0.49824499999999999,0.20603399999999999,0.012955,724715,0.10233299999999999,0.13968900000000001,0.46024700000000002,0.266764,0.030967000000000001,405019,0.11414299999999999,0.156477,0.482377,0.225859,0.021145000000000001,295577,0.12504699999999999,0.171434,0.48801499999999998,0.20084399999999999,0.014659,150777,0.113452,0.137853,0.48270000000000002,0.237317,0.028677999999999999
34960,5883631,3273840,0.11892900000000001,0.163859,0.49465199999999998,0.20993700000000001,0.012622,1033636,0.11664099999999999,0.16611400000000001,0.49824600000000002,0.206037,0.012963000000000001,724844,0.102353,0.139681,0.46022299999999999,0.266758,0.030984999999999999,404986,0.11415500000000001,0.15645999999999999,0.48237999999999998,0.225855,0.021151,295575,0.12507499999999999,0.17141200000000001,0.48799100000000001,0.200853,0.014670000000000001,150750,0.11355899999999999,0.13785700000000001,0.48261999999999999,0.23727400000000001,0.02869
34961,5883841,3273955,0.118927,0.163853,0.494645,0.209949,0.012626,1033657,0.116603,0.16611300000000001,0.49824800000000002,0.206062,0.012973,724814,0.102324,0.139677,0.46026800000000001,0.26674700000000001,0.030983,405019,0.11411300000000001,0.156528,0.48231600000000002,0.22589300000000001,0.021149999999999999,295604,0.12507599999999999,0.17139099999999999,0.48802099999999998,0.20082900000000001,0.014682000000000001,150792,0.113653,0.13783200000000001,0.48266500000000001,0.237148,0.028701999999999998
34962,5884082,3274063,0.11892800000000001,0.163856,0.49463400000000002,0.209953,0.012629,1033698,0.116614,0.166105,0.49823499999999998,0.206068,0.012978,724898,0.1023,0.13969599999999999,0.46030300000000002,0.26670199999999999,0.030998999999999999,405053,0.11412600000000001,0.156555,0.48227500000000001,0.22589100000000001,0.021153000000000002,295596,0.125052,0.17138900000000001,0.488014,0.200852,0.014692,150774,0.11360000000000001,0.137822,0.48268299999999997,0.23715,0.028745
34963,5884310,3274170,0.11891699999999999,0.16384799999999999,0.49465199999999998,0.20995,0.012632000000000001,1033717,0.116616,0.166105,0.49822300000000003,0.206064,0.012991000000000001,724991,0.102324,0.139705,0.46024399999999999,0.26673200000000002,0.030995000000000002,405062,0.114148,0.156532,0.48224,0.22589100000000001,0.021189,295596,0.12501899999999999,0.171376,0.48802800000000002,0.20088200000000001,0.014696000000000001,150774,0.11361400000000001,0.137796,0.48281499999999999,0.237037,0.028738
34964,5884535,3274331,0.11892,0.16383700000000001,0.49465300000000001,0.209949,0.012640999999999999,1033750,0.11661000000000001,0.16609299999999999,0.49823200000000001,0.206065,0.012999,724939,0.10230499999999999,0.13970099999999999,0.46029300000000001,0.266704,0.030997,405062,0.114163,0.15653400000000001,0.48214800000000002,0.22597300000000001,0.021181999999999999,295642,0.125003,0.17136599999999999,0.48803600000000003,0.200875,0.014721,150811,0.11358600000000001,0.13784099999999999,0.48286299999999999,0.23694599999999999,0.028764000000000001
34965,5884755,3274423,0.118911,0.16384699999999999,0.49463800000000002,0.20995800000000001,0.012647,1033771,0.11659,0.166106,0.49823400000000001,0.206071,0.012999,724953,0.102321,0.139681,0.46035799999999999,0.26663199999999998,0.031008000000000001,405103,0.114122,0.15653500000000001,0.48214899999999999,0.22601199999999999,0.021181999999999999,295667,0.124989,0.171399,0.487958,0.200929,0.014726,150838,0.113605,0.137876,0.48270999999999997,0.23699600000000001,0.028812000000000001
34966,5884973,3274543,0.11891400000000001,0.16384299999999999,0.49462899999999999,0.20996799999999999,0.012647,1033808,0.11658399999999999,0.16611200000000001,0.49822100000000002,0.20608099999999999,0.013002,724921,0.102327,0.13963700000000001,0.46037800000000001,0.266629,0.031028,405136,0.11411200000000001,0.15654699999999999,0.48216599999999998,0.22600300000000001,0.021170999999999999,295691,0.124999,0.17139199999999999,0.48792799999999997,0.200929,0.014751999999999999,150874,0.113512,0.13794300000000001,0.48270099999999999,0.23699899999999999,0.028844999999999999
34967,5885206,3274678,0.11890299999999999,0.16384799999999999,0.49462899999999999,0.20996999999999999,0.01265,1033849,0.116591,0.16612099999999999,0.49820999999999999,0.20607200000000001,0.013006,724883,0.102312,0.13966500000000001,0.46036500000000002,0.26660299999999998,0.031054999999999999,405215,0.11407299999999999,0.156524,0.48210199999999997,0.226129,0.021170999999999999,295684,0.124971,0.17141899999999999,0.48790600000000001,0.200931,0.014773,150897,0.113548,0.13799500000000001,0.48260700000000001,0.237042,0.028808
34968,5885439,3274796,0.118906,0.16383700000000001,0.49461699999999997,0.20998600000000001,0.012654,1033909,0.11659700000000001,0.16611000000000001,0.49822899999999998,0.20604700000000001,0.013017000000000001,724999,0.102297,0.13966500000000001,0.46035399999999999,0.266621,0.031063,405189,0.11411499999999999,0.1565,0.48208899999999999,0.22609699999999999,0.0212,295652,0.124914,0.171408,0.48799900000000002,0.200902,0.014777999999999999,150894,0.11350399999999999,0.13811000000000001,0.482518,0.23704700000000001,0.028822
34969,5885685,3275029,0.118912,0.16383500000000001,0.49460900000000002,0.20998900000000001,0.012655,1033924,0.116601,0.166078,0.49825599999999998,0.20604,0.013024000000000001,725031,0.102258,0.13969599999999999,0.46032899999999999,0.26665100000000003,0.031066,405183,0.11412899999999999,0.156527,0.48203699999999999,0.22609299999999999,0.021215000000000001,295624,0.124899,0.17139699999999999,0.48799199999999998,0.20094100000000001,0.014772,150894,0.113537,0.13803699999999999,0.48257100000000003,0.23704700000000001,0.028808
34970,5885904,3275178,0.11891599999999999,0.16383,0.49459199999999998,0.20999899999999999,0.012663000000000001,1033922,0.116617,0.16605500000000001,0.498251,0.20604900000000001,0.013027,725056,0.10226200000000001,0.13969100000000001,0.46033800000000002,0.26663300000000001,0.031074999999999998,405196,0.11409,0.156532,0.48208800000000002,0.22607099999999999,0.021218999999999998,295638,0.124886,0.17143600000000001,0.48795100000000002,0.20095199999999999,0.014775,150914,0.113469,0.138019,0.482487,0.23721500000000001,0.028811
34971,5886124,3275229,0.118907,0.16382099999999999,0.494591,0.210011,0.012670000000000001,1033982,0.11663999999999999,0.16602900000000001,0.49826199999999998,0.206036,0.013032999999999999,725056,0.102258,0.13967199999999999,0.46034700000000001,0.26664300000000002,0.03108,405249,0.114076,0.15659799999999999,0.48204399999999997,0.226049,0.021233999999999999,295650,0.124942,0.17138800000000001,0.48793199999999998,0.20097100000000001,0.014767000000000001,150958,0.113535,0.13802500000000001,0.48241200000000001,0.23718500000000001,0.028842
34972,5886357,3275389,0.118899,0.163827,0.49458999999999997,0.210004,0.012678999999999999,1034009,0.11663900000000001,0.16603599999999999,0.49825599999999998,0.20602899999999999,0.01304,725123,0.102268,0.13963800000000001,0.46034000000000003,0.266683,0.031071000000000001,405229,0.114054,0.156613,0.48197699999999999,0.22608900000000001,0.021267000000000001,295661,0.12488,0.17136899999999999,0.48798799999999998,0.201017,0.014747,150946,0.11361,0.138043,0.48241099999999998,0.237125,0.028812000000000001
34973,5886571,3275522,0.118893,0.16383600000000001,0.49458200000000002,0.210007,0.012682000000000001,1034042,0.11662500000000001,0.166045,0.49826399999999998,0.20602100000000001,0.013046,725208,0.102281,0.13966100000000001,0.46033000000000002,0.26664100000000002,0.031088000000000001,405249,0.114068,0.15656500000000001,0.48197299999999998,0.226103,0.021291000000000001,295630,0.124913,0.17131199999999999,0.48799500000000001,0.201018,0.014762000000000001,150920,0.11359,0.138047,0.48239500000000002,0.237179,0.02879
34974,5886810,3275669,0.11888600000000001,0.163829,0.49458800000000003,0.21001300000000001,0.012684000000000001,1034069,0.11661000000000001,0.16605600000000001,0.49824299999999999,0.206039,0.013051,725202,0.102315,0.139655,0.46032600000000001,0.26661099999999999,0.031092999999999999,405249,0.114056,0.15658,0.48194300000000001,0.226103,0.021318,295674,0.124915,0.17127600000000001,0.48800399999999999,0.201012,0.014793000000000001,150947,0.11351,0.13800899999999999,0.48247400000000001,0.237209,0.028798000000000001
34975,5887015,3275854,0.11888700000000001,0.163831,0.49457299999999998,0.21001800000000001,0.01269,1034103,0.116604,0.166045,0.49825799999999998,0.206037,0.013056,725196,0.10231700000000001,0.1396,0.46037499999999998,0.26660800000000001,0.031101,405249,0.113969,0.156639,0.48198000000000002,0.226081,0.021329999999999998,295681,0.12488100000000001,0.17129900000000001,0.487931,0.20106499999999999,0.014822999999999999,150932,0.113521,0.13804900000000001,0.48244900000000002,0.23717299999999999,0.028808
34976,5887221,3275986,0.11888799999999999,0.16383600000000001,0.49455500000000002,0.21002599999999999,0.012695,1034140,0.11659799999999999,0.166043,0.49826300000000001,0.20603299999999999,0.013062000000000001,725237,0.10230300000000001,0.139601,0.46037899999999998,0.26659100000000002,0.031125,405199,0.11389199999999999,0.156637,0.48202200000000001,0.22611899999999999,0.021329999999999998,295686,0.124872,0.17128599999999999,0.48797000000000001,0.20102700000000001,0.014843,150973,0.11355,0.13805799999999999,0.48237799999999997,0.237175,0.028840000000000001
34977,5887445,3276139,0.118884,0.16384000000000001,0.494535,0.21004,0.012702,1034169,0.116605,0.16600899999999999,0.498311,0.20601700000000001,0.013058999999999999,725276,0.102314,0.13963800000000001,0.460341,0.26657599999999998,0.031132,405212,0.113854,0.156612,0.48210799999999998,0.22608900000000001,0.021336999999999998,295692,0.124893,0.171205,0.487981,0.20105700000000001,0.014862999999999999,150957,0.113609,0.137986,0.48248200000000002,0.23706099999999999,0.028863
34978,5887658,3276225,0.118865,0.16384899999999999,0.49452600000000002,0.21005199999999999,0.012708000000000001,1034210,0.116593,0.16600300000000001,0.49832100000000001,0.20601800000000001,0.013063999999999999,725275,0.10231700000000001,0.13960800000000001,0.46038699999999999,0.26654299999999997,0.031144999999999999,405220,0.113805,0.15657399999999999,0.48214299999999999,0.226134,0.021343999999999998,295728,0.124963,0.171205,0.48792799999999997,0.201046,0.014858,151000,0.11365599999999999,0.137993,0.482543,0.23696,0.028847999999999999
34979,5887885,3276380,0.11885999999999999,0.16385,0.49453000000000003,0.21004600000000001,0.012713,1034264,0.11661000000000001,0.16600400000000001,0.49828600000000001,0.20602899999999999,0.013070999999999999,725284,0.102285,0.139624,0.46035799999999999,0.26656299999999999,0.03117,405248,0.113841,0.15652099999999999,0.48216900000000001,0.22614100000000001,0.021328,295722,0.124982,0.171181,0.487931,0.20102999999999999,0.014874999999999999,150987,0.113639,0.137992,0.48264400000000002,0.23690800000000001,0.028816999999999999
34980,5888110,3276482,0.118856,0.16384899999999999,0.49451800000000001,0.210061,0.012716,1034328,0.116622,0.16598399999999999,0.49829200000000001,0.20603399999999999,0.013068,725304,0.102256,0.139601,0.46037899999999998,0.26655899999999999,0.031205,405228,0.11389100000000001,0.15651899999999999,0.48212100000000002,0.22612199999999999,0.021346,295732,0.124985,0.171179,0.48791800000000002,0.201071,0.014848,151036,0.11366800000000001,0.13800000000000001,0.48262699999999997,0.236904,0.028801
34981,5888310,3276549,0.118849,0.16383,0.49453399999999997,0.21006900000000001,0.012718999999999999,1034395,0.116617,0.16600500000000001,0.49825900000000001,0.206037,0.013081000000000001,725311,0.102253,0.13964099999999999,0.460343,0.26654499999999998,0.031217999999999999,405242,0.11390500000000001,0.156526,0.48210700000000001,0.22612199999999999,0.021340000000000001,295775,0.12496,0.171177,0.48788399999999998,0.201095,0.014883,151038,0.113687,0.137985,0.482713,0.23680799999999999,0.028806999999999999
34982,5888511,3276802,0.11883000000000001,0.163827,0.49453599999999998,0.21008599999999999,0.012721,1034409,0.116616,0.16601299999999999,0.49823299999999998,0.20604900000000001,0.013089,725244,0.102269,0.13963700000000001,0.46030399999999999,0.26654800000000001,0.031241999999999999,405220,0.113899,0.15650800000000001,0.48208600000000001,0.22615099999999999,0.021356,295776,0.124959,0.17120099999999999,0.48792999999999997,0.20105400000000001,0.014855999999999999,151060,0.11362999999999999,0.13803799999999999,0.48280200000000001,0.236734,0.028797
34983,5888698,3276898,0.118809,0.16384099999999999,0.49453399999999997,0.210092,0.012725,1034453,0.11662500000000001,0.16600400000000001,0.498224,0.20605299999999999,0.013095000000000001,725315,0.102231,0.1396,0.46038499999999999,0.26654600000000001,0.031237000000000001,405197,0.113898,0.15652099999999999,0.48204200000000003,0.226162,0.021377,295819,0.124941,0.17122999999999999,0.48791699999999999,0.201042,0.014871000000000001,151016,0.113617,0.13799900000000001,0.48272999999999999,0.23680899999999999,0.028844999999999999
34984,5888919,3276991,0.118808,0.163825,0.49453399999999997,0.21010200000000001,0.012730999999999999,1034470,0.116609,0.165996,0.49821900000000002,0.206071,0.013105,725351,0.102226,0.13964699999999999,0.46034999999999998,0.26652900000000002,0.031248000000000001,405268,0.11387799999999999,0.156585,0.48203699999999999,0.226107,0.021392999999999999,295804,0.124917,0.17122100000000001,0.48796800000000001,0.20103199999999999,0.014860999999999999,151035,0.11364299999999999,0.13791500000000001,0.48281499999999999,0.236819,0.028808
34985,5889155,3277101,0.118802,0.163823,0.494533,0.21010899999999999,0.012733,1034567,0.116619,0.165989,0.498201,0.20608000000000001,0.013110999999999999,725326,0.102189,0.13966999999999999,0.460339,0.26654099999999997,0.031261999999999998,405280,0.113867,0.15654100000000001,0.482045,0.22614699999999999,0.021399999999999999,295817,0.124912,0.17127500000000001,0.48793999999999998,0.200986,0.014888,151064,0.113674,0.13799400000000001,0.48267599999999999,0.23688000000000001,0.028775999999999999
34986,5889360,3277294,0.11881,0.16381100000000001,0.49452200000000002,0.21011299999999999,0.012744,1034580,0.116629,0.16597500000000001,0.49820599999999998,0.20607800000000001,0.013113,725348,0.10218000000000001,0.13967599999999999,0.46042,0.26646399999999998,0.031259000000000002,405285,0.113868,0.15651899999999999,0.48199199999999998,0.226216,0.021405,295819,0.12491099999999999,0.17128699999999999,0.48792000000000002,0.20098099999999999,0.014900999999999999,151034,0.113564,0.13800200000000001,0.48264000000000001,0.237013,0.028781999999999999
34987,5889559,3277437,0.11881799999999999,0.16378799999999999,0.49453999999999998,0.21010499999999999,0.012749999999999999,1034634,0.116616,0.16597500000000001,0.49821199999999999,0.20608099999999999,0.013117,725307,0.10215299999999999,0.13969500000000001,0.46038299999999999,0.26650499999999999,0.031264,405317,0.113812,0.156559,0.481904,0.22628000000000001,0.021444999999999999,295829,0.124903,0.171264,0.48790299999999998,0.20100100000000001,0.014928,151035,0.11351700000000001,0.138047,0.48267599999999999,0.23701800000000001,0.028742
34988,5889783,3277552,0.118821,0.163773,0.49453399999999997,0.210116,0.012756,1034653,0.116622,0.165959,0.49822699999999998,0.206069,0.013122999999999999,725390,0.102122,0.13972200000000001,0.46040900000000001,0.26648699999999997,0.031260000000000003,405314,0.113774,0.15651599999999999,0.48197000000000001,0.226267,0.021475000000000001,295849,0.124898,0.17129,0.487898,0.20094999999999999,0.014964,151025,0.11351799999999999,0.13814299999999999,0.482576,0.23699400000000001,0.02877
34989,5890029,3277699,0.11883199999999999,0.16376499999999999,0.49451600000000001,0.21012600000000001,0.012761,1034667,0.116621,0.165961,0.498228,0.20605799999999999,0.013133000000000001,725365,0.102127,0.13966500000000001,0.46044800000000002,0.26646900000000001,0.031292,405395,0.11372400000000001,0.15657099999999999,0.48199900000000001,0.22623599999999999,0.02147,295863,0.12486899999999999,0.171295,0.48794199999999999,0.20092699999999999,0.014966,151040,0.113414,0.13825499999999999,0.48255399999999998,0.236984,0.028794
34990,5890265,3277797,0.118828,0.16375200000000001,0.49451600000000001,0.21013699999999999,0.012767000000000001,1034702,0.11662599999999999,0.16595399999999999,0.49823200000000001,0.20604800000000001,0.013140000000000001,725424,0.102144,0.13967599999999999,0.46044400000000002,0.26643299999999998,0.031302999999999997,405426,0.113715,0.156556,0.48200399999999999,0.22625300000000001,0.021471000000000001,295873,0.12485400000000001,0.171236,0.48798599999999998,0.20095399999999999,0.014969,151043,0.113445,0.13827900000000001,0.48246499999999998,0.23703199999999999,0.02878
34991,5890486,3277925,0.11883000000000001,0.163743,0.49450100000000002,0.210151,0.012775999999999999,1034771,0.116592,0.16597100000000001,0.498253,0.206036,0.013148,725402,0.102142,0.139649,0.46044499999999999,0.26644299999999999,0.031321000000000002,405433,0.113718,0.156615,0.48200300000000001,0.22619300000000001,0.021471000000000001,295911,0.12481100000000001,0.17124700000000001,0.488039,0.20092499999999999,0.014977000000000001,151044,0.113437,0.13833699999999999,0.48242200000000002,0.23705000000000001,0.028753000000000001
34992,5890694,3278013,0.11882,0.163742,0.49448999999999999,0.21016499999999999,0.012782999999999999,1034814,0.11658499999999999,0.16597899999999999,0.498247,0.206036,0.013153,725425,0.102146,0.13964499999999999,0.46043400000000001,0.26643299999999998,0.031343000000000003,405457,0.11368200000000001,0.156608,0.48207100000000003,0.226184,0.021454999999999998,295926,0.12479800000000001,0.171269,0.48803400000000002,0.200929,0.014970000000000001,151059,0.11351899999999999,0.13833000000000001,0.48228199999999999,0.237152,0.028716999999999999
34993,5890936,3278175,0.11882,0.163743,0.49448900000000001,0.21016199999999999,0.012786,1034824,0.116601,0.16598299999999999,0.49821100000000001,0.20604600000000001,0.013159000000000001,725523,0.102147,0.13966100000000001,0.46038000000000001,0.26646599999999998,0.031347,405469,0.113646,0.156579,0.48217700000000002,0.22611800000000001,0.021479000000000002,295938,0.124766,0.171232,0.48799100000000001,0.20102200000000001,0.01499,151007,0.113591,0.13822499999999999,0.48232900000000001,0.23716100000000001,0.028694000000000001
34994,5891201,3278383,0.11880300000000001,0.16375000000000001,0.49449100000000001,0.21016099999999999,0.012795000000000001,1034857,0.11661100000000001,0.165992,0.49818499999999999,0.206042,0.013169999999999999,725519,0.102142,0.139655,0.46038800000000002,0.26647500000000002,0.03134,405509,0.113647,0.156581,0.48212500000000003,0.22615499999999999,0.021492000000000001,295942,0.124778,0.171233,0.48793999999999998,0.201046,0.015003000000000001,150991,0.11366900000000001,0.13825999999999999,0.48227399999999998,0.23710700000000001,0.02869
34995,5891447,3278531,0.118796,0.16374900000000001,0.49448599999999998,0.21016699999999999,0.012801999999999999,1034923,0.11662500000000001,0.16597500000000001,0.49818299999999999,0.206041,0.013176,725556,0.102182,0.139656,0.46038600000000002,0.26642199999999999,0.031354,405534,0.113623,0.156586,0.48213499999999998,0.22614899999999999,0.021506999999999998,295936,0.12476,0.17120299999999999,0.48798399999999997,0.20105400000000001,0.014999999999999999,150967,0.113707,0.13820199999999999,0.48223100000000002,0.23719100000000001,0.028669
34996,5891679,3278641,0.11878900000000001,0.16374900000000001,0.49447400000000002,0.21018300000000001,0.012805,1034987,0.116606,0.16597100000000001,0.49817699999999998,0.20605999999999999,0.013186,725595,0.102191,0.13963999999999999,0.46039600000000003,0.26641199999999998,0.031362000000000001,405546,0.113634,0.15659400000000001,0.48214800000000002,0.226103,0.021521999999999999,295967,0.124774,0.17118800000000001,0.48800700000000002,0.201016,0.015015000000000001,150943,0.113619,0.13827700000000001,0.48225499999999999,0.23716200000000001,0.028686
34997,5891912,3278810,0.11879199999999999,0.16375899999999999,0.49446099999999998,0.21018200000000001,0.012807000000000001,1035002,0.116607,0.165966,0.49815700000000002,0.20607900000000001,0.013192000000000001,725557,0.102188,0.13963800000000001,0.46038299999999999,0.26640599999999998,0.031385999999999997,405602,0.113577,0.156552,0.48220200000000002,0.226135,0.021533,295977,0.12479,0.171182,0.48798000000000002,0.201019,0.015028,150964,0.113597,0.138238,0.48224099999999998,0.23726800000000001,0.028656000000000001
34998,5892129,3278864,0.118794,0.163746,0.49446699999999999,0.210177,0.012815,1035047,0.116602,0.16597200000000001,0.49815199999999998,0.206066,0.013207,725595,0.102175,0.139627,0.46039200000000002,0.266428,0.031377000000000002,405659,0.113514,0.156585,0.48219099999999998,0.226163,0.021548000000000001,295999,0.124794,0.17119999999999999,0.48795100000000002,0.200984,0.015070999999999999,150965,0.113649,0.138264,0.48215799999999998,0.23724700000000001,0.028681999999999999
34999,5892404,3278917,0.118796,0.163745,0.49445800000000001,0.210179,0.012822,1035123,0.116605,0.165962,0.49813499999999999,0.20608799999999999,0.013211000000000001,725634,0.102162,0.139678,0.46039600000000003,0.26636599999999999,0.031399000000000003,405717,0.11353199999999999,0.15659699999999999,0.48213899999999998,0.226192,0.02154,296044,0.12482600000000001,0.17113300000000001,0.487927,0.20103799999999999,0.015075,150969,0.113659,0.138181,0.48227799999999998,0.23721400000000001,0.028667999999999999
35000,5892626,3279039,0.118783,0.16374900000000001,0.49445499999999998,0.21018800000000001,0.012825,1035191,0.116614,0.165966,0.49811299999999997,0.206091,0.013214999999999999,725625,0.102164,0.13969599999999999,0.46037099999999997,0.26634999999999998,0.031418000000000001,405736,0.113493,0.15651100000000001,0.48222700000000002,0.22622600000000001,0.021544000000000001,296064,0.12478,0.171186,0.48789100000000002,0.201048,0.015095000000000001,150971,0.113783,0.138159,0.48220499999999999,0.23721100000000001,0.028641
35001,5892848,3279165,0.11877799999999999,0.163739,0.49444700000000003,0.210207,0.012829999999999999,1035237,0.11659600000000001,0.16595799999999999,0.498114,0.20610600000000001,0.013225000000000001,725595,0.102149,0.13971800000000001,0.46038800000000002,0.26631100000000002,0.031433999999999997,405756,0.113482,0.15657199999999999,0.48222100000000001,0.22620000000000001,0.021524999999999999,296085,0.124863,0.17116000000000001,0.48784,0.20102,0.015117,151010,0.113761,0.13814299999999999,0.48225299999999999,0.237183,0.028660000000000001
35002,5893074,3279274,0.11877500000000001,0.16374900000000001,0.49443500000000001,0.21020800000000001,0.012832,1035267,0.116608,0.16594400000000001,0.49811899999999998,0.20610200000000001,0.013228,725544,0.102128,0.139706,0.46042300000000003,0.26628299999999999,0.031461000000000003,405823,0.113436,0.15659799999999999,0.48215599999999997,0.226298,0.021512,296115,0.124816,0.17113600000000001,0.487898,0.20102999999999999,0.015119,151051,0.113736,0.138152,0.48220800000000003,0.23721800000000001,0.028686
35003,5893309,3279419,0.118766,0.16375300000000001,0.49442599999999998,0.21021300000000001,0.012841999999999999,1035284,0.116586,0.165961,0.49811299999999997,0.20610700000000001,0.013233,725576,0.102104,0.13972899999999999,0.460401,0.26629999999999998,0.031466000000000001,405840,0.113444,0.156586,0.48219699999999999,0.226269,0.021503999999999999,296123,0.12486700000000001,0.17113200000000001,0.48789900000000003,0.20096700000000001,0.015136,151067,0.11383,0.138071,0.48216999999999999,0.237266,0.028663000000000001
35004,5893513,3279579,0.118755,0.16375500000000001,0.49442900000000001,0.21021400000000001,0.012846,1035307,0.11658200000000001,0.16594400000000001,0.49812299999999998,0.20611699999999999,0.013235,725552,0.102077,0.13975199999999999,0.46036500000000002,0.26632,0.031486,405848,0.11347400000000001,0.15656100000000001,0.48219000000000001,0.22626499999999999,0.021510999999999999,296135,0.124862,0.171128,0.48788599999999999,0.200989,0.015134999999999999,151092,0.113811,0.13805500000000001,0.48203699999999999,0.23741799999999999,0.028677999999999999
35005,5893726,3279731,0.118732,0.16375600000000001,0.49443199999999998,0.210228,0.012851,1035345,0.116579,0.165932,0.49812299999999998,0.20612,0.013247,725531,0.102099,0.139791,0.460339,0.26627400000000001,0.031496999999999997,405887,0.113453,0.15654599999999999,0.48218100000000003,0.226299,0.021520999999999998,296129,0.124919,0.171128,0.487821,0.20099700000000001,0.015134999999999999,151103,0.11384900000000001,0.13802500000000001,0.48204900000000001,0.23735500000000001,0.028722000000000001
35006,5893924,3279756,0.11873300000000001,0.16375000000000001,0.49443700000000002,0.210226,0.012853,1035424,0.116562,0.16594200000000001,0.49812299999999998,0.20611699999999999,0.013256,725524,0.102103,0.139736,0.46038000000000001,0.26628099999999999,0.0315,405916,0.11340799999999999,0.15661600000000001,0.48213400000000001,0.226298,0.021544000000000001,296153,0.12490800000000001,0.17119899999999999,0.48774800000000001,0.201011,0.015134,151151,0.113913,0.13803399999999999,0.48188900000000001,0.237425,0.028739000000000001
35007,5894165,3279936,0.11873300000000001,0.163747,0.49443999999999999,0.21022199999999999,0.012858,1035469,0.116564,0.16594200000000001,0.49809599999999998,0.20613699999999999,0.013261999999999999,725579,0.102105,0.13975599999999999,0.46035799999999999,0.26626899999999998,0.031512999999999999,405916,0.113371,0.15665599999999999,0.48210700000000001,0.22634199999999999,0.021524000000000001,296167,0.124913,0.17116000000000001,0.487759,0.201015,0.015154000000000001,151098,0.11388,0.13799700000000001,0.48182599999999998,0.237568,0.028729999999999999
35008,5894379,3280089,0.11873,0.16373699999999999,0.49444100000000002,0.21023,0.012862,1035483,0.11656,0.165933,0.49809900000000001,0.20614099999999999,0.013266,725596,0.102093,0.139762,0.46039799999999997,0.266235,0.031511999999999998,405897,0.11336400000000001,0.15668499999999999,0.48206599999999999,0.22636000000000001,0.021524999999999999,296175,0.12490900000000001,0.17119899999999999,0.48773899999999998,0.200986,0.015167,151139,0.113869,0.138012,0.48173500000000002,0.237622,0.028761999999999999
35009,5894605,3280115,0.118731,0.16373399999999999,0.49444700000000003,0.21021599999999999,0.012872,1035508,0.116552,0.16594300000000001,0.49809700000000001,0.20614199999999999,0.013266,725671,0.10211199999999999,0.13977000000000001,0.46033800000000002,0.266264,0.031516000000000002,405990,0.113289,0.15673300000000001,0.48201899999999998,0.22642399999999999,0.021534999999999999,296189,0.124893,0.17119799999999999,0.487736,0.20100299999999999,0.015169,151132,0.11393399999999999,0.13793900000000001,0.48163899999999998,0.23769899999999999,0.028788999999999999
35010,5894866,3280279,0.118741,0.163717,0.49444399999999999,0.21022099999999999,0.012878000000000001,1035550,0.116547,0.16595199999999999,0.49808599999999997,0.20614399999999999,0.013271,725733,0.10209699999999999,0.13978299999999999,0.46035399999999999,0.26625900000000002,0.031507,405965,0.113278,0.15673999999999999,0.48198200000000002,0.22644800000000001,0.021551000000000001,296217,0.124865,0.17122200000000001,0.48776700000000001,0.20097799999999999,0.015167999999999999,151122,0.113895,0.13795499999999999,0.481545,0.23777499999999999,0.028830999999999999
35011,5895122,3280404,0.11873400000000001,0.16372200000000001,0.49442399999999997,0.21023500000000001,0.012886,1035608,0.116551,0.16594200000000001,0.498085,0.206147,0.013275,725779,0.102115,0.13977700000000001,0.46038699999999999,0.26621699999999998,0.031503999999999997,406006,0.113264,0.15670700000000001,0.48198800000000003,0.22648199999999999,0.021558999999999998,296248,0.124845,0.17122799999999999,0.48776399999999998,0.200984,0.015180000000000001,151077,0.113968,0.13789699999999999,0.481516,0.237786,0.028833000000000001
35012,5895327,3280542,0.11873400000000001,0.16372700000000001,0.49441000000000002,0.21023600000000001,0.012893,1035626,0.11652700000000001,0.16592999999999999,0.49809399999999998,0.20616399999999999,0.013285999999999999,725759,0.102132,0.13975399999999999,0.46035799999999999,0.266239,0.031517000000000003,406051,0.113259,0.156692,0.482043,0.22647600000000001,0.021529,296230,0.12483900000000001,0.17124500000000001,0.48772900000000002,0.20099900000000001,0.015188,151119,0.113943,0.13788500000000001,0.48164699999999999,0.23766699999999999,0.028858000000000002
35013,5895550,3280747,0.11872199999999999,0.163745,0.49439899999999998,0.21023600000000001,0.012898,1035681,0.11652899999999999,0.16592299999999999,0.49809300000000001,0.20616200000000001,0.013294,725742,0.10213,0.13972000000000001,0.46039099999999999,0.26622400000000002,0.031535000000000001,406050,0.113264,0.156668,0.48200700000000002,0.226516,0.021544000000000001,296243,0.12485,0.17122799999999999,0.48774800000000001,0.200963,0.01521,151087,0.113928,0.13789399999999999,0.48165599999999997,0.237645,0.028877
35014,5895736,3280848,0.11870799999999999,0.16375799999999999,0.494394,0.21023500000000001,0.012905,1035680,0.116534,0.165906,0.49809599999999998,0.20616100000000001,0.013302,725760,0.102115,0.13971600000000001,0.46037099999999997,0.26625100000000002,0.031548,406114,0.113215,0.156749,0.48196299999999997,0.22651499999999999,0.021558000000000001,296255,0.124859,0.17119699999999999,0.48776199999999997,0.20097599999999999,0.015206000000000001,151079,0.11394,0.137882,0.48177399999999998,0.23751800000000001,0.028885999999999998
35015,5895953,3280973,0.11871,0.16375500000000001,0.49439499999999997,0.21023500000000001,0.012905,1035703,0.116507,0.165931,0.49810199999999999,0.206152,0.013308,725795,0.102131,0.13970199999999999,0.46031,0.26629999999999998,0.031557000000000002,406092,0.11317099999999999,0.15679699999999999,0.48195199999999999,0.22651499999999999,0.021564,296280,0.124838,0.17116899999999999,0.48775499999999999,0.20102300000000001,0.015214999999999999,151110,0.113924,0.13782700000000001,0.48186800000000002,0.237483,0.028899000000000001
35016,5896183,3281136,0.118699,0.16376199999999999,0.49438500000000002,0.21024000000000001,0.012914,1035737,0.116505,0.165913,0.49811100000000003,0.20615600000000001,0.013315,725778,0.102115,0.13968900000000001,0.46034900000000001,0.266262,0.031585000000000002,406115,0.11322400000000001,0.15679799999999999,0.48193999999999998,0.22648799999999999,0.021551000000000001,296309,0.124819,0.17119599999999999,0.487734,0.20105000000000001,0.0152,151108,0.113985,0.13778899999999999,0.48176799999999997,0.237539,0.028920000000000001
35017,5896441,3281314,0.118702,0.163768,0.49437500000000001,0.21023800000000001,0.012918000000000001,1035760,0.116496,0.165906,0.49811899999999998,0.20615800000000001,0.013321,725771,0.10211199999999999,0.13966100000000001,0.46032600000000001,0.26630199999999998,0.031599000000000002,406166,0.113249,0.15682499999999999,0.48191099999999998,0.22644700000000001,0.021568,296297,0.124821,0.17119300000000001,0.487707,0.20109199999999999,0.015187000000000001,151133,0.11391999999999999,0.137879,0.48178799999999999,0.23751900000000001,0.028895000000000001
35018,5896692,3281335,0.11869399999999999,0.16377900000000001,0.49437900000000001,0.210225,0.012921999999999999,1035840,0.116476,0.165883,0.49814000000000003,0.20618,0.013322000000000001,725868,0.102156,0.13969899999999999,0.46025700000000003,0.26629399999999998,0.031593999999999997,406172,0.113257,0.15673899999999999,0.48193399999999997,0.22647100000000001,0.021599,296351,0.124845,0.17117499999999999,0.48763499999999999,0.20115,0.015195,151126,0.11391800000000001,0.13789199999999999,0.48170400000000002,0.237596,0.028889999999999999
35019,5896943,3281533,0.118691,0.163774,0.49437500000000001,0.210232,0.012926999999999999,1035887,0.11645999999999999,0.165877,0.49815399999999999,0.20618,0.01333,725890,0.10218099999999999,0.13966000000000001,0.46020499999999998,0.266345,0.031608999999999998,406144,0.11328000000000001,0.156725,0.48196499999999998,0.22641500000000001,0.021614999999999999,296400,0.124835,0.17114699999999999,0.48765199999999997,0.20116100000000001,0.015206000000000001,151089,0.11388,0.13797200000000001,0.48172900000000002,0.23755499999999999,0.028864000000000001
35020,5897144,3281634,0.118671,0.16378999999999999,0.494367,0.21024100000000001,0.012931,1035877,0.116475,0.16585,0.49815199999999998,0.20618600000000001,0.013337,725927,0.10216,0.139678,0.46018500000000001,0.26635599999999998,0.031620000000000002,406179,0.11326,0.15672900000000001,0.48192499999999999,0.226464,0.021621000000000001,296400,0.124872,0.17113400000000001,0.48765199999999997,0.20113700000000001,0.015206000000000001,151127,0.113937,0.13791,0.48178700000000002,0.23752200000000001,0.028843000000000001
35021,5897367,3281803,0.11866599999999999,0.163794,0.494365,0.21024300000000001,0.012933,1035909,0.11647399999999999,0.16585,0.49813400000000002,0.20619999999999999,0.013344,725892,0.102147,0.13966300000000001,0.46016800000000002,0.26638000000000001,0.031642000000000003,406203,0.11326600000000001,0.15670000000000001,0.48193599999999998,0.226461,0.021637,296393,0.124851,0.171155,0.48766300000000001,0.201128,0.015203,151167,0.113828,0.13797999999999999,0.48181800000000002,0.23750599999999999,0.028868999999999999
35022,5897619,3281888,0.118656,0.16378799999999999,0.49435400000000002,0.21026500000000001,0.012936,1035983,0.116476,0.16584699999999999,0.49813299999999999,0.20619299999999999,0.013351999999999999,725917,0.10215399999999999,0.13965900000000001,0.46020100000000003,0.26633600000000002,0.031649999999999998,406278,0.11329400000000001,0.156691,0.48193599999999998,0.226411,0.021666999999999999,296373,0.124866,0.17115900000000001,0.48768899999999998,0.20108799999999999,0.015197,151180,0.113844,0.13802800000000001,0.481651,0.23757800000000001,0.028899000000000001
35023,5897835,3281906,0.118657,0.16379199999999999,0.49434,0.21027000000000001,0.012942,1036040,0.116464,0.16584699999999999,0.49812200000000001,0.206209,0.013358999999999999,726073,0.10215399999999999,0.139686,0.46018399999999998,0.26630799999999999,0.031669000000000003,406251,0.11323,0.15670600000000001,0.48201500000000003,0.22636300000000001,0.021686,296363,0.124817,0.171128,0.48777999999999999,0.20107800000000001,0.015198,151202,0.113834,0.13809299999999999,0.48158099999999998,0.23758299999999999,0.028908
35024,5898054,3282063,0.118658,0.16378599999999999,0.49434099999999997,0.21026400000000001,0.012951000000000001,1036058,0.116465,0.16583600000000001,0.49811899999999998,0.20621100000000001,0.013369000000000001,726056,0.10212300000000001,0.139677,0.46018100000000001,0.26635799999999998,0.031661000000000002,406286,0.113265,0.15667800000000001,0.48199500000000001,0.22634799999999999,0.021714000000000001,296383,0.124781,0.17113300000000001,0.487784,0.20110800000000001,0.015193,151208,0.11387,0.13802800000000001,0.48155500000000001,0.23761299999999999,0.028934000000000001
35025,5898247,3282177,0.118644,0.16378899999999999,0.49434600000000001,0.21026400000000001,0.012957,1036077,0.116494,0.165821,0.49811899999999998,0.206204,0.013362000000000001,726087,0.102121,0.13966000000000001,0.46016099999999999,0.26639000000000002,0.031668000000000002,406276,0.113292,0.15668399999999999,0.48194799999999999,0.22636300000000001,0.021711999999999999,296393,0.124777,0.171124,0.48775400000000002,0.201159,0.015186,151237,0.11394,0.137929,0.48156900000000002,0.23762,0.028941000000000001
35026,5898456,3282286,0.11865000000000001,0.163771,0.494336,0.21027699999999999,0.012966,1036135,0.116483,0.16580900000000001,0.498108,0.206231,0.013369000000000001,726128,0.10212499999999999,0.13967399999999999,0.46014899999999997,0.26639000000000002,0.031662000000000003,406247,0.113244,0.15670500000000001,0.48199700000000001,0.22634000000000001,0.021713,296405,0.12475799999999999,0.17114399999999999,0.48771100000000001,0.20118800000000001,0.015199000000000001,151255,0.11394700000000001,0.138045,0.481458,0.23755200000000001,0.028996999999999998
35027,5898699,3282477,0.118645,0.16375700000000001,0.49434099999999997,0.210288,0.012969,1036150,0.116479,0.16580400000000001,0.49808999999999998,0.20625299999999999,0.013374,726154,0.102122,0.139705,0.46015,0.26634400000000003,0.031678999999999999,406232,0.11329,0.15667200000000001,0.48198600000000003,0.226329,0.021724,296422,0.12471699999999999,0.17114099999999999,0.487784,0.20117599999999999,0.015181,151264,0.11391999999999999,0.13807,0.48137000000000002,0.23760400000000001,0.029034999999999998
35028,5898932,3282611,0.118644,0.163744,0.49434699999999998,0.21029100000000001,0.012975,1036204,0.11648699999999999,0.165801,0.49807400000000002,0.20625299999999999,0.013384999999999999,726220,0.1021,0.13972499999999999,0.460117,0.26638899999999999,0.031669000000000003,406220,0.113313,0.156669,0.48200500000000002,0.226274,0.021739000000000001,296399,0.12470000000000001,0.171178,0.48780899999999999,0.20111100000000001,0.015202,151278,0.113903,0.13816300000000001,0.48122700000000002,0.237622,0.029086000000000001
35029,5899179,3282814,0.118635,0.16374900000000001,0.494338,0.21029900000000001,0.012978999999999999,1036215,0.116464,0.16580400000000001,0.49807000000000001,0.206265,0.013396,726248,0.102115,0.13970399999999999,0.460092,0.26641199999999998,0.031676999999999997,406232,0.11339100000000001,0.15667600000000001,0.48193399999999997,0.226245,0.021753999999999999,296406,0.124667,0.17119799999999999,0.48788100000000001,0.20103499999999999,0.015219,151264,0.1139,0.13822899999999999,0.48104599999999997,0.237737,0.029087999999999999
35030,5899420,3283018,0.11863600000000001,0.163747,0.49433300000000002,0.21029900000000001,0.012985,1036237,0.116464,0.165793,0.49806400000000001,0.20627300000000001,0.013406,726255,0.102099,0.139685,0.46010400000000001,0.266428,0.031683000000000003,406244,0.113385,0.15662999999999999,0.481964,0.22622600000000001,0.021794999999999998,296399,0.124636,0.17122200000000001,0.48789300000000002,0.20103299999999999,0.015216,151267,0.113944,0.13827900000000001,0.48099700000000001,0.23769899999999999,0.029080999999999999
35031,5899638,3283138,0.118632,0.16373099999999999,0.49433199999999999,0.210314,0.012992,1036271,0.116456,0.16580400000000001,0.49804300000000001,0.20628299999999999,0.013413,726309,0.102122,0.13969500000000001,0.46005600000000002,0.26644600000000002,0.031681000000000001,406247,0.113347,0.156666,0.48197499999999999,0.22620699999999999,0.021804,296414,0.124626,0.171264,0.48789500000000002,0.20099600000000001,0.015219,151259,0.113917,0.13829900000000001,0.48108899999999999,0.237592,0.029101999999999999
35032,5899873,3283205,0.118619,0.163739,0.49433300000000002,0.210316,0.012992999999999999,1036312,0.116466,0.165795,0.49803700000000001,0.206285,0.013417,726360,0.102174,0.139653,0.460003,0.266482,0.031688000000000001,406278,0.11332399999999999,0.15670300000000001,0.48191899999999999,0.226242,0.021812999999999999,296457,0.12461800000000001,0.17127899999999999,0.48785499999999998,0.201014,0.015233,151261,0.113955,0.138291,0.48113499999999998,0.237457,0.029162
35033,5900108,3283268,0.118615,0.16373199999999999,0.49433199999999999,0.21032500000000001,0.012996000000000001,1036345,0.116461,0.16580400000000001,0.49801299999999998,0.20630100000000001,0.013421000000000001,726433,0.102176,0.13963600000000001,0.46001399999999998,0.266484,0.031690000000000003,406315,0.11332100000000001,0.156723,0.48188700000000001,0.226243,0.021825000000000001,296492,0.12461700000000001,0.171296,0.48784100000000002,0.20102100000000001,0.015225000000000001,151255,0.11396000000000001,0.13831599999999999,0.481207,0.237348,0.029169
35034,5900346,3283383,0.11862499999999999,0.16373099999999999,0.49432100000000001,0.21032400000000001,0.012999,1036365,0.116467,0.16577800000000001,0.49801899999999999,0.206315,0.013422,726475,0.10213999999999999,0.1396,0.460032,0.26652900000000002,0.031697999999999997,406370,0.11333799999999999,0.15678300000000001,0.48184900000000003,0.22620299999999999,0.021826999999999999,296509,0.124573,0.17127999999999999,0.48791400000000001,0.200992,0.015240999999999999,151244,0.113942,0.13839199999999999,0.481097,0.23733799999999999,0.029231
35035,5900587,3283552,0.118615,0.16372700000000001,0.49430800000000003,0.210344,0.013004999999999999,1036368,0.116479,0.16577700000000001,0.49798799999999999,0.20633099999999999,0.013424999999999999,726513,0.102173,0.13959299999999999,0.460061,0.26645099999999999,0.031723000000000001,406378,0.113306,0.15678500000000001,0.48184199999999999,0.22622999999999999,0.021836999999999999,296528,0.124572,0.17128599999999999,0.48790299999999998,0.20100999999999999,0.01523,151248,0.113925,0.138375,0.48118300000000003,0.237286,0.029229999999999999
35036,5900789,3283558,0.118602,0.16372400000000001,0.49430099999999999,0.21036099999999999,0.013011999999999999,1036397,0.11648,0.165774,0.49797400000000003,0.206342,0.013429,726490,0.102178,0.13955999999999999,0.46007199999999998,0.26645400000000002,0.031736,406420,0.11333799999999999,0.15683800000000001,0.48180200000000001,0.226163,0.021859,296573,0.124566,0.17133699999999999,0.48782300000000001,0.20105000000000001,0.015224,151351,0.11394,0.138433,0.481213,0.237177,0.029236999999999999
35037,5900984,3283628,0.11859,0.16374,0.494286,0.210365,0.013018999999999999,1036442,0.116479,0.16576299999999999,0.49798799999999999,0.20633299999999999,0.013436,726523,0.10222000000000001,0.13953699999999999,0.46005699999999999,0.26644400000000001,0.031741999999999999,406458,0.113316,0.15678900000000001,0.48182599999999998,0.22619800000000001,0.021871999999999999,296590,0.124515,0.171344,0.48782199999999998,0.20108899999999999,0.01523,151343,0.113953,0.13842699999999999,0.48129699999999997,0.237091,0.029232000000000001
35038,5901192,3283867,0.11859,0.163747,0.494257,0.21038200000000001,0.013024000000000001,1036494,0.116479,0.16575599999999999,0.49798599999999998,0.20633599999999999,0.013443,726446,0.102198,0.13958799999999999,0.460059,0.266405,0.03175,406463,0.113376,0.156664,0.48189900000000002,0.22616600000000001,0.021895999999999999,296591,0.124454,0.17133999999999999,0.48784699999999998,0.201122,0.015236,151331,0.11386300000000001,0.138485,0.48134199999999999,0.23705699999999999,0.029253999999999999
35039,5901412,3284017,0.118586,0.16375799999999999,0.49424600000000002,0.21038399999999999,0.013027,1036523,0.11647399999999999,0.16573299999999999,0.498,0.206346,0.013448,726424,0.102201,0.13960700000000001,0.46001399999999998,0.26641900000000002,0.031759999999999997,406542,0.113403,0.15664600000000001,0.48192299999999999,0.22611400000000001,0.021913999999999999,296575,0.12446400000000001,0.17133300000000001,0.487813,0.201123,0.015268,151331,0.113896,0.13847100000000001,0.48121000000000003,0.23716899999999999,0.029253999999999999
