bacteria,drug,resistance_representable,positive_effect_mechanisms
acinetobacter_baumannii,sulfanilamide,false,
acinetobacter_baumannii,penicillin_g,false,
acinetobacter_baumannii,ampicillin,false,
acinetobacter_baumannii,amoxicillin,false,
acinetobacter_baumannii,piperacillin,true,enzyme_esbl_ctx_m;enzyme_esbl_tem;enzyme_esbl_shv;enzyme_kpc;enzyme_ndm_vim;enzyme_oxa_48;enzyme_ampc_cmy;enzyme_ampc_dha;mutation_ampc_derepression;mutation_pbp_mosaic
acinetobacter_baumannii,ticarcillin,true,enzyme_esbl_ctx_m;enzyme_esbl_tem;enzyme_esbl_shv;enzyme_kpc;enzyme_ndm_vim;enzyme_oxa_48;enzyme_ampc_cmy;enzyme_ampc_dha;mutation_ampc_derepression;mutation_pbp_mosaic
acinetobacter_baumannii,cephalexin,false,
acinetobacter_baumannii,cefazolin,false,
acinetobacter_baumannii,cefuroxime,false,
acinetobacter_baumannii,ceftriaxone,false,
acinetobacter_baumannii,ceftazidime,true,enzyme_esbl_ctx_m;enzyme_esbl_tem;enzyme_esbl_shv;enzyme_kpc;enzyme_ndm_vim;enzyme_oxa_48;enzyme_ampc_cmy;enzyme_ampc_dha;mutation_ampc_derepression;enzyme_oxa_acinetobacter;mutation_pbp_mosaic
acinetobacter_baumannii,cefepime,true,enzyme_esbl_ctx_m;enzyme_esbl_tem;enzyme_esbl_shv;enzyme_kpc;enzyme_ndm_vim;enzyme_oxa_48;enzyme_ampc_cmy;enzyme_ampc_dha;mutation_ampc_derepression;enzyme_oxa_acinetobacter;mutation_pbp_mosaic
acinetobacter_baumannii,ceftaroline,false,
acinetobacter_baumannii,ceftolozane_tazobactam,false,
acinetobacter_baumannii,cefiderocol,false,
acinetobacter_baumannii,meropenem,true,enzyme_kpc;enzyme_ndm_vim;enzyme_oxa_48;enzyme_oxa_acinetobacter
acinetobacter_baumannii,imipenem_c,true,enzyme_kpc;enzyme_ndm_vim;enzyme_oxa_48;enzyme_oxa_acinetobacter
acinetobacter_baumannii,ertapenem,false,
acinetobacter_baumannii,aztreonam,false,
acinetobacter_baumannii,erythromycin,false,
acinetobacter_baumannii,azithromycin,false,
acinetobacter_baumannii,clarithromycin,false,
acinetobacter_baumannii,clindamycin,false,
acinetobacter_baumannii,gentamicin,true,enzyme_16s_rrmt;efflux_mexxy_oprm;enzyme_aac_aph
acinetobacter_baumannii,tobramycin,true,enzyme_16s_rrmt;efflux_mexxy_oprm;enzyme_aac_aph
acinetobacter_baumannii,amikacin,true,enzyme_16s_rrmt;efflux_mexxy_oprm;enzyme_aac_aph
acinetobacter_baumannii,ciprofloxacin,true,mutation_gyra_primary;mutation_gyra_parc_secondary;protection_qnr;efflux_acrab_tolc;efflux_mexxy_oprm;global_efflux_pump
acinetobacter_baumannii,levofloxacin,true,mutation_gyra_parc_secondary;protection_qnr
acinetobacter_baumannii,moxifloxacin,true,mutation_gyra_parc_secondary;protection_qnr
acinetobacter_baumannii,ofloxacin,true,mutation_gyra_primary;mutation_gyra_parc_secondary;protection_qnr
acinetobacter_baumannii,tetracycline,false,
acinetobacter_baumannii,doxycycline,true,efflux_acrab_tolc;efflux_mexxy_oprm;global_efflux_pump;protection_tet_m;efflux_tet_abc
acinetobacter_baumannii,minocycline,true,efflux_acrab_tolc;efflux_mexxy_oprm;global_efflux_pump;protection_tet_m
acinetobacter_baumannii,tigecycline,true,efflux_acrab_tolc;global_efflux_pump
acinetobacter_baumannii,vancomycin,false,
acinetobacter_baumannii,teicoplanin,false,
acinetobacter_baumannii,dalbavancin,false,
acinetobacter_baumannii,linezolid,false,
acinetobacter_baumannii,tedizolid,false,
acinetobacter_baumannii,daptomycin,false,
acinetobacter_baumannii,quinu_dalfo,false,
acinetobacter_baumannii,trim_sulf,true,mutation_folate_pathway
acinetobacter_baumannii,chloramphenicol,true,enzyme_cat;efflux_acrab_tolc;efflux_mexxy_oprm;global_efflux_pump
acinetobacter_baumannii,nitrofurantoin,false,
acinetobacter_baumannii,fosfomycin,true,enzyme_fos
acinetobacter_baumannii,retapamulin,false,
acinetobacter_baumannii,fusidic_a,false,
acinetobacter_baumannii,metronidazole,false,
acinetobacter_baumannii,fidaxomicin,false,
acinetobacter_baumannii,furazolidone,false,
acinetobacter_baumannii,rifampicin,true,mutation_rpo_b
acinetobacter_baumannii,amoxicillin_clavulanate,false,
acinetobacter_baumannii,piperacillin_tazobactam,true,enzyme_kpc;enzyme_ndm_vim;enzyme_oxa_48;enzyme_ampc_cmy;enzyme_ampc_dha;mutation_ampc_derepression;mutation_pbp_mosaic
acinetobacter_baumannii,ampicillin_sulbactam,true,enzyme_kpc;enzyme_ndm_vim;enzyme_oxa_48;enzyme_ampc_cmy;enzyme_ampc_dha;mutation_ampc_derepression;mutation_pbp_mosaic
acinetobacter_baumannii,ticarcillin_clavulanate,true,enzyme_kpc;enzyme_ndm_vim;enzyme_oxa_48;enzyme_ampc_cmy;enzyme_ampc_dha;mutation_ampc_derepression;mutation_pbp_mosaic
acinetobacter_baumannii,ceftazidime_avibactam,true,enzyme_kpc;enzyme_ndm_vim;enzyme_oxa_48;enzyme_oxa_acinetobacter;mutation_pbp_mosaic
acinetobacter_baumannii,meropenem_vaborbactam,true,enzyme_kpc;enzyme_ndm_vim;enzyme_oxa_48
acinetobacter_baumannii,colistin,true,modification_mcr_1;mutation_polymyxin_regulatory
acinetobacter_baumannii,flucloxacillin,false,
acinetobacter_baumannii,aztreonam_avibactam,false,
acinetobacter_baumannii,cefixime,false,
acinetobacter_baumannii,nalidixic_acid,false,
citrobacter_spp.,sulfanilamide,true,mutation_folate_pathway
citrobacter_spp.,penicillin_g,false,
citrobacter_spp.,ampicillin,false,
citrobacter_spp.,amoxicillin,false,
citrobacter_spp.,piperacillin,true,enzyme_esbl_ctx_m;enzyme_esbl_tem;enzyme_esbl_shv;enzyme_kpc;enzyme_ndm_vim;enzyme_oxa_48;enzyme_ampc_cmy;enzyme_ampc_dha;mutation_ampc_derepression;enzyme_narrow_spectrum_gram_negative_penicillinase;mutation_pbp_mosaic
citrobacter_spp.,ticarcillin,true,enzyme_esbl_ctx_m;enzyme_esbl_tem;enzyme_esbl_shv;enzyme_kpc;enzyme_ndm_vim;enzyme_oxa_48;enzyme_ampc_cmy;enzyme_ampc_dha;mutation_ampc_derepression;enzyme_narrow_spectrum_gram_negative_penicillinase;mutation_pbp_mosaic
citrobacter_spp.,cephalexin,false,
citrobacter_spp.,cefazolin,false,
citrobacter_spp.,cefuroxime,true,enzyme_esbl_ctx_m;enzyme_esbl_tem;enzyme_esbl_shv;enzyme_kpc;enzyme_ndm_vim;enzyme_oxa_48;enzyme_ampc_cmy;enzyme_ampc_dha;mutation_ampc_derepression;mutation_pbp_mosaic
citrobacter_spp.,ceftriaxone,true,enzyme_esbl_ctx_m;enzyme_esbl_tem;enzyme_esbl_shv;enzyme_kpc;enzyme_ndm_vim;enzyme_oxa_48;enzyme_ampc_cmy;enzyme_ampc_dha;mutation_ampc_derepression;mutation_pbp_mosaic
citrobacter_spp.,ceftazidime,true,enzyme_esbl_ctx_m;enzyme_esbl_tem;enzyme_esbl_shv;enzyme_kpc;enzyme_ndm_vim;enzyme_oxa_48;enzyme_ampc_cmy;enzyme_ampc_dha;mutation_ampc_derepression;mutation_pbp_mosaic
citrobacter_spp.,cefepime,true,enzyme_esbl_ctx_m;enzyme_esbl_tem;enzyme_esbl_shv;enzyme_kpc;enzyme_ndm_vim;enzyme_oxa_48;enzyme_ampc_cmy;enzyme_ampc_dha;mutation_ampc_derepression;mutation_pbp_mosaic
citrobacter_spp.,ceftaroline,false,
citrobacter_spp.,ceftolozane_tazobactam,true,enzyme_kpc;enzyme_ndm_vim;enzyme_ampc_cmy;enzyme_ampc_dha;mutation_ampc_derepression;mutation_pbp_mosaic
citrobacter_spp.,cefiderocol,false,
citrobacter_spp.,meropenem,true,enzyme_kpc;enzyme_ndm_vim;enzyme_oxa_48
citrobacter_spp.,imipenem_c,true,enzyme_kpc;enzyme_ndm_vim;enzyme_oxa_48
citrobacter_spp.,ertapenem,true,enzyme_kpc;enzyme_ndm_vim;enzyme_oxa_48
citrobacter_spp.,aztreonam,true,enzyme_esbl_ctx_m;enzyme_esbl_tem;enzyme_esbl_shv;enzyme_kpc;enzyme_ampc_cmy;enzyme_ampc_dha;mutation_ampc_derepression;mutation_pbp_mosaic
citrobacter_spp.,erythromycin,false,
citrobacter_spp.,azithromycin,false,
citrobacter_spp.,clarithromycin,false,
citrobacter_spp.,clindamycin,false,
citrobacter_spp.,gentamicin,true,enzyme_16s_rrmt;efflux_mexxy_oprm;enzyme_aac_aph
citrobacter_spp.,tobramycin,true,enzyme_16s_rrmt;efflux_mexxy_oprm;enzyme_aac_aph
citrobacter_spp.,amikacin,true,enzyme_16s_rrmt;efflux_mexxy_oprm;enzyme_aac_aph
citrobacter_spp.,ciprofloxacin,true,mutation_gyra_primary;mutation_gyra_parc_secondary;protection_qnr;efflux_acrab_tolc;efflux_mexxy_oprm;global_efflux_pump
citrobacter_spp.,levofloxacin,true,mutation_gyra_parc_secondary;protection_qnr
citrobacter_spp.,moxifloxacin,true,mutation_gyra_parc_secondary;protection_qnr
citrobacter_spp.,ofloxacin,true,mutation_gyra_primary;mutation_gyra_parc_secondary;protection_qnr
citrobacter_spp.,tetracycline,true,efflux_acrab_tolc;efflux_mexxy_oprm;global_efflux_pump;protection_tet_m;efflux_tet_abc
citrobacter_spp.,doxycycline,true,efflux_acrab_tolc;efflux_mexxy_oprm;global_efflux_pump;protection_tet_m;efflux_tet_abc
citrobacter_spp.,minocycline,true,efflux_acrab_tolc;efflux_mexxy_oprm;global_efflux_pump;protection_tet_m
citrobacter_spp.,tigecycline,true,efflux_acrab_tolc;global_efflux_pump
citrobacter_spp.,vancomycin,false,
citrobacter_spp.,teicoplanin,false,
citrobacter_spp.,dalbavancin,false,
citrobacter_spp.,linezolid,false,
citrobacter_spp.,tedizolid,false,
citrobacter_spp.,daptomycin,false,
citrobacter_spp.,quinu_dalfo,false,
citrobacter_spp.,trim_sulf,true,mutation_folate_pathway
citrobacter_spp.,chloramphenicol,true,enzyme_cat;efflux_acrab_tolc;efflux_mexxy_oprm;global_efflux_pump
citrobacter_spp.,nitrofurantoin,true,mutation_nitroreductase
citrobacter_spp.,fosfomycin,true,enzyme_fos
citrobacter_spp.,retapamulin,false,
citrobacter_spp.,fusidic_a,false,
citrobacter_spp.,metronidazole,false,
citrobacter_spp.,fidaxomicin,false,
citrobacter_spp.,furazolidone,false,
citrobacter_spp.,rifampicin,true,mutation_rpo_b
citrobacter_spp.,amoxicillin_clavulanate,true,enzyme_kpc;enzyme_ndm_vim;enzyme_oxa_48;enzyme_ampc_cmy;enzyme_ampc_dha;mutation_ampc_derepression;mutation_pbp_mosaic
citrobacter_spp.,piperacillin_tazobactam,true,enzyme_kpc;enzyme_ndm_vim;enzyme_oxa_48;enzyme_ampc_cmy;enzyme_ampc_dha;mutation_ampc_derepression;mutation_pbp_mosaic
citrobacter_spp.,ampicillin_sulbactam,true,enzyme_kpc;enzyme_ndm_vim;enzyme_oxa_48;enzyme_ampc_cmy;enzyme_ampc_dha;mutation_ampc_derepression;mutation_pbp_mosaic
citrobacter_spp.,ticarcillin_clavulanate,true,enzyme_kpc;enzyme_ndm_vim;enzyme_oxa_48;enzyme_ampc_cmy;enzyme_ampc_dha;mutation_ampc_derepression;mutation_pbp_mosaic
citrobacter_spp.,ceftazidime_avibactam,true,enzyme_kpc;enzyme_ndm_vim;enzyme_oxa_48;mutation_pbp_mosaic
citrobacter_spp.,meropenem_vaborbactam,true,enzyme_kpc;enzyme_ndm_vim;enzyme_oxa_48
citrobacter_spp.,colistin,true,modification_mcr_1;mutation_polymyxin_regulatory
citrobacter_spp.,flucloxacillin,false,
citrobacter_spp.,aztreonam_avibactam,true,enzyme_kpc;enzyme_ndm_vim;enzyme_oxa_48;mutation_pbp_mosaic
citrobacter_spp.,cefixime,true,enzyme_esbl_ctx_m;enzyme_esbl_tem;enzyme_esbl_shv;enzyme_kpc;enzyme_ndm_vim;enzyme_oxa_48;enzyme_ampc_cmy;enzyme_ampc_dha;mutation_ampc_derepression;mutation_pbp_mosaic
citrobacter_spp.,nalidixic_acid,true,mutation_gyra_primary
enterobacter_spp.,sulfanilamide,true,mutation_folate_pathway
enterobacter_spp.,penicillin_g,false,
enterobacter_spp.,ampicillin,false,
enterobacter_spp.,amoxicillin,false,
enterobacter_spp.,piperacillin,true,enzyme_esbl_ctx_m;enzyme_esbl_tem;enzyme_esbl_shv;enzyme_kpc;enzyme_ndm_vim;enzyme_oxa_48;enzyme_ampc_cmy;enzyme_ampc_dha;mutation_ampc_derepression;enzyme_narrow_spectrum_gram_negative_penicillinase;mutation_pbp_mosaic
enterobacter_spp.,ticarcillin,true,enzyme_esbl_ctx_m;enzyme_esbl_tem;enzyme_esbl_shv;enzyme_kpc;enzyme_ndm_vim;enzyme_oxa_48;enzyme_ampc_cmy;enzyme_ampc_dha;mutation_ampc_derepression;enzyme_narrow_spectrum_gram_negative_penicillinase;mutation_pbp_mosaic
enterobacter_spp.,cephalexin,false,
enterobacter_spp.,cefazolin,false,
enterobacter_spp.,cefuroxime,true,enzyme_esbl_ctx_m;enzyme_esbl_tem;enzyme_esbl_shv;enzyme_kpc;enzyme_ndm_vim;enzyme_oxa_48;enzyme_ampc_cmy;enzyme_ampc_dha;mutation_ampc_derepression;mutation_pbp_mosaic
enterobacter_spp.,ceftriaxone,true,enzyme_esbl_ctx_m;enzyme_esbl_tem;enzyme_esbl_shv;enzyme_kpc;enzyme_ndm_vim;enzyme_oxa_48;enzyme_ampc_cmy;enzyme_ampc_dha;mutation_ampc_derepression;mutation_pbp_mosaic
enterobacter_spp.,ceftazidime,true,enzyme_esbl_ctx_m;enzyme_esbl_tem;enzyme_esbl_shv;enzyme_kpc;enzyme_ndm_vim;enzyme_oxa_48;enzyme_ampc_cmy;enzyme_ampc_dha;mutation_ampc_derepression;mutation_pbp_mosaic
enterobacter_spp.,cefepime,true,enzyme_esbl_ctx_m;enzyme_esbl_tem;enzyme_esbl_shv;enzyme_kpc;enzyme_ndm_vim;enzyme_oxa_48;enzyme_ampc_cmy;enzyme_ampc_dha;mutation_ampc_derepression;mutation_pbp_mosaic
enterobacter_spp.,ceftaroline,false,
enterobacter_spp.,ceftolozane_tazobactam,true,enzyme_kpc;enzyme_ndm_vim;enzyme_ampc_cmy;enzyme_ampc_dha;mutation_ampc_derepression;mutation_pbp_mosaic
enterobacter_spp.,cefiderocol,false,
enterobacter_spp.,meropenem,true,enzyme_kpc;enzyme_ndm_vim;enzyme_oxa_48
enterobacter_spp.,imipenem_c,true,enzyme_kpc;enzyme_ndm_vim;enzyme_oxa_48
enterobacter_spp.,ertapenem,true,enzyme_kpc;enzyme_ndm_vim;enzyme_oxa_48
enterobacter_spp.,aztreonam,true,enzyme_esbl_ctx_m;enzyme_esbl_tem;enzyme_esbl_shv;enzyme_kpc;enzyme_ampc_cmy;enzyme_ampc_dha;mutation_ampc_derepression;mutation_pbp_mosaic
enterobacter_spp.,erythromycin,false,
enterobacter_spp.,azithromycin,false,
enterobacter_spp.,clarithromycin,false,
enterobacter_spp.,clindamycin,false,
enterobacter_spp.,gentamicin,true,enzyme_16s_rrmt;efflux_mexxy_oprm;enzyme_aac_aph
enterobacter_spp.,tobramycin,true,enzyme_16s_rrmt;efflux_mexxy_oprm;enzyme_aac_aph
enterobacter_spp.,amikacin,true,enzyme_16s_rrmt;efflux_mexxy_oprm;enzyme_aac_aph
enterobacter_spp.,ciprofloxacin,true,mutation_gyra_primary;mutation_gyra_parc_secondary;protection_qnr;efflux_acrab_tolc;efflux_mexxy_oprm;global_efflux_pump
enterobacter_spp.,levofloxacin,true,mutation_gyra_parc_secondary;protection_qnr
enterobacter_spp.,moxifloxacin,true,mutation_gyra_parc_secondary;protection_qnr
enterobacter_spp.,ofloxacin,true,mutation_gyra_primary;mutation_gyra_parc_secondary;protection_qnr
enterobacter_spp.,tetracycline,true,efflux_acrab_tolc;efflux_mexxy_oprm;global_efflux_pump;protection_tet_m;efflux_tet_abc
enterobacter_spp.,doxycycline,true,efflux_acrab_tolc;efflux_mexxy_oprm;global_efflux_pump;protection_tet_m;efflux_tet_abc
enterobacter_spp.,minocycline,true,efflux_acrab_tolc;efflux_mexxy_oprm;global_efflux_pump;protection_tet_m
enterobacter_spp.,tigecycline,true,efflux_acrab_tolc;global_efflux_pump
enterobacter_spp.,vancomycin,false,
enterobacter_spp.,teicoplanin,false,
enterobacter_spp.,dalbavancin,false,
enterobacter_spp.,linezolid,false,
enterobacter_spp.,tedizolid,false,
enterobacter_spp.,daptomycin,false,
enterobacter_spp.,quinu_dalfo,false,
enterobacter_spp.,trim_sulf,true,mutation_folate_pathway
enterobacter_spp.,chloramphenicol,true,enzyme_cat;efflux_acrab_tolc;efflux_mexxy_oprm;global_efflux_pump
enterobacter_spp.,nitrofurantoin,true,mutation_nitroreductase
enterobacter_spp.,fosfomycin,true,enzyme_fos
enterobacter_spp.,retapamulin,false,
enterobacter_spp.,fusidic_a,false,
enterobacter_spp.,metronidazole,false,
enterobacter_spp.,fidaxomicin,false,
enterobacter_spp.,furazolidone,false,
enterobacter_spp.,rifampicin,true,mutation_rpo_b
enterobacter_spp.,amoxicillin_clavulanate,true,enzyme_kpc;enzyme_ndm_vim;enzyme_oxa_48;enzyme_ampc_cmy;enzyme_ampc_dha;mutation_ampc_derepression;mutation_pbp_mosaic
enterobacter_spp.,piperacillin_tazobactam,true,enzyme_kpc;enzyme_ndm_vim;enzyme_oxa_48;enzyme_ampc_cmy;enzyme_ampc_dha;mutation_ampc_derepression;mutation_pbp_mosaic
enterobacter_spp.,ampicillin_sulbactam,true,enzyme_kpc;enzyme_ndm_vim;enzyme_oxa_48;enzyme_ampc_cmy;enzyme_ampc_dha;mutation_ampc_derepression;mutation_pbp_mosaic
enterobacter_spp.,ticarcillin_clavulanate,true,enzyme_kpc;enzyme_ndm_vim;enzyme_oxa_48;enzyme_ampc_cmy;enzyme_ampc_dha;mutation_ampc_derepression;mutation_pbp_mosaic
enterobacter_spp.,ceftazidime_avibactam,true,enzyme_kpc;enzyme_ndm_vim;enzyme_oxa_48;mutation_pbp_mosaic
enterobacter_spp.,meropenem_vaborbactam,true,enzyme_kpc;enzyme_ndm_vim;enzyme_oxa_48
enterobacter_spp.,colistin,true,modification_mcr_1;mutation_polymyxin_regulatory
enterobacter_spp.,flucloxacillin,false,
enterobacter_spp.,aztreonam_avibactam,true,enzyme_kpc;enzyme_ndm_vim;enzyme_oxa_48;mutation_pbp_mosaic
enterobacter_spp.,cefixime,true,enzyme_esbl_ctx_m;enzyme_esbl_tem;enzyme_esbl_shv;enzyme_kpc;enzyme_ndm_vim;enzyme_oxa_48;enzyme_ampc_cmy;enzyme_ampc_dha;mutation_ampc_derepression;mutation_pbp_mosaic
enterobacter_spp.,nalidixic_acid,true,mutation_gyra_primary
enterococcus_faecalis,sulfanilamide,false,
enterococcus_faecalis,penicillin_g,true,mutation_pbp_mosaic
enterococcus_faecalis,ampicillin,true,mutation_pbp_mosaic
enterococcus_faecalis,amoxicillin,true,mutation_pbp_mosaic
enterococcus_faecalis,piperacillin,true,mutation_pbp_mosaic
enterococcus_faecalis,ticarcillin,true,mutation_pbp_mosaic
enterococcus_faecalis,cephalexin,false,
enterococcus_faecalis,cefazolin,false,
enterococcus_faecalis,cefuroxime,false,
enterococcus_faecalis,ceftriaxone,false,
enterococcus_faecalis,ceftazidime,false,
enterococcus_faecalis,cefepime,false,
enterococcus_faecalis,ceftaroline,false,
enterococcus_faecalis,ceftolozane_tazobactam,false,
enterococcus_faecalis,cefiderocol,false,
enterococcus_faecalis,meropenem,false,
enterococcus_faecalis,imipenem_c,false,
enterococcus_faecalis,ertapenem,false,
enterococcus_faecalis,aztreonam,false,
enterococcus_faecalis,erythromycin,true,target_site_erm_b;mutation_23s_rrna
enterococcus_faecalis,azithromycin,true,target_site_erm_b;mutation_23s_rrna
enterococcus_faecalis,clarithromycin,true,target_site_erm_b;mutation_23s_rrna
enterococcus_faecalis,clindamycin,true,target_site_erm_b;target_site_cfr
enterococcus_faecalis,gentamicin,false,
enterococcus_faecalis,tobramycin,false,
enterococcus_faecalis,amikacin,false,
enterococcus_faecalis,ciprofloxacin,true,mutation_gyra_primary;mutation_gyra_parc_secondary;global_efflux_pump
enterococcus_faecalis,levofloxacin,true,mutation_gyra_parc_secondary
enterococcus_faecalis,moxifloxacin,true,mutation_gyra_parc_secondary
enterococcus_faecalis,ofloxacin,true,mutation_gyra_primary;mutation_gyra_parc_secondary
enterococcus_faecalis,tetracycline,true,global_efflux_pump;protection_tet_m
enterococcus_faecalis,doxycycline,true,global_efflux_pump;protection_tet_m
enterococcus_faecalis,minocycline,true,global_efflux_pump;protection_tet_m
enterococcus_faecalis,tigecycline,true,global_efflux_pump
enterococcus_faecalis,vancomycin,true,target_site_van_a;target_site_van_b
enterococcus_faecalis,teicoplanin,true,target_site_van_a
enterococcus_faecalis,dalbavancin,true,target_site_van_a
enterococcus_faecalis,linezolid,true,target_site_cfr;mutation_23s_rrna_oxazolidinone
enterococcus_faecalis,tedizolid,true,target_site_cfr;mutation_23s_rrna_oxazolidinone
enterococcus_faecalis,daptomycin,true,mutation_liafsr_cls
enterococcus_faecalis,quinu_dalfo,false,
enterococcus_faecalis,trim_sulf,false,
enterococcus_faecalis,chloramphenicol,true,target_site_cfr;enzyme_cat;global_efflux_pump
enterococcus_faecalis,nitrofurantoin,true,mutation_nitroreductase
enterococcus_faecalis,fosfomycin,true,enzyme_fos
enterococcus_faecalis,retapamulin,false,
enterococcus_faecalis,fusidic_a,false,
enterococcus_faecalis,metronidazole,false,
enterococcus_faecalis,fidaxomicin,false,
enterococcus_faecalis,furazolidone,false,
enterococcus_faecalis,rifampicin,true,mutation_rpo_b
enterococcus_faecalis,amoxicillin_clavulanate,true,mutation_pbp_mosaic
enterococcus_faecalis,piperacillin_tazobactam,true,mutation_pbp_mosaic
enterococcus_faecalis,ampicillin_sulbactam,true,mutation_pbp_mosaic
enterococcus_faecalis,ticarcillin_clavulanate,true,mutation_pbp_mosaic
enterococcus_faecalis,ceftazidime_avibactam,false,
enterococcus_faecalis,meropenem_vaborbactam,false,
enterococcus_faecalis,colistin,false,
enterococcus_faecalis,flucloxacillin,false,
enterococcus_faecalis,aztreonam_avibactam,false,
enterococcus_faecalis,cefixime,false,
enterococcus_faecalis,nalidixic_acid,false,
enterococcus_faecium,sulfanilamide,false,
enterococcus_faecium,penicillin_g,false,
enterococcus_faecium,ampicillin,true,mutation_pbp_mosaic
enterococcus_faecium,amoxicillin,true,mutation_pbp_mosaic
enterococcus_faecium,piperacillin,false,
enterococcus_faecium,ticarcillin,false,
enterococcus_faecium,cephalexin,false,
enterococcus_faecium,cefazolin,false,
enterococcus_faecium,cefuroxime,false,
enterococcus_faecium,ceftriaxone,false,
enterococcus_faecium,ceftazidime,false,
enterococcus_faecium,cefepime,false,
enterococcus_faecium,ceftaroline,false,
enterococcus_faecium,ceftolozane_tazobactam,false,
enterococcus_faecium,cefiderocol,false,
enterococcus_faecium,meropenem,false,
enterococcus_faecium,imipenem_c,false,
enterococcus_faecium,ertapenem,false,
enterococcus_faecium,aztreonam,false,
enterococcus_faecium,erythromycin,true,target_site_erm_b;mutation_23s_rrna
enterococcus_faecium,azithromycin,true,target_site_erm_b;mutation_23s_rrna
enterococcus_faecium,clarithromycin,true,target_site_erm_b;mutation_23s_rrna
enterococcus_faecium,clindamycin,true,target_site_erm_b;target_site_cfr
enterococcus_faecium,gentamicin,true,enzyme_aac_aph
enterococcus_faecium,tobramycin,false,
enterococcus_faecium,amikacin,false,
enterococcus_faecium,ciprofloxacin,true,mutation_gyra_primary;mutation_gyra_parc_secondary;global_efflux_pump
enterococcus_faecium,levofloxacin,true,mutation_gyra_parc_secondary
enterococcus_faecium,moxifloxacin,true,mutation_gyra_parc_secondary
enterococcus_faecium,ofloxacin,true,mutation_gyra_primary;mutation_gyra_parc_secondary
enterococcus_faecium,tetracycline,true,global_efflux_pump;protection_tet_m
enterococcus_faecium,doxycycline,true,global_efflux_pump;protection_tet_m
enterococcus_faecium,minocycline,true,global_efflux_pump;protection_tet_m
enterococcus_faecium,tigecycline,true,global_efflux_pump
enterococcus_faecium,vancomycin,true,target_site_van_a;target_site_van_b
enterococcus_faecium,teicoplanin,true,target_site_van_a
enterococcus_faecium,dalbavancin,true,target_site_van_a
enterococcus_faecium,linezolid,true,target_site_cfr;mutation_23s_rrna_oxazolidinone
enterococcus_faecium,tedizolid,true,target_site_cfr;mutation_23s_rrna_oxazolidinone
enterococcus_faecium,daptomycin,true,mutation_liafsr_cls
enterococcus_faecium,quinu_dalfo,true,target_site_erm_b
enterococcus_faecium,trim_sulf,true,mutation_folate_pathway
enterococcus_faecium,chloramphenicol,true,target_site_cfr;enzyme_cat;global_efflux_pump
enterococcus_faecium,nitrofurantoin,true,mutation_nitroreductase
enterococcus_faecium,fosfomycin,true,enzyme_fos
enterococcus_faecium,retapamulin,false,
enterococcus_faecium,fusidic_a,false,
enterococcus_faecium,metronidazole,false,
enterococcus_faecium,fidaxomicin,false,
enterococcus_faecium,furazolidone,false,
enterococcus_faecium,rifampicin,true,mutation_rpo_b
enterococcus_faecium,amoxicillin_clavulanate,true,mutation_pbp_mosaic
enterococcus_faecium,piperacillin_tazobactam,false,
enterococcus_faecium,ampicillin_sulbactam,true,mutation_pbp_mosaic
enterococcus_faecium,ticarcillin_clavulanate,false,
enterococcus_faecium,ceftazidime_avibactam,false,
enterococcus_faecium,meropenem_vaborbactam,false,
enterococcus_faecium,colistin,false,
enterococcus_faecium,flucloxacillin,false,
enterococcus_faecium,aztreonam_avibactam,false,
enterococcus_faecium,cefixime,false,
enterococcus_faecium,nalidixic_acid,false,
escherichia_coli,sulfanilamide,true,mutation_folate_pathway
escherichia_coli,penicillin_g,false,
escherichia_coli,ampicillin,true,enzyme_esbl_ctx_m;enzyme_esbl_tem;enzyme_esbl_shv;enzyme_kpc;enzyme_ndm_vim;enzyme_oxa_48;enzyme_ampc_cmy;enzyme_ampc_dha;mutation_ampc_derepression;enzyme_narrow_spectrum_gram_negative_penicillinase;mutation_pbp_mosaic
escherichia_coli,amoxicillin,true,enzyme_esbl_ctx_m;enzyme_esbl_tem;enzyme_esbl_shv;enzyme_kpc;enzyme_ndm_vim;enzyme_oxa_48;enzyme_ampc_cmy;enzyme_ampc_dha;mutation_ampc_derepression;enzyme_narrow_spectrum_gram_negative_penicillinase;mutation_pbp_mosaic
escherichia_coli,piperacillin,true,enzyme_esbl_ctx_m;enzyme_esbl_tem;enzyme_esbl_shv;enzyme_kpc;enzyme_ndm_vim;enzyme_oxa_48;enzyme_ampc_cmy;enzyme_ampc_dha;mutation_ampc_derepression;enzyme_narrow_spectrum_gram_negative_penicillinase;mutation_pbp_mosaic
escherichia_coli,ticarcillin,true,enzyme_esbl_ctx_m;enzyme_esbl_tem;enzyme_esbl_shv;enzyme_kpc;enzyme_ndm_vim;enzyme_oxa_48;enzyme_ampc_cmy;enzyme_ampc_dha;mutation_ampc_derepression;enzyme_narrow_spectrum_gram_negative_penicillinase;mutation_pbp_mosaic
escherichia_coli,cephalexin,true,enzyme_esbl_ctx_m;enzyme_esbl_tem;enzyme_esbl_shv;enzyme_kpc;enzyme_ndm_vim;enzyme_oxa_48;enzyme_ampc_cmy;enzyme_ampc_dha;mutation_ampc_derepression;mutation_pbp_mosaic
escherichia_coli,cefazolin,true,enzyme_esbl_ctx_m;enzyme_esbl_tem;enzyme_esbl_shv;enzyme_kpc;enzyme_ndm_vim;enzyme_oxa_48;enzyme_ampc_cmy;enzyme_ampc_dha;mutation_ampc_derepression;mutation_pbp_mosaic
escherichia_coli,cefuroxime,true,enzyme_esbl_ctx_m;enzyme_esbl_tem;enzyme_esbl_shv;enzyme_kpc;enzyme_ndm_vim;enzyme_oxa_48;enzyme_ampc_cmy;enzyme_ampc_dha;mutation_ampc_derepression;mutation_pbp_mosaic
escherichia_coli,ceftriaxone,true,enzyme_esbl_ctx_m;enzyme_esbl_tem;enzyme_esbl_shv;enzyme_kpc;enzyme_ndm_vim;enzyme_oxa_48;enzyme_ampc_cmy;enzyme_ampc_dha;mutation_ampc_derepression;mutation_pbp_mosaic
escherichia_coli,ceftazidime,true,enzyme_esbl_ctx_m;enzyme_esbl_tem;enzyme_esbl_shv;enzyme_kpc;enzyme_ndm_vim;enzyme_oxa_48;enzyme_ampc_cmy;enzyme_ampc_dha;mutation_ampc_derepression;mutation_pbp_mosaic
escherichia_coli,cefepime,true,enzyme_esbl_ctx_m;enzyme_esbl_tem;enzyme_esbl_shv;enzyme_kpc;enzyme_ndm_vim;enzyme_oxa_48;enzyme_ampc_cmy;enzyme_ampc_dha;mutation_ampc_derepression;mutation_pbp_mosaic
escherichia_coli,ceftaroline,true,enzyme_esbl_ctx_m;enzyme_esbl_tem;enzyme_esbl_shv;enzyme_kpc;enzyme_ndm_vim;enzyme_oxa_48;enzyme_ampc_cmy;enzyme_ampc_dha;mutation_ampc_derepression;mutation_pbp_mosaic
escherichia_coli,ceftolozane_tazobactam,true,enzyme_kpc;enzyme_ndm_vim;enzyme_ampc_cmy;enzyme_ampc_dha;mutation_ampc_derepression;mutation_pbp_mosaic
escherichia_coli,cefiderocol,false,
escherichia_coli,meropenem,true,enzyme_kpc;enzyme_ndm_vim;enzyme_oxa_48
escherichia_coli,imipenem_c,true,enzyme_kpc;enzyme_ndm_vim;enzyme_oxa_48
escherichia_coli,ertapenem,true,enzyme_kpc;enzyme_ndm_vim;enzyme_oxa_48
escherichia_coli,aztreonam,true,enzyme_esbl_ctx_m;enzyme_esbl_tem;enzyme_esbl_shv;enzyme_kpc;enzyme_ampc_cmy;enzyme_ampc_dha;mutation_ampc_derepression;mutation_pbp_mosaic
escherichia_coli,erythromycin,false,
escherichia_coli,azithromycin,false,
escherichia_coli,clarithromycin,false,
escherichia_coli,clindamycin,false,
escherichia_coli,gentamicin,true,enzyme_16s_rrmt;efflux_mexxy_oprm;enzyme_aac_aph
escherichia_coli,tobramycin,true,enzyme_16s_rrmt;efflux_mexxy_oprm;enzyme_aac_aph
escherichia_coli,amikacin,true,enzyme_16s_rrmt;efflux_mexxy_oprm;enzyme_aac_aph
escherichia_coli,ciprofloxacin,true,mutation_gyra_primary;mutation_gyra_parc_secondary;protection_qnr;efflux_acrab_tolc;efflux_mexxy_oprm;global_efflux_pump
escherichia_coli,levofloxacin,true,mutation_gyra_parc_secondary;protection_qnr
escherichia_coli,moxifloxacin,true,mutation_gyra_parc_secondary;protection_qnr
escherichia_coli,ofloxacin,true,mutation_gyra_primary;mutation_gyra_parc_secondary;protection_qnr
escherichia_coli,tetracycline,true,efflux_acrab_tolc;efflux_mexxy_oprm;global_efflux_pump;protection_tet_m;efflux_tet_abc
escherichia_coli,doxycycline,true,efflux_acrab_tolc;efflux_mexxy_oprm;global_efflux_pump;protection_tet_m;efflux_tet_abc
escherichia_coli,minocycline,true,efflux_acrab_tolc;efflux_mexxy_oprm;global_efflux_pump;protection_tet_m
escherichia_coli,tigecycline,true,efflux_acrab_tolc;global_efflux_pump
escherichia_coli,vancomycin,false,
escherichia_coli,teicoplanin,false,
escherichia_coli,dalbavancin,false,
escherichia_coli,linezolid,false,
escherichia_coli,tedizolid,false,
escherichia_coli,daptomycin,false,
escherichia_coli,quinu_dalfo,false,
escherichia_coli,trim_sulf,true,mutation_folate_pathway
escherichia_coli,chloramphenicol,true,enzyme_cat;efflux_acrab_tolc;efflux_mexxy_oprm;global_efflux_pump
escherichia_coli,nitrofurantoin,true,mutation_nitroreductase
escherichia_coli,fosfomycin,true,enzyme_fos
escherichia_coli,retapamulin,false,
escherichia_coli,fusidic_a,false,
escherichia_coli,metronidazole,false,
escherichia_coli,fidaxomicin,false,
escherichia_coli,furazolidone,false,
escherichia_coli,rifampicin,true,mutation_rpo_b
escherichia_coli,amoxicillin_clavulanate,true,enzyme_kpc;enzyme_ndm_vim;enzyme_oxa_48;enzyme_ampc_cmy;enzyme_ampc_dha;mutation_ampc_derepression;mutation_pbp_mosaic
escherichia_coli,piperacillin_tazobactam,true,enzyme_kpc;enzyme_ndm_vim;enzyme_oxa_48;enzyme_ampc_cmy;enzyme_ampc_dha;mutation_ampc_derepression;mutation_pbp_mosaic
escherichia_coli,ampicillin_sulbactam,true,enzyme_kpc;enzyme_ndm_vim;enzyme_oxa_48;enzyme_ampc_cmy;enzyme_ampc_dha;mutation_ampc_derepression;mutation_pbp_mosaic
escherichia_coli,ticarcillin_clavulanate,true,enzyme_kpc;enzyme_ndm_vim;enzyme_oxa_48;enzyme_ampc_cmy;enzyme_ampc_dha;mutation_ampc_derepression;mutation_pbp_mosaic
escherichia_coli,ceftazidime_avibactam,true,enzyme_kpc;enzyme_ndm_vim;enzyme_oxa_48;mutation_pbp_mosaic
escherichia_coli,meropenem_vaborbactam,true,enzyme_kpc;enzyme_ndm_vim;enzyme_oxa_48
escherichia_coli,colistin,true,modification_mcr_1;mutation_polymyxin_regulatory
escherichia_coli,flucloxacillin,false,
escherichia_coli,aztreonam_avibactam,true,enzyme_kpc;enzyme_ndm_vim;enzyme_oxa_48;mutation_pbp_mosaic
escherichia_coli,cefixime,true,enzyme_esbl_ctx_m;enzyme_esbl_tem;enzyme_esbl_shv;enzyme_kpc;enzyme_ndm_vim;enzyme_oxa_48;enzyme_ampc_cmy;enzyme_ampc_dha;mutation_ampc_derepression;mutation_pbp_mosaic
escherichia_coli,nalidixic_acid,true,mutation_gyra_primary
klebsiella_pneumoniae,sulfanilamide,true,mutation_folate_pathway
klebsiella_pneumoniae,penicillin_g,false,
klebsiella_pneumoniae,ampicillin,false,
klebsiella_pneumoniae,amoxicillin,false,
klebsiella_pneumoniae,piperacillin,true,enzyme_esbl_ctx_m;enzyme_esbl_tem;enzyme_esbl_shv;enzyme_kpc;enzyme_ndm_vim;enzyme_oxa_48;enzyme_ampc_cmy;enzyme_ampc_dha;mutation_ampc_derepression;porin_loss_ompk35_36;enzyme_narrow_spectrum_gram_negative_penicillinase;mutation_pbp_mosaic
klebsiella_pneumoniae,ticarcillin,true,enzyme_esbl_ctx_m;enzyme_esbl_tem;enzyme_esbl_shv;enzyme_kpc;enzyme_ndm_vim;enzyme_oxa_48;enzyme_ampc_cmy;enzyme_ampc_dha;mutation_ampc_derepression;porin_loss_ompk35_36;enzyme_narrow_spectrum_gram_negative_penicillinase;mutation_pbp_mosaic
klebsiella_pneumoniae,cephalexin,true,enzyme_esbl_ctx_m;enzyme_esbl_tem;enzyme_esbl_shv;enzyme_kpc;enzyme_ndm_vim;enzyme_oxa_48;enzyme_ampc_cmy;enzyme_ampc_dha;mutation_ampc_derepression;mutation_pbp_mosaic
klebsiella_pneumoniae,cefazolin,true,enzyme_esbl_ctx_m;enzyme_esbl_tem;enzyme_esbl_shv;enzyme_kpc;enzyme_ndm_vim;enzyme_oxa_48;enzyme_ampc_cmy;enzyme_ampc_dha;mutation_ampc_derepression;mutation_pbp_mosaic
klebsiella_pneumoniae,cefuroxime,true,enzyme_esbl_ctx_m;enzyme_esbl_tem;enzyme_esbl_shv;enzyme_kpc;enzyme_ndm_vim;enzyme_oxa_48;enzyme_ampc_cmy;enzyme_ampc_dha;mutation_ampc_derepression;mutation_pbp_mosaic
klebsiella_pneumoniae,ceftriaxone,true,enzyme_esbl_ctx_m;enzyme_esbl_tem;enzyme_esbl_shv;enzyme_kpc;enzyme_ndm_vim;enzyme_oxa_48;enzyme_ampc_cmy;enzyme_ampc_dha;mutation_ampc_derepression;porin_loss_ompk35_36;mutation_pbp_mosaic
klebsiella_pneumoniae,ceftazidime,true,enzyme_esbl_ctx_m;enzyme_esbl_tem;enzyme_esbl_shv;enzyme_kpc;enzyme_ndm_vim;enzyme_oxa_48;enzyme_ampc_cmy;enzyme_ampc_dha;mutation_ampc_derepression;porin_loss_ompk35_36;mutation_pbp_mosaic
klebsiella_pneumoniae,cefepime,true,enzyme_esbl_ctx_m;enzyme_esbl_tem;enzyme_esbl_shv;enzyme_kpc;enzyme_ndm_vim;enzyme_oxa_48;enzyme_ampc_cmy;enzyme_ampc_dha;mutation_ampc_derepression;porin_loss_ompk35_36;mutation_pbp_mosaic
klebsiella_pneumoniae,ceftaroline,true,enzyme_esbl_ctx_m;enzyme_esbl_tem;enzyme_esbl_shv;enzyme_kpc;enzyme_ndm_vim;enzyme_oxa_48;enzyme_ampc_cmy;enzyme_ampc_dha;mutation_ampc_derepression;porin_loss_ompk35_36;mutation_pbp_mosaic
klebsiella_pneumoniae,ceftolozane_tazobactam,true,enzyme_kpc;enzyme_ndm_vim;enzyme_ampc_cmy;enzyme_ampc_dha;mutation_ampc_derepression;porin_loss_ompk35_36;mutation_pbp_mosaic
klebsiella_pneumoniae,cefiderocol,true,porin_loss_ompk35_36
klebsiella_pneumoniae,meropenem,true,enzyme_kpc;enzyme_ndm_vim;enzyme_oxa_48;porin_loss_ompk35_36
klebsiella_pneumoniae,imipenem_c,true,enzyme_kpc;enzyme_ndm_vim;enzyme_oxa_48;porin_loss_ompk35_36
klebsiella_pneumoniae,ertapenem,true,enzyme_kpc;enzyme_ndm_vim;enzyme_oxa_48;porin_loss_ompk35_36
klebsiella_pneumoniae,aztreonam,true,enzyme_esbl_ctx_m;enzyme_esbl_tem;enzyme_esbl_shv;enzyme_kpc;enzyme_ampc_cmy;enzyme_ampc_dha;mutation_ampc_derepression;porin_loss_ompk35_36;mutation_pbp_mosaic
klebsiella_pneumoniae,erythromycin,false,
klebsiella_pneumoniae,azithromycin,false,
klebsiella_pneumoniae,clarithromycin,false,
klebsiella_pneumoniae,clindamycin,false,
klebsiella_pneumoniae,gentamicin,true,enzyme_16s_rrmt;efflux_mexxy_oprm;enzyme_aac_aph
klebsiella_pneumoniae,tobramycin,true,enzyme_16s_rrmt;efflux_mexxy_oprm;enzyme_aac_aph
klebsiella_pneumoniae,amikacin,true,enzyme_16s_rrmt;efflux_mexxy_oprm;enzyme_aac_aph
klebsiella_pneumoniae,ciprofloxacin,true,mutation_gyra_primary;mutation_gyra_parc_secondary;protection_qnr;efflux_acrab_tolc;efflux_mexxy_oprm;global_efflux_pump
klebsiella_pneumoniae,levofloxacin,true,mutation_gyra_parc_secondary;protection_qnr
klebsiella_pneumoniae,moxifloxacin,true,mutation_gyra_parc_secondary;protection_qnr
klebsiella_pneumoniae,ofloxacin,true,mutation_gyra_primary;mutation_gyra_parc_secondary;protection_qnr
klebsiella_pneumoniae,tetracycline,true,efflux_acrab_tolc;efflux_mexxy_oprm;global_efflux_pump;protection_tet_m;efflux_tet_abc
klebsiella_pneumoniae,doxycycline,true,efflux_acrab_tolc;efflux_mexxy_oprm;global_efflux_pump;protection_tet_m;efflux_tet_abc
klebsiella_pneumoniae,minocycline,true,efflux_acrab_tolc;efflux_mexxy_oprm;global_efflux_pump;protection_tet_m
klebsiella_pneumoniae,tigecycline,true,efflux_acrab_tolc;global_efflux_pump
klebsiella_pneumoniae,vancomycin,false,
klebsiella_pneumoniae,teicoplanin,false,
klebsiella_pneumoniae,dalbavancin,false,
klebsiella_pneumoniae,linezolid,false,
klebsiella_pneumoniae,tedizolid,false,
klebsiella_pneumoniae,daptomycin,false,
klebsiella_pneumoniae,quinu_dalfo,false,
klebsiella_pneumoniae,trim_sulf,true,mutation_folate_pathway
klebsiella_pneumoniae,chloramphenicol,true,enzyme_cat;efflux_acrab_tolc;efflux_mexxy_oprm;global_efflux_pump
klebsiella_pneumoniae,nitrofurantoin,false,
klebsiella_pneumoniae,fosfomycin,true,enzyme_fos
klebsiella_pneumoniae,retapamulin,false,
klebsiella_pneumoniae,fusidic_a,false,
klebsiella_pneumoniae,metronidazole,false,
klebsiella_pneumoniae,fidaxomicin,false,
klebsiella_pneumoniae,furazolidone,false,
klebsiella_pneumoniae,rifampicin,true,mutation_rpo_b
klebsiella_pneumoniae,amoxicillin_clavulanate,true,enzyme_kpc;enzyme_ndm_vim;enzyme_oxa_48;enzyme_ampc_cmy;enzyme_ampc_dha;mutation_ampc_derepression;porin_loss_ompk35_36;mutation_pbp_mosaic
klebsiella_pneumoniae,piperacillin_tazobactam,true,enzyme_kpc;enzyme_ndm_vim;enzyme_oxa_48;enzyme_ampc_cmy;enzyme_ampc_dha;mutation_ampc_derepression;porin_loss_ompk35_36;mutation_pbp_mosaic
klebsiella_pneumoniae,ampicillin_sulbactam,true,enzyme_kpc;enzyme_ndm_vim;enzyme_oxa_48;enzyme_ampc_cmy;enzyme_ampc_dha;mutation_ampc_derepression;porin_loss_ompk35_36;mutation_pbp_mosaic
klebsiella_pneumoniae,ticarcillin_clavulanate,true,enzyme_kpc;enzyme_ndm_vim;enzyme_oxa_48;enzyme_ampc_cmy;enzyme_ampc_dha;mutation_ampc_derepression;porin_loss_ompk35_36;mutation_pbp_mosaic
klebsiella_pneumoniae,ceftazidime_avibactam,true,enzyme_kpc;enzyme_ndm_vim;enzyme_oxa_48;porin_loss_ompk35_36;mutation_pbp_mosaic
klebsiella_pneumoniae,meropenem_vaborbactam,true,enzyme_kpc;enzyme_ndm_vim;enzyme_oxa_48;porin_loss_ompk35_36
klebsiella_pneumoniae,colistin,true,modification_mcr_1;mutation_polymyxin_regulatory
klebsiella_pneumoniae,flucloxacillin,false,
klebsiella_pneumoniae,aztreonam_avibactam,true,enzyme_kpc;enzyme_ndm_vim;enzyme_oxa_48;porin_loss_ompk35_36;mutation_pbp_mosaic
klebsiella_pneumoniae,cefixime,true,enzyme_esbl_ctx_m;enzyme_esbl_tem;enzyme_esbl_shv;enzyme_kpc;enzyme_ndm_vim;enzyme_oxa_48;enzyme_ampc_cmy;enzyme_ampc_dha;mutation_ampc_derepression;porin_loss_ompk35_36;mutation_pbp_mosaic
klebsiella_pneumoniae,nalidixic_acid,true,mutation_gyra_primary
morganella_spp.,sulfanilamide,true,mutation_folate_pathway
morganella_spp.,penicillin_g,false,
morganella_spp.,ampicillin,true,enzyme_esbl_ctx_m;enzyme_esbl_tem;enzyme_esbl_shv;enzyme_kpc;enzyme_ndm_vim;enzyme_oxa_48;enzyme_ampc_cmy;enzyme_ampc_dha;mutation_ampc_derepression;enzyme_narrow_spectrum_gram_negative_penicillinase;mutation_pbp_mosaic
morganella_spp.,amoxicillin,true,enzyme_esbl_ctx_m;enzyme_esbl_tem;enzyme_esbl_shv;enzyme_kpc;enzyme_ndm_vim;enzyme_oxa_48;enzyme_ampc_cmy;enzyme_ampc_dha;mutation_ampc_derepression;enzyme_narrow_spectrum_gram_negative_penicillinase;mutation_pbp_mosaic
morganella_spp.,piperacillin,true,enzyme_esbl_ctx_m;enzyme_esbl_tem;enzyme_esbl_shv;enzyme_kpc;enzyme_ndm_vim;enzyme_oxa_48;enzyme_ampc_cmy;enzyme_ampc_dha;mutation_ampc_derepression;enzyme_narrow_spectrum_gram_negative_penicillinase;mutation_pbp_mosaic
morganella_spp.,ticarcillin,true,enzyme_esbl_ctx_m;enzyme_esbl_tem;enzyme_esbl_shv;enzyme_kpc;enzyme_ndm_vim;enzyme_oxa_48;enzyme_ampc_cmy;enzyme_ampc_dha;mutation_ampc_derepression;enzyme_narrow_spectrum_gram_negative_penicillinase;mutation_pbp_mosaic
morganella_spp.,cephalexin,true,enzyme_esbl_ctx_m;enzyme_esbl_tem;enzyme_esbl_shv;enzyme_kpc;enzyme_ndm_vim;enzyme_oxa_48;enzyme_ampc_cmy;enzyme_ampc_dha;mutation_ampc_derepression;mutation_pbp_mosaic
morganella_spp.,cefazolin,true,enzyme_esbl_ctx_m;enzyme_esbl_tem;enzyme_esbl_shv;enzyme_kpc;enzyme_ndm_vim;enzyme_oxa_48;enzyme_ampc_cmy;enzyme_ampc_dha;mutation_ampc_derepression;mutation_pbp_mosaic
morganella_spp.,cefuroxime,true,enzyme_esbl_ctx_m;enzyme_esbl_tem;enzyme_esbl_shv;enzyme_kpc;enzyme_ndm_vim;enzyme_oxa_48;enzyme_ampc_cmy;enzyme_ampc_dha;mutation_ampc_derepression;mutation_pbp_mosaic
morganella_spp.,ceftriaxone,true,enzyme_esbl_ctx_m;enzyme_esbl_tem;enzyme_esbl_shv;enzyme_kpc;enzyme_ndm_vim;enzyme_oxa_48;enzyme_ampc_cmy;enzyme_ampc_dha;mutation_ampc_derepression;mutation_pbp_mosaic
morganella_spp.,ceftazidime,true,enzyme_esbl_ctx_m;enzyme_esbl_tem;enzyme_esbl_shv;enzyme_kpc;enzyme_ndm_vim;enzyme_oxa_48;enzyme_ampc_cmy;enzyme_ampc_dha;mutation_ampc_derepression;mutation_pbp_mosaic
morganella_spp.,cefepime,true,enzyme_esbl_ctx_m;enzyme_esbl_tem;enzyme_esbl_shv;enzyme_kpc;enzyme_ndm_vim;enzyme_oxa_48;enzyme_ampc_cmy;enzyme_ampc_dha;mutation_ampc_derepression;mutation_pbp_mosaic
morganella_spp.,ceftaroline,false,
morganella_spp.,ceftolozane_tazobactam,true,enzyme_kpc;enzyme_ndm_vim;enzyme_ampc_cmy;enzyme_ampc_dha;mutation_ampc_derepression;mutation_pbp_mosaic
morganella_spp.,cefiderocol,false,
morganella_spp.,meropenem,true,enzyme_kpc;enzyme_ndm_vim;enzyme_oxa_48
morganella_spp.,imipenem_c,true,enzyme_kpc;enzyme_ndm_vim;enzyme_oxa_48
morganella_spp.,ertapenem,true,enzyme_kpc;enzyme_ndm_vim;enzyme_oxa_48
morganella_spp.,aztreonam,true,enzyme_esbl_ctx_m;enzyme_esbl_tem;enzyme_esbl_shv;enzyme_kpc;enzyme_ampc_cmy;enzyme_ampc_dha;mutation_ampc_derepression;mutation_pbp_mosaic
morganella_spp.,erythromycin,false,
morganella_spp.,azithromycin,false,
morganella_spp.,clarithromycin,false,
morganella_spp.,clindamycin,false,
morganella_spp.,gentamicin,true,enzyme_16s_rrmt;efflux_mexxy_oprm;enzyme_aac_aph
morganella_spp.,tobramycin,true,enzyme_16s_rrmt;efflux_mexxy_oprm;enzyme_aac_aph
morganella_spp.,amikacin,true,enzyme_16s_rrmt;efflux_mexxy_oprm;enzyme_aac_aph
morganella_spp.,ciprofloxacin,true,mutation_gyra_primary;mutation_gyra_parc_secondary;protection_qnr;efflux_acrab_tolc;efflux_mexxy_oprm;global_efflux_pump
morganella_spp.,levofloxacin,true,mutation_gyra_parc_secondary;protection_qnr
morganella_spp.,moxifloxacin,true,mutation_gyra_parc_secondary;protection_qnr
morganella_spp.,ofloxacin,true,mutation_gyra_primary;mutation_gyra_parc_secondary;protection_qnr
morganella_spp.,tetracycline,false,
morganella_spp.,doxycycline,false,
morganella_spp.,minocycline,false,
morganella_spp.,tigecycline,false,
morganella_spp.,vancomycin,false,
morganella_spp.,teicoplanin,false,
morganella_spp.,dalbavancin,false,
morganella_spp.,linezolid,false,
morganella_spp.,tedizolid,false,
morganella_spp.,daptomycin,false,
morganella_spp.,quinu_dalfo,false,
morganella_spp.,trim_sulf,true,mutation_folate_pathway
morganella_spp.,chloramphenicol,true,enzyme_cat;efflux_acrab_tolc;efflux_mexxy_oprm;global_efflux_pump
morganella_spp.,nitrofurantoin,false,
morganella_spp.,fosfomycin,true,enzyme_fos
morganella_spp.,retapamulin,false,
morganella_spp.,fusidic_a,false,
morganella_spp.,metronidazole,false,
morganella_spp.,fidaxomicin,false,
morganella_spp.,furazolidone,false,
morganella_spp.,rifampicin,true,mutation_rpo_b
morganella_spp.,amoxicillin_clavulanate,true,enzyme_kpc;enzyme_ndm_vim;enzyme_oxa_48;enzyme_ampc_cmy;enzyme_ampc_dha;mutation_ampc_derepression;mutation_pbp_mosaic
morganella_spp.,piperacillin_tazobactam,true,enzyme_kpc;enzyme_ndm_vim;enzyme_oxa_48;enzyme_ampc_cmy;enzyme_ampc_dha;mutation_ampc_derepression;mutation_pbp_mosaic
morganella_spp.,ampicillin_sulbactam,true,enzyme_kpc;enzyme_ndm_vim;enzyme_oxa_48;enzyme_ampc_cmy;enzyme_ampc_dha;mutation_ampc_derepression;mutation_pbp_mosaic
morganella_spp.,ticarcillin_clavulanate,true,enzyme_kpc;enzyme_ndm_vim;enzyme_oxa_48;enzyme_ampc_cmy;enzyme_ampc_dha;mutation_ampc_derepression;mutation_pbp_mosaic
morganella_spp.,ceftazidime_avibactam,true,enzyme_kpc;enzyme_ndm_vim;enzyme_oxa_48;mutation_pbp_mosaic
morganella_spp.,meropenem_vaborbactam,true,enzyme_kpc;enzyme_ndm_vim;enzyme_oxa_48
morganella_spp.,colistin,true,modification_mcr_1;mutation_polymyxin_regulatory
morganella_spp.,flucloxacillin,false,
morganella_spp.,aztreonam_avibactam,true,enzyme_kpc;enzyme_ndm_vim;enzyme_oxa_48;mutation_pbp_mosaic
morganella_spp.,cefixime,true,enzyme_esbl_ctx_m;enzyme_esbl_tem;enzyme_esbl_shv;enzyme_kpc;enzyme_ndm_vim;enzyme_oxa_48;enzyme_ampc_cmy;enzyme_ampc_dha;mutation_ampc_derepression;mutation_pbp_mosaic
morganella_spp.,nalidixic_acid,true,mutation_gyra_primary
proteus_spp.,sulfanilamide,true,mutation_folate_pathway
proteus_spp.,penicillin_g,false,
proteus_spp.,ampicillin,true,enzyme_esbl_ctx_m;enzyme_esbl_tem;enzyme_esbl_shv;enzyme_kpc;enzyme_ndm_vim;enzyme_oxa_48;enzyme_ampc_cmy;enzyme_ampc_dha;mutation_ampc_derepression;enzyme_narrow_spectrum_gram_negative_penicillinase;mutation_pbp_mosaic
proteus_spp.,amoxicillin,true,enzyme_esbl_ctx_m;enzyme_esbl_tem;enzyme_esbl_shv;enzyme_kpc;enzyme_ndm_vim;enzyme_oxa_48;enzyme_ampc_cmy;enzyme_ampc_dha;mutation_ampc_derepression;enzyme_narrow_spectrum_gram_negative_penicillinase;mutation_pbp_mosaic
proteus_spp.,piperacillin,true,enzyme_esbl_ctx_m;enzyme_esbl_tem;enzyme_esbl_shv;enzyme_kpc;enzyme_ndm_vim;enzyme_oxa_48;enzyme_ampc_cmy;enzyme_ampc_dha;mutation_ampc_derepression;enzyme_narrow_spectrum_gram_negative_penicillinase;mutation_pbp_mosaic
proteus_spp.,ticarcillin,true,enzyme_esbl_ctx_m;enzyme_esbl_tem;enzyme_esbl_shv;enzyme_kpc;enzyme_ndm_vim;enzyme_oxa_48;enzyme_ampc_cmy;enzyme_ampc_dha;mutation_ampc_derepression;enzyme_narrow_spectrum_gram_negative_penicillinase;mutation_pbp_mosaic
proteus_spp.,cephalexin,true,enzyme_esbl_ctx_m;enzyme_esbl_tem;enzyme_esbl_shv;enzyme_kpc;enzyme_ndm_vim;enzyme_oxa_48;enzyme_ampc_cmy;enzyme_ampc_dha;mutation_ampc_derepression;mutation_pbp_mosaic
proteus_spp.,cefazolin,true,enzyme_esbl_ctx_m;enzyme_esbl_tem;enzyme_esbl_shv;enzyme_kpc;enzyme_ndm_vim;enzyme_oxa_48;enzyme_ampc_cmy;enzyme_ampc_dha;mutation_ampc_derepression;mutation_pbp_mosaic
proteus_spp.,cefuroxime,true,enzyme_esbl_ctx_m;enzyme_esbl_tem;enzyme_esbl_shv;enzyme_kpc;enzyme_ndm_vim;enzyme_oxa_48;enzyme_ampc_cmy;enzyme_ampc_dha;mutation_ampc_derepression;mutation_pbp_mosaic
proteus_spp.,ceftriaxone,true,enzyme_esbl_ctx_m;enzyme_esbl_tem;enzyme_esbl_shv;enzyme_kpc;enzyme_ndm_vim;enzyme_oxa_48;enzyme_ampc_cmy;enzyme_ampc_dha;mutation_ampc_derepression;mutation_pbp_mosaic
proteus_spp.,ceftazidime,true,enzyme_esbl_ctx_m;enzyme_esbl_tem;enzyme_esbl_shv;enzyme_kpc;enzyme_ndm_vim;enzyme_oxa_48;enzyme_ampc_cmy;enzyme_ampc_dha;mutation_ampc_derepression;mutation_pbp_mosaic
proteus_spp.,cefepime,true,enzyme_esbl_ctx_m;enzyme_esbl_tem;enzyme_esbl_shv;enzyme_kpc;enzyme_ndm_vim;enzyme_oxa_48;enzyme_ampc_cmy;enzyme_ampc_dha;mutation_ampc_derepression;mutation_pbp_mosaic
proteus_spp.,ceftaroline,false,
proteus_spp.,ceftolozane_tazobactam,true,enzyme_kpc;enzyme_ndm_vim;enzyme_ampc_cmy;enzyme_ampc_dha;mutation_ampc_derepression;mutation_pbp_mosaic
proteus_spp.,cefiderocol,false,
proteus_spp.,meropenem,true,enzyme_kpc;enzyme_ndm_vim;enzyme_oxa_48
proteus_spp.,imipenem_c,true,enzyme_kpc;enzyme_ndm_vim;enzyme_oxa_48
proteus_spp.,ertapenem,true,enzyme_kpc;enzyme_ndm_vim;enzyme_oxa_48
proteus_spp.,aztreonam,true,enzyme_esbl_ctx_m;enzyme_esbl_tem;enzyme_esbl_shv;enzyme_kpc;enzyme_ampc_cmy;enzyme_ampc_dha;mutation_ampc_derepression;mutation_pbp_mosaic
proteus_spp.,erythromycin,false,
proteus_spp.,azithromycin,false,
proteus_spp.,clarithromycin,false,
proteus_spp.,clindamycin,false,
proteus_spp.,gentamicin,true,enzyme_16s_rrmt;efflux_mexxy_oprm;enzyme_aac_aph
proteus_spp.,tobramycin,true,enzyme_16s_rrmt;efflux_mexxy_oprm;enzyme_aac_aph
proteus_spp.,amikacin,true,enzyme_16s_rrmt;efflux_mexxy_oprm;enzyme_aac_aph
proteus_spp.,ciprofloxacin,true,mutation_gyra_primary;mutation_gyra_parc_secondary;protection_qnr;efflux_acrab_tolc;efflux_mexxy_oprm;global_efflux_pump
proteus_spp.,levofloxacin,true,mutation_gyra_parc_secondary;protection_qnr
proteus_spp.,moxifloxacin,true,mutation_gyra_parc_secondary;protection_qnr
proteus_spp.,ofloxacin,true,mutation_gyra_primary;mutation_gyra_parc_secondary;protection_qnr
proteus_spp.,tetracycline,false,
proteus_spp.,doxycycline,false,
proteus_spp.,minocycline,true,efflux_acrab_tolc;efflux_mexxy_oprm;global_efflux_pump;protection_tet_m
proteus_spp.,tigecycline,false,
proteus_spp.,vancomycin,false,
proteus_spp.,teicoplanin,false,
proteus_spp.,dalbavancin,false,
proteus_spp.,linezolid,false,
proteus_spp.,tedizolid,false,
proteus_spp.,daptomycin,false,
proteus_spp.,quinu_dalfo,false,
proteus_spp.,trim_sulf,true,mutation_folate_pathway
proteus_spp.,chloramphenicol,true,enzyme_cat;efflux_acrab_tolc;efflux_mexxy_oprm;global_efflux_pump
proteus_spp.,nitrofurantoin,false,
proteus_spp.,fosfomycin,true,enzyme_fos
proteus_spp.,retapamulin,false,
proteus_spp.,fusidic_a,false,
proteus_spp.,metronidazole,false,
proteus_spp.,fidaxomicin,false,
proteus_spp.,furazolidone,false,
proteus_spp.,rifampicin,true,mutation_rpo_b
proteus_spp.,amoxicillin_clavulanate,true,enzyme_kpc;enzyme_ndm_vim;enzyme_oxa_48;enzyme_ampc_cmy;enzyme_ampc_dha;mutation_ampc_derepression;mutation_pbp_mosaic
proteus_spp.,piperacillin_tazobactam,true,enzyme_kpc;enzyme_ndm_vim;enzyme_oxa_48;enzyme_ampc_cmy;enzyme_ampc_dha;mutation_ampc_derepression;mutation_pbp_mosaic
proteus_spp.,ampicillin_sulbactam,true,enzyme_kpc;enzyme_ndm_vim;enzyme_oxa_48;enzyme_ampc_cmy;enzyme_ampc_dha;mutation_ampc_derepression;mutation_pbp_mosaic
proteus_spp.,ticarcillin_clavulanate,true,enzyme_kpc;enzyme_ndm_vim;enzyme_oxa_48;enzyme_ampc_cmy;enzyme_ampc_dha;mutation_ampc_derepression;mutation_pbp_mosaic
proteus_spp.,ceftazidime_avibactam,true,enzyme_kpc;enzyme_ndm_vim;enzyme_oxa_48;mutation_pbp_mosaic
proteus_spp.,meropenem_vaborbactam,true,enzyme_kpc;enzyme_ndm_vim;enzyme_oxa_48
proteus_spp.,colistin,true,modification_mcr_1;mutation_polymyxin_regulatory
proteus_spp.,flucloxacillin,false,
proteus_spp.,aztreonam_avibactam,true,enzyme_kpc;enzyme_ndm_vim;enzyme_oxa_48;mutation_pbp_mosaic
proteus_spp.,cefixime,true,enzyme_esbl_ctx_m;enzyme_esbl_tem;enzyme_esbl_shv;enzyme_kpc;enzyme_ndm_vim;enzyme_oxa_48;enzyme_ampc_cmy;enzyme_ampc_dha;mutation_ampc_derepression;mutation_pbp_mosaic
proteus_spp.,nalidixic_acid,true,mutation_gyra_primary
serratia_spp.,sulfanilamide,true,mutation_folate_pathway
serratia_spp.,penicillin_g,false,
serratia_spp.,ampicillin,false,
serratia_spp.,amoxicillin,false,
serratia_spp.,piperacillin,true,enzyme_esbl_ctx_m;enzyme_esbl_tem;enzyme_esbl_shv;enzyme_kpc;enzyme_ndm_vim;enzyme_oxa_48;enzyme_ampc_cmy;enzyme_ampc_dha;mutation_ampc_derepression;enzyme_narrow_spectrum_gram_negative_penicillinase;mutation_pbp_mosaic
serratia_spp.,ticarcillin,true,enzyme_esbl_ctx_m;enzyme_esbl_tem;enzyme_esbl_shv;enzyme_kpc;enzyme_ndm_vim;enzyme_oxa_48;enzyme_ampc_cmy;enzyme_ampc_dha;mutation_ampc_derepression;enzyme_narrow_spectrum_gram_negative_penicillinase;mutation_pbp_mosaic
serratia_spp.,cephalexin,false,
serratia_spp.,cefazolin,false,
serratia_spp.,cefuroxime,true,enzyme_esbl_ctx_m;enzyme_esbl_tem;enzyme_esbl_shv;enzyme_kpc;enzyme_ndm_vim;enzyme_oxa_48;enzyme_ampc_cmy;enzyme_ampc_dha;mutation_ampc_derepression;mutation_pbp_mosaic
serratia_spp.,ceftriaxone,true,enzyme_esbl_ctx_m;enzyme_esbl_tem;enzyme_esbl_shv;enzyme_kpc;enzyme_ndm_vim;enzyme_oxa_48;enzyme_ampc_cmy;enzyme_ampc_dha;mutation_ampc_derepression;mutation_pbp_mosaic
serratia_spp.,ceftazidime,true,enzyme_esbl_ctx_m;enzyme_esbl_tem;enzyme_esbl_shv;enzyme_kpc;enzyme_ndm_vim;enzyme_oxa_48;enzyme_ampc_cmy;enzyme_ampc_dha;mutation_ampc_derepression;mutation_pbp_mosaic
serratia_spp.,cefepime,true,enzyme_esbl_ctx_m;enzyme_esbl_tem;enzyme_esbl_shv;enzyme_kpc;enzyme_ndm_vim;enzyme_oxa_48;enzyme_ampc_cmy;enzyme_ampc_dha;mutation_ampc_derepression;mutation_pbp_mosaic
serratia_spp.,ceftaroline,false,
serratia_spp.,ceftolozane_tazobactam,true,enzyme_kpc;enzyme_ndm_vim;enzyme_ampc_cmy;enzyme_ampc_dha;mutation_ampc_derepression;mutation_pbp_mosaic
serratia_spp.,cefiderocol,false,
serratia_spp.,meropenem,true,enzyme_kpc;enzyme_ndm_vim;enzyme_oxa_48
serratia_spp.,imipenem_c,true,enzyme_kpc;enzyme_ndm_vim;enzyme_oxa_48
serratia_spp.,ertapenem,true,enzyme_kpc;enzyme_ndm_vim;enzyme_oxa_48
serratia_spp.,aztreonam,true,enzyme_esbl_ctx_m;enzyme_esbl_tem;enzyme_esbl_shv;enzyme_kpc;enzyme_ampc_cmy;enzyme_ampc_dha;mutation_ampc_derepression;mutation_pbp_mosaic
serratia_spp.,erythromycin,false,
serratia_spp.,azithromycin,false,
serratia_spp.,clarithromycin,false,
serratia_spp.,clindamycin,false,
serratia_spp.,gentamicin,true,enzyme_16s_rrmt;efflux_mexxy_oprm;enzyme_aac_aph
serratia_spp.,tobramycin,true,enzyme_16s_rrmt;efflux_mexxy_oprm;enzyme_aac_aph
serratia_spp.,amikacin,true,enzyme_16s_rrmt;efflux_mexxy_oprm;enzyme_aac_aph
serratia_spp.,ciprofloxacin,true,mutation_gyra_primary;mutation_gyra_parc_secondary;protection_qnr;efflux_acrab_tolc;efflux_mexxy_oprm;global_efflux_pump
serratia_spp.,levofloxacin,true,mutation_gyra_parc_secondary;protection_qnr
serratia_spp.,moxifloxacin,true,mutation_gyra_parc_secondary;protection_qnr
serratia_spp.,ofloxacin,true,mutation_gyra_primary;mutation_gyra_parc_secondary;protection_qnr
serratia_spp.,tetracycline,false,
serratia_spp.,doxycycline,false,
serratia_spp.,minocycline,true,efflux_acrab_tolc;efflux_mexxy_oprm;global_efflux_pump;protection_tet_m
serratia_spp.,tigecycline,false,
serratia_spp.,vancomycin,false,
serratia_spp.,teicoplanin,false,
serratia_spp.,dalbavancin,false,
serratia_spp.,linezolid,false,
serratia_spp.,tedizolid,false,
serratia_spp.,daptomycin,false,
serratia_spp.,quinu_dalfo,false,
serratia_spp.,trim_sulf,true,mutation_folate_pathway
serratia_spp.,chloramphenicol,true,enzyme_cat;efflux_acrab_tolc;efflux_mexxy_oprm;global_efflux_pump
serratia_spp.,nitrofurantoin,false,
serratia_spp.,fosfomycin,true,enzyme_fos
serratia_spp.,retapamulin,false,
serratia_spp.,fusidic_a,false,
serratia_spp.,metronidazole,false,
serratia_spp.,fidaxomicin,false,
serratia_spp.,furazolidone,false,
serratia_spp.,rifampicin,true,mutation_rpo_b
serratia_spp.,amoxicillin_clavulanate,true,enzyme_kpc;enzyme_ndm_vim;enzyme_oxa_48;enzyme_ampc_cmy;enzyme_ampc_dha;mutation_ampc_derepression;mutation_pbp_mosaic
serratia_spp.,piperacillin_tazobactam,true,enzyme_kpc;enzyme_ndm_vim;enzyme_oxa_48;enzyme_ampc_cmy;enzyme_ampc_dha;mutation_ampc_derepression;mutation_pbp_mosaic
serratia_spp.,ampicillin_sulbactam,true,enzyme_kpc;enzyme_ndm_vim;enzyme_oxa_48;enzyme_ampc_cmy;enzyme_ampc_dha;mutation_ampc_derepression;mutation_pbp_mosaic
serratia_spp.,ticarcillin_clavulanate,true,enzyme_kpc;enzyme_ndm_vim;enzyme_oxa_48;enzyme_ampc_cmy;enzyme_ampc_dha;mutation_ampc_derepression;mutation_pbp_mosaic
serratia_spp.,ceftazidime_avibactam,true,enzyme_kpc;enzyme_ndm_vim;enzyme_oxa_48;mutation_pbp_mosaic
serratia_spp.,meropenem_vaborbactam,true,enzyme_kpc;enzyme_ndm_vim;enzyme_oxa_48
serratia_spp.,colistin,true,modification_mcr_1;mutation_polymyxin_regulatory
serratia_spp.,flucloxacillin,false,
serratia_spp.,aztreonam_avibactam,true,enzyme_kpc;enzyme_ndm_vim;enzyme_oxa_48;mutation_pbp_mosaic
serratia_spp.,cefixime,true,enzyme_esbl_ctx_m;enzyme_esbl_tem;enzyme_esbl_shv;enzyme_kpc;enzyme_ndm_vim;enzyme_oxa_48;enzyme_ampc_cmy;enzyme_ampc_dha;mutation_ampc_derepression;mutation_pbp_mosaic
serratia_spp.,nalidixic_acid,true,mutation_gyra_primary
p_stuartii,sulfanilamide,false,
p_stuartii,penicillin_g,false,
p_stuartii,ampicillin,false,
p_stuartii,amoxicillin,false,
p_stuartii,piperacillin,true,enzyme_esbl_ctx_m;enzyme_esbl_tem;enzyme_esbl_shv;enzyme_kpc;enzyme_ndm_vim;enzyme_oxa_48;enzyme_ampc_cmy;enzyme_ampc_dha;mutation_ampc_derepression;enzyme_narrow_spectrum_gram_negative_penicillinase;mutation_pbp_mosaic
p_stuartii,ticarcillin,true,enzyme_esbl_ctx_m;enzyme_esbl_tem;enzyme_esbl_shv;enzyme_kpc;enzyme_ndm_vim;enzyme_oxa_48;enzyme_ampc_cmy;enzyme_ampc_dha;mutation_ampc_derepression;enzyme_narrow_spectrum_gram_negative_penicillinase;mutation_pbp_mosaic
p_stuartii,cephalexin,false,
p_stuartii,cefazolin,false,
p_stuartii,cefuroxime,true,enzyme_esbl_ctx_m;enzyme_esbl_tem;enzyme_esbl_shv;enzyme_kpc;enzyme_ndm_vim;enzyme_oxa_48;enzyme_ampc_cmy;enzyme_ampc_dha;mutation_ampc_derepression;mutation_pbp_mosaic
p_stuartii,ceftriaxone,true,enzyme_esbl_ctx_m;enzyme_esbl_tem;enzyme_esbl_shv;enzyme_kpc;enzyme_ndm_vim;enzyme_oxa_48;enzyme_ampc_cmy;enzyme_ampc_dha;mutation_ampc_derepression;mutation_pbp_mosaic
p_stuartii,ceftazidime,true,enzyme_esbl_ctx_m;enzyme_esbl_tem;enzyme_esbl_shv;enzyme_kpc;enzyme_ndm_vim;enzyme_oxa_48;enzyme_ampc_cmy;enzyme_ampc_dha;mutation_ampc_derepression;mutation_pbp_mosaic
p_stuartii,cefepime,true,enzyme_esbl_ctx_m;enzyme_esbl_tem;enzyme_esbl_shv;enzyme_kpc;enzyme_ndm_vim;enzyme_oxa_48;enzyme_ampc_cmy;enzyme_ampc_dha;mutation_ampc_derepression;mutation_pbp_mosaic
p_stuartii,ceftaroline,false,
p_stuartii,ceftolozane_tazobactam,true,enzyme_kpc;enzyme_ndm_vim;enzyme_ampc_cmy;enzyme_ampc_dha;mutation_ampc_derepression;mutation_pbp_mosaic
p_stuartii,cefiderocol,false,
p_stuartii,meropenem,true,enzyme_kpc;enzyme_ndm_vim;enzyme_oxa_48
p_stuartii,imipenem_c,true,enzyme_kpc;enzyme_ndm_vim;enzyme_oxa_48
p_stuartii,ertapenem,true,enzyme_kpc;enzyme_ndm_vim;enzyme_oxa_48
p_stuartii,aztreonam,true,enzyme_esbl_ctx_m;enzyme_esbl_tem;enzyme_esbl_shv;enzyme_kpc;enzyme_ampc_cmy;enzyme_ampc_dha;mutation_ampc_derepression;mutation_pbp_mosaic
p_stuartii,erythromycin,false,
p_stuartii,azithromycin,false,
p_stuartii,clarithromycin,false,
p_stuartii,clindamycin,false,
p_stuartii,gentamicin,true,enzyme_16s_rrmt;efflux_mexxy_oprm;enzyme_aac_aph
p_stuartii,tobramycin,true,enzyme_16s_rrmt;efflux_mexxy_oprm;enzyme_aac_aph
p_stuartii,amikacin,true,enzyme_16s_rrmt;efflux_mexxy_oprm;enzyme_aac_aph
p_stuartii,ciprofloxacin,true,mutation_gyra_primary;mutation_gyra_parc_secondary;protection_qnr;efflux_acrab_tolc;efflux_mexxy_oprm;global_efflux_pump
p_stuartii,levofloxacin,true,mutation_gyra_parc_secondary;protection_qnr
p_stuartii,moxifloxacin,true,mutation_gyra_parc_secondary;protection_qnr
p_stuartii,ofloxacin,true,mutation_gyra_primary;mutation_gyra_parc_secondary;protection_qnr
p_stuartii,tetracycline,true,efflux_acrab_tolc;efflux_mexxy_oprm;global_efflux_pump;protection_tet_m;efflux_tet_abc
p_stuartii,doxycycline,true,efflux_acrab_tolc;efflux_mexxy_oprm;global_efflux_pump;protection_tet_m;efflux_tet_abc
p_stuartii,minocycline,true,efflux_acrab_tolc;efflux_mexxy_oprm;global_efflux_pump;protection_tet_m
p_stuartii,tigecycline,false,
p_stuartii,vancomycin,false,
p_stuartii,teicoplanin,false,
p_stuartii,dalbavancin,false,
p_stuartii,linezolid,false,
p_stuartii,tedizolid,false,
p_stuartii,daptomycin,false,
p_stuartii,quinu_dalfo,false,
p_stuartii,trim_sulf,true,mutation_folate_pathway
p_stuartii,chloramphenicol,true,enzyme_cat;efflux_acrab_tolc;efflux_mexxy_oprm;global_efflux_pump
p_stuartii,nitrofurantoin,false,
p_stuartii,fosfomycin,true,enzyme_fos
p_stuartii,retapamulin,false,
p_stuartii,fusidic_a,false,
p_stuartii,metronidazole,false,
p_stuartii,fidaxomicin,false,
p_stuartii,furazolidone,false,
p_stuartii,rifampicin,false,
p_stuartii,amoxicillin_clavulanate,true,enzyme_kpc;enzyme_ndm_vim;enzyme_oxa_48;enzyme_ampc_cmy;enzyme_ampc_dha;mutation_ampc_derepression;mutation_pbp_mosaic
p_stuartii,piperacillin_tazobactam,true,enzyme_kpc;enzyme_ndm_vim;enzyme_oxa_48;enzyme_ampc_cmy;enzyme_ampc_dha;mutation_ampc_derepression;mutation_pbp_mosaic
p_stuartii,ampicillin_sulbactam,true,enzyme_kpc;enzyme_ndm_vim;enzyme_oxa_48;enzyme_ampc_cmy;enzyme_ampc_dha;mutation_ampc_derepression;mutation_pbp_mosaic
p_stuartii,ticarcillin_clavulanate,true,enzyme_kpc;enzyme_ndm_vim;enzyme_oxa_48;enzyme_ampc_cmy;enzyme_ampc_dha;mutation_ampc_derepression;mutation_pbp_mosaic
p_stuartii,ceftazidime_avibactam,true,enzyme_kpc;enzyme_ndm_vim;enzyme_oxa_48;mutation_pbp_mosaic
p_stuartii,meropenem_vaborbactam,true,enzyme_kpc;enzyme_ndm_vim;enzyme_oxa_48
p_stuartii,colistin,false,
p_stuartii,flucloxacillin,false,
p_stuartii,aztreonam_avibactam,true,enzyme_kpc;enzyme_ndm_vim;enzyme_oxa_48;mutation_pbp_mosaic
p_stuartii,cefixime,true,enzyme_esbl_ctx_m;enzyme_esbl_tem;enzyme_esbl_shv;enzyme_kpc;enzyme_ndm_vim;enzyme_oxa_48;enzyme_ampc_cmy;enzyme_ampc_dha;mutation_ampc_derepression;mutation_pbp_mosaic
p_stuartii,nalidixic_acid,true,mutation_gyra_primary
pseudomonas_aeruginosa,sulfanilamide,false,
pseudomonas_aeruginosa,penicillin_g,false,
pseudomonas_aeruginosa,ampicillin,false,
pseudomonas_aeruginosa,amoxicillin,false,
pseudomonas_aeruginosa,piperacillin,true,enzyme_esbl_ctx_m;enzyme_esbl_tem;enzyme_esbl_shv;enzyme_kpc;enzyme_ndm_vim;enzyme_oxa_48;enzyme_ampc_cmy;enzyme_ampc_dha;mutation_ampc_derepression;mutation_pbp_mosaic
pseudomonas_aeruginosa,ticarcillin,true,enzyme_esbl_ctx_m;enzyme_esbl_tem;enzyme_esbl_shv;enzyme_kpc;enzyme_ndm_vim;enzyme_oxa_48;enzyme_ampc_cmy;enzyme_ampc_dha;mutation_ampc_derepression;mutation_pbp_mosaic
pseudomonas_aeruginosa,cephalexin,false,
pseudomonas_aeruginosa,cefazolin,false,
pseudomonas_aeruginosa,cefuroxime,false,
pseudomonas_aeruginosa,ceftriaxone,false,
pseudomonas_aeruginosa,ceftazidime,true,enzyme_esbl_ctx_m;enzyme_esbl_tem;enzyme_esbl_shv;enzyme_kpc;enzyme_ndm_vim;enzyme_oxa_48;enzyme_ampc_cmy;enzyme_ampc_dha;mutation_ampc_derepression;enzyme_oxa_acinetobacter;mutation_pbp_mosaic
pseudomonas_aeruginosa,cefepime,true,enzyme_esbl_ctx_m;enzyme_esbl_tem;enzyme_esbl_shv;enzyme_kpc;enzyme_ndm_vim;enzyme_oxa_48;enzyme_ampc_cmy;enzyme_ampc_dha;mutation_ampc_derepression;enzyme_oxa_acinetobacter;mutation_pbp_mosaic
pseudomonas_aeruginosa,ceftaroline,false,
pseudomonas_aeruginosa,ceftolozane_tazobactam,true,enzyme_kpc;enzyme_ndm_vim;enzyme_ampc_cmy;enzyme_ampc_dha;mutation_ampc_derepression;mutation_pbp_mosaic
pseudomonas_aeruginosa,cefiderocol,false,
pseudomonas_aeruginosa,meropenem,true,enzyme_kpc;enzyme_ndm_vim;enzyme_oxa_48;porin_loss_oprd;enzyme_oxa_acinetobacter
pseudomonas_aeruginosa,imipenem_c,true,enzyme_kpc;enzyme_ndm_vim;enzyme_oxa_48;porin_loss_oprd;enzyme_oxa_acinetobacter
pseudomonas_aeruginosa,ertapenem,false,
pseudomonas_aeruginosa,aztreonam,true,enzyme_esbl_ctx_m;enzyme_esbl_tem;enzyme_esbl_shv;enzyme_kpc;enzyme_ampc_cmy;enzyme_ampc_dha;mutation_ampc_derepression;mutation_pbp_mosaic
pseudomonas_aeruginosa,erythromycin,false,
pseudomonas_aeruginosa,azithromycin,false,
pseudomonas_aeruginosa,clarithromycin,false,
pseudomonas_aeruginosa,clindamycin,false,
pseudomonas_aeruginosa,gentamicin,true,enzyme_16s_rrmt;efflux_mexxy_oprm;enzyme_aac_aph
pseudomonas_aeruginosa,tobramycin,true,enzyme_16s_rrmt;efflux_mexxy_oprm;enzyme_aac_aph
pseudomonas_aeruginosa,amikacin,true,enzyme_16s_rrmt;efflux_mexxy_oprm;enzyme_aac_aph
pseudomonas_aeruginosa,ciprofloxacin,true,mutation_gyra_primary;mutation_gyra_parc_secondary;protection_qnr;efflux_acrab_tolc;efflux_mexxy_oprm;global_efflux_pump
pseudomonas_aeruginosa,levofloxacin,true,mutation_gyra_parc_secondary;protection_qnr
pseudomonas_aeruginosa,moxifloxacin,true,mutation_gyra_parc_secondary;protection_qnr
pseudomonas_aeruginosa,ofloxacin,true,mutation_gyra_primary;mutation_gyra_parc_secondary;protection_qnr
pseudomonas_aeruginosa,tetracycline,false,
pseudomonas_aeruginosa,doxycycline,false,
pseudomonas_aeruginosa,minocycline,false,
pseudomonas_aeruginosa,tigecycline,false,
pseudomonas_aeruginosa,vancomycin,false,
pseudomonas_aeruginosa,teicoplanin,false,
pseudomonas_aeruginosa,dalbavancin,false,
pseudomonas_aeruginosa,linezolid,false,
pseudomonas_aeruginosa,tedizolid,false,
pseudomonas_aeruginosa,daptomycin,false,
pseudomonas_aeruginosa,quinu_dalfo,false,
pseudomonas_aeruginosa,trim_sulf,false,
pseudomonas_aeruginosa,chloramphenicol,false,
pseudomonas_aeruginosa,nitrofurantoin,false,
pseudomonas_aeruginosa,fosfomycin,true,enzyme_fos
pseudomonas_aeruginosa,retapamulin,false,
pseudomonas_aeruginosa,fusidic_a,false,
pseudomonas_aeruginosa,metronidazole,false,
pseudomonas_aeruginosa,fidaxomicin,false,
pseudomonas_aeruginosa,furazolidone,false,
pseudomonas_aeruginosa,rifampicin,false,
pseudomonas_aeruginosa,amoxicillin_clavulanate,false,
pseudomonas_aeruginosa,piperacillin_tazobactam,true,enzyme_kpc;enzyme_ndm_vim;enzyme_oxa_48;enzyme_ampc_cmy;enzyme_ampc_dha;mutation_ampc_derepression;mutation_pbp_mosaic
pseudomonas_aeruginosa,ampicillin_sulbactam,false,
pseudomonas_aeruginosa,ticarcillin_clavulanate,true,enzyme_kpc;enzyme_ndm_vim;enzyme_oxa_48;enzyme_ampc_cmy;enzyme_ampc_dha;mutation_ampc_derepression;mutation_pbp_mosaic
pseudomonas_aeruginosa,ceftazidime_avibactam,true,enzyme_kpc;enzyme_ndm_vim;enzyme_oxa_48;enzyme_oxa_acinetobacter;mutation_pbp_mosaic
pseudomonas_aeruginosa,meropenem_vaborbactam,true,enzyme_kpc;enzyme_ndm_vim;enzyme_oxa_48;porin_loss_oprd
pseudomonas_aeruginosa,colistin,true,modification_mcr_1;mutation_polymyxin_regulatory
pseudomonas_aeruginosa,flucloxacillin,false,
pseudomonas_aeruginosa,aztreonam_avibactam,true,enzyme_kpc;enzyme_ndm_vim;enzyme_oxa_48;mutation_pbp_mosaic
pseudomonas_aeruginosa,cefixime,false,
pseudomonas_aeruginosa,nalidixic_acid,false,
stenotrophomonas_maltophilia,sulfanilamide,true,mutation_folate_pathway
stenotrophomonas_maltophilia,penicillin_g,false,
stenotrophomonas_maltophilia,ampicillin,false,
stenotrophomonas_maltophilia,amoxicillin,false,
stenotrophomonas_maltophilia,piperacillin,false,
stenotrophomonas_maltophilia,ticarcillin,false,
stenotrophomonas_maltophilia,cephalexin,false,
stenotrophomonas_maltophilia,cefazolin,false,
stenotrophomonas_maltophilia,cefuroxime,false,
stenotrophomonas_maltophilia,ceftriaxone,false,
stenotrophomonas_maltophilia,ceftazidime,true,enzyme_esbl_ctx_m;enzyme_esbl_tem;enzyme_esbl_shv;enzyme_kpc;enzyme_ndm_vim;enzyme_oxa_48;enzyme_ampc_cmy;enzyme_ampc_dha;mutation_ampc_derepression;enzyme_oxa_acinetobacter;mutation_pbp_mosaic
stenotrophomonas_maltophilia,cefepime,false,
stenotrophomonas_maltophilia,ceftaroline,false,
stenotrophomonas_maltophilia,ceftolozane_tazobactam,false,
stenotrophomonas_maltophilia,cefiderocol,false,
stenotrophomonas_maltophilia,meropenem,false,
stenotrophomonas_maltophilia,imipenem_c,false,
stenotrophomonas_maltophilia,ertapenem,false,
stenotrophomonas_maltophilia,aztreonam,false,
stenotrophomonas_maltophilia,erythromycin,false,
stenotrophomonas_maltophilia,azithromycin,false,
stenotrophomonas_maltophilia,clarithromycin,false,
stenotrophomonas_maltophilia,clindamycin,false,
stenotrophomonas_maltophilia,gentamicin,false,
stenotrophomonas_maltophilia,tobramycin,false,
stenotrophomonas_maltophilia,amikacin,false,
stenotrophomonas_maltophilia,ciprofloxacin,true,mutation_gyra_primary;mutation_gyra_parc_secondary;protection_qnr;efflux_acrab_tolc;efflux_mexxy_oprm;global_efflux_pump
stenotrophomonas_maltophilia,levofloxacin,true,mutation_gyra_parc_secondary;protection_qnr
stenotrophomonas_maltophilia,moxifloxacin,true,mutation_gyra_parc_secondary;protection_qnr
stenotrophomonas_maltophilia,ofloxacin,true,mutation_gyra_primary;mutation_gyra_parc_secondary;protection_qnr
stenotrophomonas_maltophilia,tetracycline,true,efflux_acrab_tolc;efflux_mexxy_oprm;global_efflux_pump;protection_tet_m;efflux_tet_abc
stenotrophomonas_maltophilia,doxycycline,true,efflux_acrab_tolc;efflux_mexxy_oprm;global_efflux_pump;protection_tet_m;efflux_tet_abc
stenotrophomonas_maltophilia,minocycline,true,efflux_acrab_tolc;efflux_mexxy_oprm;global_efflux_pump;protection_tet_m
stenotrophomonas_maltophilia,tigecycline,false,
stenotrophomonas_maltophilia,vancomycin,false,
stenotrophomonas_maltophilia,teicoplanin,false,
stenotrophomonas_maltophilia,dalbavancin,false,
stenotrophomonas_maltophilia,linezolid,false,
stenotrophomonas_maltophilia,tedizolid,false,
stenotrophomonas_maltophilia,daptomycin,false,
stenotrophomonas_maltophilia,quinu_dalfo,false,
stenotrophomonas_maltophilia,trim_sulf,true,mutation_folate_pathway
stenotrophomonas_maltophilia,chloramphenicol,true,enzyme_cat;efflux_acrab_tolc;efflux_mexxy_oprm;global_efflux_pump
stenotrophomonas_maltophilia,nitrofurantoin,false,
stenotrophomonas_maltophilia,fosfomycin,true,enzyme_fos
stenotrophomonas_maltophilia,retapamulin,false,
stenotrophomonas_maltophilia,fusidic_a,false,
stenotrophomonas_maltophilia,metronidazole,false,
stenotrophomonas_maltophilia,fidaxomicin,false,
stenotrophomonas_maltophilia,furazolidone,false,
stenotrophomonas_maltophilia,rifampicin,true,mutation_rpo_b
stenotrophomonas_maltophilia,amoxicillin_clavulanate,false,
stenotrophomonas_maltophilia,piperacillin_tazobactam,false,
stenotrophomonas_maltophilia,ampicillin_sulbactam,false,
stenotrophomonas_maltophilia,ticarcillin_clavulanate,false,
stenotrophomonas_maltophilia,ceftazidime_avibactam,false,
stenotrophomonas_maltophilia,meropenem_vaborbactam,false,
stenotrophomonas_maltophilia,colistin,false,
stenotrophomonas_maltophilia,flucloxacillin,false,
stenotrophomonas_maltophilia,aztreonam_avibactam,false,
stenotrophomonas_maltophilia,cefixime,false,
stenotrophomonas_maltophilia,nalidixic_acid,false,
staphylococcus_aureus,sulfanilamide,false,
staphylococcus_aureus,penicillin_g,true,target_site_pbp2a_meca;enzyme_bla_z;mutation_pbp_mosaic
staphylococcus_aureus,ampicillin,false,
staphylococcus_aureus,amoxicillin,false,
staphylococcus_aureus,piperacillin,true,target_site_pbp2a_meca;enzyme_bla_z;mutation_pbp_mosaic
staphylococcus_aureus,ticarcillin,true,target_site_pbp2a_meca;enzyme_bla_z;mutation_pbp_mosaic
staphylococcus_aureus,cephalexin,true,target_site_pbp2a_meca;mutation_pbp_mosaic
staphylococcus_aureus,cefazolin,true,target_site_pbp2a_meca;mutation_pbp_mosaic
staphylococcus_aureus,cefuroxime,true,target_site_pbp2a_meca;mutation_pbp_mosaic
staphylococcus_aureus,ceftriaxone,true,target_site_pbp2a_meca;mutation_pbp_mosaic
staphylococcus_aureus,ceftazidime,false,
staphylococcus_aureus,cefepime,true,target_site_pbp2a_meca;mutation_pbp_mosaic
staphylococcus_aureus,ceftaroline,true,mutation_pbp_mosaic
staphylococcus_aureus,ceftolozane_tazobactam,true,target_site_pbp2a_meca;mutation_pbp_mosaic
staphylococcus_aureus,cefiderocol,true,target_site_pbp2a_meca
staphylococcus_aureus,meropenem,true,target_site_pbp2a_meca
staphylococcus_aureus,imipenem_c,true,target_site_pbp2a_meca
staphylococcus_aureus,ertapenem,true,target_site_pbp2a_meca
staphylococcus_aureus,aztreonam,false,
staphylococcus_aureus,erythromycin,true,target_site_erm_b
staphylococcus_aureus,azithromycin,true,target_site_erm_b
staphylococcus_aureus,clarithromycin,true,target_site_erm_b
staphylococcus_aureus,clindamycin,true,target_site_erm_b;target_site_cfr
staphylococcus_aureus,gentamicin,true,enzyme_aac_aph
staphylococcus_aureus,tobramycin,true,enzyme_aac_aph
staphylococcus_aureus,amikacin,true,enzyme_aac_aph
staphylococcus_aureus,ciprofloxacin,true,mutation_gyra_primary;mutation_gyra_parc_secondary;global_efflux_pump
staphylococcus_aureus,levofloxacin,true,mutation_gyra_parc_secondary
staphylococcus_aureus,moxifloxacin,true,mutation_gyra_parc_secondary
staphylococcus_aureus,ofloxacin,true,mutation_gyra_primary;mutation_gyra_parc_secondary
staphylococcus_aureus,tetracycline,true,global_efflux_pump;protection_tet_m
staphylococcus_aureus,doxycycline,true,global_efflux_pump;protection_tet_m
staphylococcus_aureus,minocycline,true,global_efflux_pump;protection_tet_m
staphylococcus_aureus,tigecycline,true,global_efflux_pump
staphylococcus_aureus,vancomycin,true,target_site_van_a;target_site_van_b
staphylococcus_aureus,teicoplanin,true,target_site_van_a
staphylococcus_aureus,dalbavancin,true,target_site_van_a
staphylococcus_aureus,linezolid,true,target_site_cfr;mutation_23s_rrna_oxazolidinone
staphylococcus_aureus,tedizolid,true,target_site_cfr;mutation_23s_rrna_oxazolidinone
staphylococcus_aureus,daptomycin,true,mutation_mpr_f
staphylococcus_aureus,quinu_dalfo,true,target_site_erm_b
staphylococcus_aureus,trim_sulf,true,mutation_folate_pathway
staphylococcus_aureus,chloramphenicol,true,target_site_cfr;enzyme_cat;global_efflux_pump
staphylococcus_aureus,nitrofurantoin,false,
staphylococcus_aureus,fosfomycin,true,enzyme_fos
staphylococcus_aureus,retapamulin,true,target_site_cfr
staphylococcus_aureus,fusidic_a,true,protection_fus_b
staphylococcus_aureus,metronidazole,false,
staphylococcus_aureus,fidaxomicin,false,
staphylococcus_aureus,furazolidone,false,
staphylococcus_aureus,rifampicin,true,mutation_rpo_b
staphylococcus_aureus,amoxicillin_clavulanate,true,target_site_pbp2a_meca;mutation_pbp_mosaic
staphylococcus_aureus,piperacillin_tazobactam,true,target_site_pbp2a_meca;mutation_pbp_mosaic
staphylococcus_aureus,ampicillin_sulbactam,true,target_site_pbp2a_meca;mutation_pbp_mosaic
staphylococcus_aureus,ticarcillin_clavulanate,true,target_site_pbp2a_meca;mutation_pbp_mosaic
staphylococcus_aureus,ceftazidime_avibactam,false,
staphylococcus_aureus,meropenem_vaborbactam,true,target_site_pbp2a_meca
staphylococcus_aureus,colistin,false,
staphylococcus_aureus,flucloxacillin,true,target_site_pbp2a_meca;mutation_pbp_mosaic
staphylococcus_aureus,aztreonam_avibactam,false,
staphylococcus_aureus,cefixime,true,target_site_pbp2a_meca;mutation_pbp_mosaic
staphylococcus_aureus,nalidixic_acid,false,
staphylococcus_epidermidis,sulfanilamide,false,
staphylococcus_epidermidis,penicillin_g,false,
staphylococcus_epidermidis,ampicillin,false,
staphylococcus_epidermidis,amoxicillin,false,
staphylococcus_epidermidis,piperacillin,true,target_site_pbp2a_meca;enzyme_bla_z;mutation_pbp_mosaic
staphylococcus_epidermidis,ticarcillin,true,target_site_pbp2a_meca;enzyme_bla_z;mutation_pbp_mosaic
staphylococcus_epidermidis,cephalexin,true,target_site_pbp2a_meca;mutation_pbp_mosaic
staphylococcus_epidermidis,cefazolin,true,target_site_pbp2a_meca;mutation_pbp_mosaic
staphylococcus_epidermidis,cefuroxime,true,target_site_pbp2a_meca;mutation_pbp_mosaic
staphylococcus_epidermidis,ceftriaxone,false,
staphylococcus_epidermidis,ceftazidime,false,
staphylococcus_epidermidis,cefepime,true,target_site_pbp2a_meca;mutation_pbp_mosaic
staphylococcus_epidermidis,ceftaroline,true,mutation_pbp_mosaic
staphylococcus_epidermidis,ceftolozane_tazobactam,true,target_site_pbp2a_meca;mutation_pbp_mosaic
staphylococcus_epidermidis,cefiderocol,true,target_site_pbp2a_meca
staphylococcus_epidermidis,meropenem,true,target_site_pbp2a_meca
staphylococcus_epidermidis,imipenem_c,true,target_site_pbp2a_meca
staphylococcus_epidermidis,ertapenem,true,target_site_pbp2a_meca
staphylococcus_epidermidis,aztreonam,false,
staphylococcus_epidermidis,erythromycin,true,target_site_erm_b
staphylococcus_epidermidis,azithromycin,true,target_site_erm_b
staphylococcus_epidermidis,clarithromycin,true,target_site_erm_b
staphylococcus_epidermidis,clindamycin,true,target_site_erm_b;target_site_cfr
staphylococcus_epidermidis,gentamicin,true,enzyme_aac_aph
staphylococcus_epidermidis,tobramycin,true,enzyme_aac_aph
staphylococcus_epidermidis,amikacin,true,enzyme_aac_aph
staphylococcus_epidermidis,ciprofloxacin,true,mutation_gyra_primary;mutation_gyra_parc_secondary;global_efflux_pump
staphylococcus_epidermidis,levofloxacin,true,mutation_gyra_parc_secondary
staphylococcus_epidermidis,moxifloxacin,true,mutation_gyra_parc_secondary
staphylococcus_epidermidis,ofloxacin,true,mutation_gyra_primary;mutation_gyra_parc_secondary
staphylococcus_epidermidis,tetracycline,true,global_efflux_pump;protection_tet_m
staphylococcus_epidermidis,doxycycline,true,global_efflux_pump;protection_tet_m
staphylococcus_epidermidis,minocycline,true,global_efflux_pump;protection_tet_m
staphylococcus_epidermidis,tigecycline,false,
staphylococcus_epidermidis,vancomycin,true,target_site_van_a;target_site_van_b
staphylococcus_epidermidis,teicoplanin,true,target_site_van_a
staphylococcus_epidermidis,dalbavancin,true,target_site_van_a
staphylococcus_epidermidis,linezolid,true,target_site_cfr;mutation_23s_rrna_oxazolidinone
staphylococcus_epidermidis,tedizolid,true,target_site_cfr;mutation_23s_rrna_oxazolidinone
staphylococcus_epidermidis,daptomycin,true,mutation_mpr_f
staphylococcus_epidermidis,quinu_dalfo,true,target_site_erm_b
staphylococcus_epidermidis,trim_sulf,true,mutation_folate_pathway
staphylococcus_epidermidis,chloramphenicol,true,target_site_cfr;enzyme_cat;global_efflux_pump
staphylococcus_epidermidis,nitrofurantoin,true,mutation_nitroreductase
staphylococcus_epidermidis,fosfomycin,true,enzyme_fos
staphylococcus_epidermidis,retapamulin,true,target_site_cfr
staphylococcus_epidermidis,fusidic_a,true,protection_fus_b
staphylococcus_epidermidis,metronidazole,false,
staphylococcus_epidermidis,fidaxomicin,false,
staphylococcus_epidermidis,furazolidone,false,
staphylococcus_epidermidis,rifampicin,true,mutation_rpo_b
staphylococcus_epidermidis,amoxicillin_clavulanate,true,target_site_pbp2a_meca;mutation_pbp_mosaic
staphylococcus_epidermidis,piperacillin_tazobactam,true,target_site_pbp2a_meca;mutation_pbp_mosaic
staphylococcus_epidermidis,ampicillin_sulbactam,true,target_site_pbp2a_meca;mutation_pbp_mosaic
staphylococcus_epidermidis,ticarcillin_clavulanate,true,target_site_pbp2a_meca;mutation_pbp_mosaic
staphylococcus_epidermidis,ceftazidime_avibactam,false,
staphylococcus_epidermidis,meropenem_vaborbactam,true,target_site_pbp2a_meca
staphylococcus_epidermidis,colistin,false,
staphylococcus_epidermidis,flucloxacillin,true,target_site_pbp2a_meca;mutation_pbp_mosaic
staphylococcus_epidermidis,aztreonam_avibactam,false,
staphylococcus_epidermidis,cefixime,true,target_site_pbp2a_meca;mutation_pbp_mosaic
staphylococcus_epidermidis,nalidixic_acid,false,
streptococcus_pneumoniae,sulfanilamide,true,mutation_folate_pathway
streptococcus_pneumoniae,penicillin_g,true,mutation_pbp_mosaic
streptococcus_pneumoniae,ampicillin,true,mutation_pbp_mosaic
streptococcus_pneumoniae,amoxicillin,true,mutation_pbp_mosaic
streptococcus_pneumoniae,piperacillin,true,mutation_pbp_mosaic
streptococcus_pneumoniae,ticarcillin,true,mutation_pbp_mosaic
streptococcus_pneumoniae,cephalexin,true,mutation_pbp_mosaic
streptococcus_pneumoniae,cefazolin,true,mutation_pbp_mosaic
streptococcus_pneumoniae,cefuroxime,true,mutation_pbp_mosaic
streptococcus_pneumoniae,ceftriaxone,true,mutation_pbp_mosaic
streptococcus_pneumoniae,ceftazidime,true,mutation_pbp_mosaic
streptococcus_pneumoniae,cefepime,true,mutation_pbp_mosaic
streptococcus_pneumoniae,ceftaroline,true,mutation_pbp_mosaic
streptococcus_pneumoniae,ceftolozane_tazobactam,true,mutation_pbp_mosaic
streptococcus_pneumoniae,cefiderocol,false,
streptococcus_pneumoniae,meropenem,false,
streptococcus_pneumoniae,imipenem_c,false,
streptococcus_pneumoniae,ertapenem,false,
streptococcus_pneumoniae,aztreonam,false,
streptococcus_pneumoniae,erythromycin,true,target_site_erm_b;mutation_23s_rrna
streptococcus_pneumoniae,azithromycin,true,target_site_erm_b;mutation_23s_rrna
streptococcus_pneumoniae,clarithromycin,true,target_site_erm_b;mutation_23s_rrna
streptococcus_pneumoniae,clindamycin,true,target_site_erm_b;target_site_cfr
streptococcus_pneumoniae,gentamicin,false,
streptococcus_pneumoniae,tobramycin,false,
streptococcus_pneumoniae,amikacin,false,
streptococcus_pneumoniae,ciprofloxacin,true,mutation_gyra_primary;mutation_gyra_parc_secondary;global_efflux_pump
streptococcus_pneumoniae,levofloxacin,true,mutation_gyra_parc_secondary
streptococcus_pneumoniae,moxifloxacin,true,mutation_gyra_parc_secondary
streptococcus_pneumoniae,ofloxacin,true,mutation_gyra_primary;mutation_gyra_parc_secondary
streptococcus_pneumoniae,tetracycline,true,global_efflux_pump;protection_tet_m
streptococcus_pneumoniae,doxycycline,true,global_efflux_pump;protection_tet_m
streptococcus_pneumoniae,minocycline,true,global_efflux_pump;protection_tet_m
streptococcus_pneumoniae,tigecycline,true,global_efflux_pump
streptococcus_pneumoniae,vancomycin,true,target_site_van_a;target_site_van_b
streptococcus_pneumoniae,teicoplanin,true,target_site_van_a
streptococcus_pneumoniae,dalbavancin,true,target_site_van_a
streptococcus_pneumoniae,linezolid,true,target_site_cfr;mutation_23s_rrna_oxazolidinone
streptococcus_pneumoniae,tedizolid,true,target_site_cfr;mutation_23s_rrna_oxazolidinone
streptococcus_pneumoniae,daptomycin,false,
streptococcus_pneumoniae,quinu_dalfo,true,target_site_erm_b
streptococcus_pneumoniae,trim_sulf,true,mutation_folate_pathway
streptococcus_pneumoniae,chloramphenicol,true,target_site_cfr;enzyme_cat;global_efflux_pump
streptococcus_pneumoniae,nitrofurantoin,false,
streptococcus_pneumoniae,fosfomycin,true,enzyme_fos
streptococcus_pneumoniae,retapamulin,false,
streptococcus_pneumoniae,fusidic_a,false,
streptococcus_pneumoniae,metronidazole,false,
streptococcus_pneumoniae,fidaxomicin,false,
streptococcus_pneumoniae,furazolidone,false,
streptococcus_pneumoniae,rifampicin,true,mutation_rpo_b
streptococcus_pneumoniae,amoxicillin_clavulanate,true,mutation_pbp_mosaic
streptococcus_pneumoniae,piperacillin_tazobactam,true,mutation_pbp_mosaic
streptococcus_pneumoniae,ampicillin_sulbactam,true,mutation_pbp_mosaic
streptococcus_pneumoniae,ticarcillin_clavulanate,true,mutation_pbp_mosaic
streptococcus_pneumoniae,ceftazidime_avibactam,true,mutation_pbp_mosaic
streptococcus_pneumoniae,meropenem_vaborbactam,false,
streptococcus_pneumoniae,colistin,false,
streptococcus_pneumoniae,flucloxacillin,true,mutation_pbp_mosaic
streptococcus_pneumoniae,aztreonam_avibactam,false,
streptococcus_pneumoniae,cefixime,true,mutation_pbp_mosaic
streptococcus_pneumoniae,nalidixic_acid,false,
salmonella_enterica_serovar_typhi,sulfanilamide,true,mutation_folate_pathway
salmonella_enterica_serovar_typhi,penicillin_g,false,
salmonella_enterica_serovar_typhi,ampicillin,true,enzyme_esbl_ctx_m;enzyme_esbl_tem;enzyme_esbl_shv;enzyme_kpc;enzyme_ndm_vim;enzyme_oxa_48;enzyme_ampc_cmy;enzyme_ampc_dha;mutation_ampc_derepression;enzyme_narrow_spectrum_gram_negative_penicillinase;mutation_pbp_mosaic
salmonella_enterica_serovar_typhi,amoxicillin,true,enzyme_esbl_ctx_m;enzyme_esbl_tem;enzyme_esbl_shv;enzyme_kpc;enzyme_ndm_vim;enzyme_oxa_48;enzyme_ampc_cmy;enzyme_ampc_dha;mutation_ampc_derepression;enzyme_narrow_spectrum_gram_negative_penicillinase;mutation_pbp_mosaic
salmonella_enterica_serovar_typhi,piperacillin,true,enzyme_esbl_ctx_m;enzyme_esbl_tem;enzyme_esbl_shv;enzyme_kpc;enzyme_ndm_vim;enzyme_oxa_48;enzyme_ampc_cmy;enzyme_ampc_dha;mutation_ampc_derepression;enzyme_narrow_spectrum_gram_negative_penicillinase;mutation_pbp_mosaic
salmonella_enterica_serovar_typhi,ticarcillin,true,enzyme_esbl_ctx_m;enzyme_esbl_tem;enzyme_esbl_shv;enzyme_kpc;enzyme_ndm_vim;enzyme_oxa_48;enzyme_ampc_cmy;enzyme_ampc_dha;mutation_ampc_derepression;enzyme_narrow_spectrum_gram_negative_penicillinase;mutation_pbp_mosaic
salmonella_enterica_serovar_typhi,cephalexin,true,enzyme_esbl_ctx_m;enzyme_esbl_tem;enzyme_esbl_shv;enzyme_kpc;enzyme_ndm_vim;enzyme_oxa_48;enzyme_ampc_cmy;enzyme_ampc_dha;mutation_ampc_derepression;mutation_pbp_mosaic
salmonella_enterica_serovar_typhi,cefazolin,true,enzyme_esbl_ctx_m;enzyme_esbl_tem;enzyme_esbl_shv;enzyme_kpc;enzyme_ndm_vim;enzyme_oxa_48;enzyme_ampc_cmy;enzyme_ampc_dha;mutation_ampc_derepression;mutation_pbp_mosaic
salmonella_enterica_serovar_typhi,cefuroxime,true,enzyme_esbl_ctx_m;enzyme_esbl_tem;enzyme_esbl_shv;enzyme_kpc;enzyme_ndm_vim;enzyme_oxa_48;enzyme_ampc_cmy;enzyme_ampc_dha;mutation_ampc_derepression;mutation_pbp_mosaic
salmonella_enterica_serovar_typhi,ceftriaxone,true,enzyme_esbl_ctx_m;enzyme_esbl_tem;enzyme_esbl_shv;enzyme_kpc;enzyme_ndm_vim;enzyme_oxa_48;enzyme_ampc_cmy;enzyme_ampc_dha;mutation_ampc_derepression;mutation_pbp_mosaic
salmonella_enterica_serovar_typhi,ceftazidime,true,enzyme_esbl_ctx_m;enzyme_esbl_tem;enzyme_esbl_shv;enzyme_kpc;enzyme_ndm_vim;enzyme_oxa_48;enzyme_ampc_cmy;enzyme_ampc_dha;mutation_ampc_derepression;mutation_pbp_mosaic
salmonella_enterica_serovar_typhi,cefepime,true,enzyme_esbl_ctx_m;enzyme_esbl_tem;enzyme_esbl_shv;enzyme_kpc;enzyme_ndm_vim;enzyme_oxa_48;enzyme_ampc_cmy;enzyme_ampc_dha;mutation_ampc_derepression;mutation_pbp_mosaic
salmonella_enterica_serovar_typhi,ceftaroline,false,
salmonella_enterica_serovar_typhi,ceftolozane_tazobactam,true,enzyme_kpc;enzyme_ndm_vim;enzyme_ampc_cmy;enzyme_ampc_dha;mutation_ampc_derepression;mutation_pbp_mosaic
salmonella_enterica_serovar_typhi,cefiderocol,false,
salmonella_enterica_serovar_typhi,meropenem,true,enzyme_kpc;enzyme_ndm_vim;enzyme_oxa_48
salmonella_enterica_serovar_typhi,imipenem_c,true,enzyme_kpc;enzyme_ndm_vim;enzyme_oxa_48
salmonella_enterica_serovar_typhi,ertapenem,true,enzyme_kpc;enzyme_ndm_vim;enzyme_oxa_48
salmonella_enterica_serovar_typhi,aztreonam,true,enzyme_esbl_ctx_m;enzyme_esbl_tem;enzyme_esbl_shv;enzyme_kpc;enzyme_ampc_cmy;enzyme_ampc_dha;mutation_ampc_derepression;mutation_pbp_mosaic
salmonella_enterica_serovar_typhi,erythromycin,false,
salmonella_enterica_serovar_typhi,azithromycin,false,
salmonella_enterica_serovar_typhi,clarithromycin,false,
salmonella_enterica_serovar_typhi,clindamycin,false,
salmonella_enterica_serovar_typhi,gentamicin,true,enzyme_16s_rrmt;efflux_mexxy_oprm;enzyme_aac_aph
salmonella_enterica_serovar_typhi,tobramycin,true,enzyme_16s_rrmt;efflux_mexxy_oprm;enzyme_aac_aph
salmonella_enterica_serovar_typhi,amikacin,true,enzyme_16s_rrmt;efflux_mexxy_oprm;enzyme_aac_aph
salmonella_enterica_serovar_typhi,ciprofloxacin,true,mutation_gyra_primary;mutation_gyra_parc_secondary;protection_qnr;efflux_acrab_tolc;efflux_mexxy_oprm;global_efflux_pump
salmonella_enterica_serovar_typhi,levofloxacin,true,mutation_gyra_parc_secondary;protection_qnr
salmonella_enterica_serovar_typhi,moxifloxacin,true,mutation_gyra_parc_secondary;protection_qnr
salmonella_enterica_serovar_typhi,ofloxacin,true,mutation_gyra_primary;mutation_gyra_parc_secondary;protection_qnr
salmonella_enterica_serovar_typhi,tetracycline,true,efflux_acrab_tolc;efflux_mexxy_oprm;global_efflux_pump;protection_tet_m;efflux_tet_abc
salmonella_enterica_serovar_typhi,doxycycline,true,efflux_acrab_tolc;efflux_mexxy_oprm;global_efflux_pump;protection_tet_m;efflux_tet_abc
salmonella_enterica_serovar_typhi,minocycline,true,efflux_acrab_tolc;efflux_mexxy_oprm;global_efflux_pump;protection_tet_m
salmonella_enterica_serovar_typhi,tigecycline,true,efflux_acrab_tolc;global_efflux_pump
salmonella_enterica_serovar_typhi,vancomycin,false,
salmonella_enterica_serovar_typhi,teicoplanin,false,
salmonella_enterica_serovar_typhi,dalbavancin,false,
salmonella_enterica_serovar_typhi,linezolid,false,
salmonella_enterica_serovar_typhi,tedizolid,false,
salmonella_enterica_serovar_typhi,daptomycin,false,
salmonella_enterica_serovar_typhi,quinu_dalfo,false,
salmonella_enterica_serovar_typhi,trim_sulf,true,mutation_folate_pathway
salmonella_enterica_serovar_typhi,chloramphenicol,true,enzyme_cat;efflux_acrab_tolc;efflux_mexxy_oprm;global_efflux_pump
salmonella_enterica_serovar_typhi,nitrofurantoin,false,
salmonella_enterica_serovar_typhi,fosfomycin,false,
salmonella_enterica_serovar_typhi,retapamulin,false,
salmonella_enterica_serovar_typhi,fusidic_a,false,
salmonella_enterica_serovar_typhi,metronidazole,false,
salmonella_enterica_serovar_typhi,fidaxomicin,false,
salmonella_enterica_serovar_typhi,furazolidone,false,
salmonella_enterica_serovar_typhi,rifampicin,true,mutation_rpo_b
salmonella_enterica_serovar_typhi,amoxicillin_clavulanate,true,enzyme_kpc;enzyme_ndm_vim;enzyme_oxa_48;enzyme_ampc_cmy;enzyme_ampc_dha;mutation_ampc_derepression;mutation_pbp_mosaic
salmonella_enterica_serovar_typhi,piperacillin_tazobactam,true,enzyme_kpc;enzyme_ndm_vim;enzyme_oxa_48;enzyme_ampc_cmy;enzyme_ampc_dha;mutation_ampc_derepression;mutation_pbp_mosaic
salmonella_enterica_serovar_typhi,ampicillin_sulbactam,true,enzyme_kpc;enzyme_ndm_vim;enzyme_oxa_48;enzyme_ampc_cmy;enzyme_ampc_dha;mutation_ampc_derepression;mutation_pbp_mosaic
salmonella_enterica_serovar_typhi,ticarcillin_clavulanate,true,enzyme_kpc;enzyme_ndm_vim;enzyme_oxa_48;enzyme_ampc_cmy;enzyme_ampc_dha;mutation_ampc_derepression;mutation_pbp_mosaic
salmonella_enterica_serovar_typhi,ceftazidime_avibactam,true,enzyme_kpc;enzyme_ndm_vim;enzyme_oxa_48;mutation_pbp_mosaic
salmonella_enterica_serovar_typhi,meropenem_vaborbactam,true,enzyme_kpc;enzyme_ndm_vim;enzyme_oxa_48
salmonella_enterica_serovar_typhi,colistin,true,modification_mcr_1;mutation_polymyxin_regulatory
salmonella_enterica_serovar_typhi,flucloxacillin,false,
salmonella_enterica_serovar_typhi,aztreonam_avibactam,true,enzyme_kpc;enzyme_ndm_vim;enzyme_oxa_48;mutation_pbp_mosaic
salmonella_enterica_serovar_typhi,cefixime,true,enzyme_esbl_ctx_m;enzyme_esbl_tem;enzyme_esbl_shv;enzyme_kpc;enzyme_ndm_vim;enzyme_oxa_48;enzyme_ampc_cmy;enzyme_ampc_dha;mutation_ampc_derepression;mutation_pbp_mosaic
salmonella_enterica_serovar_typhi,nalidixic_acid,true,mutation_gyra_primary
salmonella_enterica_serovar_paratyphi_a,sulfanilamide,true,mutation_folate_pathway
salmonella_enterica_serovar_paratyphi_a,penicillin_g,false,
salmonella_enterica_serovar_paratyphi_a,ampicillin,true,enzyme_esbl_ctx_m;enzyme_esbl_tem;enzyme_esbl_shv;enzyme_kpc;enzyme_ndm_vim;enzyme_oxa_48;enzyme_ampc_cmy;enzyme_ampc_dha;mutation_ampc_derepression;enzyme_narrow_spectrum_gram_negative_penicillinase;mutation_pbp_mosaic
salmonella_enterica_serovar_paratyphi_a,amoxicillin,true,enzyme_esbl_ctx_m;enzyme_esbl_tem;enzyme_esbl_shv;enzyme_kpc;enzyme_ndm_vim;enzyme_oxa_48;enzyme_ampc_cmy;enzyme_ampc_dha;mutation_ampc_derepression;enzyme_narrow_spectrum_gram_negative_penicillinase;mutation_pbp_mosaic
salmonella_enterica_serovar_paratyphi_a,piperacillin,true,enzyme_esbl_ctx_m;enzyme_esbl_tem;enzyme_esbl_shv;enzyme_kpc;enzyme_ndm_vim;enzyme_oxa_48;enzyme_ampc_cmy;enzyme_ampc_dha;mutation_ampc_derepression;enzyme_narrow_spectrum_gram_negative_penicillinase;mutation_pbp_mosaic
salmonella_enterica_serovar_paratyphi_a,ticarcillin,true,enzyme_esbl_ctx_m;enzyme_esbl_tem;enzyme_esbl_shv;enzyme_kpc;enzyme_ndm_vim;enzyme_oxa_48;enzyme_ampc_cmy;enzyme_ampc_dha;mutation_ampc_derepression;enzyme_narrow_spectrum_gram_negative_penicillinase;mutation_pbp_mosaic
salmonella_enterica_serovar_paratyphi_a,cephalexin,true,enzyme_esbl_ctx_m;enzyme_esbl_tem;enzyme_esbl_shv;enzyme_kpc;enzyme_ndm_vim;enzyme_oxa_48;enzyme_ampc_cmy;enzyme_ampc_dha;mutation_ampc_derepression;mutation_pbp_mosaic
salmonella_enterica_serovar_paratyphi_a,cefazolin,true,enzyme_esbl_ctx_m;enzyme_esbl_tem;enzyme_esbl_shv;enzyme_kpc;enzyme_ndm_vim;enzyme_oxa_48;enzyme_ampc_cmy;enzyme_ampc_dha;mutation_ampc_derepression;mutation_pbp_mosaic
salmonella_enterica_serovar_paratyphi_a,cefuroxime,true,enzyme_esbl_ctx_m;enzyme_esbl_tem;enzyme_esbl_shv;enzyme_kpc;enzyme_ndm_vim;enzyme_oxa_48;enzyme_ampc_cmy;enzyme_ampc_dha;mutation_ampc_derepression;mutation_pbp_mosaic
salmonella_enterica_serovar_paratyphi_a,ceftriaxone,true,enzyme_esbl_ctx_m;enzyme_esbl_tem;enzyme_esbl_shv;enzyme_kpc;enzyme_ndm_vim;enzyme_oxa_48;enzyme_ampc_cmy;enzyme_ampc_dha;mutation_ampc_derepression;mutation_pbp_mosaic
salmonella_enterica_serovar_paratyphi_a,ceftazidime,true,enzyme_esbl_ctx_m;enzyme_esbl_tem;enzyme_esbl_shv;enzyme_kpc;enzyme_ndm_vim;enzyme_oxa_48;enzyme_ampc_cmy;enzyme_ampc_dha;mutation_ampc_derepression;mutation_pbp_mosaic
salmonella_enterica_serovar_paratyphi_a,cefepime,true,enzyme_esbl_ctx_m;enzyme_esbl_tem;enzyme_esbl_shv;enzyme_kpc;enzyme_ndm_vim;enzyme_oxa_48;enzyme_ampc_cmy;enzyme_ampc_dha;mutation_ampc_derepression;mutation_pbp_mosaic
salmonella_enterica_serovar_paratyphi_a,ceftaroline,false,
salmonella_enterica_serovar_paratyphi_a,ceftolozane_tazobactam,true,enzyme_kpc;enzyme_ndm_vim;enzyme_ampc_cmy;enzyme_ampc_dha;mutation_ampc_derepression;mutation_pbp_mosaic
salmonella_enterica_serovar_paratyphi_a,cefiderocol,false,
salmonella_enterica_serovar_paratyphi_a,meropenem,true,enzyme_kpc;enzyme_ndm_vim;enzyme_oxa_48
salmonella_enterica_serovar_paratyphi_a,imipenem_c,true,enzyme_kpc;enzyme_ndm_vim;enzyme_oxa_48
salmonella_enterica_serovar_paratyphi_a,ertapenem,true,enzyme_kpc;enzyme_ndm_vim;enzyme_oxa_48
salmonella_enterica_serovar_paratyphi_a,aztreonam,true,enzyme_esbl_ctx_m;enzyme_esbl_tem;enzyme_esbl_shv;enzyme_kpc;enzyme_ampc_cmy;enzyme_ampc_dha;mutation_ampc_derepression;mutation_pbp_mosaic
salmonella_enterica_serovar_paratyphi_a,erythromycin,false,
salmonella_enterica_serovar_paratyphi_a,azithromycin,false,
salmonella_enterica_serovar_paratyphi_a,clarithromycin,false,
salmonella_enterica_serovar_paratyphi_a,clindamycin,false,
salmonella_enterica_serovar_paratyphi_a,gentamicin,true,enzyme_16s_rrmt;efflux_mexxy_oprm;enzyme_aac_aph
salmonella_enterica_serovar_paratyphi_a,tobramycin,true,enzyme_16s_rrmt;efflux_mexxy_oprm;enzyme_aac_aph
salmonella_enterica_serovar_paratyphi_a,amikacin,true,enzyme_16s_rrmt;efflux_mexxy_oprm;enzyme_aac_aph
salmonella_enterica_serovar_paratyphi_a,ciprofloxacin,true,mutation_gyra_primary;mutation_gyra_parc_secondary;protection_qnr;efflux_acrab_tolc;efflux_mexxy_oprm;global_efflux_pump
salmonella_enterica_serovar_paratyphi_a,levofloxacin,true,mutation_gyra_parc_secondary;protection_qnr
salmonella_enterica_serovar_paratyphi_a,moxifloxacin,true,mutation_gyra_parc_secondary;protection_qnr
salmonella_enterica_serovar_paratyphi_a,ofloxacin,true,mutation_gyra_primary;mutation_gyra_parc_secondary;protection_qnr
salmonella_enterica_serovar_paratyphi_a,tetracycline,true,efflux_acrab_tolc;efflux_mexxy_oprm;global_efflux_pump;protection_tet_m;efflux_tet_abc
salmonella_enterica_serovar_paratyphi_a,doxycycline,true,efflux_acrab_tolc;efflux_mexxy_oprm;global_efflux_pump;protection_tet_m;efflux_tet_abc
salmonella_enterica_serovar_paratyphi_a,minocycline,true,efflux_acrab_tolc;efflux_mexxy_oprm;global_efflux_pump;protection_tet_m
salmonella_enterica_serovar_paratyphi_a,tigecycline,true,efflux_acrab_tolc;global_efflux_pump
salmonella_enterica_serovar_paratyphi_a,vancomycin,false,
salmonella_enterica_serovar_paratyphi_a,teicoplanin,false,
salmonella_enterica_serovar_paratyphi_a,dalbavancin,false,
salmonella_enterica_serovar_paratyphi_a,linezolid,false,
salmonella_enterica_serovar_paratyphi_a,tedizolid,false,
salmonella_enterica_serovar_paratyphi_a,daptomycin,false,
salmonella_enterica_serovar_paratyphi_a,quinu_dalfo,false,
salmonella_enterica_serovar_paratyphi_a,trim_sulf,true,mutation_folate_pathway
salmonella_enterica_serovar_paratyphi_a,chloramphenicol,true,enzyme_cat;efflux_acrab_tolc;efflux_mexxy_oprm;global_efflux_pump
salmonella_enterica_serovar_paratyphi_a,nitrofurantoin,false,
salmonella_enterica_serovar_paratyphi_a,fosfomycin,false,
salmonella_enterica_serovar_paratyphi_a,retapamulin,false,
salmonella_enterica_serovar_paratyphi_a,fusidic_a,false,
salmonella_enterica_serovar_paratyphi_a,metronidazole,false,
salmonella_enterica_serovar_paratyphi_a,fidaxomicin,false,
salmonella_enterica_serovar_paratyphi_a,furazolidone,false,
salmonella_enterica_serovar_paratyphi_a,rifampicin,true,mutation_rpo_b
salmonella_enterica_serovar_paratyphi_a,amoxicillin_clavulanate,true,enzyme_kpc;enzyme_ndm_vim;enzyme_oxa_48;enzyme_ampc_cmy;enzyme_ampc_dha;mutation_ampc_derepression;mutation_pbp_mosaic
salmonella_enterica_serovar_paratyphi_a,piperacillin_tazobactam,true,enzyme_kpc;enzyme_ndm_vim;enzyme_oxa_48;enzyme_ampc_cmy;enzyme_ampc_dha;mutation_ampc_derepression;mutation_pbp_mosaic
salmonella_enterica_serovar_paratyphi_a,ampicillin_sulbactam,true,enzyme_kpc;enzyme_ndm_vim;enzyme_oxa_48;enzyme_ampc_cmy;enzyme_ampc_dha;mutation_ampc_derepression;mutation_pbp_mosaic
salmonella_enterica_serovar_paratyphi_a,ticarcillin_clavulanate,true,enzyme_kpc;enzyme_ndm_vim;enzyme_oxa_48;enzyme_ampc_cmy;enzyme_ampc_dha;mutation_ampc_derepression;mutation_pbp_mosaic
salmonella_enterica_serovar_paratyphi_a,ceftazidime_avibactam,true,enzyme_kpc;enzyme_ndm_vim;enzyme_oxa_48;mutation_pbp_mosaic
salmonella_enterica_serovar_paratyphi_a,meropenem_vaborbactam,true,enzyme_kpc;enzyme_ndm_vim;enzyme_oxa_48
salmonella_enterica_serovar_paratyphi_a,colistin,true,modification_mcr_1;mutation_polymyxin_regulatory
salmonella_enterica_serovar_paratyphi_a,flucloxacillin,false,
salmonella_enterica_serovar_paratyphi_a,aztreonam_avibactam,true,enzyme_kpc;enzyme_ndm_vim;enzyme_oxa_48;mutation_pbp_mosaic
salmonella_enterica_serovar_paratyphi_a,cefixime,true,enzyme_esbl_ctx_m;enzyme_esbl_tem;enzyme_esbl_shv;enzyme_kpc;enzyme_ndm_vim;enzyme_oxa_48;enzyme_ampc_cmy;enzyme_ampc_dha;mutation_ampc_derepression;mutation_pbp_mosaic
salmonella_enterica_serovar_paratyphi_a,nalidixic_acid,true,mutation_gyra_primary
invasive_non-typhoidal_salmonella_spp.,sulfanilamide,true,mutation_folate_pathway
invasive_non-typhoidal_salmonella_spp.,penicillin_g,false,
invasive_non-typhoidal_salmonella_spp.,ampicillin,true,enzyme_esbl_ctx_m;enzyme_esbl_tem;enzyme_esbl_shv;enzyme_kpc;enzyme_ndm_vim;enzyme_oxa_48;enzyme_ampc_cmy;enzyme_ampc_dha;mutation_ampc_derepression;enzyme_narrow_spectrum_gram_negative_penicillinase;mutation_pbp_mosaic
invasive_non-typhoidal_salmonella_spp.,amoxicillin,true,enzyme_esbl_ctx_m;enzyme_esbl_tem;enzyme_esbl_shv;enzyme_kpc;enzyme_ndm_vim;enzyme_oxa_48;enzyme_ampc_cmy;enzyme_ampc_dha;mutation_ampc_derepression;enzyme_narrow_spectrum_gram_negative_penicillinase;mutation_pbp_mosaic
invasive_non-typhoidal_salmonella_spp.,piperacillin,true,enzyme_esbl_ctx_m;enzyme_esbl_tem;enzyme_esbl_shv;enzyme_kpc;enzyme_ndm_vim;enzyme_oxa_48;enzyme_ampc_cmy;enzyme_ampc_dha;mutation_ampc_derepression;enzyme_narrow_spectrum_gram_negative_penicillinase;mutation_pbp_mosaic
invasive_non-typhoidal_salmonella_spp.,ticarcillin,true,enzyme_esbl_ctx_m;enzyme_esbl_tem;enzyme_esbl_shv;enzyme_kpc;enzyme_ndm_vim;enzyme_oxa_48;enzyme_ampc_cmy;enzyme_ampc_dha;mutation_ampc_derepression;enzyme_narrow_spectrum_gram_negative_penicillinase;mutation_pbp_mosaic
invasive_non-typhoidal_salmonella_spp.,cephalexin,true,enzyme_esbl_ctx_m;enzyme_esbl_tem;enzyme_esbl_shv;enzyme_kpc;enzyme_ndm_vim;enzyme_oxa_48;enzyme_ampc_cmy;enzyme_ampc_dha;mutation_ampc_derepression;mutation_pbp_mosaic
invasive_non-typhoidal_salmonella_spp.,cefazolin,true,enzyme_esbl_ctx_m;enzyme_esbl_tem;enzyme_esbl_shv;enzyme_kpc;enzyme_ndm_vim;enzyme_oxa_48;enzyme_ampc_cmy;enzyme_ampc_dha;mutation_ampc_derepression;mutation_pbp_mosaic
invasive_non-typhoidal_salmonella_spp.,cefuroxime,true,enzyme_esbl_ctx_m;enzyme_esbl_tem;enzyme_esbl_shv;enzyme_kpc;enzyme_ndm_vim;enzyme_oxa_48;enzyme_ampc_cmy;enzyme_ampc_dha;mutation_ampc_derepression;mutation_pbp_mosaic
invasive_non-typhoidal_salmonella_spp.,ceftriaxone,true,enzyme_esbl_ctx_m;enzyme_esbl_tem;enzyme_esbl_shv;enzyme_kpc;enzyme_ndm_vim;enzyme_oxa_48;enzyme_ampc_cmy;enzyme_ampc_dha;mutation_ampc_derepression;mutation_pbp_mosaic
invasive_non-typhoidal_salmonella_spp.,ceftazidime,true,enzyme_esbl_ctx_m;enzyme_esbl_tem;enzyme_esbl_shv;enzyme_kpc;enzyme_ndm_vim;enzyme_oxa_48;enzyme_ampc_cmy;enzyme_ampc_dha;mutation_ampc_derepression;mutation_pbp_mosaic
invasive_non-typhoidal_salmonella_spp.,cefepime,true,enzyme_esbl_ctx_m;enzyme_esbl_tem;enzyme_esbl_shv;enzyme_kpc;enzyme_ndm_vim;enzyme_oxa_48;enzyme_ampc_cmy;enzyme_ampc_dha;mutation_ampc_derepression;mutation_pbp_mosaic
invasive_non-typhoidal_salmonella_spp.,ceftaroline,false,
invasive_non-typhoidal_salmonella_spp.,ceftolozane_tazobactam,true,enzyme_kpc;enzyme_ndm_vim;enzyme_ampc_cmy;enzyme_ampc_dha;mutation_ampc_derepression;mutation_pbp_mosaic
invasive_non-typhoidal_salmonella_spp.,cefiderocol,false,
invasive_non-typhoidal_salmonella_spp.,meropenem,true,enzyme_kpc;enzyme_ndm_vim;enzyme_oxa_48
invasive_non-typhoidal_salmonella_spp.,imipenem_c,true,enzyme_kpc;enzyme_ndm_vim;enzyme_oxa_48
invasive_non-typhoidal_salmonella_spp.,ertapenem,true,enzyme_kpc;enzyme_ndm_vim;enzyme_oxa_48
invasive_non-typhoidal_salmonella_spp.,aztreonam,true,enzyme_esbl_ctx_m;enzyme_esbl_tem;enzyme_esbl_shv;enzyme_kpc;enzyme_ampc_cmy;enzyme_ampc_dha;mutation_ampc_derepression;mutation_pbp_mosaic
invasive_non-typhoidal_salmonella_spp.,erythromycin,false,
invasive_non-typhoidal_salmonella_spp.,azithromycin,false,
invasive_non-typhoidal_salmonella_spp.,clarithromycin,false,
invasive_non-typhoidal_salmonella_spp.,clindamycin,false,
invasive_non-typhoidal_salmonella_spp.,gentamicin,true,enzyme_16s_rrmt;efflux_mexxy_oprm;enzyme_aac_aph
invasive_non-typhoidal_salmonella_spp.,tobramycin,true,enzyme_16s_rrmt;efflux_mexxy_oprm;enzyme_aac_aph
invasive_non-typhoidal_salmonella_spp.,amikacin,true,enzyme_16s_rrmt;efflux_mexxy_oprm;enzyme_aac_aph
invasive_non-typhoidal_salmonella_spp.,ciprofloxacin,true,mutation_gyra_primary;mutation_gyra_parc_secondary;protection_qnr;efflux_acrab_tolc;efflux_mexxy_oprm;global_efflux_pump
invasive_non-typhoidal_salmonella_spp.,levofloxacin,true,mutation_gyra_parc_secondary;protection_qnr
invasive_non-typhoidal_salmonella_spp.,moxifloxacin,true,mutation_gyra_parc_secondary;protection_qnr
invasive_non-typhoidal_salmonella_spp.,ofloxacin,true,mutation_gyra_primary;mutation_gyra_parc_secondary;protection_qnr
invasive_non-typhoidal_salmonella_spp.,tetracycline,true,efflux_acrab_tolc;efflux_mexxy_oprm;global_efflux_pump;protection_tet_m;efflux_tet_abc
invasive_non-typhoidal_salmonella_spp.,doxycycline,true,efflux_acrab_tolc;efflux_mexxy_oprm;global_efflux_pump;protection_tet_m;efflux_tet_abc
invasive_non-typhoidal_salmonella_spp.,minocycline,true,efflux_acrab_tolc;efflux_mexxy_oprm;global_efflux_pump;protection_tet_m
invasive_non-typhoidal_salmonella_spp.,tigecycline,true,efflux_acrab_tolc;global_efflux_pump
invasive_non-typhoidal_salmonella_spp.,vancomycin,false,
invasive_non-typhoidal_salmonella_spp.,teicoplanin,false,
invasive_non-typhoidal_salmonella_spp.,dalbavancin,false,
invasive_non-typhoidal_salmonella_spp.,linezolid,false,
invasive_non-typhoidal_salmonella_spp.,tedizolid,false,
invasive_non-typhoidal_salmonella_spp.,daptomycin,false,
invasive_non-typhoidal_salmonella_spp.,quinu_dalfo,false,
invasive_non-typhoidal_salmonella_spp.,trim_sulf,true,mutation_folate_pathway
invasive_non-typhoidal_salmonella_spp.,chloramphenicol,true,enzyme_cat;efflux_acrab_tolc;efflux_mexxy_oprm;global_efflux_pump
invasive_non-typhoidal_salmonella_spp.,nitrofurantoin,false,
invasive_non-typhoidal_salmonella_spp.,fosfomycin,false,
invasive_non-typhoidal_salmonella_spp.,retapamulin,false,
invasive_non-typhoidal_salmonella_spp.,fusidic_a,false,
invasive_non-typhoidal_salmonella_spp.,metronidazole,false,
invasive_non-typhoidal_salmonella_spp.,fidaxomicin,false,
invasive_non-typhoidal_salmonella_spp.,furazolidone,false,
invasive_non-typhoidal_salmonella_spp.,rifampicin,true,mutation_rpo_b
invasive_non-typhoidal_salmonella_spp.,amoxicillin_clavulanate,true,enzyme_kpc;enzyme_ndm_vim;enzyme_oxa_48;enzyme_ampc_cmy;enzyme_ampc_dha;mutation_ampc_derepression;mutation_pbp_mosaic
invasive_non-typhoidal_salmonella_spp.,piperacillin_tazobactam,true,enzyme_kpc;enzyme_ndm_vim;enzyme_oxa_48;enzyme_ampc_cmy;enzyme_ampc_dha;mutation_ampc_derepression;mutation_pbp_mosaic
invasive_non-typhoidal_salmonella_spp.,ampicillin_sulbactam,true,enzyme_kpc;enzyme_ndm_vim;enzyme_oxa_48;enzyme_ampc_cmy;enzyme_ampc_dha;mutation_ampc_derepression;mutation_pbp_mosaic
invasive_non-typhoidal_salmonella_spp.,ticarcillin_clavulanate,true,enzyme_kpc;enzyme_ndm_vim;enzyme_oxa_48;enzyme_ampc_cmy;enzyme_ampc_dha;mutation_ampc_derepression;mutation_pbp_mosaic
invasive_non-typhoidal_salmonella_spp.,ceftazidime_avibactam,true,enzyme_kpc;enzyme_ndm_vim;enzyme_oxa_48;mutation_pbp_mosaic
invasive_non-typhoidal_salmonella_spp.,meropenem_vaborbactam,true,enzyme_kpc;enzyme_ndm_vim;enzyme_oxa_48
invasive_non-typhoidal_salmonella_spp.,colistin,true,modification_mcr_1;mutation_polymyxin_regulatory
invasive_non-typhoidal_salmonella_spp.,flucloxacillin,false,
invasive_non-typhoidal_salmonella_spp.,aztreonam_avibactam,true,enzyme_kpc;enzyme_ndm_vim;enzyme_oxa_48;mutation_pbp_mosaic
invasive_non-typhoidal_salmonella_spp.,cefixime,true,enzyme_esbl_ctx_m;enzyme_esbl_tem;enzyme_esbl_shv;enzyme_kpc;enzyme_ndm_vim;enzyme_oxa_48;enzyme_ampc_cmy;enzyme_ampc_dha;mutation_ampc_derepression;mutation_pbp_mosaic
invasive_non-typhoidal_salmonella_spp.,nalidixic_acid,true,mutation_gyra_primary
shigella_spp.,sulfanilamide,true,mutation_folate_pathway
shigella_spp.,penicillin_g,false,
shigella_spp.,ampicillin,true,enzyme_esbl_ctx_m;enzyme_esbl_tem;enzyme_esbl_shv;enzyme_kpc;enzyme_ndm_vim;enzyme_oxa_48;enzyme_ampc_cmy;enzyme_ampc_dha;mutation_ampc_derepression;enzyme_narrow_spectrum_gram_negative_penicillinase;mutation_pbp_mosaic
shigella_spp.,amoxicillin,true,enzyme_esbl_ctx_m;enzyme_esbl_tem;enzyme_esbl_shv;enzyme_kpc;enzyme_ndm_vim;enzyme_oxa_48;enzyme_ampc_cmy;enzyme_ampc_dha;mutation_ampc_derepression;enzyme_narrow_spectrum_gram_negative_penicillinase;mutation_pbp_mosaic
shigella_spp.,piperacillin,true,enzyme_esbl_ctx_m;enzyme_esbl_tem;enzyme_esbl_shv;enzyme_kpc;enzyme_ndm_vim;enzyme_oxa_48;enzyme_ampc_cmy;enzyme_ampc_dha;mutation_ampc_derepression;enzyme_narrow_spectrum_gram_negative_penicillinase;mutation_pbp_mosaic
shigella_spp.,ticarcillin,true,enzyme_esbl_ctx_m;enzyme_esbl_tem;enzyme_esbl_shv;enzyme_kpc;enzyme_ndm_vim;enzyme_oxa_48;enzyme_ampc_cmy;enzyme_ampc_dha;mutation_ampc_derepression;enzyme_narrow_spectrum_gram_negative_penicillinase;mutation_pbp_mosaic
shigella_spp.,cephalexin,true,enzyme_esbl_ctx_m;enzyme_esbl_tem;enzyme_esbl_shv;enzyme_kpc;enzyme_ndm_vim;enzyme_oxa_48;enzyme_ampc_cmy;enzyme_ampc_dha;mutation_ampc_derepression;mutation_pbp_mosaic
shigella_spp.,cefazolin,true,enzyme_esbl_ctx_m;enzyme_esbl_tem;enzyme_esbl_shv;enzyme_kpc;enzyme_ndm_vim;enzyme_oxa_48;enzyme_ampc_cmy;enzyme_ampc_dha;mutation_ampc_derepression;mutation_pbp_mosaic
shigella_spp.,cefuroxime,true,enzyme_esbl_ctx_m;enzyme_esbl_tem;enzyme_esbl_shv;enzyme_kpc;enzyme_ndm_vim;enzyme_oxa_48;enzyme_ampc_cmy;enzyme_ampc_dha;mutation_ampc_derepression;mutation_pbp_mosaic
shigella_spp.,ceftriaxone,true,enzyme_esbl_ctx_m;enzyme_esbl_tem;enzyme_esbl_shv;enzyme_kpc;enzyme_ndm_vim;enzyme_oxa_48;enzyme_ampc_cmy;enzyme_ampc_dha;mutation_ampc_derepression;mutation_pbp_mosaic
shigella_spp.,ceftazidime,true,enzyme_esbl_ctx_m;enzyme_esbl_tem;enzyme_esbl_shv;enzyme_kpc;enzyme_ndm_vim;enzyme_oxa_48;enzyme_ampc_cmy;enzyme_ampc_dha;mutation_ampc_derepression;mutation_pbp_mosaic
shigella_spp.,cefepime,true,enzyme_esbl_ctx_m;enzyme_esbl_tem;enzyme_esbl_shv;enzyme_kpc;enzyme_ndm_vim;enzyme_oxa_48;enzyme_ampc_cmy;enzyme_ampc_dha;mutation_ampc_derepression;mutation_pbp_mosaic
shigella_spp.,ceftaroline,false,
shigella_spp.,ceftolozane_tazobactam,true,enzyme_kpc;enzyme_ndm_vim;enzyme_ampc_cmy;enzyme_ampc_dha;mutation_ampc_derepression;mutation_pbp_mosaic
shigella_spp.,cefiderocol,false,
shigella_spp.,meropenem,true,enzyme_kpc;enzyme_ndm_vim;enzyme_oxa_48
shigella_spp.,imipenem_c,true,enzyme_kpc;enzyme_ndm_vim;enzyme_oxa_48
shigella_spp.,ertapenem,true,enzyme_kpc;enzyme_ndm_vim;enzyme_oxa_48
shigella_spp.,aztreonam,true,enzyme_esbl_ctx_m;enzyme_esbl_tem;enzyme_esbl_shv;enzyme_kpc;enzyme_ampc_cmy;enzyme_ampc_dha;mutation_ampc_derepression;mutation_pbp_mosaic
shigella_spp.,erythromycin,true,enzyme_mph_a
shigella_spp.,azithromycin,true,enzyme_mph_a
shigella_spp.,clarithromycin,true,enzyme_mph_a
shigella_spp.,clindamycin,false,
shigella_spp.,gentamicin,true,enzyme_16s_rrmt;efflux_mexxy_oprm;enzyme_aac_aph
shigella_spp.,tobramycin,true,enzyme_16s_rrmt;efflux_mexxy_oprm;enzyme_aac_aph
shigella_spp.,amikacin,true,enzyme_16s_rrmt;efflux_mexxy_oprm;enzyme_aac_aph
shigella_spp.,ciprofloxacin,true,mutation_gyra_primary;mutation_gyra_parc_secondary;protection_qnr;efflux_acrab_tolc;efflux_mexxy_oprm;global_efflux_pump
shigella_spp.,levofloxacin,true,mutation_gyra_parc_secondary;protection_qnr
shigella_spp.,moxifloxacin,true,mutation_gyra_parc_secondary;protection_qnr
shigella_spp.,ofloxacin,true,mutation_gyra_primary;mutation_gyra_parc_secondary;protection_qnr
shigella_spp.,tetracycline,true,efflux_acrab_tolc;efflux_mexxy_oprm;global_efflux_pump;protection_tet_m;efflux_tet_abc
shigella_spp.,doxycycline,true,efflux_acrab_tolc;efflux_mexxy_oprm;global_efflux_pump;protection_tet_m;efflux_tet_abc
shigella_spp.,minocycline,true,efflux_acrab_tolc;efflux_mexxy_oprm;global_efflux_pump;protection_tet_m
shigella_spp.,tigecycline,true,efflux_acrab_tolc;global_efflux_pump
shigella_spp.,vancomycin,false,
shigella_spp.,teicoplanin,false,
shigella_spp.,dalbavancin,false,
shigella_spp.,linezolid,false,
shigella_spp.,tedizolid,false,
shigella_spp.,daptomycin,false,
shigella_spp.,quinu_dalfo,false,
shigella_spp.,trim_sulf,true,mutation_folate_pathway
shigella_spp.,chloramphenicol,true,enzyme_cat;efflux_acrab_tolc;efflux_mexxy_oprm;global_efflux_pump
shigella_spp.,nitrofurantoin,false,
shigella_spp.,fosfomycin,false,
shigella_spp.,retapamulin,false,
shigella_spp.,fusidic_a,false,
shigella_spp.,metronidazole,false,
shigella_spp.,fidaxomicin,false,
shigella_spp.,furazolidone,false,
shigella_spp.,rifampicin,true,mutation_rpo_b
shigella_spp.,amoxicillin_clavulanate,true,enzyme_kpc;enzyme_ndm_vim;enzyme_oxa_48;enzyme_ampc_cmy;enzyme_ampc_dha;mutation_ampc_derepression;mutation_pbp_mosaic
shigella_spp.,piperacillin_tazobactam,true,enzyme_kpc;enzyme_ndm_vim;enzyme_oxa_48;enzyme_ampc_cmy;enzyme_ampc_dha;mutation_ampc_derepression;mutation_pbp_mosaic
shigella_spp.,ampicillin_sulbactam,true,enzyme_kpc;enzyme_ndm_vim;enzyme_oxa_48;enzyme_ampc_cmy;enzyme_ampc_dha;mutation_ampc_derepression;mutation_pbp_mosaic
shigella_spp.,ticarcillin_clavulanate,true,enzyme_kpc;enzyme_ndm_vim;enzyme_oxa_48;enzyme_ampc_cmy;enzyme_ampc_dha;mutation_ampc_derepression;mutation_pbp_mosaic
shigella_spp.,ceftazidime_avibactam,true,enzyme_kpc;enzyme_ndm_vim;enzyme_oxa_48;mutation_pbp_mosaic
shigella_spp.,meropenem_vaborbactam,true,enzyme_kpc;enzyme_ndm_vim;enzyme_oxa_48
shigella_spp.,colistin,true,modification_mcr_1;mutation_polymyxin_regulatory
shigella_spp.,flucloxacillin,false,
shigella_spp.,aztreonam_avibactam,true,enzyme_kpc;enzyme_ndm_vim;enzyme_oxa_48;mutation_pbp_mosaic
shigella_spp.,cefixime,true,enzyme_esbl_ctx_m;enzyme_esbl_tem;enzyme_esbl_shv;enzyme_kpc;enzyme_ndm_vim;enzyme_oxa_48;enzyme_ampc_cmy;enzyme_ampc_dha;mutation_ampc_derepression;mutation_pbp_mosaic
shigella_spp.,nalidixic_acid,true,mutation_gyra_primary
neisseria_gonorrhoeae,sulfanilamide,true,mutation_folate_pathway
neisseria_gonorrhoeae,penicillin_g,true,enzyme_esbl_ctx_m;enzyme_esbl_tem;enzyme_esbl_shv;enzyme_kpc;enzyme_ndm_vim;enzyme_oxa_48;enzyme_ampc_cmy;enzyme_ampc_dha;mutation_ampc_derepression;enzyme_narrow_spectrum_gram_negative_penicillinase;mutation_pbp_mosaic;efflux_mtr_cde
neisseria_gonorrhoeae,ampicillin,true,enzyme_esbl_ctx_m;enzyme_esbl_tem;enzyme_esbl_shv;enzyme_kpc;enzyme_ndm_vim;enzyme_oxa_48;enzyme_ampc_cmy;enzyme_ampc_dha;mutation_ampc_derepression;enzyme_narrow_spectrum_gram_negative_penicillinase;mutation_pbp_mosaic;efflux_mtr_cde
neisseria_gonorrhoeae,amoxicillin,true,enzyme_esbl_ctx_m;enzyme_esbl_tem;enzyme_esbl_shv;enzyme_kpc;enzyme_ndm_vim;enzyme_oxa_48;enzyme_ampc_cmy;enzyme_ampc_dha;mutation_ampc_derepression;enzyme_narrow_spectrum_gram_negative_penicillinase;mutation_pbp_mosaic;efflux_mtr_cde
neisseria_gonorrhoeae,piperacillin,true,enzyme_esbl_ctx_m;enzyme_esbl_tem;enzyme_esbl_shv;enzyme_kpc;enzyme_ndm_vim;enzyme_oxa_48;enzyme_ampc_cmy;enzyme_ampc_dha;mutation_ampc_derepression;enzyme_narrow_spectrum_gram_negative_penicillinase;mutation_pbp_mosaic;efflux_mtr_cde
neisseria_gonorrhoeae,ticarcillin,true,enzyme_esbl_ctx_m;enzyme_esbl_tem;enzyme_esbl_shv;enzyme_kpc;enzyme_ndm_vim;enzyme_oxa_48;enzyme_ampc_cmy;enzyme_ampc_dha;mutation_ampc_derepression;enzyme_narrow_spectrum_gram_negative_penicillinase;mutation_pbp_mosaic;efflux_mtr_cde
neisseria_gonorrhoeae,cephalexin,true,enzyme_esbl_ctx_m;enzyme_esbl_tem;enzyme_esbl_shv;enzyme_kpc;enzyme_ndm_vim;enzyme_oxa_48;enzyme_ampc_cmy;enzyme_ampc_dha;mutation_ampc_derepression;mutation_pbp_mosaic
neisseria_gonorrhoeae,cefazolin,true,enzyme_esbl_ctx_m;enzyme_esbl_tem;enzyme_esbl_shv;enzyme_kpc;enzyme_ndm_vim;enzyme_oxa_48;enzyme_ampc_cmy;enzyme_ampc_dha;mutation_ampc_derepression;mutation_pbp_mosaic
neisseria_gonorrhoeae,cefuroxime,true,enzyme_esbl_ctx_m;enzyme_esbl_tem;enzyme_esbl_shv;enzyme_kpc;enzyme_ndm_vim;enzyme_oxa_48;enzyme_ampc_cmy;enzyme_ampc_dha;mutation_ampc_derepression;mutation_pbp_mosaic
neisseria_gonorrhoeae,ceftriaxone,true,enzyme_esbl_ctx_m;enzyme_esbl_tem;enzyme_esbl_shv;enzyme_kpc;enzyme_ndm_vim;enzyme_oxa_48;enzyme_ampc_cmy;enzyme_ampc_dha;mutation_ampc_derepression;mutation_pbp_mosaic
neisseria_gonorrhoeae,ceftazidime,true,enzyme_esbl_ctx_m;enzyme_esbl_tem;enzyme_esbl_shv;enzyme_kpc;enzyme_ndm_vim;enzyme_oxa_48;enzyme_ampc_cmy;enzyme_ampc_dha;mutation_ampc_derepression;mutation_pbp_mosaic
neisseria_gonorrhoeae,cefepime,true,enzyme_esbl_ctx_m;enzyme_esbl_tem;enzyme_esbl_shv;enzyme_kpc;enzyme_ndm_vim;enzyme_oxa_48;enzyme_ampc_cmy;enzyme_ampc_dha;mutation_ampc_derepression;mutation_pbp_mosaic
neisseria_gonorrhoeae,ceftaroline,false,
neisseria_gonorrhoeae,ceftolozane_tazobactam,true,enzyme_kpc;enzyme_ndm_vim;enzyme_ampc_cmy;enzyme_ampc_dha;mutation_ampc_derepression;mutation_pbp_mosaic
neisseria_gonorrhoeae,cefiderocol,false,
neisseria_gonorrhoeae,meropenem,true,enzyme_kpc;enzyme_ndm_vim;enzyme_oxa_48
neisseria_gonorrhoeae,imipenem_c,true,enzyme_kpc;enzyme_ndm_vim;enzyme_oxa_48
neisseria_gonorrhoeae,ertapenem,true,enzyme_kpc;enzyme_ndm_vim;enzyme_oxa_48
neisseria_gonorrhoeae,aztreonam,true,enzyme_esbl_ctx_m;enzyme_esbl_tem;enzyme_esbl_shv;enzyme_kpc;enzyme_ampc_cmy;enzyme_ampc_dha;mutation_ampc_derepression;mutation_pbp_mosaic
neisseria_gonorrhoeae,erythromycin,true,target_site_erm_b;mutation_23s_rrna;efflux_mtr_cde
neisseria_gonorrhoeae,azithromycin,true,target_site_erm_b;mutation_23s_rrna;efflux_mtr_cde
neisseria_gonorrhoeae,clarithromycin,true,target_site_erm_b;mutation_23s_rrna;efflux_mtr_cde
neisseria_gonorrhoeae,clindamycin,false,
neisseria_gonorrhoeae,gentamicin,true,enzyme_16s_rrmt;efflux_mexxy_oprm;enzyme_aac_aph
neisseria_gonorrhoeae,tobramycin,true,enzyme_16s_rrmt;efflux_mexxy_oprm;enzyme_aac_aph
neisseria_gonorrhoeae,amikacin,true,enzyme_16s_rrmt;efflux_mexxy_oprm;enzyme_aac_aph
neisseria_gonorrhoeae,ciprofloxacin,true,mutation_gyra_primary;mutation_gyra_parc_secondary;protection_qnr;efflux_acrab_tolc;efflux_mexxy_oprm;global_efflux_pump
neisseria_gonorrhoeae,levofloxacin,true,mutation_gyra_parc_secondary;protection_qnr
neisseria_gonorrhoeae,moxifloxacin,true,mutation_gyra_parc_secondary;protection_qnr
neisseria_gonorrhoeae,ofloxacin,true,mutation_gyra_primary;mutation_gyra_parc_secondary;protection_qnr
neisseria_gonorrhoeae,tetracycline,true,efflux_acrab_tolc;efflux_mexxy_oprm;global_efflux_pump;protection_tet_m;efflux_tet_abc;efflux_mtr_cde
neisseria_gonorrhoeae,doxycycline,true,efflux_acrab_tolc;efflux_mexxy_oprm;global_efflux_pump;protection_tet_m;efflux_tet_abc;efflux_mtr_cde
neisseria_gonorrhoeae,minocycline,true,efflux_acrab_tolc;efflux_mexxy_oprm;global_efflux_pump;protection_tet_m;efflux_mtr_cde
neisseria_gonorrhoeae,tigecycline,false,
neisseria_gonorrhoeae,vancomycin,false,
neisseria_gonorrhoeae,teicoplanin,false,
neisseria_gonorrhoeae,dalbavancin,false,
neisseria_gonorrhoeae,linezolid,false,
neisseria_gonorrhoeae,tedizolid,false,
neisseria_gonorrhoeae,daptomycin,false,
neisseria_gonorrhoeae,quinu_dalfo,false,
neisseria_gonorrhoeae,trim_sulf,true,mutation_folate_pathway
neisseria_gonorrhoeae,chloramphenicol,true,target_site_cfr;enzyme_cat;efflux_acrab_tolc;efflux_mexxy_oprm;global_efflux_pump;efflux_mtr_cde
neisseria_gonorrhoeae,nitrofurantoin,false,
neisseria_gonorrhoeae,fosfomycin,false,
neisseria_gonorrhoeae,retapamulin,false,
neisseria_gonorrhoeae,fusidic_a,false,
neisseria_gonorrhoeae,metronidazole,false,
neisseria_gonorrhoeae,fidaxomicin,false,
neisseria_gonorrhoeae,furazolidone,false,
neisseria_gonorrhoeae,rifampicin,true,mutation_rpo_b
neisseria_gonorrhoeae,amoxicillin_clavulanate,true,enzyme_kpc;enzyme_ndm_vim;enzyme_oxa_48;enzyme_ampc_cmy;enzyme_ampc_dha;mutation_ampc_derepression;mutation_pbp_mosaic
neisseria_gonorrhoeae,piperacillin_tazobactam,true,enzyme_kpc;enzyme_ndm_vim;enzyme_oxa_48;enzyme_ampc_cmy;enzyme_ampc_dha;mutation_ampc_derepression;mutation_pbp_mosaic
neisseria_gonorrhoeae,ampicillin_sulbactam,true,enzyme_kpc;enzyme_ndm_vim;enzyme_oxa_48;enzyme_ampc_cmy;enzyme_ampc_dha;mutation_ampc_derepression;mutation_pbp_mosaic
neisseria_gonorrhoeae,ticarcillin_clavulanate,true,enzyme_kpc;enzyme_ndm_vim;enzyme_oxa_48;enzyme_ampc_cmy;enzyme_ampc_dha;mutation_ampc_derepression;mutation_pbp_mosaic
neisseria_gonorrhoeae,ceftazidime_avibactam,true,enzyme_kpc;enzyme_ndm_vim;enzyme_oxa_48;mutation_pbp_mosaic
neisseria_gonorrhoeae,meropenem_vaborbactam,true,enzyme_kpc;enzyme_ndm_vim;enzyme_oxa_48
neisseria_gonorrhoeae,colistin,false,
neisseria_gonorrhoeae,flucloxacillin,false,
neisseria_gonorrhoeae,aztreonam_avibactam,true,enzyme_kpc;enzyme_ndm_vim;enzyme_oxa_48;mutation_pbp_mosaic
neisseria_gonorrhoeae,cefixime,true,enzyme_esbl_ctx_m;enzyme_esbl_tem;enzyme_esbl_shv;enzyme_kpc;enzyme_ndm_vim;enzyme_oxa_48;enzyme_ampc_cmy;enzyme_ampc_dha;mutation_ampc_derepression;mutation_pbp_mosaic
neisseria_gonorrhoeae,nalidixic_acid,true,mutation_gyra_primary
streptococcus_pyogenes,sulfanilamide,false,
streptococcus_pyogenes,penicillin_g,true,mutation_pbp_mosaic
streptococcus_pyogenes,ampicillin,true,mutation_pbp_mosaic
streptococcus_pyogenes,amoxicillin,true,mutation_pbp_mosaic
streptococcus_pyogenes,piperacillin,true,mutation_pbp_mosaic
streptococcus_pyogenes,ticarcillin,true,mutation_pbp_mosaic
streptococcus_pyogenes,cephalexin,true,mutation_pbp_mosaic
streptococcus_pyogenes,cefazolin,true,mutation_pbp_mosaic
streptococcus_pyogenes,cefuroxime,true,mutation_pbp_mosaic
streptococcus_pyogenes,ceftriaxone,true,mutation_pbp_mosaic
streptococcus_pyogenes,ceftazidime,true,mutation_pbp_mosaic
streptococcus_pyogenes,cefepime,true,mutation_pbp_mosaic
streptococcus_pyogenes,ceftaroline,true,mutation_pbp_mosaic
streptococcus_pyogenes,ceftolozane_tazobactam,true,mutation_pbp_mosaic
streptococcus_pyogenes,cefiderocol,false,
streptococcus_pyogenes,meropenem,false,
streptococcus_pyogenes,imipenem_c,false,
streptococcus_pyogenes,ertapenem,false,
streptococcus_pyogenes,aztreonam,false,
streptococcus_pyogenes,erythromycin,true,target_site_erm_b;mutation_23s_rrna
streptococcus_pyogenes,azithromycin,true,target_site_erm_b;mutation_23s_rrna
streptococcus_pyogenes,clarithromycin,true,target_site_erm_b;mutation_23s_rrna
streptococcus_pyogenes,clindamycin,true,target_site_erm_b;target_site_cfr
streptococcus_pyogenes,gentamicin,false,
streptococcus_pyogenes,tobramycin,false,
streptococcus_pyogenes,amikacin,false,
streptococcus_pyogenes,ciprofloxacin,true,mutation_gyra_primary;mutation_gyra_parc_secondary;global_efflux_pump
streptococcus_pyogenes,levofloxacin,true,mutation_gyra_parc_secondary
streptococcus_pyogenes,moxifloxacin,true,mutation_gyra_parc_secondary
streptococcus_pyogenes,ofloxacin,true,mutation_gyra_primary;mutation_gyra_parc_secondary
streptococcus_pyogenes,tetracycline,true,global_efflux_pump;protection_tet_m
streptococcus_pyogenes,doxycycline,true,global_efflux_pump;protection_tet_m
streptococcus_pyogenes,minocycline,true,global_efflux_pump;protection_tet_m
streptococcus_pyogenes,tigecycline,true,global_efflux_pump
streptococcus_pyogenes,vancomycin,true,target_site_van_a;target_site_van_b
streptococcus_pyogenes,teicoplanin,true,target_site_van_a
streptococcus_pyogenes,dalbavancin,true,target_site_van_a
streptococcus_pyogenes,linezolid,true,target_site_cfr;mutation_23s_rrna_oxazolidinone
streptococcus_pyogenes,tedizolid,true,target_site_cfr;mutation_23s_rrna_oxazolidinone
streptococcus_pyogenes,daptomycin,false,
streptococcus_pyogenes,quinu_dalfo,true,target_site_erm_b
streptococcus_pyogenes,trim_sulf,true,mutation_folate_pathway
streptococcus_pyogenes,chloramphenicol,true,target_site_cfr;enzyme_cat;global_efflux_pump
streptococcus_pyogenes,nitrofurantoin,false,
streptococcus_pyogenes,fosfomycin,true,enzyme_fos
streptococcus_pyogenes,retapamulin,false,
streptococcus_pyogenes,fusidic_a,false,
streptococcus_pyogenes,metronidazole,false,
streptococcus_pyogenes,fidaxomicin,false,
streptococcus_pyogenes,furazolidone,false,
streptococcus_pyogenes,rifampicin,true,mutation_rpo_b
streptococcus_pyogenes,amoxicillin_clavulanate,true,mutation_pbp_mosaic
streptococcus_pyogenes,piperacillin_tazobactam,true,mutation_pbp_mosaic
streptococcus_pyogenes,ampicillin_sulbactam,true,mutation_pbp_mosaic
streptococcus_pyogenes,ticarcillin_clavulanate,true,mutation_pbp_mosaic
streptococcus_pyogenes,ceftazidime_avibactam,true,mutation_pbp_mosaic
streptococcus_pyogenes,meropenem_vaborbactam,false,
streptococcus_pyogenes,colistin,false,
streptococcus_pyogenes,flucloxacillin,true,mutation_pbp_mosaic
streptococcus_pyogenes,aztreonam_avibactam,false,
streptococcus_pyogenes,cefixime,true,mutation_pbp_mosaic
streptococcus_pyogenes,nalidixic_acid,false,
streptococcus_agalactiae,sulfanilamide,false,
streptococcus_agalactiae,penicillin_g,true,mutation_pbp_mosaic
streptococcus_agalactiae,ampicillin,true,mutation_pbp_mosaic
streptococcus_agalactiae,amoxicillin,true,mutation_pbp_mosaic
streptococcus_agalactiae,piperacillin,true,mutation_pbp_mosaic
streptococcus_agalactiae,ticarcillin,true,mutation_pbp_mosaic
streptococcus_agalactiae,cephalexin,true,mutation_pbp_mosaic
streptococcus_agalactiae,cefazolin,true,mutation_pbp_mosaic
streptococcus_agalactiae,cefuroxime,true,mutation_pbp_mosaic
streptococcus_agalactiae,ceftriaxone,true,mutation_pbp_mosaic
streptococcus_agalactiae,ceftazidime,true,mutation_pbp_mosaic
streptococcus_agalactiae,cefepime,true,mutation_pbp_mosaic
streptococcus_agalactiae,ceftaroline,true,mutation_pbp_mosaic
streptococcus_agalactiae,ceftolozane_tazobactam,true,mutation_pbp_mosaic
streptococcus_agalactiae,cefiderocol,false,
streptococcus_agalactiae,meropenem,false,
streptococcus_agalactiae,imipenem_c,false,
streptococcus_agalactiae,ertapenem,false,
streptococcus_agalactiae,aztreonam,false,
streptococcus_agalactiae,erythromycin,true,target_site_erm_b;mutation_23s_rrna
streptococcus_agalactiae,azithromycin,true,target_site_erm_b;mutation_23s_rrna
streptococcus_agalactiae,clarithromycin,true,target_site_erm_b;mutation_23s_rrna
streptococcus_agalactiae,clindamycin,true,target_site_erm_b;target_site_cfr
streptococcus_agalactiae,gentamicin,false,
streptococcus_agalactiae,tobramycin,false,
streptococcus_agalactiae,amikacin,false,
streptococcus_agalactiae,ciprofloxacin,true,mutation_gyra_primary;mutation_gyra_parc_secondary;global_efflux_pump
streptococcus_agalactiae,levofloxacin,true,mutation_gyra_parc_secondary
streptococcus_agalactiae,moxifloxacin,true,mutation_gyra_parc_secondary
streptococcus_agalactiae,ofloxacin,true,mutation_gyra_primary;mutation_gyra_parc_secondary
streptococcus_agalactiae,tetracycline,true,global_efflux_pump;protection_tet_m
streptococcus_agalactiae,doxycycline,true,global_efflux_pump;protection_tet_m
streptococcus_agalactiae,minocycline,true,global_efflux_pump;protection_tet_m
streptococcus_agalactiae,tigecycline,true,global_efflux_pump
streptococcus_agalactiae,vancomycin,true,target_site_van_a;target_site_van_b
streptococcus_agalactiae,teicoplanin,true,target_site_van_a
streptococcus_agalactiae,dalbavancin,true,target_site_van_a
streptococcus_agalactiae,linezolid,true,target_site_cfr;mutation_23s_rrna_oxazolidinone
streptococcus_agalactiae,tedizolid,true,target_site_cfr;mutation_23s_rrna_oxazolidinone
streptococcus_agalactiae,daptomycin,false,
streptococcus_agalactiae,quinu_dalfo,true,target_site_erm_b
streptococcus_agalactiae,trim_sulf,true,mutation_folate_pathway
streptococcus_agalactiae,chloramphenicol,true,target_site_cfr;enzyme_cat;global_efflux_pump
streptococcus_agalactiae,nitrofurantoin,false,
streptococcus_agalactiae,fosfomycin,true,enzyme_fos
streptococcus_agalactiae,retapamulin,false,
streptococcus_agalactiae,fusidic_a,false,
streptococcus_agalactiae,metronidazole,false,
streptococcus_agalactiae,fidaxomicin,false,
streptococcus_agalactiae,furazolidone,false,
streptococcus_agalactiae,rifampicin,true,mutation_rpo_b
streptococcus_agalactiae,amoxicillin_clavulanate,true,mutation_pbp_mosaic
streptococcus_agalactiae,piperacillin_tazobactam,true,mutation_pbp_mosaic
streptococcus_agalactiae,ampicillin_sulbactam,true,mutation_pbp_mosaic
streptococcus_agalactiae,ticarcillin_clavulanate,true,mutation_pbp_mosaic
streptococcus_agalactiae,ceftazidime_avibactam,true,mutation_pbp_mosaic
streptococcus_agalactiae,meropenem_vaborbactam,false,
streptococcus_agalactiae,colistin,false,
streptococcus_agalactiae,flucloxacillin,true,mutation_pbp_mosaic
streptococcus_agalactiae,aztreonam_avibactam,false,
streptococcus_agalactiae,cefixime,true,mutation_pbp_mosaic
streptococcus_agalactiae,nalidixic_acid,false,
haemophilus_influenzae,sulfanilamide,false,
haemophilus_influenzae,penicillin_g,true,enzyme_esbl_ctx_m;enzyme_esbl_tem;enzyme_esbl_shv;enzyme_kpc;enzyme_ndm_vim;enzyme_oxa_48;enzyme_ampc_cmy;enzyme_ampc_dha;mutation_ampc_derepression;enzyme_narrow_spectrum_gram_negative_penicillinase;mutation_pbp_mosaic;efflux_mtr_cde
haemophilus_influenzae,ampicillin,true,enzyme_esbl_ctx_m;enzyme_esbl_tem;enzyme_esbl_shv;enzyme_kpc;enzyme_ndm_vim;enzyme_oxa_48;enzyme_ampc_cmy;enzyme_ampc_dha;mutation_ampc_derepression;enzyme_narrow_spectrum_gram_negative_penicillinase;mutation_pbp_mosaic;efflux_mtr_cde
haemophilus_influenzae,amoxicillin,true,enzyme_esbl_ctx_m;enzyme_esbl_tem;enzyme_esbl_shv;enzyme_kpc;enzyme_ndm_vim;enzyme_oxa_48;enzyme_ampc_cmy;enzyme_ampc_dha;mutation_ampc_derepression;enzyme_narrow_spectrum_gram_negative_penicillinase;mutation_pbp_mosaic;efflux_mtr_cde
haemophilus_influenzae,piperacillin,true,enzyme_esbl_ctx_m;enzyme_esbl_tem;enzyme_esbl_shv;enzyme_kpc;enzyme_ndm_vim;enzyme_oxa_48;enzyme_ampc_cmy;enzyme_ampc_dha;mutation_ampc_derepression;enzyme_narrow_spectrum_gram_negative_penicillinase;mutation_pbp_mosaic;efflux_mtr_cde
haemophilus_influenzae,ticarcillin,true,enzyme_esbl_ctx_m;enzyme_esbl_tem;enzyme_esbl_shv;enzyme_kpc;enzyme_ndm_vim;enzyme_oxa_48;enzyme_ampc_cmy;enzyme_ampc_dha;mutation_ampc_derepression;enzyme_narrow_spectrum_gram_negative_penicillinase;mutation_pbp_mosaic;efflux_mtr_cde
haemophilus_influenzae,cephalexin,true,enzyme_esbl_ctx_m;enzyme_esbl_tem;enzyme_esbl_shv;enzyme_kpc;enzyme_ndm_vim;enzyme_oxa_48;enzyme_ampc_cmy;enzyme_ampc_dha;mutation_ampc_derepression;mutation_pbp_mosaic
haemophilus_influenzae,cefazolin,true,enzyme_esbl_ctx_m;enzyme_esbl_tem;enzyme_esbl_shv;enzyme_kpc;enzyme_ndm_vim;enzyme_oxa_48;enzyme_ampc_cmy;enzyme_ampc_dha;mutation_ampc_derepression;mutation_pbp_mosaic
haemophilus_influenzae,cefuroxime,true,enzyme_esbl_ctx_m;enzyme_esbl_tem;enzyme_esbl_shv;enzyme_kpc;enzyme_ndm_vim;enzyme_oxa_48;enzyme_ampc_cmy;enzyme_ampc_dha;mutation_ampc_derepression;mutation_pbp_mosaic
haemophilus_influenzae,ceftriaxone,true,enzyme_esbl_ctx_m;enzyme_esbl_tem;enzyme_esbl_shv;enzyme_kpc;enzyme_ndm_vim;enzyme_oxa_48;enzyme_ampc_cmy;enzyme_ampc_dha;mutation_ampc_derepression;mutation_pbp_mosaic
haemophilus_influenzae,ceftazidime,true,enzyme_esbl_ctx_m;enzyme_esbl_tem;enzyme_esbl_shv;enzyme_kpc;enzyme_ndm_vim;enzyme_oxa_48;enzyme_ampc_cmy;enzyme_ampc_dha;mutation_ampc_derepression;mutation_pbp_mosaic
haemophilus_influenzae,cefepime,true,enzyme_esbl_ctx_m;enzyme_esbl_tem;enzyme_esbl_shv;enzyme_kpc;enzyme_ndm_vim;enzyme_oxa_48;enzyme_ampc_cmy;enzyme_ampc_dha;mutation_ampc_derepression;mutation_pbp_mosaic
haemophilus_influenzae,ceftaroline,true,enzyme_esbl_ctx_m;enzyme_esbl_tem;enzyme_esbl_shv;enzyme_kpc;enzyme_ndm_vim;enzyme_oxa_48;enzyme_ampc_cmy;enzyme_ampc_dha;mutation_ampc_derepression;mutation_pbp_mosaic
haemophilus_influenzae,ceftolozane_tazobactam,true,enzyme_kpc;enzyme_ndm_vim;enzyme_ampc_cmy;enzyme_ampc_dha;mutation_ampc_derepression;mutation_pbp_mosaic
haemophilus_influenzae,cefiderocol,false,
haemophilus_influenzae,meropenem,true,enzyme_kpc;enzyme_ndm_vim;enzyme_oxa_48
haemophilus_influenzae,imipenem_c,true,enzyme_kpc;enzyme_ndm_vim;enzyme_oxa_48
haemophilus_influenzae,ertapenem,true,enzyme_kpc;enzyme_ndm_vim;enzyme_oxa_48
haemophilus_influenzae,aztreonam,true,enzyme_esbl_ctx_m;enzyme_esbl_tem;enzyme_esbl_shv;enzyme_kpc;enzyme_ampc_cmy;enzyme_ampc_dha;mutation_ampc_derepression;mutation_pbp_mosaic
haemophilus_influenzae,erythromycin,true,target_site_erm_b;mutation_23s_rrna;efflux_mtr_cde
haemophilus_influenzae,azithromycin,true,target_site_erm_b;mutation_23s_rrna;efflux_mtr_cde
haemophilus_influenzae,clarithromycin,true,target_site_erm_b;mutation_23s_rrna;efflux_mtr_cde
haemophilus_influenzae,clindamycin,false,
haemophilus_influenzae,gentamicin,true,enzyme_16s_rrmt;efflux_mexxy_oprm;enzyme_aac_aph
haemophilus_influenzae,tobramycin,true,enzyme_16s_rrmt;efflux_mexxy_oprm;enzyme_aac_aph
haemophilus_influenzae,amikacin,true,enzyme_16s_rrmt;efflux_mexxy_oprm;enzyme_aac_aph
haemophilus_influenzae,ciprofloxacin,true,mutation_gyra_primary;mutation_gyra_parc_secondary;protection_qnr;efflux_acrab_tolc;efflux_mexxy_oprm;global_efflux_pump
haemophilus_influenzae,levofloxacin,true,mutation_gyra_parc_secondary;protection_qnr
haemophilus_influenzae,moxifloxacin,true,mutation_gyra_parc_secondary;protection_qnr
haemophilus_influenzae,ofloxacin,true,mutation_gyra_primary;mutation_gyra_parc_secondary;protection_qnr
haemophilus_influenzae,tetracycline,true,efflux_acrab_tolc;efflux_mexxy_oprm;global_efflux_pump;protection_tet_m;efflux_tet_abc;efflux_mtr_cde
haemophilus_influenzae,doxycycline,true,efflux_acrab_tolc;efflux_mexxy_oprm;global_efflux_pump;protection_tet_m;efflux_tet_abc;efflux_mtr_cde
haemophilus_influenzae,minocycline,true,efflux_acrab_tolc;efflux_mexxy_oprm;global_efflux_pump;protection_tet_m;efflux_mtr_cde
haemophilus_influenzae,tigecycline,true,efflux_acrab_tolc;global_efflux_pump
haemophilus_influenzae,vancomycin,false,
haemophilus_influenzae,teicoplanin,false,
haemophilus_influenzae,dalbavancin,false,
haemophilus_influenzae,linezolid,false,
haemophilus_influenzae,tedizolid,false,
haemophilus_influenzae,daptomycin,false,
haemophilus_influenzae,quinu_dalfo,false,
haemophilus_influenzae,trim_sulf,true,mutation_folate_pathway
haemophilus_influenzae,chloramphenicol,true,target_site_cfr;enzyme_cat;efflux_acrab_tolc;efflux_mexxy_oprm;global_efflux_pump;efflux_mtr_cde
haemophilus_influenzae,nitrofurantoin,false,
haemophilus_influenzae,fosfomycin,false,
haemophilus_influenzae,retapamulin,false,
haemophilus_influenzae,fusidic_a,false,
haemophilus_influenzae,metronidazole,false,
haemophilus_influenzae,fidaxomicin,false,
haemophilus_influenzae,furazolidone,false,
haemophilus_influenzae,rifampicin,true,mutation_rpo_b
haemophilus_influenzae,amoxicillin_clavulanate,true,enzyme_kpc;enzyme_ndm_vim;enzyme_oxa_48;enzyme_ampc_cmy;enzyme_ampc_dha;mutation_ampc_derepression;mutation_pbp_mosaic
haemophilus_influenzae,piperacillin_tazobactam,true,enzyme_kpc;enzyme_ndm_vim;enzyme_oxa_48;enzyme_ampc_cmy;enzyme_ampc_dha;mutation_ampc_derepression;mutation_pbp_mosaic
haemophilus_influenzae,ampicillin_sulbactam,true,enzyme_kpc;enzyme_ndm_vim;enzyme_oxa_48;enzyme_ampc_cmy;enzyme_ampc_dha;mutation_ampc_derepression;mutation_pbp_mosaic
haemophilus_influenzae,ticarcillin_clavulanate,true,enzyme_kpc;enzyme_ndm_vim;enzyme_oxa_48;enzyme_ampc_cmy;enzyme_ampc_dha;mutation_ampc_derepression;mutation_pbp_mosaic
haemophilus_influenzae,ceftazidime_avibactam,true,enzyme_kpc;enzyme_ndm_vim;enzyme_oxa_48;mutation_pbp_mosaic
haemophilus_influenzae,meropenem_vaborbactam,true,enzyme_kpc;enzyme_ndm_vim;enzyme_oxa_48
haemophilus_influenzae,colistin,false,
haemophilus_influenzae,flucloxacillin,false,
haemophilus_influenzae,aztreonam_avibactam,true,enzyme_kpc;enzyme_ndm_vim;enzyme_oxa_48;mutation_pbp_mosaic
haemophilus_influenzae,cefixime,true,enzyme_esbl_ctx_m;enzyme_esbl_tem;enzyme_esbl_shv;enzyme_kpc;enzyme_ndm_vim;enzyme_oxa_48;enzyme_ampc_cmy;enzyme_ampc_dha;mutation_ampc_derepression;mutation_pbp_mosaic
haemophilus_influenzae,nalidixic_acid,true,mutation_gyra_primary
chlamydia_trachomatis,sulfanilamide,false,
chlamydia_trachomatis,penicillin_g,false,
chlamydia_trachomatis,ampicillin,false,
chlamydia_trachomatis,amoxicillin,false,
chlamydia_trachomatis,piperacillin,false,
chlamydia_trachomatis,ticarcillin,false,
chlamydia_trachomatis,cephalexin,false,
chlamydia_trachomatis,cefazolin,false,
chlamydia_trachomatis,cefuroxime,false,
chlamydia_trachomatis,ceftriaxone,false,
chlamydia_trachomatis,ceftazidime,false,
chlamydia_trachomatis,cefepime,false,
chlamydia_trachomatis,ceftaroline,false,
chlamydia_trachomatis,ceftolozane_tazobactam,false,
chlamydia_trachomatis,cefiderocol,false,
chlamydia_trachomatis,meropenem,false,
chlamydia_trachomatis,imipenem_c,false,
chlamydia_trachomatis,ertapenem,false,
chlamydia_trachomatis,aztreonam,false,
chlamydia_trachomatis,erythromycin,true,target_site_erm_b;mutation_23s_rrna;efflux_mtr_cde
chlamydia_trachomatis,azithromycin,true,target_site_erm_b;mutation_23s_rrna;efflux_mtr_cde
chlamydia_trachomatis,clarithromycin,true,target_site_erm_b;mutation_23s_rrna;efflux_mtr_cde
chlamydia_trachomatis,clindamycin,true,target_site_erm_b;target_site_cfr
chlamydia_trachomatis,gentamicin,false,
chlamydia_trachomatis,tobramycin,false,
chlamydia_trachomatis,amikacin,false,
chlamydia_trachomatis,ciprofloxacin,true,mutation_gyra_primary;mutation_gyra_parc_secondary;protection_qnr;efflux_acrab_tolc;efflux_mexxy_oprm;global_efflux_pump
chlamydia_trachomatis,levofloxacin,true,mutation_gyra_parc_secondary;protection_qnr
chlamydia_trachomatis,moxifloxacin,true,mutation_gyra_parc_secondary;protection_qnr
chlamydia_trachomatis,ofloxacin,true,mutation_gyra_primary;mutation_gyra_parc_secondary;protection_qnr
chlamydia_trachomatis,tetracycline,true,efflux_acrab_tolc;efflux_mexxy_oprm;global_efflux_pump;protection_tet_m;efflux_tet_abc;efflux_mtr_cde
chlamydia_trachomatis,doxycycline,true,efflux_acrab_tolc;efflux_mexxy_oprm;global_efflux_pump;protection_tet_m;efflux_tet_abc;efflux_mtr_cde
chlamydia_trachomatis,minocycline,true,efflux_acrab_tolc;efflux_mexxy_oprm;global_efflux_pump;protection_tet_m;efflux_mtr_cde
chlamydia_trachomatis,tigecycline,true,efflux_acrab_tolc;global_efflux_pump
chlamydia_trachomatis,vancomycin,false,
chlamydia_trachomatis,teicoplanin,false,
chlamydia_trachomatis,dalbavancin,false,
chlamydia_trachomatis,linezolid,false,
chlamydia_trachomatis,tedizolid,false,
chlamydia_trachomatis,daptomycin,false,
chlamydia_trachomatis,quinu_dalfo,false,
chlamydia_trachomatis,trim_sulf,false,
chlamydia_trachomatis,chloramphenicol,true,target_site_cfr;enzyme_cat;efflux_acrab_tolc;efflux_mexxy_oprm;global_efflux_pump;efflux_mtr_cde
chlamydia_trachomatis,nitrofurantoin,false,
chlamydia_trachomatis,fosfomycin,false,
chlamydia_trachomatis,retapamulin,false,
chlamydia_trachomatis,fusidic_a,false,
chlamydia_trachomatis,metronidazole,false,
chlamydia_trachomatis,fidaxomicin,false,
chlamydia_trachomatis,furazolidone,false,
chlamydia_trachomatis,rifampicin,false,
chlamydia_trachomatis,amoxicillin_clavulanate,false,
chlamydia_trachomatis,piperacillin_tazobactam,false,
chlamydia_trachomatis,ampicillin_sulbactam,false,
chlamydia_trachomatis,ticarcillin_clavulanate,false,
chlamydia_trachomatis,ceftazidime_avibactam,false,
chlamydia_trachomatis,meropenem_vaborbactam,false,
chlamydia_trachomatis,colistin,false,
chlamydia_trachomatis,flucloxacillin,false,
chlamydia_trachomatis,aztreonam_avibactam,false,
chlamydia_trachomatis,cefixime,false,
chlamydia_trachomatis,nalidixic_acid,false,
mycoplasma_genitalium,sulfanilamide,false,
mycoplasma_genitalium,penicillin_g,false,
mycoplasma_genitalium,ampicillin,false,
mycoplasma_genitalium,amoxicillin,false,
mycoplasma_genitalium,piperacillin,false,
mycoplasma_genitalium,ticarcillin,false,
mycoplasma_genitalium,cephalexin,false,
mycoplasma_genitalium,cefazolin,false,
mycoplasma_genitalium,cefuroxime,false,
mycoplasma_genitalium,ceftriaxone,false,
mycoplasma_genitalium,ceftazidime,false,
mycoplasma_genitalium,cefepime,false,
mycoplasma_genitalium,ceftaroline,false,
mycoplasma_genitalium,ceftolozane_tazobactam,false,
mycoplasma_genitalium,cefiderocol,false,
mycoplasma_genitalium,meropenem,false,
mycoplasma_genitalium,imipenem_c,false,
mycoplasma_genitalium,ertapenem,false,
mycoplasma_genitalium,aztreonam,false,
mycoplasma_genitalium,erythromycin,true,target_site_erm_b;mutation_23s_rrna;efflux_mtr_cde
mycoplasma_genitalium,azithromycin,true,target_site_erm_b;mutation_23s_rrna;efflux_mtr_cde
mycoplasma_genitalium,clarithromycin,true,target_site_erm_b;mutation_23s_rrna;efflux_mtr_cde
mycoplasma_genitalium,clindamycin,true,target_site_erm_b;target_site_cfr
mycoplasma_genitalium,gentamicin,false,
mycoplasma_genitalium,tobramycin,false,
mycoplasma_genitalium,amikacin,false,
mycoplasma_genitalium,ciprofloxacin,true,mutation_gyra_primary;mutation_gyra_parc_secondary;protection_qnr;efflux_acrab_tolc;efflux_mexxy_oprm;global_efflux_pump
mycoplasma_genitalium,levofloxacin,true,mutation_gyra_parc_secondary;protection_qnr
mycoplasma_genitalium,moxifloxacin,true,mutation_gyra_parc_secondary;protection_qnr
mycoplasma_genitalium,ofloxacin,true,mutation_gyra_primary;mutation_gyra_parc_secondary;protection_qnr
mycoplasma_genitalium,tetracycline,true,efflux_acrab_tolc;efflux_mexxy_oprm;global_efflux_pump;protection_tet_m;efflux_tet_abc;efflux_mtr_cde
mycoplasma_genitalium,doxycycline,true,efflux_acrab_tolc;efflux_mexxy_oprm;global_efflux_pump;protection_tet_m;efflux_tet_abc;efflux_mtr_cde
mycoplasma_genitalium,minocycline,true,efflux_acrab_tolc;efflux_mexxy_oprm;global_efflux_pump;protection_tet_m;efflux_mtr_cde
mycoplasma_genitalium,tigecycline,true,efflux_acrab_tolc;global_efflux_pump
mycoplasma_genitalium,vancomycin,false,
mycoplasma_genitalium,teicoplanin,false,
mycoplasma_genitalium,dalbavancin,false,
mycoplasma_genitalium,linezolid,false,
mycoplasma_genitalium,tedizolid,false,
mycoplasma_genitalium,daptomycin,false,
mycoplasma_genitalium,quinu_dalfo,false,
mycoplasma_genitalium,trim_sulf,false,
mycoplasma_genitalium,chloramphenicol,true,target_site_cfr;enzyme_cat;efflux_acrab_tolc;efflux_mexxy_oprm;global_efflux_pump;efflux_mtr_cde
mycoplasma_genitalium,nitrofurantoin,false,
mycoplasma_genitalium,fosfomycin,false,
mycoplasma_genitalium,retapamulin,false,
mycoplasma_genitalium,fusidic_a,false,
mycoplasma_genitalium,metronidazole,false,
mycoplasma_genitalium,fidaxomicin,false,
mycoplasma_genitalium,furazolidone,false,
mycoplasma_genitalium,rifampicin,false,
mycoplasma_genitalium,amoxicillin_clavulanate,false,
mycoplasma_genitalium,piperacillin_tazobactam,false,
mycoplasma_genitalium,ampicillin_sulbactam,false,
mycoplasma_genitalium,ticarcillin_clavulanate,false,
mycoplasma_genitalium,ceftazidime_avibactam,false,
mycoplasma_genitalium,meropenem_vaborbactam,false,
mycoplasma_genitalium,colistin,false,
mycoplasma_genitalium,flucloxacillin,false,
mycoplasma_genitalium,aztreonam_avibactam,false,
mycoplasma_genitalium,cefixime,false,
mycoplasma_genitalium,nalidixic_acid,false,
vibrio_cholerae,sulfanilamide,true,mutation_folate_pathway
vibrio_cholerae,penicillin_g,true,enzyme_esbl_ctx_m;enzyme_esbl_tem;enzyme_esbl_shv;enzyme_kpc;enzyme_ndm_vim;enzyme_oxa_48;enzyme_ampc_cmy;enzyme_ampc_dha;mutation_ampc_derepression;enzyme_narrow_spectrum_gram_negative_penicillinase;mutation_pbp_mosaic;efflux_mtr_cde
vibrio_cholerae,ampicillin,true,enzyme_esbl_ctx_m;enzyme_esbl_tem;enzyme_esbl_shv;enzyme_kpc;enzyme_ndm_vim;enzyme_oxa_48;enzyme_ampc_cmy;enzyme_ampc_dha;mutation_ampc_derepression;enzyme_narrow_spectrum_gram_negative_penicillinase;mutation_pbp_mosaic;efflux_mtr_cde
vibrio_cholerae,amoxicillin,true,enzyme_esbl_ctx_m;enzyme_esbl_tem;enzyme_esbl_shv;enzyme_kpc;enzyme_ndm_vim;enzyme_oxa_48;enzyme_ampc_cmy;enzyme_ampc_dha;mutation_ampc_derepression;enzyme_narrow_spectrum_gram_negative_penicillinase;mutation_pbp_mosaic;efflux_mtr_cde
vibrio_cholerae,piperacillin,true,enzyme_esbl_ctx_m;enzyme_esbl_tem;enzyme_esbl_shv;enzyme_kpc;enzyme_ndm_vim;enzyme_oxa_48;enzyme_ampc_cmy;enzyme_ampc_dha;mutation_ampc_derepression;enzyme_narrow_spectrum_gram_negative_penicillinase;mutation_pbp_mosaic;efflux_mtr_cde
vibrio_cholerae,ticarcillin,true,enzyme_esbl_ctx_m;enzyme_esbl_tem;enzyme_esbl_shv;enzyme_kpc;enzyme_ndm_vim;enzyme_oxa_48;enzyme_ampc_cmy;enzyme_ampc_dha;mutation_ampc_derepression;enzyme_narrow_spectrum_gram_negative_penicillinase;mutation_pbp_mosaic;efflux_mtr_cde
vibrio_cholerae,cephalexin,true,enzyme_esbl_ctx_m;enzyme_esbl_tem;enzyme_esbl_shv;enzyme_kpc;enzyme_ndm_vim;enzyme_oxa_48;enzyme_ampc_cmy;enzyme_ampc_dha;mutation_ampc_derepression;mutation_pbp_mosaic
vibrio_cholerae,cefazolin,true,enzyme_esbl_ctx_m;enzyme_esbl_tem;enzyme_esbl_shv;enzyme_kpc;enzyme_ndm_vim;enzyme_oxa_48;enzyme_ampc_cmy;enzyme_ampc_dha;mutation_ampc_derepression;mutation_pbp_mosaic
vibrio_cholerae,cefuroxime,true,enzyme_esbl_ctx_m;enzyme_esbl_tem;enzyme_esbl_shv;enzyme_kpc;enzyme_ndm_vim;enzyme_oxa_48;enzyme_ampc_cmy;enzyme_ampc_dha;mutation_ampc_derepression;mutation_pbp_mosaic
vibrio_cholerae,ceftriaxone,true,enzyme_esbl_ctx_m;enzyme_esbl_tem;enzyme_esbl_shv;enzyme_kpc;enzyme_ndm_vim;enzyme_oxa_48;enzyme_ampc_cmy;enzyme_ampc_dha;mutation_ampc_derepression;mutation_pbp_mosaic
vibrio_cholerae,ceftazidime,true,enzyme_esbl_ctx_m;enzyme_esbl_tem;enzyme_esbl_shv;enzyme_kpc;enzyme_ndm_vim;enzyme_oxa_48;enzyme_ampc_cmy;enzyme_ampc_dha;mutation_ampc_derepression;mutation_pbp_mosaic
vibrio_cholerae,cefepime,true,enzyme_esbl_ctx_m;enzyme_esbl_tem;enzyme_esbl_shv;enzyme_kpc;enzyme_ndm_vim;enzyme_oxa_48;enzyme_ampc_cmy;enzyme_ampc_dha;mutation_ampc_derepression;mutation_pbp_mosaic
vibrio_cholerae,ceftaroline,false,
vibrio_cholerae,ceftolozane_tazobactam,true,enzyme_kpc;enzyme_ndm_vim;enzyme_ampc_cmy;enzyme_ampc_dha;mutation_ampc_derepression;mutation_pbp_mosaic
vibrio_cholerae,cefiderocol,false,
vibrio_cholerae,meropenem,true,enzyme_kpc;enzyme_ndm_vim;enzyme_oxa_48
vibrio_cholerae,imipenem_c,true,enzyme_kpc;enzyme_ndm_vim;enzyme_oxa_48
vibrio_cholerae,ertapenem,true,enzyme_kpc;enzyme_ndm_vim;enzyme_oxa_48
vibrio_cholerae,aztreonam,true,enzyme_esbl_ctx_m;enzyme_esbl_tem;enzyme_esbl_shv;enzyme_kpc;enzyme_ampc_cmy;enzyme_ampc_dha;mutation_ampc_derepression;mutation_pbp_mosaic
vibrio_cholerae,erythromycin,true,enzyme_mph_a;mutation_23s_rrna;efflux_mtr_cde
vibrio_cholerae,azithromycin,true,enzyme_mph_a;mutation_23s_rrna;efflux_mtr_cde
vibrio_cholerae,clarithromycin,true,enzyme_mph_a;mutation_23s_rrna;efflux_mtr_cde
vibrio_cholerae,clindamycin,false,
vibrio_cholerae,gentamicin,true,enzyme_16s_rrmt;efflux_mexxy_oprm;enzyme_aac_aph
vibrio_cholerae,tobramycin,true,enzyme_16s_rrmt;efflux_mexxy_oprm;enzyme_aac_aph
vibrio_cholerae,amikacin,true,enzyme_16s_rrmt;efflux_mexxy_oprm;enzyme_aac_aph
vibrio_cholerae,ciprofloxacin,true,mutation_gyra_primary;mutation_gyra_parc_secondary;protection_qnr;efflux_acrab_tolc;efflux_mexxy_oprm;global_efflux_pump
vibrio_cholerae,levofloxacin,true,mutation_gyra_parc_secondary;protection_qnr
vibrio_cholerae,moxifloxacin,true,mutation_gyra_parc_secondary;protection_qnr
vibrio_cholerae,ofloxacin,true,mutation_gyra_primary;mutation_gyra_parc_secondary;protection_qnr
vibrio_cholerae,tetracycline,true,efflux_acrab_tolc;efflux_mexxy_oprm;global_efflux_pump;protection_tet_m;efflux_tet_abc;efflux_mtr_cde
vibrio_cholerae,doxycycline,true,efflux_acrab_tolc;efflux_mexxy_oprm;global_efflux_pump;protection_tet_m;efflux_tet_abc;efflux_mtr_cde
vibrio_cholerae,minocycline,true,efflux_acrab_tolc;efflux_mexxy_oprm;global_efflux_pump;protection_tet_m;efflux_mtr_cde
vibrio_cholerae,tigecycline,true,efflux_acrab_tolc;global_efflux_pump
vibrio_cholerae,vancomycin,false,
vibrio_cholerae,teicoplanin,false,
vibrio_cholerae,dalbavancin,false,
vibrio_cholerae,linezolid,false,
vibrio_cholerae,tedizolid,false,
vibrio_cholerae,daptomycin,false,
vibrio_cholerae,quinu_dalfo,false,
vibrio_cholerae,trim_sulf,true,mutation_folate_pathway
vibrio_cholerae,chloramphenicol,true,enzyme_cat;efflux_acrab_tolc;efflux_mexxy_oprm;global_efflux_pump;efflux_mtr_cde
vibrio_cholerae,nitrofurantoin,false,
vibrio_cholerae,fosfomycin,false,
vibrio_cholerae,retapamulin,false,
vibrio_cholerae,fusidic_a,false,
vibrio_cholerae,metronidazole,false,
vibrio_cholerae,fidaxomicin,false,
vibrio_cholerae,furazolidone,false,
vibrio_cholerae,rifampicin,true,mutation_rpo_b
vibrio_cholerae,amoxicillin_clavulanate,true,enzyme_kpc;enzyme_ndm_vim;enzyme_oxa_48;enzyme_ampc_cmy;enzyme_ampc_dha;mutation_ampc_derepression;mutation_pbp_mosaic
vibrio_cholerae,piperacillin_tazobactam,true,enzyme_kpc;enzyme_ndm_vim;enzyme_oxa_48;enzyme_ampc_cmy;enzyme_ampc_dha;mutation_ampc_derepression;mutation_pbp_mosaic
vibrio_cholerae,ampicillin_sulbactam,true,enzyme_kpc;enzyme_ndm_vim;enzyme_oxa_48;enzyme_ampc_cmy;enzyme_ampc_dha;mutation_ampc_derepression;mutation_pbp_mosaic
vibrio_cholerae,ticarcillin_clavulanate,true,enzyme_kpc;enzyme_ndm_vim;enzyme_oxa_48;enzyme_ampc_cmy;enzyme_ampc_dha;mutation_ampc_derepression;mutation_pbp_mosaic
vibrio_cholerae,ceftazidime_avibactam,true,enzyme_kpc;enzyme_ndm_vim;enzyme_oxa_48;mutation_pbp_mosaic
vibrio_cholerae,meropenem_vaborbactam,true,enzyme_kpc;enzyme_ndm_vim;enzyme_oxa_48
vibrio_cholerae,colistin,true,modification_mcr_1;mutation_polymyxin_regulatory
vibrio_cholerae,flucloxacillin,false,
vibrio_cholerae,aztreonam_avibactam,true,enzyme_kpc;enzyme_ndm_vim;enzyme_oxa_48;mutation_pbp_mosaic
vibrio_cholerae,cefixime,true,enzyme_esbl_ctx_m;enzyme_esbl_tem;enzyme_esbl_shv;enzyme_kpc;enzyme_ndm_vim;enzyme_oxa_48;enzyme_ampc_cmy;enzyme_ampc_dha;mutation_ampc_derepression;mutation_pbp_mosaic
vibrio_cholerae,nalidixic_acid,true,mutation_gyra_primary
neisseria_meningitidis,sulfanilamide,false,
neisseria_meningitidis,penicillin_g,true,enzyme_esbl_ctx_m;enzyme_esbl_tem;enzyme_esbl_shv;enzyme_kpc;enzyme_ndm_vim;enzyme_oxa_48;enzyme_ampc_cmy;enzyme_ampc_dha;mutation_ampc_derepression;mutation_pbp_mosaic;efflux_mtr_cde
neisseria_meningitidis,ampicillin,true,enzyme_esbl_ctx_m;enzyme_esbl_tem;enzyme_esbl_shv;enzyme_kpc;enzyme_ndm_vim;enzyme_oxa_48;enzyme_ampc_cmy;enzyme_ampc_dha;mutation_ampc_derepression;mutation_pbp_mosaic;efflux_mtr_cde
neisseria_meningitidis,amoxicillin,true,enzyme_esbl_ctx_m;enzyme_esbl_tem;enzyme_esbl_shv;enzyme_kpc;enzyme_ndm_vim;enzyme_oxa_48;enzyme_ampc_cmy;enzyme_ampc_dha;mutation_ampc_derepression;mutation_pbp_mosaic;efflux_mtr_cde
neisseria_meningitidis,piperacillin,true,enzyme_esbl_ctx_m;enzyme_esbl_tem;enzyme_esbl_shv;enzyme_kpc;enzyme_ndm_vim;enzyme_oxa_48;enzyme_ampc_cmy;enzyme_ampc_dha;mutation_ampc_derepression;mutation_pbp_mosaic;efflux_mtr_cde
neisseria_meningitidis,ticarcillin,true,enzyme_esbl_ctx_m;enzyme_esbl_tem;enzyme_esbl_shv;enzyme_kpc;enzyme_ndm_vim;enzyme_oxa_48;enzyme_ampc_cmy;enzyme_ampc_dha;mutation_ampc_derepression;mutation_pbp_mosaic;efflux_mtr_cde
neisseria_meningitidis,cephalexin,true,enzyme_esbl_ctx_m;enzyme_esbl_tem;enzyme_esbl_shv;enzyme_kpc;enzyme_ndm_vim;enzyme_oxa_48;enzyme_ampc_cmy;enzyme_ampc_dha;mutation_ampc_derepression;mutation_pbp_mosaic
neisseria_meningitidis,cefazolin,true,enzyme_esbl_ctx_m;enzyme_esbl_tem;enzyme_esbl_shv;enzyme_kpc;enzyme_ndm_vim;enzyme_oxa_48;enzyme_ampc_cmy;enzyme_ampc_dha;mutation_ampc_derepression;mutation_pbp_mosaic
neisseria_meningitidis,cefuroxime,true,enzyme_esbl_ctx_m;enzyme_esbl_tem;enzyme_esbl_shv;enzyme_kpc;enzyme_ndm_vim;enzyme_oxa_48;enzyme_ampc_cmy;enzyme_ampc_dha;mutation_ampc_derepression;mutation_pbp_mosaic
neisseria_meningitidis,ceftriaxone,true,enzyme_esbl_ctx_m;enzyme_esbl_tem;enzyme_esbl_shv;enzyme_kpc;enzyme_ndm_vim;enzyme_oxa_48;enzyme_ampc_cmy;enzyme_ampc_dha;mutation_ampc_derepression;mutation_pbp_mosaic
neisseria_meningitidis,ceftazidime,true,enzyme_esbl_ctx_m;enzyme_esbl_tem;enzyme_esbl_shv;enzyme_kpc;enzyme_ndm_vim;enzyme_oxa_48;enzyme_ampc_cmy;enzyme_ampc_dha;mutation_ampc_derepression;mutation_pbp_mosaic
neisseria_meningitidis,cefepime,true,enzyme_esbl_ctx_m;enzyme_esbl_tem;enzyme_esbl_shv;enzyme_kpc;enzyme_ndm_vim;enzyme_oxa_48;enzyme_ampc_cmy;enzyme_ampc_dha;mutation_ampc_derepression;mutation_pbp_mosaic
neisseria_meningitidis,ceftaroline,false,
neisseria_meningitidis,ceftolozane_tazobactam,true,enzyme_kpc;enzyme_ndm_vim;enzyme_ampc_cmy;enzyme_ampc_dha;mutation_ampc_derepression;mutation_pbp_mosaic
neisseria_meningitidis,cefiderocol,false,
neisseria_meningitidis,meropenem,true,enzyme_kpc;enzyme_ndm_vim;enzyme_oxa_48
neisseria_meningitidis,imipenem_c,true,enzyme_kpc;enzyme_ndm_vim;enzyme_oxa_48
neisseria_meningitidis,ertapenem,true,enzyme_kpc;enzyme_ndm_vim;enzyme_oxa_48
neisseria_meningitidis,aztreonam,true,enzyme_esbl_ctx_m;enzyme_esbl_tem;enzyme_esbl_shv;enzyme_kpc;enzyme_ampc_cmy;enzyme_ampc_dha;mutation_ampc_derepression;mutation_pbp_mosaic
neisseria_meningitidis,erythromycin,true,target_site_erm_b;mutation_23s_rrna;efflux_mtr_cde
neisseria_meningitidis,azithromycin,true,target_site_erm_b;mutation_23s_rrna;efflux_mtr_cde
neisseria_meningitidis,clarithromycin,true,target_site_erm_b;mutation_23s_rrna;efflux_mtr_cde
neisseria_meningitidis,clindamycin,false,
neisseria_meningitidis,gentamicin,true,enzyme_16s_rrmt;efflux_mexxy_oprm;enzyme_aac_aph
neisseria_meningitidis,tobramycin,true,enzyme_16s_rrmt;efflux_mexxy_oprm;enzyme_aac_aph
neisseria_meningitidis,amikacin,true,enzyme_16s_rrmt;efflux_mexxy_oprm;enzyme_aac_aph
neisseria_meningitidis,ciprofloxacin,true,mutation_gyra_primary;mutation_gyra_parc_secondary;protection_qnr;efflux_acrab_tolc;efflux_mexxy_oprm;global_efflux_pump
neisseria_meningitidis,levofloxacin,true,mutation_gyra_parc_secondary;protection_qnr
neisseria_meningitidis,moxifloxacin,true,mutation_gyra_parc_secondary;protection_qnr
neisseria_meningitidis,ofloxacin,true,mutation_gyra_primary;mutation_gyra_parc_secondary;protection_qnr
neisseria_meningitidis,tetracycline,true,efflux_acrab_tolc;efflux_mexxy_oprm;global_efflux_pump;protection_tet_m;efflux_tet_abc;efflux_mtr_cde
neisseria_meningitidis,doxycycline,true,efflux_acrab_tolc;efflux_mexxy_oprm;global_efflux_pump;protection_tet_m;efflux_tet_abc;efflux_mtr_cde
neisseria_meningitidis,minocycline,true,efflux_acrab_tolc;efflux_mexxy_oprm;global_efflux_pump;protection_tet_m;efflux_mtr_cde
neisseria_meningitidis,tigecycline,false,
neisseria_meningitidis,vancomycin,false,
neisseria_meningitidis,teicoplanin,false,
neisseria_meningitidis,dalbavancin,false,
neisseria_meningitidis,linezolid,false,
neisseria_meningitidis,tedizolid,false,
neisseria_meningitidis,daptomycin,false,
neisseria_meningitidis,quinu_dalfo,false,
neisseria_meningitidis,trim_sulf,true,mutation_folate_pathway
neisseria_meningitidis,chloramphenicol,true,target_site_cfr;enzyme_cat;efflux_acrab_tolc;efflux_mexxy_oprm;global_efflux_pump;efflux_mtr_cde
neisseria_meningitidis,nitrofurantoin,false,
neisseria_meningitidis,fosfomycin,false,
neisseria_meningitidis,retapamulin,false,
neisseria_meningitidis,fusidic_a,false,
neisseria_meningitidis,metronidazole,false,
neisseria_meningitidis,fidaxomicin,false,
neisseria_meningitidis,furazolidone,false,
neisseria_meningitidis,rifampicin,true,mutation_rpo_b
neisseria_meningitidis,amoxicillin_clavulanate,true,enzyme_kpc;enzyme_ndm_vim;enzyme_oxa_48;enzyme_ampc_cmy;enzyme_ampc_dha;mutation_ampc_derepression;mutation_pbp_mosaic
neisseria_meningitidis,piperacillin_tazobactam,true,enzyme_kpc;enzyme_ndm_vim;enzyme_oxa_48;enzyme_ampc_cmy;enzyme_ampc_dha;mutation_ampc_derepression;mutation_pbp_mosaic
neisseria_meningitidis,ampicillin_sulbactam,true,enzyme_kpc;enzyme_ndm_vim;enzyme_oxa_48;enzyme_ampc_cmy;enzyme_ampc_dha;mutation_ampc_derepression;mutation_pbp_mosaic
neisseria_meningitidis,ticarcillin_clavulanate,true,enzyme_kpc;enzyme_ndm_vim;enzyme_oxa_48;enzyme_ampc_cmy;enzyme_ampc_dha;mutation_ampc_derepression;mutation_pbp_mosaic
neisseria_meningitidis,ceftazidime_avibactam,true,enzyme_kpc;enzyme_ndm_vim;enzyme_oxa_48;mutation_pbp_mosaic
neisseria_meningitidis,meropenem_vaborbactam,true,enzyme_kpc;enzyme_ndm_vim;enzyme_oxa_48
neisseria_meningitidis,colistin,false,
neisseria_meningitidis,flucloxacillin,false,
neisseria_meningitidis,aztreonam_avibactam,true,enzyme_kpc;enzyme_ndm_vim;enzyme_oxa_48;mutation_pbp_mosaic
neisseria_meningitidis,cefixime,true,enzyme_esbl_ctx_m;enzyme_esbl_tem;enzyme_esbl_shv;enzyme_kpc;enzyme_ndm_vim;enzyme_oxa_48;enzyme_ampc_cmy;enzyme_ampc_dha;mutation_ampc_derepression;mutation_pbp_mosaic
neisseria_meningitidis,nalidixic_acid,false,
listeria_monocytogenes,sulfanilamide,false,
listeria_monocytogenes,penicillin_g,true,mutation_pbp_mosaic
listeria_monocytogenes,ampicillin,true,mutation_pbp_mosaic
listeria_monocytogenes,amoxicillin,true,mutation_pbp_mosaic
listeria_monocytogenes,piperacillin,true,mutation_pbp_mosaic
listeria_monocytogenes,ticarcillin,true,mutation_pbp_mosaic
listeria_monocytogenes,cephalexin,false,
listeria_monocytogenes,cefazolin,false,
listeria_monocytogenes,cefuroxime,false,
listeria_monocytogenes,ceftriaxone,false,
listeria_monocytogenes,ceftazidime,false,
listeria_monocytogenes,cefepime,false,
listeria_monocytogenes,ceftaroline,false,
listeria_monocytogenes,ceftolozane_tazobactam,false,
listeria_monocytogenes,cefiderocol,false,
listeria_monocytogenes,meropenem,false,
listeria_monocytogenes,imipenem_c,false,
listeria_monocytogenes,ertapenem,false,
listeria_monocytogenes,aztreonam,false,
listeria_monocytogenes,erythromycin,true,target_site_erm_b;mutation_23s_rrna
listeria_monocytogenes,azithromycin,true,target_site_erm_b;mutation_23s_rrna
listeria_monocytogenes,clarithromycin,true,target_site_erm_b;mutation_23s_rrna
listeria_monocytogenes,clindamycin,false,
listeria_monocytogenes,gentamicin,false,
listeria_monocytogenes,tobramycin,false,
listeria_monocytogenes,amikacin,false,
listeria_monocytogenes,ciprofloxacin,true,mutation_gyra_primary;mutation_gyra_parc_secondary;global_efflux_pump
listeria_monocytogenes,levofloxacin,true,mutation_gyra_parc_secondary
listeria_monocytogenes,moxifloxacin,true,mutation_gyra_parc_secondary
listeria_monocytogenes,ofloxacin,true,mutation_gyra_primary;mutation_gyra_parc_secondary
listeria_monocytogenes,tetracycline,true,global_efflux_pump;protection_tet_m
listeria_monocytogenes,doxycycline,true,global_efflux_pump;protection_tet_m
listeria_monocytogenes,minocycline,true,global_efflux_pump;protection_tet_m
listeria_monocytogenes,tigecycline,false,
listeria_monocytogenes,vancomycin,false,
listeria_monocytogenes,teicoplanin,false,
listeria_monocytogenes,dalbavancin,false,
listeria_monocytogenes,linezolid,false,
listeria_monocytogenes,tedizolid,false,
listeria_monocytogenes,daptomycin,false,
listeria_monocytogenes,quinu_dalfo,false,
listeria_monocytogenes,trim_sulf,true,mutation_folate_pathway
listeria_monocytogenes,chloramphenicol,true,target_site_cfr;enzyme_cat;global_efflux_pump
listeria_monocytogenes,nitrofurantoin,false,
listeria_monocytogenes,fosfomycin,false,
listeria_monocytogenes,retapamulin,false,
listeria_monocytogenes,fusidic_a,false,
listeria_monocytogenes,metronidazole,false,
listeria_monocytogenes,fidaxomicin,false,
listeria_monocytogenes,furazolidone,false,
listeria_monocytogenes,rifampicin,true,mutation_rpo_b
listeria_monocytogenes,amoxicillin_clavulanate,true,mutation_pbp_mosaic
listeria_monocytogenes,piperacillin_tazobactam,true,mutation_pbp_mosaic
listeria_monocytogenes,ampicillin_sulbactam,true,mutation_pbp_mosaic
listeria_monocytogenes,ticarcillin_clavulanate,false,
listeria_monocytogenes,ceftazidime_avibactam,true,mutation_pbp_mosaic
listeria_monocytogenes,meropenem_vaborbactam,false,
listeria_monocytogenes,colistin,false,
listeria_monocytogenes,flucloxacillin,false,
listeria_monocytogenes,aztreonam_avibactam,false,
listeria_monocytogenes,cefixime,false,
listeria_monocytogenes,nalidixic_acid,false,
clostridioides_difficile,sulfanilamide,false,
clostridioides_difficile,penicillin_g,false,
clostridioides_difficile,ampicillin,false,
clostridioides_difficile,amoxicillin,false,
clostridioides_difficile,piperacillin,false,
clostridioides_difficile,ticarcillin,false,
clostridioides_difficile,cephalexin,false,
clostridioides_difficile,cefazolin,false,
clostridioides_difficile,cefuroxime,false,
clostridioides_difficile,ceftriaxone,false,
clostridioides_difficile,ceftazidime,false,
clostridioides_difficile,cefepime,false,
clostridioides_difficile,ceftaroline,false,
clostridioides_difficile,ceftolozane_tazobactam,false,
clostridioides_difficile,cefiderocol,false,
clostridioides_difficile,meropenem,false,
clostridioides_difficile,imipenem_c,false,
clostridioides_difficile,ertapenem,false,
clostridioides_difficile,aztreonam,false,
clostridioides_difficile,erythromycin,false,
clostridioides_difficile,azithromycin,false,
clostridioides_difficile,clarithromycin,false,
clostridioides_difficile,clindamycin,false,
clostridioides_difficile,gentamicin,false,
clostridioides_difficile,tobramycin,false,
clostridioides_difficile,amikacin,false,
clostridioides_difficile,ciprofloxacin,false,
clostridioides_difficile,levofloxacin,false,
clostridioides_difficile,moxifloxacin,false,
clostridioides_difficile,ofloxacin,false,
clostridioides_difficile,tetracycline,true,efflux_acrab_tolc;efflux_mexxy_oprm;global_efflux_pump;protection_tet_m
clostridioides_difficile,doxycycline,true,efflux_acrab_tolc;efflux_mexxy_oprm;global_efflux_pump;protection_tet_m
clostridioides_difficile,minocycline,true,efflux_acrab_tolc;efflux_mexxy_oprm;global_efflux_pump;protection_tet_m
clostridioides_difficile,tigecycline,false,
clostridioides_difficile,vancomycin,false,
clostridioides_difficile,teicoplanin,false,
clostridioides_difficile,dalbavancin,false,
clostridioides_difficile,linezolid,true,target_site_cfr
clostridioides_difficile,tedizolid,true,target_site_cfr
clostridioides_difficile,daptomycin,false,
clostridioides_difficile,quinu_dalfo,false,
clostridioides_difficile,trim_sulf,false,
clostridioides_difficile,chloramphenicol,false,
clostridioides_difficile,nitrofurantoin,false,
clostridioides_difficile,fosfomycin,false,
clostridioides_difficile,retapamulin,false,
clostridioides_difficile,fusidic_a,false,
clostridioides_difficile,metronidazole,true,mutation_nitroreductase
clostridioides_difficile,fidaxomicin,true,mutation_rpo_b
clostridioides_difficile,furazolidone,false,
clostridioides_difficile,rifampicin,false,
clostridioides_difficile,amoxicillin_clavulanate,false,
clostridioides_difficile,piperacillin_tazobactam,false,
clostridioides_difficile,ampicillin_sulbactam,false,
clostridioides_difficile,ticarcillin_clavulanate,false,
clostridioides_difficile,ceftazidime_avibactam,false,
clostridioides_difficile,meropenem_vaborbactam,false,
clostridioides_difficile,colistin,false,
clostridioides_difficile,flucloxacillin,false,
clostridioides_difficile,aztreonam_avibactam,false,
clostridioides_difficile,cefixime,false,
clostridioides_difficile,nalidixic_acid,false,
bacteroides_fragilis,sulfanilamide,false,
bacteroides_fragilis,penicillin_g,false,
bacteroides_fragilis,ampicillin,true,enzyme_esbl_ctx_m;enzyme_esbl_tem;enzyme_esbl_shv;enzyme_kpc;enzyme_ndm_vim;enzyme_oxa_48;enzyme_ampc_cmy;enzyme_ampc_dha;mutation_ampc_derepression;mutation_pbp_mosaic
bacteroides_fragilis,amoxicillin,false,
bacteroides_fragilis,piperacillin,false,
bacteroides_fragilis,ticarcillin,false,
bacteroides_fragilis,cephalexin,false,
bacteroides_fragilis,cefazolin,false,
bacteroides_fragilis,cefuroxime,true,enzyme_esbl_ctx_m;enzyme_esbl_tem;enzyme_esbl_shv;enzyme_kpc;enzyme_ndm_vim;enzyme_oxa_48;enzyme_ampc_cmy;enzyme_ampc_dha;mutation_ampc_derepression;mutation_pbp_mosaic
bacteroides_fragilis,ceftriaxone,true,enzyme_esbl_ctx_m;enzyme_esbl_tem;enzyme_esbl_shv;enzyme_kpc;enzyme_ndm_vim;enzyme_oxa_48;enzyme_ampc_cmy;enzyme_ampc_dha;mutation_ampc_derepression;mutation_pbp_mosaic
bacteroides_fragilis,ceftazidime,true,enzyme_esbl_ctx_m;enzyme_esbl_tem;enzyme_esbl_shv;enzyme_kpc;enzyme_ndm_vim;enzyme_oxa_48;enzyme_ampc_cmy;enzyme_ampc_dha;mutation_ampc_derepression;mutation_pbp_mosaic
bacteroides_fragilis,cefepime,true,enzyme_esbl_ctx_m;enzyme_esbl_tem;enzyme_esbl_shv;enzyme_kpc;enzyme_ndm_vim;enzyme_oxa_48;enzyme_ampc_cmy;enzyme_ampc_dha;mutation_ampc_derepression;mutation_pbp_mosaic
bacteroides_fragilis,ceftaroline,true,enzyme_esbl_ctx_m;enzyme_esbl_tem;enzyme_esbl_shv;enzyme_kpc;enzyme_ndm_vim;enzyme_oxa_48;enzyme_ampc_cmy;enzyme_ampc_dha;mutation_ampc_derepression;mutation_pbp_mosaic
bacteroides_fragilis,ceftolozane_tazobactam,true,enzyme_kpc;enzyme_ndm_vim;enzyme_ampc_cmy;enzyme_ampc_dha;mutation_ampc_derepression;mutation_pbp_mosaic
bacteroides_fragilis,cefiderocol,false,
bacteroides_fragilis,meropenem,true,enzyme_kpc;enzyme_ndm_vim;enzyme_oxa_48
bacteroides_fragilis,imipenem_c,true,enzyme_kpc;enzyme_ndm_vim;enzyme_oxa_48
bacteroides_fragilis,ertapenem,true,enzyme_kpc;enzyme_ndm_vim;enzyme_oxa_48
bacteroides_fragilis,aztreonam,false,
bacteroides_fragilis,erythromycin,false,
bacteroides_fragilis,azithromycin,false,
bacteroides_fragilis,clarithromycin,false,
bacteroides_fragilis,clindamycin,true,target_site_erm_b;target_site_cfr
bacteroides_fragilis,gentamicin,false,
bacteroides_fragilis,tobramycin,false,
bacteroides_fragilis,amikacin,false,
bacteroides_fragilis,ciprofloxacin,true,mutation_gyra_primary;mutation_gyra_parc_secondary;protection_qnr;efflux_acrab_tolc;efflux_mexxy_oprm;global_efflux_pump
bacteroides_fragilis,levofloxacin,true,mutation_gyra_parc_secondary;protection_qnr
bacteroides_fragilis,moxifloxacin,true,mutation_gyra_parc_secondary;protection_qnr
bacteroides_fragilis,ofloxacin,true,mutation_gyra_primary;mutation_gyra_parc_secondary;protection_qnr
bacteroides_fragilis,tetracycline,true,efflux_acrab_tolc;efflux_mexxy_oprm;global_efflux_pump;protection_tet_m
bacteroides_fragilis,doxycycline,true,efflux_acrab_tolc;efflux_mexxy_oprm;global_efflux_pump;protection_tet_m
bacteroides_fragilis,minocycline,true,efflux_acrab_tolc;efflux_mexxy_oprm;global_efflux_pump;protection_tet_m
bacteroides_fragilis,tigecycline,true,efflux_acrab_tolc;global_efflux_pump
bacteroides_fragilis,vancomycin,false,
bacteroides_fragilis,teicoplanin,false,
bacteroides_fragilis,dalbavancin,false,
bacteroides_fragilis,linezolid,false,
bacteroides_fragilis,tedizolid,false,
bacteroides_fragilis,daptomycin,false,
bacteroides_fragilis,quinu_dalfo,false,
bacteroides_fragilis,trim_sulf,true,mutation_folate_pathway
bacteroides_fragilis,chloramphenicol,true,target_site_cfr;enzyme_cat;efflux_acrab_tolc;efflux_mexxy_oprm;global_efflux_pump
bacteroides_fragilis,nitrofurantoin,false,
bacteroides_fragilis,fosfomycin,false,
bacteroides_fragilis,retapamulin,false,
bacteroides_fragilis,fusidic_a,false,
bacteroides_fragilis,metronidazole,true,mutation_nitroreductase
bacteroides_fragilis,fidaxomicin,false,
bacteroides_fragilis,furazolidone,false,
bacteroides_fragilis,rifampicin,true,mutation_rpo_b
bacteroides_fragilis,amoxicillin_clavulanate,true,enzyme_kpc;enzyme_ndm_vim;enzyme_oxa_48;enzyme_ampc_cmy;enzyme_ampc_dha;mutation_ampc_derepression;mutation_pbp_mosaic
bacteroides_fragilis,piperacillin_tazobactam,true,enzyme_kpc;enzyme_ndm_vim;enzyme_oxa_48;enzyme_ampc_cmy;enzyme_ampc_dha;mutation_ampc_derepression;mutation_pbp_mosaic
bacteroides_fragilis,ampicillin_sulbactam,true,enzyme_kpc;enzyme_ndm_vim;enzyme_oxa_48;enzyme_ampc_cmy;enzyme_ampc_dha;mutation_ampc_derepression;mutation_pbp_mosaic
bacteroides_fragilis,ticarcillin_clavulanate,true,enzyme_kpc;enzyme_ndm_vim;enzyme_oxa_48;enzyme_ampc_cmy;enzyme_ampc_dha;mutation_ampc_derepression;mutation_pbp_mosaic
bacteroides_fragilis,ceftazidime_avibactam,true,enzyme_kpc;enzyme_ndm_vim;enzyme_oxa_48;mutation_pbp_mosaic
bacteroides_fragilis,meropenem_vaborbactam,true,enzyme_kpc;enzyme_ndm_vim;enzyme_oxa_48
bacteroides_fragilis,colistin,false,
bacteroides_fragilis,flucloxacillin,false,
bacteroides_fragilis,aztreonam_avibactam,false,
bacteroides_fragilis,cefixime,true,enzyme_esbl_ctx_m;enzyme_esbl_tem;enzyme_esbl_shv;enzyme_kpc;enzyme_ndm_vim;enzyme_oxa_48;enzyme_ampc_cmy;enzyme_ampc_dha;mutation_ampc_derepression;mutation_pbp_mosaic
bacteroides_fragilis,nalidixic_acid,false,
campylobacter_jejuni,sulfanilamide,false,
campylobacter_jejuni,penicillin_g,false,
campylobacter_jejuni,ampicillin,false,
campylobacter_jejuni,amoxicillin,false,
campylobacter_jejuni,piperacillin,false,
campylobacter_jejuni,ticarcillin,false,
campylobacter_jejuni,cephalexin,false,
campylobacter_jejuni,cefazolin,false,
campylobacter_jejuni,cefuroxime,false,
campylobacter_jejuni,ceftriaxone,false,
campylobacter_jejuni,ceftazidime,false,
campylobacter_jejuni,cefepime,false,
campylobacter_jejuni,ceftaroline,false,
campylobacter_jejuni,ceftolozane_tazobactam,true,mutation_pbp_mosaic
campylobacter_jejuni,cefiderocol,false,
campylobacter_jejuni,meropenem,false,
campylobacter_jejuni,imipenem_c,false,
campylobacter_jejuni,ertapenem,false,
campylobacter_jejuni,aztreonam,false,
campylobacter_jejuni,erythromycin,true,target_site_erm_b;mutation_23s_rrna
campylobacter_jejuni,azithromycin,true,target_site_erm_b;mutation_23s_rrna
campylobacter_jejuni,clarithromycin,true,target_site_erm_b;mutation_23s_rrna
campylobacter_jejuni,clindamycin,true,target_site_erm_b;target_site_cfr
campylobacter_jejuni,gentamicin,false,
campylobacter_jejuni,tobramycin,false,
campylobacter_jejuni,amikacin,false,
campylobacter_jejuni,ciprofloxacin,true,mutation_gyra_primary;mutation_gyra_parc_secondary;global_efflux_pump
campylobacter_jejuni,levofloxacin,true,mutation_gyra_parc_secondary
campylobacter_jejuni,moxifloxacin,true,mutation_gyra_parc_secondary
campylobacter_jejuni,ofloxacin,true,mutation_gyra_primary;mutation_gyra_parc_secondary
campylobacter_jejuni,tetracycline,true,global_efflux_pump;protection_tet_m
campylobacter_jejuni,doxycycline,true,global_efflux_pump;protection_tet_m
campylobacter_jejuni,minocycline,true,global_efflux_pump;protection_tet_m
campylobacter_jejuni,tigecycline,true,global_efflux_pump
campylobacter_jejuni,vancomycin,false,
campylobacter_jejuni,teicoplanin,false,
campylobacter_jejuni,dalbavancin,false,
campylobacter_jejuni,linezolid,false,
campylobacter_jejuni,tedizolid,false,
campylobacter_jejuni,daptomycin,false,
campylobacter_jejuni,quinu_dalfo,false,
campylobacter_jejuni,trim_sulf,false,
campylobacter_jejuni,chloramphenicol,true,target_site_cfr;enzyme_cat;global_efflux_pump
campylobacter_jejuni,nitrofurantoin,false,
campylobacter_jejuni,fosfomycin,false,
campylobacter_jejuni,retapamulin,false,
campylobacter_jejuni,fusidic_a,false,
campylobacter_jejuni,metronidazole,false,
campylobacter_jejuni,fidaxomicin,false,
campylobacter_jejuni,furazolidone,false,
campylobacter_jejuni,rifampicin,false,
campylobacter_jejuni,amoxicillin_clavulanate,false,
campylobacter_jejuni,piperacillin_tazobactam,false,
campylobacter_jejuni,ampicillin_sulbactam,false,
campylobacter_jejuni,ticarcillin_clavulanate,false,
campylobacter_jejuni,ceftazidime_avibactam,false,
campylobacter_jejuni,meropenem_vaborbactam,false,
campylobacter_jejuni,colistin,false,
campylobacter_jejuni,flucloxacillin,false,
campylobacter_jejuni,aztreonam_avibactam,true,mutation_pbp_mosaic
campylobacter_jejuni,cefixime,true,mutation_pbp_mosaic
campylobacter_jejuni,nalidixic_acid,true,mutation_gyra_primary
enterobacter_cloacae,sulfanilamide,true,mutation_folate_pathway
enterobacter_cloacae,penicillin_g,false,
enterobacter_cloacae,ampicillin,true,enzyme_esbl_ctx_m;enzyme_esbl_tem;enzyme_esbl_shv;enzyme_kpc;enzyme_ndm_vim;enzyme_oxa_48;enzyme_ampc_cmy;enzyme_ampc_dha;mutation_ampc_derepression;enzyme_narrow_spectrum_gram_negative_penicillinase;mutation_pbp_mosaic
enterobacter_cloacae,amoxicillin,true,enzyme_esbl_ctx_m;enzyme_esbl_tem;enzyme_esbl_shv;enzyme_kpc;enzyme_ndm_vim;enzyme_oxa_48;enzyme_ampc_cmy;enzyme_ampc_dha;mutation_ampc_derepression;enzyme_narrow_spectrum_gram_negative_penicillinase;mutation_pbp_mosaic
enterobacter_cloacae,piperacillin,true,enzyme_esbl_ctx_m;enzyme_esbl_tem;enzyme_esbl_shv;enzyme_kpc;enzyme_ndm_vim;enzyme_oxa_48;enzyme_ampc_cmy;enzyme_ampc_dha;mutation_ampc_derepression;enzyme_narrow_spectrum_gram_negative_penicillinase;mutation_pbp_mosaic
enterobacter_cloacae,ticarcillin,true,enzyme_esbl_ctx_m;enzyme_esbl_tem;enzyme_esbl_shv;enzyme_kpc;enzyme_ndm_vim;enzyme_oxa_48;enzyme_ampc_cmy;enzyme_ampc_dha;mutation_ampc_derepression;enzyme_narrow_spectrum_gram_negative_penicillinase;mutation_pbp_mosaic
enterobacter_cloacae,cephalexin,true,enzyme_esbl_ctx_m;enzyme_esbl_tem;enzyme_esbl_shv;enzyme_kpc;enzyme_ndm_vim;enzyme_oxa_48;enzyme_ampc_cmy;enzyme_ampc_dha;mutation_ampc_derepression;mutation_pbp_mosaic
enterobacter_cloacae,cefazolin,true,enzyme_esbl_ctx_m;enzyme_esbl_tem;enzyme_esbl_shv;enzyme_kpc;enzyme_ndm_vim;enzyme_oxa_48;enzyme_ampc_cmy;enzyme_ampc_dha;mutation_ampc_derepression;mutation_pbp_mosaic
enterobacter_cloacae,cefuroxime,true,enzyme_esbl_ctx_m;enzyme_esbl_tem;enzyme_esbl_shv;enzyme_kpc;enzyme_ndm_vim;enzyme_oxa_48;enzyme_ampc_cmy;enzyme_ampc_dha;mutation_ampc_derepression;mutation_pbp_mosaic
enterobacter_cloacae,ceftriaxone,true,enzyme_esbl_ctx_m;enzyme_esbl_tem;enzyme_esbl_shv;enzyme_kpc;enzyme_ndm_vim;enzyme_oxa_48;enzyme_ampc_cmy;enzyme_ampc_dha;mutation_ampc_derepression;mutation_pbp_mosaic
enterobacter_cloacae,ceftazidime,true,enzyme_esbl_ctx_m;enzyme_esbl_tem;enzyme_esbl_shv;enzyme_kpc;enzyme_ndm_vim;enzyme_oxa_48;enzyme_ampc_cmy;enzyme_ampc_dha;mutation_ampc_derepression;mutation_pbp_mosaic
enterobacter_cloacae,cefepime,true,enzyme_esbl_ctx_m;enzyme_esbl_tem;enzyme_esbl_shv;enzyme_kpc;enzyme_ndm_vim;enzyme_oxa_48;enzyme_ampc_cmy;enzyme_ampc_dha;mutation_ampc_derepression;mutation_pbp_mosaic
enterobacter_cloacae,ceftaroline,false,
enterobacter_cloacae,ceftolozane_tazobactam,true,enzyme_kpc;enzyme_ndm_vim;enzyme_ampc_cmy;enzyme_ampc_dha;mutation_ampc_derepression;mutation_pbp_mosaic
enterobacter_cloacae,cefiderocol,false,
enterobacter_cloacae,meropenem,true,enzyme_kpc;enzyme_ndm_vim;enzyme_oxa_48
enterobacter_cloacae,imipenem_c,true,enzyme_kpc;enzyme_ndm_vim;enzyme_oxa_48
enterobacter_cloacae,ertapenem,true,enzyme_kpc;enzyme_ndm_vim;enzyme_oxa_48
enterobacter_cloacae,aztreonam,true,enzyme_esbl_ctx_m;enzyme_esbl_tem;enzyme_esbl_shv;enzyme_kpc;enzyme_ampc_cmy;enzyme_ampc_dha;mutation_ampc_derepression;mutation_pbp_mosaic
enterobacter_cloacae,erythromycin,false,
enterobacter_cloacae,azithromycin,false,
enterobacter_cloacae,clarithromycin,false,
enterobacter_cloacae,clindamycin,false,
enterobacter_cloacae,gentamicin,true,enzyme_16s_rrmt;efflux_mexxy_oprm;enzyme_aac_aph
enterobacter_cloacae,tobramycin,true,enzyme_16s_rrmt;efflux_mexxy_oprm;enzyme_aac_aph
enterobacter_cloacae,amikacin,true,enzyme_16s_rrmt;efflux_mexxy_oprm;enzyme_aac_aph
enterobacter_cloacae,ciprofloxacin,true,mutation_gyra_primary;mutation_gyra_parc_secondary;protection_qnr;efflux_acrab_tolc;efflux_mexxy_oprm;global_efflux_pump
enterobacter_cloacae,levofloxacin,true,mutation_gyra_parc_secondary;protection_qnr
enterobacter_cloacae,moxifloxacin,true,mutation_gyra_parc_secondary;protection_qnr
enterobacter_cloacae,ofloxacin,true,mutation_gyra_primary;mutation_gyra_parc_secondary;protection_qnr
enterobacter_cloacae,tetracycline,true,efflux_acrab_tolc;efflux_mexxy_oprm;global_efflux_pump;protection_tet_m;efflux_tet_abc
enterobacter_cloacae,doxycycline,true,efflux_acrab_tolc;efflux_mexxy_oprm;global_efflux_pump;protection_tet_m;efflux_tet_abc
enterobacter_cloacae,minocycline,true,efflux_acrab_tolc;efflux_mexxy_oprm;global_efflux_pump;protection_tet_m
enterobacter_cloacae,tigecycline,true,efflux_acrab_tolc;global_efflux_pump
enterobacter_cloacae,vancomycin,false,
enterobacter_cloacae,teicoplanin,false,
enterobacter_cloacae,dalbavancin,false,
enterobacter_cloacae,linezolid,false,
enterobacter_cloacae,tedizolid,false,
enterobacter_cloacae,daptomycin,false,
enterobacter_cloacae,quinu_dalfo,false,
enterobacter_cloacae,trim_sulf,true,mutation_folate_pathway
enterobacter_cloacae,chloramphenicol,true,enzyme_cat;efflux_acrab_tolc;efflux_mexxy_oprm;global_efflux_pump
enterobacter_cloacae,nitrofurantoin,true,mutation_nitroreductase
enterobacter_cloacae,fosfomycin,true,enzyme_fos
enterobacter_cloacae,retapamulin,false,
enterobacter_cloacae,fusidic_a,false,
enterobacter_cloacae,metronidazole,false,
enterobacter_cloacae,fidaxomicin,false,
enterobacter_cloacae,furazolidone,false,
enterobacter_cloacae,rifampicin,true,mutation_rpo_b
enterobacter_cloacae,amoxicillin_clavulanate,true,enzyme_kpc;enzyme_ndm_vim;enzyme_oxa_48;enzyme_ampc_cmy;enzyme_ampc_dha;mutation_ampc_derepression;mutation_pbp_mosaic
enterobacter_cloacae,piperacillin_tazobactam,true,enzyme_kpc;enzyme_ndm_vim;enzyme_oxa_48;enzyme_ampc_cmy;enzyme_ampc_dha;mutation_ampc_derepression;mutation_pbp_mosaic
enterobacter_cloacae,ampicillin_sulbactam,true,enzyme_kpc;enzyme_ndm_vim;enzyme_oxa_48;enzyme_ampc_cmy;enzyme_ampc_dha;mutation_ampc_derepression;mutation_pbp_mosaic
enterobacter_cloacae,ticarcillin_clavulanate,true,enzyme_kpc;enzyme_ndm_vim;enzyme_oxa_48;enzyme_ampc_cmy;enzyme_ampc_dha;mutation_ampc_derepression;mutation_pbp_mosaic
enterobacter_cloacae,ceftazidime_avibactam,true,enzyme_kpc;enzyme_ndm_vim;enzyme_oxa_48;mutation_pbp_mosaic
enterobacter_cloacae,meropenem_vaborbactam,true,enzyme_kpc;enzyme_ndm_vim;enzyme_oxa_48
enterobacter_cloacae,colistin,true,modification_mcr_1;mutation_polymyxin_regulatory
enterobacter_cloacae,flucloxacillin,false,
enterobacter_cloacae,aztreonam_avibactam,true,enzyme_kpc;enzyme_ndm_vim;enzyme_oxa_48;mutation_pbp_mosaic
enterobacter_cloacae,cefixime,true,enzyme_esbl_ctx_m;enzyme_esbl_tem;enzyme_esbl_shv;enzyme_kpc;enzyme_ndm_vim;enzyme_oxa_48;enzyme_ampc_cmy;enzyme_ampc_dha;mutation_ampc_derepression;mutation_pbp_mosaic
enterobacter_cloacae,nalidixic_acid,true,mutation_gyra_primary
yersinia_enterocolitica,sulfanilamide,true,mutation_folate_pathway
yersinia_enterocolitica,penicillin_g,false,
yersinia_enterocolitica,ampicillin,false,
yersinia_enterocolitica,amoxicillin,true,enzyme_esbl_ctx_m;enzyme_esbl_tem;enzyme_esbl_shv;enzyme_kpc;enzyme_ndm_vim;enzyme_oxa_48;enzyme_ampc_cmy;enzyme_ampc_dha;mutation_ampc_derepression;enzyme_narrow_spectrum_gram_negative_penicillinase;mutation_pbp_mosaic
yersinia_enterocolitica,piperacillin,true,enzyme_esbl_ctx_m;enzyme_esbl_tem;enzyme_esbl_shv;enzyme_kpc;enzyme_ndm_vim;enzyme_oxa_48;enzyme_ampc_cmy;enzyme_ampc_dha;mutation_ampc_derepression;enzyme_narrow_spectrum_gram_negative_penicillinase;mutation_pbp_mosaic
yersinia_enterocolitica,ticarcillin,true,enzyme_esbl_ctx_m;enzyme_esbl_tem;enzyme_esbl_shv;enzyme_kpc;enzyme_ndm_vim;enzyme_oxa_48;enzyme_ampc_cmy;enzyme_ampc_dha;mutation_ampc_derepression;enzyme_narrow_spectrum_gram_negative_penicillinase;mutation_pbp_mosaic
yersinia_enterocolitica,cephalexin,true,enzyme_esbl_ctx_m;enzyme_esbl_tem;enzyme_esbl_shv;enzyme_kpc;enzyme_ndm_vim;enzyme_oxa_48;enzyme_ampc_cmy;enzyme_ampc_dha;mutation_ampc_derepression;mutation_pbp_mosaic
yersinia_enterocolitica,cefazolin,true,enzyme_esbl_ctx_m;enzyme_esbl_tem;enzyme_esbl_shv;enzyme_kpc;enzyme_ndm_vim;enzyme_oxa_48;enzyme_ampc_cmy;enzyme_ampc_dha;mutation_ampc_derepression;mutation_pbp_mosaic
yersinia_enterocolitica,cefuroxime,true,enzyme_esbl_ctx_m;enzyme_esbl_tem;enzyme_esbl_shv;enzyme_kpc;enzyme_ndm_vim;enzyme_oxa_48;enzyme_ampc_cmy;enzyme_ampc_dha;mutation_ampc_derepression;mutation_pbp_mosaic
yersinia_enterocolitica,ceftriaxone,true,enzyme_esbl_ctx_m;enzyme_esbl_tem;enzyme_esbl_shv;enzyme_kpc;enzyme_ndm_vim;enzyme_oxa_48;enzyme_ampc_cmy;enzyme_ampc_dha;mutation_ampc_derepression;mutation_pbp_mosaic
yersinia_enterocolitica,ceftazidime,true,enzyme_esbl_ctx_m;enzyme_esbl_tem;enzyme_esbl_shv;enzyme_kpc;enzyme_ndm_vim;enzyme_oxa_48;enzyme_ampc_cmy;enzyme_ampc_dha;mutation_ampc_derepression;mutation_pbp_mosaic
yersinia_enterocolitica,cefepime,true,enzyme_esbl_ctx_m;enzyme_esbl_tem;enzyme_esbl_shv;enzyme_kpc;enzyme_ndm_vim;enzyme_oxa_48;enzyme_ampc_cmy;enzyme_ampc_dha;mutation_ampc_derepression;mutation_pbp_mosaic
yersinia_enterocolitica,ceftaroline,false,
yersinia_enterocolitica,ceftolozane_tazobactam,true,enzyme_kpc;enzyme_ndm_vim;enzyme_ampc_cmy;enzyme_ampc_dha;mutation_ampc_derepression;mutation_pbp_mosaic
yersinia_enterocolitica,cefiderocol,false,
yersinia_enterocolitica,meropenem,true,enzyme_kpc;enzyme_ndm_vim;enzyme_oxa_48
yersinia_enterocolitica,imipenem_c,true,enzyme_kpc;enzyme_ndm_vim;enzyme_oxa_48
yersinia_enterocolitica,ertapenem,true,enzyme_kpc;enzyme_ndm_vim;enzyme_oxa_48
yersinia_enterocolitica,aztreonam,true,enzyme_esbl_ctx_m;enzyme_esbl_tem;enzyme_esbl_shv;enzyme_kpc;enzyme_ampc_cmy;enzyme_ampc_dha;mutation_ampc_derepression;mutation_pbp_mosaic
yersinia_enterocolitica,erythromycin,false,
yersinia_enterocolitica,azithromycin,false,
yersinia_enterocolitica,clarithromycin,false,
yersinia_enterocolitica,clindamycin,false,
yersinia_enterocolitica,gentamicin,true,enzyme_16s_rrmt;efflux_mexxy_oprm;enzyme_aac_aph
yersinia_enterocolitica,tobramycin,true,enzyme_16s_rrmt;efflux_mexxy_oprm;enzyme_aac_aph
yersinia_enterocolitica,amikacin,true,enzyme_16s_rrmt;efflux_mexxy_oprm;enzyme_aac_aph
yersinia_enterocolitica,ciprofloxacin,true,mutation_gyra_primary;mutation_gyra_parc_secondary;protection_qnr;efflux_acrab_tolc;efflux_mexxy_oprm;global_efflux_pump
yersinia_enterocolitica,levofloxacin,true,mutation_gyra_parc_secondary;protection_qnr
yersinia_enterocolitica,moxifloxacin,true,mutation_gyra_parc_secondary;protection_qnr
yersinia_enterocolitica,ofloxacin,true,mutation_gyra_primary;mutation_gyra_parc_secondary;protection_qnr
yersinia_enterocolitica,tetracycline,true,efflux_acrab_tolc;efflux_mexxy_oprm;global_efflux_pump;protection_tet_m;efflux_tet_abc
yersinia_enterocolitica,doxycycline,true,efflux_acrab_tolc;efflux_mexxy_oprm;global_efflux_pump;protection_tet_m;efflux_tet_abc
yersinia_enterocolitica,minocycline,true,efflux_acrab_tolc;efflux_mexxy_oprm;global_efflux_pump;protection_tet_m
yersinia_enterocolitica,tigecycline,true,efflux_acrab_tolc;global_efflux_pump
yersinia_enterocolitica,vancomycin,false,
yersinia_enterocolitica,teicoplanin,false,
yersinia_enterocolitica,dalbavancin,false,
yersinia_enterocolitica,linezolid,false,
yersinia_enterocolitica,tedizolid,false,
yersinia_enterocolitica,daptomycin,false,
yersinia_enterocolitica,quinu_dalfo,false,
yersinia_enterocolitica,trim_sulf,true,mutation_folate_pathway
yersinia_enterocolitica,chloramphenicol,true,enzyme_cat;efflux_acrab_tolc;efflux_mexxy_oprm;global_efflux_pump
yersinia_enterocolitica,nitrofurantoin,false,
yersinia_enterocolitica,fosfomycin,false,
yersinia_enterocolitica,retapamulin,false,
yersinia_enterocolitica,fusidic_a,false,
yersinia_enterocolitica,metronidazole,false,
yersinia_enterocolitica,fidaxomicin,false,
yersinia_enterocolitica,furazolidone,false,
yersinia_enterocolitica,rifampicin,true,mutation_rpo_b
yersinia_enterocolitica,amoxicillin_clavulanate,true,enzyme_kpc;enzyme_ndm_vim;enzyme_oxa_48;enzyme_ampc_cmy;enzyme_ampc_dha;mutation_ampc_derepression;mutation_pbp_mosaic
yersinia_enterocolitica,piperacillin_tazobactam,true,enzyme_kpc;enzyme_ndm_vim;enzyme_oxa_48;enzyme_ampc_cmy;enzyme_ampc_dha;mutation_ampc_derepression;mutation_pbp_mosaic
yersinia_enterocolitica,ampicillin_sulbactam,true,enzyme_kpc;enzyme_ndm_vim;enzyme_oxa_48;enzyme_ampc_cmy;enzyme_ampc_dha;mutation_ampc_derepression;mutation_pbp_mosaic
yersinia_enterocolitica,ticarcillin_clavulanate,true,enzyme_kpc;enzyme_ndm_vim;enzyme_oxa_48;enzyme_ampc_cmy;enzyme_ampc_dha;mutation_ampc_derepression;mutation_pbp_mosaic
yersinia_enterocolitica,ceftazidime_avibactam,true,enzyme_kpc;enzyme_ndm_vim;enzyme_oxa_48;mutation_pbp_mosaic
yersinia_enterocolitica,meropenem_vaborbactam,true,enzyme_kpc;enzyme_ndm_vim;enzyme_oxa_48
yersinia_enterocolitica,colistin,true,modification_mcr_1;mutation_polymyxin_regulatory
yersinia_enterocolitica,flucloxacillin,false,
yersinia_enterocolitica,aztreonam_avibactam,true,enzyme_kpc;enzyme_ndm_vim;enzyme_oxa_48;mutation_pbp_mosaic
yersinia_enterocolitica,cefixime,true,enzyme_esbl_ctx_m;enzyme_esbl_tem;enzyme_esbl_shv;enzyme_kpc;enzyme_ndm_vim;enzyme_oxa_48;enzyme_ampc_cmy;enzyme_ampc_dha;mutation_ampc_derepression;mutation_pbp_mosaic
yersinia_enterocolitica,nalidixic_acid,true,mutation_gyra_primary
moraxella_catarrhalis,sulfanilamide,false,
moraxella_catarrhalis,penicillin_g,true,enzyme_esbl_ctx_m;enzyme_esbl_tem;enzyme_esbl_shv;enzyme_kpc;enzyme_ndm_vim;enzyme_oxa_48;enzyme_ampc_cmy;enzyme_ampc_dha;mutation_ampc_derepression;enzyme_narrow_spectrum_gram_negative_penicillinase;mutation_pbp_mosaic;efflux_mtr_cde
moraxella_catarrhalis,ampicillin,true,enzyme_esbl_ctx_m;enzyme_esbl_tem;enzyme_esbl_shv;enzyme_kpc;enzyme_ndm_vim;enzyme_oxa_48;enzyme_ampc_cmy;enzyme_ampc_dha;mutation_ampc_derepression;enzyme_narrow_spectrum_gram_negative_penicillinase;mutation_pbp_mosaic;efflux_mtr_cde
moraxella_catarrhalis,amoxicillin,true,enzyme_esbl_ctx_m;enzyme_esbl_tem;enzyme_esbl_shv;enzyme_kpc;enzyme_ndm_vim;enzyme_oxa_48;enzyme_ampc_cmy;enzyme_ampc_dha;mutation_ampc_derepression;enzyme_narrow_spectrum_gram_negative_penicillinase;mutation_pbp_mosaic;efflux_mtr_cde
moraxella_catarrhalis,piperacillin,true,enzyme_esbl_ctx_m;enzyme_esbl_tem;enzyme_esbl_shv;enzyme_kpc;enzyme_ndm_vim;enzyme_oxa_48;enzyme_ampc_cmy;enzyme_ampc_dha;mutation_ampc_derepression;enzyme_narrow_spectrum_gram_negative_penicillinase;mutation_pbp_mosaic;efflux_mtr_cde
moraxella_catarrhalis,ticarcillin,true,enzyme_esbl_ctx_m;enzyme_esbl_tem;enzyme_esbl_shv;enzyme_kpc;enzyme_ndm_vim;enzyme_oxa_48;enzyme_ampc_cmy;enzyme_ampc_dha;mutation_ampc_derepression;enzyme_narrow_spectrum_gram_negative_penicillinase;mutation_pbp_mosaic;efflux_mtr_cde
moraxella_catarrhalis,cephalexin,true,enzyme_esbl_ctx_m;enzyme_esbl_tem;enzyme_esbl_shv;enzyme_kpc;enzyme_ndm_vim;enzyme_oxa_48;enzyme_ampc_cmy;enzyme_ampc_dha;mutation_ampc_derepression;mutation_pbp_mosaic
moraxella_catarrhalis,cefazolin,true,enzyme_esbl_ctx_m;enzyme_esbl_tem;enzyme_esbl_shv;enzyme_kpc;enzyme_ndm_vim;enzyme_oxa_48;enzyme_ampc_cmy;enzyme_ampc_dha;mutation_ampc_derepression;mutation_pbp_mosaic
moraxella_catarrhalis,cefuroxime,true,enzyme_esbl_ctx_m;enzyme_esbl_tem;enzyme_esbl_shv;enzyme_kpc;enzyme_ndm_vim;enzyme_oxa_48;enzyme_ampc_cmy;enzyme_ampc_dha;mutation_ampc_derepression;mutation_pbp_mosaic
moraxella_catarrhalis,ceftriaxone,true,enzyme_esbl_ctx_m;enzyme_esbl_tem;enzyme_esbl_shv;enzyme_kpc;enzyme_ndm_vim;enzyme_oxa_48;enzyme_ampc_cmy;enzyme_ampc_dha;mutation_ampc_derepression;mutation_pbp_mosaic
moraxella_catarrhalis,ceftazidime,true,enzyme_esbl_ctx_m;enzyme_esbl_tem;enzyme_esbl_shv;enzyme_kpc;enzyme_ndm_vim;enzyme_oxa_48;enzyme_ampc_cmy;enzyme_ampc_dha;mutation_ampc_derepression;mutation_pbp_mosaic
moraxella_catarrhalis,cefepime,true,enzyme_esbl_ctx_m;enzyme_esbl_tem;enzyme_esbl_shv;enzyme_kpc;enzyme_ndm_vim;enzyme_oxa_48;enzyme_ampc_cmy;enzyme_ampc_dha;mutation_ampc_derepression;mutation_pbp_mosaic
moraxella_catarrhalis,ceftaroline,false,
moraxella_catarrhalis,ceftolozane_tazobactam,true,enzyme_kpc;enzyme_ndm_vim;enzyme_ampc_cmy;enzyme_ampc_dha;mutation_ampc_derepression;mutation_pbp_mosaic
moraxella_catarrhalis,cefiderocol,false,
moraxella_catarrhalis,meropenem,true,enzyme_kpc;enzyme_ndm_vim;enzyme_oxa_48
moraxella_catarrhalis,imipenem_c,true,enzyme_kpc;enzyme_ndm_vim;enzyme_oxa_48
moraxella_catarrhalis,ertapenem,true,enzyme_kpc;enzyme_ndm_vim;enzyme_oxa_48
moraxella_catarrhalis,aztreonam,true,enzyme_esbl_ctx_m;enzyme_esbl_tem;enzyme_esbl_shv;enzyme_kpc;enzyme_ampc_cmy;enzyme_ampc_dha;mutation_ampc_derepression;mutation_pbp_mosaic
moraxella_catarrhalis,erythromycin,true,target_site_erm_b;mutation_23s_rrna;efflux_mtr_cde
moraxella_catarrhalis,azithromycin,true,target_site_erm_b;mutation_23s_rrna;efflux_mtr_cde
moraxella_catarrhalis,clarithromycin,true,target_site_erm_b;mutation_23s_rrna;efflux_mtr_cde
moraxella_catarrhalis,clindamycin,false,
moraxella_catarrhalis,gentamicin,false,
moraxella_catarrhalis,tobramycin,false,
moraxella_catarrhalis,amikacin,false,
moraxella_catarrhalis,ciprofloxacin,true,mutation_gyra_primary;mutation_gyra_parc_secondary;protection_qnr;efflux_acrab_tolc;efflux_mexxy_oprm;global_efflux_pump
moraxella_catarrhalis,levofloxacin,true,mutation_gyra_parc_secondary;protection_qnr
moraxella_catarrhalis,moxifloxacin,true,mutation_gyra_parc_secondary;protection_qnr
moraxella_catarrhalis,ofloxacin,true,mutation_gyra_primary;mutation_gyra_parc_secondary;protection_qnr
moraxella_catarrhalis,tetracycline,true,efflux_acrab_tolc;efflux_mexxy_oprm;global_efflux_pump;protection_tet_m;efflux_tet_abc;efflux_mtr_cde
moraxella_catarrhalis,doxycycline,true,efflux_acrab_tolc;efflux_mexxy_oprm;global_efflux_pump;protection_tet_m;efflux_tet_abc;efflux_mtr_cde
moraxella_catarrhalis,minocycline,true,efflux_acrab_tolc;efflux_mexxy_oprm;global_efflux_pump;protection_tet_m;efflux_mtr_cde
moraxella_catarrhalis,tigecycline,true,efflux_acrab_tolc;global_efflux_pump
moraxella_catarrhalis,vancomycin,false,
moraxella_catarrhalis,teicoplanin,false,
moraxella_catarrhalis,dalbavancin,false,
moraxella_catarrhalis,linezolid,false,
moraxella_catarrhalis,tedizolid,false,
moraxella_catarrhalis,daptomycin,false,
moraxella_catarrhalis,quinu_dalfo,false,
moraxella_catarrhalis,trim_sulf,true,mutation_folate_pathway
moraxella_catarrhalis,chloramphenicol,true,target_site_cfr;enzyme_cat;efflux_acrab_tolc;efflux_mexxy_oprm;global_efflux_pump;efflux_mtr_cde
moraxella_catarrhalis,nitrofurantoin,false,
moraxella_catarrhalis,fosfomycin,false,
moraxella_catarrhalis,retapamulin,false,
moraxella_catarrhalis,fusidic_a,false,
moraxella_catarrhalis,metronidazole,false,
moraxella_catarrhalis,fidaxomicin,false,
moraxella_catarrhalis,furazolidone,false,
moraxella_catarrhalis,rifampicin,true,mutation_rpo_b
moraxella_catarrhalis,amoxicillin_clavulanate,true,enzyme_kpc;enzyme_ndm_vim;enzyme_oxa_48;enzyme_ampc_cmy;enzyme_ampc_dha;mutation_ampc_derepression;mutation_pbp_mosaic
moraxella_catarrhalis,piperacillin_tazobactam,true,enzyme_kpc;enzyme_ndm_vim;enzyme_oxa_48;enzyme_ampc_cmy;enzyme_ampc_dha;mutation_ampc_derepression;mutation_pbp_mosaic
moraxella_catarrhalis,ampicillin_sulbactam,true,enzyme_kpc;enzyme_ndm_vim;enzyme_oxa_48;enzyme_ampc_cmy;enzyme_ampc_dha;mutation_ampc_derepression;mutation_pbp_mosaic
moraxella_catarrhalis,ticarcillin_clavulanate,true,enzyme_kpc;enzyme_ndm_vim;enzyme_oxa_48;enzyme_ampc_cmy;enzyme_ampc_dha;mutation_ampc_derepression;mutation_pbp_mosaic
moraxella_catarrhalis,ceftazidime_avibactam,true,enzyme_kpc;enzyme_ndm_vim;enzyme_oxa_48;mutation_pbp_mosaic
moraxella_catarrhalis,meropenem_vaborbactam,true,enzyme_kpc;enzyme_ndm_vim;enzyme_oxa_48
moraxella_catarrhalis,colistin,false,
moraxella_catarrhalis,flucloxacillin,false,
moraxella_catarrhalis,aztreonam_avibactam,true,enzyme_kpc;enzyme_ndm_vim;enzyme_oxa_48;mutation_pbp_mosaic
moraxella_catarrhalis,cefixime,true,enzyme_esbl_ctx_m;enzyme_esbl_tem;enzyme_esbl_shv;enzyme_kpc;enzyme_ndm_vim;enzyme_oxa_48;enzyme_ampc_cmy;enzyme_ampc_dha;mutation_ampc_derepression;mutation_pbp_mosaic
moraxella_catarrhalis,nalidixic_acid,false,
treponema_pallidum,sulfanilamide,false,
treponema_pallidum,penicillin_g,true,mutation_pbp_mosaic
treponema_pallidum,ampicillin,true,mutation_pbp_mosaic
treponema_pallidum,amoxicillin,true,mutation_pbp_mosaic
treponema_pallidum,piperacillin,true,mutation_pbp_mosaic
treponema_pallidum,ticarcillin,true,mutation_pbp_mosaic
treponema_pallidum,cephalexin,true,mutation_pbp_mosaic
treponema_pallidum,cefazolin,true,mutation_pbp_mosaic
treponema_pallidum,cefuroxime,true,mutation_pbp_mosaic
treponema_pallidum,ceftriaxone,true,mutation_pbp_mosaic
treponema_pallidum,ceftazidime,true,mutation_pbp_mosaic
treponema_pallidum,cefepime,true,mutation_pbp_mosaic
treponema_pallidum,ceftaroline,true,mutation_pbp_mosaic
treponema_pallidum,ceftolozane_tazobactam,false,
treponema_pallidum,cefiderocol,false,
treponema_pallidum,meropenem,false,
treponema_pallidum,imipenem_c,false,
treponema_pallidum,ertapenem,false,
treponema_pallidum,aztreonam,true,mutation_pbp_mosaic
treponema_pallidum,erythromycin,false,
treponema_pallidum,azithromycin,false,
treponema_pallidum,clarithromycin,false,
treponema_pallidum,clindamycin,false,
treponema_pallidum,gentamicin,false,
treponema_pallidum,tobramycin,false,
treponema_pallidum,amikacin,false,
treponema_pallidum,ciprofloxacin,true,mutation_gyra_primary;mutation_gyra_parc_secondary;global_efflux_pump
treponema_pallidum,levofloxacin,true,mutation_gyra_parc_secondary
treponema_pallidum,moxifloxacin,true,mutation_gyra_parc_secondary
treponema_pallidum,ofloxacin,true,mutation_gyra_primary;mutation_gyra_parc_secondary
treponema_pallidum,tetracycline,true,global_efflux_pump;protection_tet_m
treponema_pallidum,doxycycline,true,global_efflux_pump;protection_tet_m
treponema_pallidum,minocycline,true,global_efflux_pump;protection_tet_m
treponema_pallidum,tigecycline,false,
treponema_pallidum,vancomycin,false,
treponema_pallidum,teicoplanin,false,
treponema_pallidum,dalbavancin,false,
treponema_pallidum,linezolid,false,
treponema_pallidum,tedizolid,false,
treponema_pallidum,daptomycin,false,
treponema_pallidum,quinu_dalfo,false,
treponema_pallidum,trim_sulf,false,
treponema_pallidum,chloramphenicol,true,enzyme_cat;global_efflux_pump
treponema_pallidum,nitrofurantoin,false,
treponema_pallidum,fosfomycin,false,
treponema_pallidum,retapamulin,false,
treponema_pallidum,fusidic_a,false,
treponema_pallidum,metronidazole,false,
treponema_pallidum,fidaxomicin,false,
treponema_pallidum,furazolidone,false,
treponema_pallidum,rifampicin,false,
treponema_pallidum,amoxicillin_clavulanate,true,mutation_pbp_mosaic
treponema_pallidum,piperacillin_tazobactam,true,mutation_pbp_mosaic
treponema_pallidum,ampicillin_sulbactam,true,mutation_pbp_mosaic
treponema_pallidum,ticarcillin_clavulanate,true,mutation_pbp_mosaic
treponema_pallidum,ceftazidime_avibactam,true,mutation_pbp_mosaic
treponema_pallidum,meropenem_vaborbactam,false,
treponema_pallidum,colistin,false,
treponema_pallidum,flucloxacillin,false,
treponema_pallidum,aztreonam_avibactam,true,mutation_pbp_mosaic
treponema_pallidum,cefixime,false,
treponema_pallidum,nalidixic_acid,false,
bordetella_pertussis,sulfanilamide,false,
bordetella_pertussis,penicillin_g,false,
bordetella_pertussis,ampicillin,false,
bordetella_pertussis,amoxicillin,false,
bordetella_pertussis,piperacillin,false,
bordetella_pertussis,ticarcillin,false,
bordetella_pertussis,cephalexin,false,
bordetella_pertussis,cefazolin,false,
bordetella_pertussis,cefuroxime,false,
bordetella_pertussis,ceftriaxone,false,
bordetella_pertussis,ceftazidime,false,
bordetella_pertussis,cefepime,false,
bordetella_pertussis,ceftaroline,false,
bordetella_pertussis,ceftolozane_tazobactam,true,enzyme_kpc;enzyme_ndm_vim;enzyme_ampc_cmy;enzyme_ampc_dha;mutation_ampc_derepression;mutation_pbp_mosaic
bordetella_pertussis,cefiderocol,false,
bordetella_pertussis,meropenem,false,
bordetella_pertussis,imipenem_c,false,
bordetella_pertussis,ertapenem,false,
bordetella_pertussis,aztreonam,false,
bordetella_pertussis,erythromycin,true,target_site_erm_b;mutation_23s_rrna;efflux_mtr_cde
bordetella_pertussis,azithromycin,true,target_site_erm_b;mutation_23s_rrna;efflux_mtr_cde
bordetella_pertussis,clarithromycin,true,target_site_erm_b;mutation_23s_rrna;efflux_mtr_cde
bordetella_pertussis,clindamycin,false,
bordetella_pertussis,gentamicin,true,enzyme_16s_rrmt;efflux_mexxy_oprm;enzyme_aac_aph
bordetella_pertussis,tobramycin,true,enzyme_16s_rrmt;efflux_mexxy_oprm;enzyme_aac_aph
bordetella_pertussis,amikacin,true,enzyme_16s_rrmt;efflux_mexxy_oprm;enzyme_aac_aph
bordetella_pertussis,ciprofloxacin,true,mutation_gyra_primary;mutation_gyra_parc_secondary;protection_qnr;efflux_acrab_tolc;efflux_mexxy_oprm;global_efflux_pump
bordetella_pertussis,levofloxacin,true,mutation_gyra_parc_secondary;protection_qnr
bordetella_pertussis,moxifloxacin,true,mutation_gyra_parc_secondary;protection_qnr
bordetella_pertussis,ofloxacin,true,mutation_gyra_primary;mutation_gyra_parc_secondary;protection_qnr
bordetella_pertussis,tetracycline,true,efflux_acrab_tolc;efflux_mexxy_oprm;global_efflux_pump;protection_tet_m;efflux_tet_abc;efflux_mtr_cde
bordetella_pertussis,doxycycline,true,efflux_acrab_tolc;efflux_mexxy_oprm;global_efflux_pump;protection_tet_m;efflux_tet_abc;efflux_mtr_cde
bordetella_pertussis,minocycline,true,efflux_acrab_tolc;efflux_mexxy_oprm;global_efflux_pump;protection_tet_m;efflux_mtr_cde
bordetella_pertussis,tigecycline,false,
bordetella_pertussis,vancomycin,false,
bordetella_pertussis,teicoplanin,false,
bordetella_pertussis,dalbavancin,false,
bordetella_pertussis,linezolid,false,
bordetella_pertussis,tedizolid,false,
bordetella_pertussis,daptomycin,false,
bordetella_pertussis,quinu_dalfo,false,
bordetella_pertussis,trim_sulf,true,mutation_folate_pathway
bordetella_pertussis,chloramphenicol,true,target_site_cfr;enzyme_cat;efflux_acrab_tolc;efflux_mexxy_oprm;global_efflux_pump;efflux_mtr_cde
bordetella_pertussis,nitrofurantoin,false,
bordetella_pertussis,fosfomycin,false,
bordetella_pertussis,retapamulin,false,
bordetella_pertussis,fusidic_a,false,
bordetella_pertussis,metronidazole,false,
bordetella_pertussis,fidaxomicin,false,
bordetella_pertussis,furazolidone,false,
bordetella_pertussis,rifampicin,true,mutation_rpo_b
bordetella_pertussis,amoxicillin_clavulanate,false,
bordetella_pertussis,piperacillin_tazobactam,false,
bordetella_pertussis,ampicillin_sulbactam,false,
bordetella_pertussis,ticarcillin_clavulanate,false,
bordetella_pertussis,ceftazidime_avibactam,false,
bordetella_pertussis,meropenem_vaborbactam,false,
bordetella_pertussis,colistin,false,
bordetella_pertussis,flucloxacillin,false,
bordetella_pertussis,aztreonam_avibactam,true,enzyme_kpc;enzyme_ndm_vim;enzyme_oxa_48;mutation_pbp_mosaic
bordetella_pertussis,cefixime,true,enzyme_esbl_ctx_m;enzyme_esbl_tem;enzyme_esbl_shv;enzyme_kpc;enzyme_ndm_vim;enzyme_oxa_48;enzyme_ampc_cmy;enzyme_ampc_dha;mutation_ampc_derepression;mutation_pbp_mosaic
bordetella_pertussis,nalidixic_acid,false,
helicobacter_pylori,sulfanilamide,false,
helicobacter_pylori,penicillin_g,false,
helicobacter_pylori,ampicillin,true,mutation_pbp_mosaic
helicobacter_pylori,amoxicillin,true,mutation_pbp_mosaic
helicobacter_pylori,piperacillin,false,
helicobacter_pylori,ticarcillin,false,
helicobacter_pylori,cephalexin,false,
helicobacter_pylori,cefazolin,false,
helicobacter_pylori,cefuroxime,false,
helicobacter_pylori,ceftriaxone,false,
helicobacter_pylori,ceftazidime,false,
helicobacter_pylori,cefepime,false,
helicobacter_pylori,ceftaroline,false,
helicobacter_pylori,ceftolozane_tazobactam,false,
helicobacter_pylori,cefiderocol,false,
helicobacter_pylori,meropenem,false,
helicobacter_pylori,imipenem_c,false,
helicobacter_pylori,ertapenem,false,
helicobacter_pylori,aztreonam,false,
helicobacter_pylori,erythromycin,true,mutation_23s_rrna
helicobacter_pylori,azithromycin,true,mutation_23s_rrna
helicobacter_pylori,clarithromycin,true,mutation_23s_rrna
helicobacter_pylori,clindamycin,false,
helicobacter_pylori,gentamicin,false,
helicobacter_pylori,tobramycin,false,
helicobacter_pylori,amikacin,false,
helicobacter_pylori,ciprofloxacin,true,mutation_gyra_primary;mutation_gyra_parc_secondary;global_efflux_pump
helicobacter_pylori,levofloxacin,true,mutation_gyra_parc_secondary
helicobacter_pylori,moxifloxacin,true,mutation_gyra_parc_secondary
helicobacter_pylori,ofloxacin,true,mutation_gyra_primary;mutation_gyra_parc_secondary
helicobacter_pylori,tetracycline,true,global_efflux_pump;mutation_16s_rrna_tetracycline
helicobacter_pylori,doxycycline,true,global_efflux_pump;mutation_16s_rrna_tetracycline
helicobacter_pylori,minocycline,true,global_efflux_pump;mutation_16s_rrna_tetracycline
helicobacter_pylori,tigecycline,false,
helicobacter_pylori,vancomycin,false,
helicobacter_pylori,teicoplanin,false,
helicobacter_pylori,dalbavancin,false,
helicobacter_pylori,linezolid,false,
helicobacter_pylori,tedizolid,false,
helicobacter_pylori,daptomycin,false,
helicobacter_pylori,quinu_dalfo,false,
helicobacter_pylori,trim_sulf,false,
helicobacter_pylori,chloramphenicol,true,enzyme_cat;global_efflux_pump
helicobacter_pylori,nitrofurantoin,false,
helicobacter_pylori,fosfomycin,false,
helicobacter_pylori,retapamulin,false,
helicobacter_pylori,fusidic_a,false,
helicobacter_pylori,metronidazole,true,mutation_nitroreductase
helicobacter_pylori,fidaxomicin,false,
helicobacter_pylori,furazolidone,false,
helicobacter_pylori,rifampicin,false,
helicobacter_pylori,amoxicillin_clavulanate,true,mutation_pbp_mosaic
helicobacter_pylori,piperacillin_tazobactam,false,
helicobacter_pylori,ampicillin_sulbactam,true,mutation_pbp_mosaic
helicobacter_pylori,ticarcillin_clavulanate,false,
helicobacter_pylori,ceftazidime_avibactam,false,
helicobacter_pylori,meropenem_vaborbactam,false,
helicobacter_pylori,colistin,false,
helicobacter_pylori,flucloxacillin,false,
helicobacter_pylori,aztreonam_avibactam,false,
helicobacter_pylori,cefixime,false,
helicobacter_pylori,nalidixic_acid,false,
mdr_mycobacterium_tuberculosis,sulfanilamide,false,
mdr_mycobacterium_tuberculosis,penicillin_g,false,
mdr_mycobacterium_tuberculosis,ampicillin,false,
mdr_mycobacterium_tuberculosis,amoxicillin,false,
mdr_mycobacterium_tuberculosis,piperacillin,false,
mdr_mycobacterium_tuberculosis,ticarcillin,false,
mdr_mycobacterium_tuberculosis,cephalexin,false,
mdr_mycobacterium_tuberculosis,cefazolin,false,
mdr_mycobacterium_tuberculosis,cefuroxime,false,
mdr_mycobacterium_tuberculosis,ceftriaxone,false,
mdr_mycobacterium_tuberculosis,ceftazidime,false,
mdr_mycobacterium_tuberculosis,cefepime,false,
mdr_mycobacterium_tuberculosis,ceftaroline,false,
mdr_mycobacterium_tuberculosis,ceftolozane_tazobactam,false,
mdr_mycobacterium_tuberculosis,cefiderocol,false,
mdr_mycobacterium_tuberculosis,meropenem,false,
mdr_mycobacterium_tuberculosis,imipenem_c,false,
mdr_mycobacterium_tuberculosis,ertapenem,false,
mdr_mycobacterium_tuberculosis,aztreonam,true,mutation_pbp_mosaic
mdr_mycobacterium_tuberculosis,erythromycin,false,
mdr_mycobacterium_tuberculosis,azithromycin,false,
mdr_mycobacterium_tuberculosis,clarithromycin,false,
mdr_mycobacterium_tuberculosis,clindamycin,false,
mdr_mycobacterium_tuberculosis,gentamicin,false,
mdr_mycobacterium_tuberculosis,tobramycin,false,
mdr_mycobacterium_tuberculosis,amikacin,false,
mdr_mycobacterium_tuberculosis,ciprofloxacin,true,mutation_gyra_primary;mutation_gyra_parc_secondary;global_efflux_pump
mdr_mycobacterium_tuberculosis,levofloxacin,true,mutation_gyra_parc_secondary
mdr_mycobacterium_tuberculosis,moxifloxacin,true,mutation_gyra_parc_secondary
mdr_mycobacterium_tuberculosis,ofloxacin,true,mutation_gyra_primary;mutation_gyra_parc_secondary
mdr_mycobacterium_tuberculosis,tetracycline,false,
mdr_mycobacterium_tuberculosis,doxycycline,false,
mdr_mycobacterium_tuberculosis,minocycline,false,
mdr_mycobacterium_tuberculosis,tigecycline,false,
mdr_mycobacterium_tuberculosis,vancomycin,false,
mdr_mycobacterium_tuberculosis,teicoplanin,false,
mdr_mycobacterium_tuberculosis,dalbavancin,false,
mdr_mycobacterium_tuberculosis,linezolid,false,
mdr_mycobacterium_tuberculosis,tedizolid,false,
mdr_mycobacterium_tuberculosis,daptomycin,false,
mdr_mycobacterium_tuberculosis,quinu_dalfo,false,
mdr_mycobacterium_tuberculosis,trim_sulf,false,
mdr_mycobacterium_tuberculosis,chloramphenicol,false,
mdr_mycobacterium_tuberculosis,nitrofurantoin,false,
mdr_mycobacterium_tuberculosis,fosfomycin,false,
mdr_mycobacterium_tuberculosis,retapamulin,false,
mdr_mycobacterium_tuberculosis,fusidic_a,false,
mdr_mycobacterium_tuberculosis,metronidazole,false,
mdr_mycobacterium_tuberculosis,fidaxomicin,false,
mdr_mycobacterium_tuberculosis,furazolidone,false,
mdr_mycobacterium_tuberculosis,rifampicin,true,mutation_rpo_b
mdr_mycobacterium_tuberculosis,amoxicillin_clavulanate,false,
mdr_mycobacterium_tuberculosis,piperacillin_tazobactam,false,
mdr_mycobacterium_tuberculosis,ampicillin_sulbactam,false,
mdr_mycobacterium_tuberculosis,ticarcillin_clavulanate,false,
mdr_mycobacterium_tuberculosis,ceftazidime_avibactam,false,
mdr_mycobacterium_tuberculosis,meropenem_vaborbactam,false,
mdr_mycobacterium_tuberculosis,colistin,false,
mdr_mycobacterium_tuberculosis,flucloxacillin,false,
mdr_mycobacterium_tuberculosis,aztreonam_avibactam,false,
mdr_mycobacterium_tuberculosis,cefixime,false,
mdr_mycobacterium_tuberculosis,nalidixic_acid,false,
mycoplasma_pneumoniae,sulfanilamide,false,
mycoplasma_pneumoniae,penicillin_g,false,
mycoplasma_pneumoniae,ampicillin,false,
mycoplasma_pneumoniae,amoxicillin,false,
mycoplasma_pneumoniae,piperacillin,false,
mycoplasma_pneumoniae,ticarcillin,false,
mycoplasma_pneumoniae,cephalexin,false,
mycoplasma_pneumoniae,cefazolin,false,
mycoplasma_pneumoniae,cefuroxime,false,
mycoplasma_pneumoniae,ceftriaxone,false,
mycoplasma_pneumoniae,ceftazidime,false,
mycoplasma_pneumoniae,cefepime,false,
mycoplasma_pneumoniae,ceftaroline,false,
mycoplasma_pneumoniae,ceftolozane_tazobactam,false,
mycoplasma_pneumoniae,cefiderocol,false,
mycoplasma_pneumoniae,meropenem,false,
mycoplasma_pneumoniae,imipenem_c,false,
mycoplasma_pneumoniae,ertapenem,false,
mycoplasma_pneumoniae,aztreonam,false,
mycoplasma_pneumoniae,erythromycin,true,target_site_erm_b;mutation_23s_rrna;efflux_mtr_cde
mycoplasma_pneumoniae,azithromycin,true,target_site_erm_b;mutation_23s_rrna;efflux_mtr_cde
mycoplasma_pneumoniae,clarithromycin,true,target_site_erm_b;mutation_23s_rrna;efflux_mtr_cde
mycoplasma_pneumoniae,clindamycin,false,
mycoplasma_pneumoniae,gentamicin,false,
mycoplasma_pneumoniae,tobramycin,false,
mycoplasma_pneumoniae,amikacin,false,
mycoplasma_pneumoniae,ciprofloxacin,true,mutation_gyra_primary;mutation_gyra_parc_secondary;protection_qnr;efflux_acrab_tolc;efflux_mexxy_oprm;global_efflux_pump
mycoplasma_pneumoniae,levofloxacin,true,mutation_gyra_parc_secondary;protection_qnr
mycoplasma_pneumoniae,moxifloxacin,true,mutation_gyra_parc_secondary;protection_qnr
mycoplasma_pneumoniae,ofloxacin,true,mutation_gyra_primary;mutation_gyra_parc_secondary;protection_qnr
mycoplasma_pneumoniae,tetracycline,true,efflux_acrab_tolc;efflux_mexxy_oprm;global_efflux_pump;protection_tet_m;efflux_tet_abc;efflux_mtr_cde
mycoplasma_pneumoniae,doxycycline,true,efflux_acrab_tolc;efflux_mexxy_oprm;global_efflux_pump;protection_tet_m;efflux_tet_abc;efflux_mtr_cde
mycoplasma_pneumoniae,minocycline,true,efflux_acrab_tolc;efflux_mexxy_oprm;global_efflux_pump;protection_tet_m;efflux_mtr_cde
mycoplasma_pneumoniae,tigecycline,true,efflux_acrab_tolc;global_efflux_pump
mycoplasma_pneumoniae,vancomycin,false,
mycoplasma_pneumoniae,teicoplanin,false,
mycoplasma_pneumoniae,dalbavancin,false,
mycoplasma_pneumoniae,linezolid,false,
mycoplasma_pneumoniae,tedizolid,false,
mycoplasma_pneumoniae,daptomycin,false,
mycoplasma_pneumoniae,quinu_dalfo,false,
mycoplasma_pneumoniae,trim_sulf,false,
mycoplasma_pneumoniae,chloramphenicol,false,
mycoplasma_pneumoniae,nitrofurantoin,false,
mycoplasma_pneumoniae,fosfomycin,false,
mycoplasma_pneumoniae,retapamulin,false,
mycoplasma_pneumoniae,fusidic_a,false,
mycoplasma_pneumoniae,metronidazole,false,
mycoplasma_pneumoniae,fidaxomicin,false,
mycoplasma_pneumoniae,furazolidone,false,
mycoplasma_pneumoniae,rifampicin,false,
mycoplasma_pneumoniae,amoxicillin_clavulanate,false,
mycoplasma_pneumoniae,piperacillin_tazobactam,false,
mycoplasma_pneumoniae,ampicillin_sulbactam,false,
mycoplasma_pneumoniae,ticarcillin_clavulanate,false,
mycoplasma_pneumoniae,ceftazidime_avibactam,false,
mycoplasma_pneumoniae,meropenem_vaborbactam,false,
mycoplasma_pneumoniae,colistin,false,
mycoplasma_pneumoniae,flucloxacillin,false,
mycoplasma_pneumoniae,aztreonam_avibactam,false,
mycoplasma_pneumoniae,cefixime,false,
mycoplasma_pneumoniae,nalidixic_acid,false,
legionella_pneumophila,sulfanilamide,false,
legionella_pneumophila,penicillin_g,false,
legionella_pneumophila,ampicillin,false,
legionella_pneumophila,amoxicillin,false,
legionella_pneumophila,piperacillin,false,
legionella_pneumophila,ticarcillin,false,
legionella_pneumophila,cephalexin,false,
legionella_pneumophila,cefazolin,false,
legionella_pneumophila,cefuroxime,false,
legionella_pneumophila,ceftriaxone,false,
legionella_pneumophila,ceftazidime,false,
legionella_pneumophila,cefepime,false,
legionella_pneumophila,ceftaroline,false,
legionella_pneumophila,ceftolozane_tazobactam,true,enzyme_kpc;enzyme_ndm_vim;enzyme_ampc_cmy;enzyme_ampc_dha;mutation_ampc_derepression;mutation_pbp_mosaic
legionella_pneumophila,cefiderocol,false,
legionella_pneumophila,meropenem,false,
legionella_pneumophila,imipenem_c,false,
legionella_pneumophila,ertapenem,false,
legionella_pneumophila,aztreonam,false,
legionella_pneumophila,erythromycin,true,target_site_erm_b;mutation_23s_rrna;efflux_mtr_cde
legionella_pneumophila,azithromycin,true,target_site_erm_b;mutation_23s_rrna;efflux_mtr_cde
legionella_pneumophila,clarithromycin,true,target_site_erm_b;mutation_23s_rrna;efflux_mtr_cde
legionella_pneumophila,clindamycin,false,
legionella_pneumophila,gentamicin,false,
legionella_pneumophila,tobramycin,false,
legionella_pneumophila,amikacin,false,
legionella_pneumophila,ciprofloxacin,true,mutation_gyra_primary;mutation_gyra_parc_secondary;protection_qnr;efflux_acrab_tolc;efflux_mexxy_oprm;global_efflux_pump
legionella_pneumophila,levofloxacin,true,mutation_gyra_parc_secondary;protection_qnr
legionella_pneumophila,moxifloxacin,true,mutation_gyra_parc_secondary;protection_qnr
legionella_pneumophila,ofloxacin,true,mutation_gyra_primary;mutation_gyra_parc_secondary;protection_qnr
legionella_pneumophila,tetracycline,true,efflux_acrab_tolc;efflux_mexxy_oprm;global_efflux_pump;protection_tet_m;efflux_tet_abc;efflux_mtr_cde
legionella_pneumophila,doxycycline,true,efflux_acrab_tolc;efflux_mexxy_oprm;global_efflux_pump;protection_tet_m;efflux_tet_abc;efflux_mtr_cde
legionella_pneumophila,minocycline,true,efflux_acrab_tolc;efflux_mexxy_oprm;global_efflux_pump;protection_tet_m;efflux_mtr_cde
legionella_pneumophila,tigecycline,false,
legionella_pneumophila,vancomycin,false,
legionella_pneumophila,teicoplanin,false,
legionella_pneumophila,dalbavancin,false,
legionella_pneumophila,linezolid,false,
legionella_pneumophila,tedizolid,false,
legionella_pneumophila,daptomycin,false,
legionella_pneumophila,quinu_dalfo,false,
legionella_pneumophila,trim_sulf,false,
legionella_pneumophila,chloramphenicol,false,
legionella_pneumophila,nitrofurantoin,false,
legionella_pneumophila,fosfomycin,false,
legionella_pneumophila,retapamulin,false,
legionella_pneumophila,fusidic_a,false,
legionella_pneumophila,metronidazole,false,
legionella_pneumophila,fidaxomicin,false,
legionella_pneumophila,furazolidone,false,
legionella_pneumophila,rifampicin,true,mutation_rpo_b
legionella_pneumophila,amoxicillin_clavulanate,false,
legionella_pneumophila,piperacillin_tazobactam,false,
legionella_pneumophila,ampicillin_sulbactam,false,
legionella_pneumophila,ticarcillin_clavulanate,false,
legionella_pneumophila,ceftazidime_avibactam,false,
legionella_pneumophila,meropenem_vaborbactam,false,
legionella_pneumophila,colistin,false,
legionella_pneumophila,flucloxacillin,false,
legionella_pneumophila,aztreonam_avibactam,false,
legionella_pneumophila,cefixime,true,enzyme_esbl_ctx_m;enzyme_esbl_tem;enzyme_esbl_shv;enzyme_kpc;enzyme_ndm_vim;enzyme_oxa_48;enzyme_ampc_cmy;enzyme_ampc_dha;mutation_ampc_derepression;mutation_pbp_mosaic
legionella_pneumophila,nalidixic_acid,false,
burkholderia_cepacia_complex,sulfanilamide,false,
burkholderia_cepacia_complex,penicillin_g,false,
burkholderia_cepacia_complex,ampicillin,false,
burkholderia_cepacia_complex,amoxicillin,false,
burkholderia_cepacia_complex,piperacillin,true,enzyme_esbl_ctx_m;enzyme_esbl_tem;enzyme_esbl_shv;enzyme_kpc;enzyme_ndm_vim;enzyme_oxa_48;enzyme_ampc_cmy;enzyme_ampc_dha;mutation_ampc_derepression;mutation_pbp_mosaic
burkholderia_cepacia_complex,ticarcillin,true,enzyme_esbl_ctx_m;enzyme_esbl_tem;enzyme_esbl_shv;enzyme_kpc;enzyme_ndm_vim;enzyme_oxa_48;enzyme_ampc_cmy;enzyme_ampc_dha;mutation_ampc_derepression;mutation_pbp_mosaic
burkholderia_cepacia_complex,cephalexin,false,
burkholderia_cepacia_complex,cefazolin,false,
burkholderia_cepacia_complex,cefuroxime,false,
burkholderia_cepacia_complex,ceftriaxone,false,
burkholderia_cepacia_complex,ceftazidime,true,enzyme_esbl_ctx_m;enzyme_esbl_tem;enzyme_esbl_shv;enzyme_kpc;enzyme_ndm_vim;enzyme_oxa_48;enzyme_ampc_cmy;enzyme_ampc_dha;mutation_ampc_derepression;enzyme_oxa_acinetobacter;mutation_pbp_mosaic
burkholderia_cepacia_complex,cefepime,true,enzyme_esbl_ctx_m;enzyme_esbl_tem;enzyme_esbl_shv;enzyme_kpc;enzyme_ndm_vim;enzyme_oxa_48;enzyme_ampc_cmy;enzyme_ampc_dha;mutation_ampc_derepression;enzyme_oxa_acinetobacter;mutation_pbp_mosaic
burkholderia_cepacia_complex,ceftaroline,false,
burkholderia_cepacia_complex,ceftolozane_tazobactam,false,
burkholderia_cepacia_complex,cefiderocol,false,
burkholderia_cepacia_complex,meropenem,true,enzyme_kpc;enzyme_ndm_vim;enzyme_oxa_48;enzyme_oxa_acinetobacter
burkholderia_cepacia_complex,imipenem_c,true,enzyme_kpc;enzyme_ndm_vim;enzyme_oxa_48;enzyme_oxa_acinetobacter
burkholderia_cepacia_complex,ertapenem,false,
burkholderia_cepacia_complex,aztreonam,false,
burkholderia_cepacia_complex,erythromycin,false,
burkholderia_cepacia_complex,azithromycin,false,
burkholderia_cepacia_complex,clarithromycin,false,
burkholderia_cepacia_complex,clindamycin,false,
burkholderia_cepacia_complex,gentamicin,false,
burkholderia_cepacia_complex,tobramycin,false,
burkholderia_cepacia_complex,amikacin,false,
burkholderia_cepacia_complex,ciprofloxacin,true,mutation_gyra_primary;mutation_gyra_parc_secondary;protection_qnr;efflux_acrab_tolc;efflux_mexxy_oprm;global_efflux_pump
burkholderia_cepacia_complex,levofloxacin,true,mutation_gyra_parc_secondary;protection_qnr
burkholderia_cepacia_complex,moxifloxacin,true,mutation_gyra_parc_secondary;protection_qnr
burkholderia_cepacia_complex,ofloxacin,true,mutation_gyra_primary;mutation_gyra_parc_secondary;protection_qnr
burkholderia_cepacia_complex,tetracycline,true,efflux_acrab_tolc;efflux_mexxy_oprm;global_efflux_pump;protection_tet_m;efflux_tet_abc
burkholderia_cepacia_complex,doxycycline,true,efflux_acrab_tolc;efflux_mexxy_oprm;global_efflux_pump;protection_tet_m;efflux_tet_abc
burkholderia_cepacia_complex,minocycline,true,efflux_acrab_tolc;efflux_mexxy_oprm;global_efflux_pump;protection_tet_m
burkholderia_cepacia_complex,tigecycline,false,
burkholderia_cepacia_complex,vancomycin,false,
burkholderia_cepacia_complex,teicoplanin,false,
burkholderia_cepacia_complex,dalbavancin,false,
burkholderia_cepacia_complex,linezolid,false,
burkholderia_cepacia_complex,tedizolid,false,
burkholderia_cepacia_complex,daptomycin,false,
burkholderia_cepacia_complex,quinu_dalfo,false,
burkholderia_cepacia_complex,trim_sulf,true,mutation_folate_pathway
burkholderia_cepacia_complex,chloramphenicol,true,enzyme_cat;efflux_acrab_tolc;efflux_mexxy_oprm;global_efflux_pump
burkholderia_cepacia_complex,nitrofurantoin,false,
burkholderia_cepacia_complex,fosfomycin,true,enzyme_fos
burkholderia_cepacia_complex,retapamulin,false,
burkholderia_cepacia_complex,fusidic_a,false,
burkholderia_cepacia_complex,metronidazole,false,
burkholderia_cepacia_complex,fidaxomicin,false,
burkholderia_cepacia_complex,furazolidone,false,
burkholderia_cepacia_complex,rifampicin,true,mutation_rpo_b
burkholderia_cepacia_complex,amoxicillin_clavulanate,false,
burkholderia_cepacia_complex,piperacillin_tazobactam,true,enzyme_kpc;enzyme_ndm_vim;enzyme_oxa_48;enzyme_ampc_cmy;enzyme_ampc_dha;mutation_ampc_derepression;mutation_pbp_mosaic
burkholderia_cepacia_complex,ampicillin_sulbactam,true,enzyme_kpc;enzyme_ndm_vim;enzyme_oxa_48;enzyme_ampc_cmy;enzyme_ampc_dha;mutation_ampc_derepression;mutation_pbp_mosaic
burkholderia_cepacia_complex,ticarcillin_clavulanate,true,enzyme_kpc;enzyme_ndm_vim;enzyme_oxa_48;enzyme_ampc_cmy;enzyme_ampc_dha;mutation_ampc_derepression;mutation_pbp_mosaic
burkholderia_cepacia_complex,ceftazidime_avibactam,true,enzyme_kpc;enzyme_ndm_vim;enzyme_oxa_48;enzyme_oxa_acinetobacter;mutation_pbp_mosaic
burkholderia_cepacia_complex,meropenem_vaborbactam,true,enzyme_kpc;enzyme_ndm_vim;enzyme_oxa_48
burkholderia_cepacia_complex,colistin,false,
burkholderia_cepacia_complex,flucloxacillin,false,
burkholderia_cepacia_complex,aztreonam_avibactam,true,enzyme_kpc;enzyme_ndm_vim;enzyme_oxa_48;mutation_pbp_mosaic
burkholderia_cepacia_complex,cefixime,false,
burkholderia_cepacia_complex,nalidixic_acid,false,
