bacteria,drug,potency_when_no_r
acinetobacter_baumannii,sulfanilamide,0.1
acinetobacter_baumannii,penicillin_g,0.05
acinetobacter_baumannii,ampicillin,0.05
acinetobacter_baumannii,amoxicillin,0.05
acinetobacter_baumannii,piperacillin,0.6
acinetobacter_baumannii,ticarcillin,0.5
acinetobacter_baumannii,cephalexin,0.05
acinetobacter_baumannii,cefazolin,0.05
acinetobacter_baumannii,cefuroxime,0.1
acinetobacter_baumannii,ceftriaxone,0.1
acinetobacter_baumannii,ceftazidime,0.6
acinetobacter_baumannii,cefepime,0.7
acinetobacter_baumannii,ceftaroline,0.1
acinetobacter_baumannii,ceftolozane_tazobactam,0.1
acinetobacter_baumannii,cefiderocol,0.55
acinetobacter_baumannii,meropenem,0.85
acinetobacter_baumannii,imipenem_c,0.8
acinetobacter_baumannii,ertapenem,0.1
acinetobacter_baumannii,aztreonam,0.1
acinetobacter_baumannii,erythromycin,0
acinetobacter_baumannii,azithromycin,0
acinetobacter_baumannii,clarithromycin,0
acinetobacter_baumannii,clindamycin,0
acinetobacter_baumannii,gentamicin,0.75
acinetobacter_baumannii,tobramycin,0.7
acinetobacter_baumannii,amikacin,0.8
acinetobacter_baumannii,ciprofloxacin,0.7
acinetobacter_baumannii,levofloxacin,0.7
acinetobacter_baumannii,moxifloxacin,0.6
acinetobacter_baumannii,ofloxacin,0.6
acinetobacter_baumannii,tetracycline,0.1
acinetobacter_baumannii,doxycycline,0.15
acinetobacter_baumannii,minocycline,0.55
acinetobacter_baumannii,tigecycline,0.55
acinetobacter_baumannii,vancomycin,0
acinetobacter_baumannii,teicoplanin,0
acinetobacter_baumannii,dalbavancin,0
acinetobacter_baumannii,linezolid,0
acinetobacter_baumannii,tedizolid,0
acinetobacter_baumannii,daptomycin,0.1
acinetobacter_baumannii,quinu_dalfo,0
acinetobacter_baumannii,trim_sulf,0.15
acinetobacter_baumannii,chloramphenicol,0.15
acinetobacter_baumannii,nitrofurantoin,0.1
acinetobacter_baumannii,fosfomycin,0.4
acinetobacter_baumannii,retapamulin,0
acinetobacter_baumannii,fusidic_a,0
acinetobacter_baumannii,metronidazole,0
acinetobacter_baumannii,fidaxomicin,0.1
acinetobacter_baumannii,furazolidone,0.1
acinetobacter_baumannii,rifampicin,0.6
acinetobacter_baumannii,amoxicillin_clavulanate,0.05
acinetobacter_baumannii,piperacillin_tazobactam,0.7
acinetobacter_baumannii,ampicillin_sulbactam,0.7
acinetobacter_baumannii,ticarcillin_clavulanate,0.6
acinetobacter_baumannii,ceftazidime_avibactam,0.7
acinetobacter_baumannii,meropenem_vaborbactam,0.8
acinetobacter_baumannii,colistin,0.9
acinetobacter_baumannii,flucloxacillin,0.01
acinetobacter_baumannii,aztreonam_avibactam,0.1
acinetobacter_baumannii,cefixime,0.1
acinetobacter_baumannii,nalidixic_acid,0
citrobacter_spp.,sulfanilamide,0.5
citrobacter_spp.,penicillin_g,0.1
citrobacter_spp.,ampicillin,0.1
citrobacter_spp.,amoxicillin,0.1
citrobacter_spp.,piperacillin,0.8
citrobacter_spp.,ticarcillin,0.75
citrobacter_spp.,cephalexin,0.1
citrobacter_spp.,cefazolin,0.1
citrobacter_spp.,cefuroxime,0.8
citrobacter_spp.,ceftriaxone,0.85
citrobacter_spp.,ceftazidime,0.8
citrobacter_spp.,cefepime,0.9
citrobacter_spp.,ceftaroline,0.1
citrobacter_spp.,ceftolozane_tazobactam,0.8
citrobacter_spp.,cefiderocol,0.8
citrobacter_spp.,meropenem,0.95
citrobacter_spp.,imipenem_c,0.95
citrobacter_spp.,ertapenem,0.9
citrobacter_spp.,aztreonam,0.85
citrobacter_spp.,erythromycin,0.1
citrobacter_spp.,azithromycin,0.1
citrobacter_spp.,clarithromycin,0.1
citrobacter_spp.,clindamycin,0.1
citrobacter_spp.,gentamicin,0.85
citrobacter_spp.,tobramycin,0.8
citrobacter_spp.,amikacin,0.9
citrobacter_spp.,ciprofloxacin,0.9
citrobacter_spp.,levofloxacin,0.85
citrobacter_spp.,moxifloxacin,0.7
citrobacter_spp.,ofloxacin,0.8
citrobacter_spp.,tetracycline,0.8
citrobacter_spp.,doxycycline,0.85
citrobacter_spp.,minocycline,0.85
citrobacter_spp.,tigecycline,0.55
citrobacter_spp.,vancomycin,0.1
citrobacter_spp.,teicoplanin,0.1
citrobacter_spp.,dalbavancin,0.1
citrobacter_spp.,linezolid,0.1
citrobacter_spp.,tedizolid,0.1
citrobacter_spp.,daptomycin,0.1
citrobacter_spp.,quinu_dalfo,0.1
citrobacter_spp.,trim_sulf,0.9
citrobacter_spp.,chloramphenicol,0.85
citrobacter_spp.,nitrofurantoin,0.8
citrobacter_spp.,fosfomycin,0.4
citrobacter_spp.,retapamulin,0.05
citrobacter_spp.,fusidic_a,0.05
citrobacter_spp.,metronidazole,0.05
citrobacter_spp.,fidaxomicin,0.1
citrobacter_spp.,furazolidone,0.1
citrobacter_spp.,rifampicin,0.7
citrobacter_spp.,amoxicillin_clavulanate,0.9
citrobacter_spp.,piperacillin_tazobactam,0.9
citrobacter_spp.,ampicillin_sulbactam,0.85
citrobacter_spp.,ticarcillin_clavulanate,0.8
citrobacter_spp.,ceftazidime_avibactam,0.9
citrobacter_spp.,meropenem_vaborbactam,0.95
citrobacter_spp.,colistin,0.7
citrobacter_spp.,flucloxacillin,0.01
citrobacter_spp.,aztreonam_avibactam,1
citrobacter_spp.,cefixime,0.8
citrobacter_spp.,nalidixic_acid,0.55
enterobacter_spp.,sulfanilamide,0.5
enterobacter_spp.,penicillin_g,0.1
enterobacter_spp.,ampicillin,0.1
enterobacter_spp.,amoxicillin,0.1
enterobacter_spp.,piperacillin,0.75
enterobacter_spp.,ticarcillin,0.7
enterobacter_spp.,cephalexin,0.1
enterobacter_spp.,cefazolin,0.1
enterobacter_spp.,cefuroxime,0.6
enterobacter_spp.,ceftriaxone,0.5
enterobacter_spp.,ceftazidime,0.8
enterobacter_spp.,cefepime,0.85
enterobacter_spp.,ceftaroline,0.1
enterobacter_spp.,ceftolozane_tazobactam,0.8
enterobacter_spp.,cefiderocol,0.8
enterobacter_spp.,meropenem,0.95
enterobacter_spp.,imipenem_c,0.95
enterobacter_spp.,ertapenem,0.9
enterobacter_spp.,aztreonam,0.8
enterobacter_spp.,erythromycin,0
enterobacter_spp.,azithromycin,0
enterobacter_spp.,clarithromycin,0
enterobacter_spp.,clindamycin,0
enterobacter_spp.,gentamicin,0.85
enterobacter_spp.,tobramycin,0.8
enterobacter_spp.,amikacin,0.9
enterobacter_spp.,ciprofloxacin,0.9
enterobacter_spp.,levofloxacin,0.85
enterobacter_spp.,moxifloxacin,0.7
enterobacter_spp.,ofloxacin,0.8
enterobacter_spp.,tetracycline,0.8
enterobacter_spp.,doxycycline,0.85
enterobacter_spp.,minocycline,0.85
enterobacter_spp.,tigecycline,0.55
enterobacter_spp.,vancomycin,0
enterobacter_spp.,teicoplanin,0
enterobacter_spp.,dalbavancin,0
enterobacter_spp.,linezolid,0
enterobacter_spp.,tedizolid,0
enterobacter_spp.,daptomycin,0.1
enterobacter_spp.,quinu_dalfo,0
enterobacter_spp.,trim_sulf,0.85
enterobacter_spp.,chloramphenicol,0.8
enterobacter_spp.,nitrofurantoin,0.7
enterobacter_spp.,fosfomycin,0.5
enterobacter_spp.,retapamulin,0
enterobacter_spp.,fusidic_a,0
enterobacter_spp.,metronidazole,0
enterobacter_spp.,fidaxomicin,0.1
enterobacter_spp.,furazolidone,0.1
enterobacter_spp.,rifampicin,0.6
enterobacter_spp.,amoxicillin_clavulanate,0.7
enterobacter_spp.,piperacillin_tazobactam,0.85
enterobacter_spp.,ampicillin_sulbactam,0.7
enterobacter_spp.,ticarcillin_clavulanate,0.8
enterobacter_spp.,ceftazidime_avibactam,0.9
enterobacter_spp.,meropenem_vaborbactam,0.95
enterobacter_spp.,colistin,0.7
enterobacter_spp.,flucloxacillin,0.01
enterobacter_spp.,aztreonam_avibactam,1
enterobacter_spp.,cefixime,0.8
enterobacter_spp.,nalidixic_acid,0.5
enterococcus_faecalis,sulfanilamide,0.1
enterococcus_faecalis,penicillin_g,0.8
enterococcus_faecalis,ampicillin,0.9
enterococcus_faecalis,amoxicillin,0.9
enterococcus_faecalis,piperacillin,0.75
enterococcus_faecalis,ticarcillin,0.7
enterococcus_faecalis,cephalexin,0.1
enterococcus_faecalis,cefazolin,0.1
enterococcus_faecalis,cefuroxime,0.1
enterococcus_faecalis,ceftriaxone,0.1
enterococcus_faecalis,ceftazidime,0.1
enterococcus_faecalis,cefepime,0.1
enterococcus_faecalis,ceftaroline,0.1
enterococcus_faecalis,ceftolozane_tazobactam,0.05
enterococcus_faecalis,cefiderocol,0.05
enterococcus_faecalis,meropenem,0.3
enterococcus_faecalis,imipenem_c,0.45
enterococcus_faecalis,ertapenem,0.1
enterococcus_faecalis,aztreonam,0
enterococcus_faecalis,erythromycin,0.7
enterococcus_faecalis,azithromycin,0.7
enterococcus_faecalis,clarithromycin,0.7
enterococcus_faecalis,clindamycin,0.7
enterococcus_faecalis,gentamicin,0.1
enterococcus_faecalis,tobramycin,0.1
enterococcus_faecalis,amikacin,0.1
enterococcus_faecalis,ciprofloxacin,0.7
enterococcus_faecalis,levofloxacin,0.7
enterococcus_faecalis,moxifloxacin,0.7
enterococcus_faecalis,ofloxacin,0.7
enterococcus_faecalis,tetracycline,0.8
enterococcus_faecalis,doxycycline,0.8
enterococcus_faecalis,minocycline,0.85
enterococcus_faecalis,tigecycline,0.65
enterococcus_faecalis,vancomycin,0.95
enterococcus_faecalis,teicoplanin,0.9
enterococcus_faecalis,dalbavancin,0.9
enterococcus_faecalis,linezolid,0.9
enterococcus_faecalis,tedizolid,0.9
enterococcus_faecalis,daptomycin,0.8
enterococcus_faecalis,quinu_dalfo,0.1
enterococcus_faecalis,trim_sulf,0.1
enterococcus_faecalis,chloramphenicol,0.8
enterococcus_faecalis,nitrofurantoin,0.9
enterococcus_faecalis,fosfomycin,0.6
enterococcus_faecalis,retapamulin,0.1
enterococcus_faecalis,fusidic_a,0.1
enterococcus_faecalis,metronidazole,0.1
enterococcus_faecalis,fidaxomicin,0.1
enterococcus_faecalis,furazolidone,0.1
enterococcus_faecalis,rifampicin,0.2
enterococcus_faecalis,amoxicillin_clavulanate,0.9
enterococcus_faecalis,piperacillin_tazobactam,0.75
enterococcus_faecalis,ampicillin_sulbactam,0.9
enterococcus_faecalis,ticarcillin_clavulanate,0.7
enterococcus_faecalis,ceftazidime_avibactam,0.1
enterococcus_faecalis,meropenem_vaborbactam,0.75
enterococcus_faecalis,colistin,0
enterococcus_faecalis,flucloxacillin,0.05
enterococcus_faecalis,aztreonam_avibactam,0.01
enterococcus_faecalis,cefixime,0.05
enterococcus_faecalis,nalidixic_acid,0
enterococcus_faecium,sulfanilamide,0.1
enterococcus_faecium,penicillin_g,0.1
enterococcus_faecium,ampicillin,0.3
enterococcus_faecium,amoxicillin,0.3
enterococcus_faecium,piperacillin,0.1
enterococcus_faecium,ticarcillin,0.1
enterococcus_faecium,cephalexin,0.1
enterococcus_faecium,cefazolin,0.1
enterococcus_faecium,cefuroxime,0.1
enterococcus_faecium,ceftriaxone,0.1
enterococcus_faecium,ceftazidime,0.1
enterococcus_faecium,cefepime,0.1
enterococcus_faecium,ceftaroline,0.1
enterococcus_faecium,ceftolozane_tazobactam,0.05
enterococcus_faecium,cefiderocol,0.05
enterococcus_faecium,meropenem,0.1
enterococcus_faecium,imipenem_c,0.1
enterococcus_faecium,ertapenem,0.1
enterococcus_faecium,aztreonam,0
enterococcus_faecium,erythromycin,0.7
enterococcus_faecium,azithromycin,0.7
enterococcus_faecium,clarithromycin,0.7
enterococcus_faecium,clindamycin,0.7
enterococcus_faecium,gentamicin,0.75
enterococcus_faecium,tobramycin,0.1
enterococcus_faecium,amikacin,0.1
enterococcus_faecium,ciprofloxacin,0.7
enterococcus_faecium,levofloxacin,0.7
enterococcus_faecium,moxifloxacin,0.7
enterococcus_faecium,ofloxacin,0.7
enterococcus_faecium,tetracycline,0.8
enterococcus_faecium,doxycycline,0.8
enterococcus_faecium,minocycline,0.85
enterococcus_faecium,tigecycline,0.65
enterococcus_faecium,vancomycin,0.9
enterococcus_faecium,teicoplanin,0.85
enterococcus_faecium,dalbavancin,0.85
enterococcus_faecium,linezolid,0.9
enterococcus_faecium,tedizolid,0.9
enterococcus_faecium,daptomycin,0.8
enterococcus_faecium,quinu_dalfo,0.7
enterococcus_faecium,trim_sulf,0.6
enterococcus_faecium,chloramphenicol,0.7
enterococcus_faecium,nitrofurantoin,0.6
enterococcus_faecium,fosfomycin,0.45
enterococcus_faecium,retapamulin,0.1
enterococcus_faecium,fusidic_a,0.1
enterococcus_faecium,metronidazole,0.1
enterococcus_faecium,fidaxomicin,0.1
enterococcus_faecium,furazolidone,0.1
enterococcus_faecium,rifampicin,0.2
enterococcus_faecium,amoxicillin_clavulanate,0.8
enterococcus_faecium,piperacillin_tazobactam,0.1
enterococcus_faecium,ampicillin_sulbactam,0.85
enterococcus_faecium,ticarcillin_clavulanate,0.1
enterococcus_faecium,ceftazidime_avibactam,0.1
enterococcus_faecium,meropenem_vaborbactam,0.1
enterococcus_faecium,colistin,0
enterococcus_faecium,flucloxacillin,0.05
enterococcus_faecium,aztreonam_avibactam,0.01
enterococcus_faecium,cefixime,0.05
enterococcus_faecium,nalidixic_acid,0
escherichia_coli,sulfanilamide,0.5
escherichia_coli,penicillin_g,0.1
escherichia_coli,ampicillin,0.8
escherichia_coli,amoxicillin,0.8
escherichia_coli,piperacillin,0.85
escherichia_coli,ticarcillin,0.8
escherichia_coli,cephalexin,0.7
escherichia_coli,cefazolin,0.75
escherichia_coli,cefuroxime,0.8
escherichia_coli,ceftriaxone,0.9
escherichia_coli,ceftazidime,0.9
escherichia_coli,cefepime,0.9
escherichia_coli,ceftaroline,0.65
escherichia_coli,ceftolozane_tazobactam,0.8
escherichia_coli,cefiderocol,0.8
escherichia_coli,meropenem,0.95
escherichia_coli,imipenem_c,0.95
escherichia_coli,ertapenem,0.95
escherichia_coli,aztreonam,0.9
escherichia_coli,erythromycin,0
escherichia_coli,azithromycin,0
escherichia_coli,clarithromycin,0
escherichia_coli,clindamycin,0
escherichia_coli,gentamicin,0.9
escherichia_coli,tobramycin,0.85
escherichia_coli,amikacin,0.9
escherichia_coli,ciprofloxacin,0.95
escherichia_coli,levofloxacin,0.9
escherichia_coli,moxifloxacin,0.8
escherichia_coli,ofloxacin,0.9
escherichia_coli,tetracycline,0.8
escherichia_coli,doxycycline,0.8
escherichia_coli,minocycline,0.85
escherichia_coli,tigecycline,0.6
escherichia_coli,vancomycin,0
escherichia_coli,teicoplanin,0
escherichia_coli,dalbavancin,0
escherichia_coli,linezolid,0
escherichia_coli,tedizolid,0
escherichia_coli,daptomycin,0.1
escherichia_coli,quinu_dalfo,0
escherichia_coli,trim_sulf,0.9
escherichia_coli,chloramphenicol,0.85
escherichia_coli,nitrofurantoin,0.95
escherichia_coli,fosfomycin,0.9
escherichia_coli,retapamulin,0
escherichia_coli,fusidic_a,0
escherichia_coli,metronidazole,0
escherichia_coli,fidaxomicin,0.1
escherichia_coli,furazolidone,0.1
escherichia_coli,rifampicin,0.7
escherichia_coli,amoxicillin_clavulanate,0.9
escherichia_coli,piperacillin_tazobactam,0.97
escherichia_coli,ampicillin_sulbactam,0.9
escherichia_coli,ticarcillin_clavulanate,0.9
escherichia_coli,ceftazidime_avibactam,0.95
escherichia_coli,meropenem_vaborbactam,0.95
escherichia_coli,colistin,0.7
escherichia_coli,flucloxacillin,0.01
escherichia_coli,aztreonam_avibactam,1
escherichia_coli,cefixime,0.8
escherichia_coli,nalidixic_acid,0.65
klebsiella_pneumoniae,sulfanilamide,0.5
klebsiella_pneumoniae,penicillin_g,0.1
klebsiella_pneumoniae,ampicillin,0.1
klebsiella_pneumoniae,amoxicillin,0.1
klebsiella_pneumoniae,piperacillin,0.8
klebsiella_pneumoniae,ticarcillin,0.75
klebsiella_pneumoniae,cephalexin,0.5
klebsiella_pneumoniae,cefazolin,0.5
klebsiella_pneumoniae,cefuroxime,0.7
klebsiella_pneumoniae,ceftriaxone,0.9
klebsiella_pneumoniae,ceftazidime,0.85
klebsiella_pneumoniae,cefepime,0.92
klebsiella_pneumoniae,ceftaroline,0.55
klebsiella_pneumoniae,ceftolozane_tazobactam,0.8
klebsiella_pneumoniae,cefiderocol,0.8
klebsiella_pneumoniae,meropenem,0.94
klebsiella_pneumoniae,imipenem_c,0.95
klebsiella_pneumoniae,ertapenem,0.94
klebsiella_pneumoniae,aztreonam,0.85
klebsiella_pneumoniae,erythromycin,0
klebsiella_pneumoniae,azithromycin,0
klebsiella_pneumoniae,clarithromycin,0
klebsiella_pneumoniae,clindamycin,0
klebsiella_pneumoniae,gentamicin,0.9
klebsiella_pneumoniae,tobramycin,0.85
klebsiella_pneumoniae,amikacin,0.9
klebsiella_pneumoniae,ciprofloxacin,0.9
klebsiella_pneumoniae,levofloxacin,0.85
klebsiella_pneumoniae,moxifloxacin,0.7
klebsiella_pneumoniae,ofloxacin,0.8
klebsiella_pneumoniae,tetracycline,0.8
klebsiella_pneumoniae,doxycycline,0.8
klebsiella_pneumoniae,minocycline,0.85
klebsiella_pneumoniae,tigecycline,0.6
klebsiella_pneumoniae,vancomycin,0
klebsiella_pneumoniae,teicoplanin,0
klebsiella_pneumoniae,dalbavancin,0
klebsiella_pneumoniae,linezolid,0
klebsiella_pneumoniae,tedizolid,0
klebsiella_pneumoniae,daptomycin,0.1
klebsiella_pneumoniae,quinu_dalfo,0
klebsiella_pneumoniae,trim_sulf,0.9
klebsiella_pneumoniae,chloramphenicol,0.85
klebsiella_pneumoniae,nitrofurantoin,0.05
klebsiella_pneumoniae,fosfomycin,0.55
klebsiella_pneumoniae,retapamulin,0
klebsiella_pneumoniae,fusidic_a,0
klebsiella_pneumoniae,metronidazole,0
klebsiella_pneumoniae,fidaxomicin,0.1
klebsiella_pneumoniae,furazolidone,0.1
klebsiella_pneumoniae,rifampicin,0.6
klebsiella_pneumoniae,amoxicillin_clavulanate,0.85
klebsiella_pneumoniae,piperacillin_tazobactam,0.92
klebsiella_pneumoniae,ampicillin_sulbactam,0.75
klebsiella_pneumoniae,ticarcillin_clavulanate,0.75
klebsiella_pneumoniae,ceftazidime_avibactam,0.95
klebsiella_pneumoniae,meropenem_vaborbactam,0.95
klebsiella_pneumoniae,colistin,0.7
klebsiella_pneumoniae,flucloxacillin,0.01
klebsiella_pneumoniae,aztreonam_avibactam,1
klebsiella_pneumoniae,cefixime,0.8
klebsiella_pneumoniae,nalidixic_acid,0.55
morganella_spp.,sulfanilamide,0.5
morganella_spp.,penicillin_g,0.1
morganella_spp.,ampicillin,0.5
morganella_spp.,amoxicillin,0.5
morganella_spp.,piperacillin,0.75
morganella_spp.,ticarcillin,0.7
morganella_spp.,cephalexin,0.5
morganella_spp.,cefazolin,0.5
morganella_spp.,cefuroxime,0.6
morganella_spp.,ceftriaxone,0.8
morganella_spp.,ceftazidime,0.8
morganella_spp.,cefepime,0.85
morganella_spp.,ceftaroline,0.1
morganella_spp.,ceftolozane_tazobactam,0.8
morganella_spp.,cefiderocol,0.8
morganella_spp.,meropenem,0.95
morganella_spp.,imipenem_c,0.95
morganella_spp.,ertapenem,0.9
morganella_spp.,aztreonam,0.8
morganella_spp.,erythromycin,0.1
morganella_spp.,azithromycin,0.1
morganella_spp.,clarithromycin,0.1
morganella_spp.,clindamycin,0.1
morganella_spp.,gentamicin,0.85
morganella_spp.,tobramycin,0.8
morganella_spp.,amikacin,0.9
morganella_spp.,ciprofloxacin,0.9
morganella_spp.,levofloxacin,0.85
morganella_spp.,moxifloxacin,0.7
morganella_spp.,ofloxacin,0.8
morganella_spp.,tetracycline,0.1
morganella_spp.,doxycycline,0.1
morganella_spp.,minocycline,0.1
morganella_spp.,tigecycline,0.1
morganella_spp.,vancomycin,0.1
morganella_spp.,teicoplanin,0.1
morganella_spp.,dalbavancin,0.1
morganella_spp.,linezolid,0.1
morganella_spp.,tedizolid,0.1
morganella_spp.,daptomycin,0.1
morganella_spp.,quinu_dalfo,0.1
morganella_spp.,trim_sulf,0.8
morganella_spp.,chloramphenicol,0.85
morganella_spp.,nitrofurantoin,0.05
morganella_spp.,fosfomycin,0.4
morganella_spp.,retapamulin,0.05
morganella_spp.,fusidic_a,0.05
morganella_spp.,metronidazole,0.05
morganella_spp.,fidaxomicin,0.1
morganella_spp.,furazolidone,0.1
morganella_spp.,rifampicin,0.6
morganella_spp.,amoxicillin_clavulanate,0.7
morganella_spp.,piperacillin_tazobactam,0.85
morganella_spp.,ampicillin_sulbactam,0.7
morganella_spp.,ticarcillin_clavulanate,0.8
morganella_spp.,ceftazidime_avibactam,0.9
morganella_spp.,meropenem_vaborbactam,0.95
morganella_spp.,colistin,0.7
morganella_spp.,flucloxacillin,0.01
morganella_spp.,aztreonam_avibactam,1
morganella_spp.,cefixime,0.8
morganella_spp.,nalidixic_acid,0.55
proteus_spp.,sulfanilamide,0.5
proteus_spp.,penicillin_g,0.1
proteus_spp.,ampicillin,0.8
proteus_spp.,amoxicillin,0.8
proteus_spp.,piperacillin,0.85
proteus_spp.,ticarcillin,0.8
proteus_spp.,cephalexin,0.7
proteus_spp.,cefazolin,0.75
proteus_spp.,cefuroxime,0.8
proteus_spp.,ceftriaxone,0.95
proteus_spp.,ceftazidime,0.9
proteus_spp.,cefepime,0.9
proteus_spp.,ceftaroline,0.1
proteus_spp.,ceftolozane_tazobactam,0.8
proteus_spp.,cefiderocol,0.8
proteus_spp.,meropenem,0.95
proteus_spp.,imipenem_c,0.95
proteus_spp.,ertapenem,0.95
proteus_spp.,aztreonam,0.9
proteus_spp.,erythromycin,0
proteus_spp.,azithromycin,0
proteus_spp.,clarithromycin,0
proteus_spp.,clindamycin,0
proteus_spp.,gentamicin,0.8
proteus_spp.,tobramycin,0.75
proteus_spp.,amikacin,0.85
proteus_spp.,ciprofloxacin,0.9
proteus_spp.,levofloxacin,0.85
proteus_spp.,moxifloxacin,0.7
proteus_spp.,ofloxacin,0.8
proteus_spp.,tetracycline,0.1
proteus_spp.,doxycycline,0.1
proteus_spp.,minocycline,0.85
proteus_spp.,tigecycline,0.1
proteus_spp.,vancomycin,0
proteus_spp.,teicoplanin,0
proteus_spp.,dalbavancin,0
proteus_spp.,linezolid,0
proteus_spp.,tedizolid,0
proteus_spp.,daptomycin,0.1
proteus_spp.,quinu_dalfo,0
proteus_spp.,trim_sulf,0.9
proteus_spp.,chloramphenicol,0.85
proteus_spp.,nitrofurantoin,0.05
proteus_spp.,fosfomycin,0.6
proteus_spp.,retapamulin,0
proteus_spp.,fusidic_a,0
proteus_spp.,metronidazole,0
proteus_spp.,fidaxomicin,0.1
proteus_spp.,furazolidone,0.1
proteus_spp.,rifampicin,0.7
proteus_spp.,amoxicillin_clavulanate,0.9
proteus_spp.,piperacillin_tazobactam,0.95
proteus_spp.,ampicillin_sulbactam,0.9
proteus_spp.,ticarcillin_clavulanate,0.9
proteus_spp.,ceftazidime_avibactam,0.95
proteus_spp.,meropenem_vaborbactam,0.95
proteus_spp.,colistin,0.7
proteus_spp.,flucloxacillin,0.01
proteus_spp.,aztreonam_avibactam,1
proteus_spp.,cefixime,0.8
proteus_spp.,nalidixic_acid,0.6
serratia_spp.,sulfanilamide,0.5
serratia_spp.,penicillin_g,0.1
serratia_spp.,ampicillin,0.1
serratia_spp.,amoxicillin,0.1
serratia_spp.,piperacillin,0.75
serratia_spp.,ticarcillin,0.7
serratia_spp.,cephalexin,0.1
serratia_spp.,cefazolin,0.1
serratia_spp.,cefuroxime,0.6
serratia_spp.,ceftriaxone,0.8
serratia_spp.,ceftazidime,0.85
serratia_spp.,cefepime,0.85
serratia_spp.,ceftaroline,0.1
serratia_spp.,ceftolozane_tazobactam,0.8
serratia_spp.,cefiderocol,0.8
serratia_spp.,meropenem,0.95
serratia_spp.,imipenem_c,0.95
serratia_spp.,ertapenem,0.9
serratia_spp.,aztreonam,0.85
serratia_spp.,erythromycin,0.1
serratia_spp.,azithromycin,0.1
serratia_spp.,clarithromycin,0.1
serratia_spp.,clindamycin,0.1
serratia_spp.,gentamicin,0.85
serratia_spp.,tobramycin,0.8
serratia_spp.,amikacin,0.9
serratia_spp.,ciprofloxacin,0.85
serratia_spp.,levofloxacin,0.8
serratia_spp.,moxifloxacin,0.7
serratia_spp.,ofloxacin,0.75
serratia_spp.,tetracycline,0.1
serratia_spp.,doxycycline,0.1
serratia_spp.,minocycline,0.85
serratia_spp.,tigecycline,0.1
serratia_spp.,vancomycin,0.1
serratia_spp.,teicoplanin,0.1
serratia_spp.,dalbavancin,0.1
serratia_spp.,linezolid,0.1
serratia_spp.,tedizolid,0.1
serratia_spp.,daptomycin,0.1
serratia_spp.,quinu_dalfo,0.1
serratia_spp.,trim_sulf,0.85
serratia_spp.,chloramphenicol,0.8
serratia_spp.,nitrofurantoin,0.05
serratia_spp.,fosfomycin,0.4
serratia_spp.,retapamulin,0.05
serratia_spp.,fusidic_a,0.05
serratia_spp.,metronidazole,0.05
serratia_spp.,fidaxomicin,0.1
serratia_spp.,furazolidone,0.1
serratia_spp.,rifampicin,0.6
serratia_spp.,amoxicillin_clavulanate,0.7
serratia_spp.,piperacillin_tazobactam,0.85
serratia_spp.,ampicillin_sulbactam,0.7
serratia_spp.,ticarcillin_clavulanate,0.75
serratia_spp.,ceftazidime_avibactam,0.9
serratia_spp.,meropenem_vaborbactam,0.95
serratia_spp.,colistin,0.7
serratia_spp.,flucloxacillin,0.01
serratia_spp.,aztreonam_avibactam,1
serratia_spp.,cefixime,0.8
serratia_spp.,nalidixic_acid,0.5
p_stuartii,sulfanilamide,0.1
p_stuartii,penicillin_g,0.05
p_stuartii,ampicillin,0.05
p_stuartii,amoxicillin,0.05
p_stuartii,piperacillin,0.35
p_stuartii,ticarcillin,0.3
p_stuartii,cephalexin,0.1
p_stuartii,cefazolin,0.1
p_stuartii,cefuroxime,0.2
p_stuartii,ceftriaxone,0.45
p_stuartii,ceftazidime,0.75
p_stuartii,cefepime,0.85
p_stuartii,ceftaroline,0.1
p_stuartii,ceftolozane_tazobactam,0.8
p_stuartii,cefiderocol,0.8
p_stuartii,meropenem,0.9
p_stuartii,imipenem_c,0.9
p_stuartii,ertapenem,0.85
p_stuartii,aztreonam,0.65
p_stuartii,erythromycin,0.05
p_stuartii,azithromycin,0.05
p_stuartii,clarithromycin,0.05
p_stuartii,clindamycin,0.05
p_stuartii,gentamicin,0.45
p_stuartii,tobramycin,0.5
p_stuartii,amikacin,0.75
p_stuartii,ciprofloxacin,0.55
p_stuartii,levofloxacin,0.6
p_stuartii,moxifloxacin,0.6
p_stuartii,ofloxacin,0.55
p_stuartii,tetracycline,0.2
p_stuartii,doxycycline,0.3
p_stuartii,minocycline,0.35
p_stuartii,tigecycline,0.1
p_stuartii,vancomycin,0.05
p_stuartii,teicoplanin,0.05
p_stuartii,dalbavancin,0.05
p_stuartii,linezolid,0.05
p_stuartii,tedizolid,0.05
p_stuartii,daptomycin,0.1
p_stuartii,quinu_dalfo,0.05
p_stuartii,trim_sulf,0.3
p_stuartii,chloramphenicol,0.25
p_stuartii,nitrofurantoin,0.05
p_stuartii,fosfomycin,0.4
p_stuartii,retapamulin,0.05
p_stuartii,fusidic_a,0.05
p_stuartii,metronidazole,0.05
p_stuartii,fidaxomicin,0.1
p_stuartii,furazolidone,0.05
p_stuartii,rifampicin,0.1
p_stuartii,amoxicillin_clavulanate,0.2
p_stuartii,piperacillin_tazobactam,0.75
p_stuartii,ampicillin_sulbactam,0.2
p_stuartii,ticarcillin_clavulanate,0.45
p_stuartii,ceftazidime_avibactam,0.9
p_stuartii,meropenem_vaborbactam,0.95
p_stuartii,colistin,0.05
p_stuartii,flucloxacillin,0.01
p_stuartii,aztreonam_avibactam,1
p_stuartii,cefixime,0.8
p_stuartii,nalidixic_acid,0.45
pseudomonas_aeruginosa,sulfanilamide,0.1
pseudomonas_aeruginosa,penicillin_g,0.05
pseudomonas_aeruginosa,ampicillin,0.05
pseudomonas_aeruginosa,amoxicillin,0.05
pseudomonas_aeruginosa,piperacillin,0.8
pseudomonas_aeruginosa,ticarcillin,0.7
pseudomonas_aeruginosa,cephalexin,0.05
pseudomonas_aeruginosa,cefazolin,0.05
pseudomonas_aeruginosa,cefuroxime,0.1
pseudomonas_aeruginosa,ceftriaxone,0.1
pseudomonas_aeruginosa,ceftazidime,0.85
pseudomonas_aeruginosa,cefepime,0.9
pseudomonas_aeruginosa,ceftaroline,0.1
pseudomonas_aeruginosa,ceftolozane_tazobactam,0.65
pseudomonas_aeruginosa,cefiderocol,0.55
pseudomonas_aeruginosa,meropenem,0.9
pseudomonas_aeruginosa,imipenem_c,0.85
pseudomonas_aeruginosa,ertapenem,0.1
pseudomonas_aeruginosa,aztreonam,0.8
pseudomonas_aeruginosa,erythromycin,0
pseudomonas_aeruginosa,azithromycin,0
pseudomonas_aeruginosa,clarithromycin,0
pseudomonas_aeruginosa,clindamycin,0
pseudomonas_aeruginosa,gentamicin,0.85
pseudomonas_aeruginosa,tobramycin,0.9
pseudomonas_aeruginosa,amikacin,0.9
pseudomonas_aeruginosa,ciprofloxacin,0.9
pseudomonas_aeruginosa,levofloxacin,0.8
pseudomonas_aeruginosa,moxifloxacin,0.5
pseudomonas_aeruginosa,ofloxacin,0.7
pseudomonas_aeruginosa,tetracycline,0.1
pseudomonas_aeruginosa,doxycycline,0.1
pseudomonas_aeruginosa,minocycline,0.1
pseudomonas_aeruginosa,tigecycline,0.1
pseudomonas_aeruginosa,vancomycin,0
pseudomonas_aeruginosa,teicoplanin,0
pseudomonas_aeruginosa,dalbavancin,0
pseudomonas_aeruginosa,linezolid,0
pseudomonas_aeruginosa,tedizolid,0
pseudomonas_aeruginosa,daptomycin,0.1
pseudomonas_aeruginosa,quinu_dalfo,0
pseudomonas_aeruginosa,trim_sulf,0.1
pseudomonas_aeruginosa,chloramphenicol,0.1
pseudomonas_aeruginosa,nitrofurantoin,0.05
pseudomonas_aeruginosa,fosfomycin,0.6
pseudomonas_aeruginosa,retapamulin,0
pseudomonas_aeruginosa,fusidic_a,0
pseudomonas_aeruginosa,metronidazole,0
pseudomonas_aeruginosa,fidaxomicin,0.1
pseudomonas_aeruginosa,furazolidone,0.05
pseudomonas_aeruginosa,rifampicin,0.1
pseudomonas_aeruginosa,amoxicillin_clavulanate,0.05
pseudomonas_aeruginosa,piperacillin_tazobactam,0.9
pseudomonas_aeruginosa,ampicillin_sulbactam,0.05
pseudomonas_aeruginosa,ticarcillin_clavulanate,0.8
pseudomonas_aeruginosa,ceftazidime_avibactam,0.95
pseudomonas_aeruginosa,meropenem_vaborbactam,0.9
pseudomonas_aeruginosa,colistin,0.85
pseudomonas_aeruginosa,flucloxacillin,0.01
pseudomonas_aeruginosa,aztreonam_avibactam,0.9
pseudomonas_aeruginosa,cefixime,0.1
pseudomonas_aeruginosa,nalidixic_acid,0
stenotrophomonas_maltophilia,sulfanilamide,0.6
stenotrophomonas_maltophilia,penicillin_g,0.02
stenotrophomonas_maltophilia,ampicillin,0.02
stenotrophomonas_maltophilia,amoxicillin,0.02
stenotrophomonas_maltophilia,piperacillin,0.02
stenotrophomonas_maltophilia,ticarcillin,0.02
stenotrophomonas_maltophilia,cephalexin,0.02
stenotrophomonas_maltophilia,cefazolin,0.02
stenotrophomonas_maltophilia,cefuroxime,0.02
stenotrophomonas_maltophilia,ceftriaxone,0.05
stenotrophomonas_maltophilia,ceftazidime,0.15
stenotrophomonas_maltophilia,cefepime,0.05
stenotrophomonas_maltophilia,ceftaroline,0.02
stenotrophomonas_maltophilia,ceftolozane_tazobactam,0.05
stenotrophomonas_maltophilia,cefiderocol,0.15
stenotrophomonas_maltophilia,meropenem,0.01
stenotrophomonas_maltophilia,imipenem_c,0.05
stenotrophomonas_maltophilia,ertapenem,0.01
stenotrophomonas_maltophilia,aztreonam,0.05
stenotrophomonas_maltophilia,erythromycin,0.02
stenotrophomonas_maltophilia,azithromycin,0.02
stenotrophomonas_maltophilia,clarithromycin,0.02
stenotrophomonas_maltophilia,clindamycin,0.01
stenotrophomonas_maltophilia,gentamicin,0.05
stenotrophomonas_maltophilia,tobramycin,0.05
stenotrophomonas_maltophilia,amikacin,0.05
stenotrophomonas_maltophilia,ciprofloxacin,0.55
stenotrophomonas_maltophilia,levofloxacin,0.6
stenotrophomonas_maltophilia,moxifloxacin,0.8
stenotrophomonas_maltophilia,ofloxacin,0.6
stenotrophomonas_maltophilia,tetracycline,0.35
stenotrophomonas_maltophilia,doxycycline,0.85
stenotrophomonas_maltophilia,minocycline,0.95
stenotrophomonas_maltophilia,tigecycline,0.1
stenotrophomonas_maltophilia,vancomycin,0
stenotrophomonas_maltophilia,teicoplanin,0.05
stenotrophomonas_maltophilia,dalbavancin,0.05
stenotrophomonas_maltophilia,linezolid,0.05
stenotrophomonas_maltophilia,tedizolid,0.05
stenotrophomonas_maltophilia,daptomycin,0.1
stenotrophomonas_maltophilia,quinu_dalfo,0.05
stenotrophomonas_maltophilia,trim_sulf,1
stenotrophomonas_maltophilia,chloramphenicol,0.4
stenotrophomonas_maltophilia,nitrofurantoin,0
stenotrophomonas_maltophilia,fosfomycin,0.2
stenotrophomonas_maltophilia,retapamulin,0.05
stenotrophomonas_maltophilia,fusidic_a,0.05
stenotrophomonas_maltophilia,metronidazole,0.05
stenotrophomonas_maltophilia,fidaxomicin,0.1
stenotrophomonas_maltophilia,furazolidone,0.05
stenotrophomonas_maltophilia,rifampicin,0.2
stenotrophomonas_maltophilia,amoxicillin_clavulanate,0.02
stenotrophomonas_maltophilia,piperacillin_tazobactam,0.05
stenotrophomonas_maltophilia,ampicillin_sulbactam,0.02
stenotrophomonas_maltophilia,ticarcillin_clavulanate,0.02
stenotrophomonas_maltophilia,ceftazidime_avibactam,0.05
stenotrophomonas_maltophilia,meropenem_vaborbactam,0.05
stenotrophomonas_maltophilia,colistin,0
stenotrophomonas_maltophilia,flucloxacillin,0.02
stenotrophomonas_maltophilia,aztreonam_avibactam,0.05
stenotrophomonas_maltophilia,cefixime,0.02
stenotrophomonas_maltophilia,nalidixic_acid,0
staphylococcus_aureus,sulfanilamide,0.1
staphylococcus_aureus,penicillin_g,0.95
staphylococcus_aureus,ampicillin,0.1
staphylococcus_aureus,amoxicillin,0.1
staphylococcus_aureus,piperacillin,0.7
staphylococcus_aureus,ticarcillin,0.6
staphylococcus_aureus,cephalexin,0.8
staphylococcus_aureus,cefazolin,0.85
staphylococcus_aureus,cefuroxime,0.7
staphylococcus_aureus,ceftriaxone,0.7
staphylococcus_aureus,ceftazidime,0.1
staphylococcus_aureus,cefepime,0.6
staphylococcus_aureus,ceftaroline,0.95
staphylococcus_aureus,ceftolozane_tazobactam,0.75
staphylococcus_aureus,cefiderocol,0.75
staphylococcus_aureus,meropenem,0.7
staphylococcus_aureus,imipenem_c,0.7
staphylococcus_aureus,ertapenem,0.7
staphylococcus_aureus,aztreonam,0
staphylococcus_aureus,erythromycin,0.8
staphylococcus_aureus,azithromycin,0.8
staphylococcus_aureus,clarithromycin,0.8
staphylococcus_aureus,clindamycin,0.8
staphylococcus_aureus,gentamicin,0.7
staphylococcus_aureus,tobramycin,0.7
staphylococcus_aureus,amikacin,0.7
staphylococcus_aureus,ciprofloxacin,0.5
staphylococcus_aureus,levofloxacin,0.5
staphylococcus_aureus,moxifloxacin,0.5
staphylococcus_aureus,ofloxacin,0.5
staphylococcus_aureus,tetracycline,0.5
staphylococcus_aureus,doxycycline,0.5
staphylococcus_aureus,minocycline,0.5
staphylococcus_aureus,tigecycline,0.65
staphylococcus_aureus,vancomycin,0.95
staphylococcus_aureus,teicoplanin,0.9
staphylococcus_aureus,dalbavancin,0.9
staphylococcus_aureus,linezolid,0.9
staphylococcus_aureus,tedizolid,0.9
staphylococcus_aureus,daptomycin,0.95
staphylococcus_aureus,quinu_dalfo,0.85
staphylococcus_aureus,trim_sulf,0.7
staphylococcus_aureus,chloramphenicol,0.8
staphylococcus_aureus,nitrofurantoin,0.1
staphylococcus_aureus,fosfomycin,0.65
staphylococcus_aureus,retapamulin,0.9
staphylococcus_aureus,fusidic_a,0.85
staphylococcus_aureus,metronidazole,0.1
staphylococcus_aureus,fidaxomicin,0.1
staphylococcus_aureus,furazolidone,0.1
staphylococcus_aureus,rifampicin,0.4
staphylococcus_aureus,amoxicillin_clavulanate,0.85
staphylococcus_aureus,piperacillin_tazobactam,0.7
staphylococcus_aureus,ampicillin_sulbactam,0.8
staphylococcus_aureus,ticarcillin_clavulanate,0.6
staphylococcus_aureus,ceftazidime_avibactam,0.1
staphylococcus_aureus,meropenem_vaborbactam,0.7
staphylococcus_aureus,colistin,0
staphylococcus_aureus,flucloxacillin,0.95
staphylococcus_aureus,aztreonam_avibactam,0.01
staphylococcus_aureus,cefixime,0.75
staphylococcus_aureus,nalidixic_acid,0
staphylococcus_epidermidis,sulfanilamide,0.1
staphylococcus_epidermidis,penicillin_g,0.05
staphylococcus_epidermidis,ampicillin,0.05
staphylococcus_epidermidis,amoxicillin,0.05
staphylococcus_epidermidis,piperacillin,0.2
staphylococcus_epidermidis,ticarcillin,0.2
staphylococcus_epidermidis,cephalexin,0.2
staphylococcus_epidermidis,cefazolin,0.15
staphylococcus_epidermidis,cefuroxime,0.2
staphylococcus_epidermidis,ceftriaxone,0.1
staphylococcus_epidermidis,ceftazidime,0.1
staphylococcus_epidermidis,cefepime,0.15
staphylococcus_epidermidis,ceftaroline,0.5
staphylococcus_epidermidis,ceftolozane_tazobactam,0.75
staphylococcus_epidermidis,cefiderocol,0.75
staphylococcus_epidermidis,meropenem,0.25
staphylococcus_epidermidis,imipenem_c,0.3
staphylococcus_epidermidis,ertapenem,0.4
staphylococcus_epidermidis,aztreonam,0.05
staphylococcus_epidermidis,erythromycin,0.45
staphylococcus_epidermidis,azithromycin,0.5
staphylococcus_epidermidis,clarithromycin,0.5
staphylococcus_epidermidis,clindamycin,0.6
staphylococcus_epidermidis,gentamicin,0.2
staphylococcus_epidermidis,tobramycin,0.65
staphylococcus_epidermidis,amikacin,0.7
staphylococcus_epidermidis,ciprofloxacin,0.5
staphylococcus_epidermidis,levofloxacin,0.55
staphylococcus_epidermidis,moxifloxacin,0.6
staphylococcus_epidermidis,ofloxacin,0.5
staphylococcus_epidermidis,tetracycline,0.5
staphylococcus_epidermidis,doxycycline,0.75
staphylococcus_epidermidis,minocycline,0.8
staphylococcus_epidermidis,tigecycline,0.1
staphylococcus_epidermidis,vancomycin,1
staphylococcus_epidermidis,teicoplanin,0.95
staphylococcus_epidermidis,dalbavancin,0.95
staphylococcus_epidermidis,linezolid,0.95
staphylococcus_epidermidis,tedizolid,0.95
staphylococcus_epidermidis,daptomycin,0.9
staphylococcus_epidermidis,quinu_dalfo,0.9
staphylococcus_epidermidis,trim_sulf,0.75
staphylococcus_epidermidis,chloramphenicol,0.6
staphylococcus_epidermidis,nitrofurantoin,0.2
staphylococcus_epidermidis,fosfomycin,0.55
staphylococcus_epidermidis,retapamulin,0.8
staphylococcus_epidermidis,fusidic_a,0.85
staphylococcus_epidermidis,metronidazole,0.05
staphylococcus_epidermidis,fidaxomicin,0.1
staphylococcus_epidermidis,furazolidone,0.05
staphylococcus_epidermidis,rifampicin,0.9
staphylococcus_epidermidis,amoxicillin_clavulanate,0.2
staphylococcus_epidermidis,piperacillin_tazobactam,0.4
staphylococcus_epidermidis,ampicillin_sulbactam,0.2
staphylococcus_epidermidis,ticarcillin_clavulanate,0.25
staphylococcus_epidermidis,ceftazidime_avibactam,0.1
staphylococcus_epidermidis,meropenem_vaborbactam,0.4
staphylococcus_epidermidis,colistin,0
staphylococcus_epidermidis,flucloxacillin,0.85
staphylococcus_epidermidis,aztreonam_avibactam,0.01
staphylococcus_epidermidis,cefixime,0.75
staphylococcus_epidermidis,nalidixic_acid,0
streptococcus_pneumoniae,sulfanilamide,0.7
streptococcus_pneumoniae,penicillin_g,0.95
streptococcus_pneumoniae,ampicillin,0.95
streptococcus_pneumoniae,amoxicillin,0.95
streptococcus_pneumoniae,piperacillin,0.9
streptococcus_pneumoniae,ticarcillin,0.9
streptococcus_pneumoniae,cephalexin,0.85
streptococcus_pneumoniae,cefazolin,0.9
streptococcus_pneumoniae,cefuroxime,0.9
streptococcus_pneumoniae,ceftriaxone,0.95
streptococcus_pneumoniae,ceftazidime,0.25
streptococcus_pneumoniae,cefepime,0.8
streptococcus_pneumoniae,ceftaroline,0.95
streptococcus_pneumoniae,ceftolozane_tazobactam,0.75
streptococcus_pneumoniae,cefiderocol,0.75
streptococcus_pneumoniae,meropenem,0.95
streptococcus_pneumoniae,imipenem_c,0.95
streptococcus_pneumoniae,ertapenem,0.95
streptococcus_pneumoniae,aztreonam,0
streptococcus_pneumoniae,erythromycin,0.8
streptococcus_pneumoniae,azithromycin,0.85
streptococcus_pneumoniae,clarithromycin,0.85
streptococcus_pneumoniae,clindamycin,0.8
streptococcus_pneumoniae,gentamicin,0.1
streptococcus_pneumoniae,tobramycin,0.1
streptococcus_pneumoniae,amikacin,0.1
streptococcus_pneumoniae,ciprofloxacin,0.9
streptococcus_pneumoniae,levofloxacin,0.95
streptococcus_pneumoniae,moxifloxacin,0.95
streptococcus_pneumoniae,ofloxacin,0.9
streptococcus_pneumoniae,tetracycline,0.8
streptococcus_pneumoniae,doxycycline,0.85
streptococcus_pneumoniae,minocycline,0.85
streptococcus_pneumoniae,tigecycline,0.55
streptococcus_pneumoniae,vancomycin,0.95
streptococcus_pneumoniae,teicoplanin,0.9
streptococcus_pneumoniae,dalbavancin,0.9
streptococcus_pneumoniae,linezolid,0.9
streptococcus_pneumoniae,tedizolid,0.9
streptococcus_pneumoniae,daptomycin,0.3
streptococcus_pneumoniae,quinu_dalfo,0.85
streptococcus_pneumoniae,trim_sulf,0.7
streptococcus_pneumoniae,chloramphenicol,0.8
streptococcus_pneumoniae,nitrofurantoin,0.1
streptococcus_pneumoniae,fosfomycin,0.3
streptococcus_pneumoniae,retapamulin,0.1
streptococcus_pneumoniae,fusidic_a,0.1
streptococcus_pneumoniae,metronidazole,0.1
streptococcus_pneumoniae,fidaxomicin,0.1
streptococcus_pneumoniae,furazolidone,0.1
streptococcus_pneumoniae,rifampicin,0.8
streptococcus_pneumoniae,amoxicillin_clavulanate,0.95
streptococcus_pneumoniae,piperacillin_tazobactam,0.9
streptococcus_pneumoniae,ampicillin_sulbactam,0.95
streptococcus_pneumoniae,ticarcillin_clavulanate,0.9
streptococcus_pneumoniae,ceftazidime_avibactam,0.95
streptococcus_pneumoniae,meropenem_vaborbactam,0.95
streptococcus_pneumoniae,colistin,0
streptococcus_pneumoniae,flucloxacillin,0.8
streptococcus_pneumoniae,aztreonam_avibactam,0.01
streptococcus_pneumoniae,cefixime,0.75
streptococcus_pneumoniae,nalidixic_acid,0
salmonella_enterica_serovar_typhi,sulfanilamide,0.7
salmonella_enterica_serovar_typhi,penicillin_g,0.1
salmonella_enterica_serovar_typhi,ampicillin,0.8
salmonella_enterica_serovar_typhi,amoxicillin,0.8
salmonella_enterica_serovar_typhi,piperacillin,0.85
salmonella_enterica_serovar_typhi,ticarcillin,0.8
salmonella_enterica_serovar_typhi,cephalexin,0.7
salmonella_enterica_serovar_typhi,cefazolin,0.75
salmonella_enterica_serovar_typhi,cefuroxime,0.8
salmonella_enterica_serovar_typhi,ceftriaxone,0.95
salmonella_enterica_serovar_typhi,ceftazidime,0.9
salmonella_enterica_serovar_typhi,cefepime,0.9
salmonella_enterica_serovar_typhi,ceftaroline,0.1
salmonella_enterica_serovar_typhi,ceftolozane_tazobactam,0.75
salmonella_enterica_serovar_typhi,cefiderocol,0.75
salmonella_enterica_serovar_typhi,meropenem,0.95
salmonella_enterica_serovar_typhi,imipenem_c,0.95
salmonella_enterica_serovar_typhi,ertapenem,0.95
salmonella_enterica_serovar_typhi,aztreonam,0.9
salmonella_enterica_serovar_typhi,erythromycin,0.1
salmonella_enterica_serovar_typhi,azithromycin,0.1
salmonella_enterica_serovar_typhi,clarithromycin,0.1
salmonella_enterica_serovar_typhi,clindamycin,0
salmonella_enterica_serovar_typhi,gentamicin,0.85
salmonella_enterica_serovar_typhi,tobramycin,0.8
salmonella_enterica_serovar_typhi,amikacin,0.9
salmonella_enterica_serovar_typhi,ciprofloxacin,0.8
salmonella_enterica_serovar_typhi,levofloxacin,0.8
salmonella_enterica_serovar_typhi,moxifloxacin,0.7
salmonella_enterica_serovar_typhi,ofloxacin,0.8
salmonella_enterica_serovar_typhi,tetracycline,0.8
salmonella_enterica_serovar_typhi,doxycycline,0.85
salmonella_enterica_serovar_typhi,minocycline,0.85
salmonella_enterica_serovar_typhi,tigecycline,0.7
salmonella_enterica_serovar_typhi,vancomycin,0
salmonella_enterica_serovar_typhi,teicoplanin,0
salmonella_enterica_serovar_typhi,dalbavancin,0
salmonella_enterica_serovar_typhi,linezolid,0
salmonella_enterica_serovar_typhi,tedizolid,0
salmonella_enterica_serovar_typhi,daptomycin,0.1
salmonella_enterica_serovar_typhi,quinu_dalfo,0
salmonella_enterica_serovar_typhi,trim_sulf,0.9
salmonella_enterica_serovar_typhi,chloramphenicol,0.85
salmonella_enterica_serovar_typhi,nitrofurantoin,0.1
salmonella_enterica_serovar_typhi,fosfomycin,0.1
salmonella_enterica_serovar_typhi,retapamulin,0
salmonella_enterica_serovar_typhi,fusidic_a,0
salmonella_enterica_serovar_typhi,metronidazole,0
salmonella_enterica_serovar_typhi,fidaxomicin,0.1
salmonella_enterica_serovar_typhi,furazolidone,0.1
salmonella_enterica_serovar_typhi,rifampicin,0.7
salmonella_enterica_serovar_typhi,amoxicillin_clavulanate,0.9
salmonella_enterica_serovar_typhi,piperacillin_tazobactam,0.95
salmonella_enterica_serovar_typhi,ampicillin_sulbactam,0.9
salmonella_enterica_serovar_typhi,ticarcillin_clavulanate,0.9
salmonella_enterica_serovar_typhi,ceftazidime_avibactam,0.95
salmonella_enterica_serovar_typhi,meropenem_vaborbactam,0.95
salmonella_enterica_serovar_typhi,colistin,0.7
salmonella_enterica_serovar_typhi,flucloxacillin,0.01
salmonella_enterica_serovar_typhi,aztreonam_avibactam,0.9
salmonella_enterica_serovar_typhi,cefixime,0.75
salmonella_enterica_serovar_typhi,nalidixic_acid,0.65
salmonella_enterica_serovar_paratyphi_a,sulfanilamide,0.7
salmonella_enterica_serovar_paratyphi_a,penicillin_g,0.1
salmonella_enterica_serovar_paratyphi_a,ampicillin,0.8
salmonella_enterica_serovar_paratyphi_a,amoxicillin,0.8
salmonella_enterica_serovar_paratyphi_a,piperacillin,0.85
salmonella_enterica_serovar_paratyphi_a,ticarcillin,0.8
salmonella_enterica_serovar_paratyphi_a,cephalexin,0.7
salmonella_enterica_serovar_paratyphi_a,cefazolin,0.75
salmonella_enterica_serovar_paratyphi_a,cefuroxime,0.8
salmonella_enterica_serovar_paratyphi_a,ceftriaxone,0.95
salmonella_enterica_serovar_paratyphi_a,ceftazidime,0.9
salmonella_enterica_serovar_paratyphi_a,cefepime,0.9
salmonella_enterica_serovar_paratyphi_a,ceftaroline,0.1
salmonella_enterica_serovar_paratyphi_a,ceftolozane_tazobactam,0.75
salmonella_enterica_serovar_paratyphi_a,cefiderocol,0.75
salmonella_enterica_serovar_paratyphi_a,meropenem,0.95
salmonella_enterica_serovar_paratyphi_a,imipenem_c,0.95
salmonella_enterica_serovar_paratyphi_a,ertapenem,0.95
salmonella_enterica_serovar_paratyphi_a,aztreonam,0.9
salmonella_enterica_serovar_paratyphi_a,erythromycin,0.1
salmonella_enterica_serovar_paratyphi_a,azithromycin,0.1
salmonella_enterica_serovar_paratyphi_a,clarithromycin,0.1
salmonella_enterica_serovar_paratyphi_a,clindamycin,0
salmonella_enterica_serovar_paratyphi_a,gentamicin,0.85
salmonella_enterica_serovar_paratyphi_a,tobramycin,0.8
salmonella_enterica_serovar_paratyphi_a,amikacin,0.9
salmonella_enterica_serovar_paratyphi_a,ciprofloxacin,0.9
salmonella_enterica_serovar_paratyphi_a,levofloxacin,0.85
salmonella_enterica_serovar_paratyphi_a,moxifloxacin,0.7
salmonella_enterica_serovar_paratyphi_a,ofloxacin,0.8
salmonella_enterica_serovar_paratyphi_a,tetracycline,0.8
salmonella_enterica_serovar_paratyphi_a,doxycycline,0.85
salmonella_enterica_serovar_paratyphi_a,minocycline,0.85
salmonella_enterica_serovar_paratyphi_a,tigecycline,0.7
salmonella_enterica_serovar_paratyphi_a,vancomycin,0
salmonella_enterica_serovar_paratyphi_a,teicoplanin,0
salmonella_enterica_serovar_paratyphi_a,dalbavancin,0
salmonella_enterica_serovar_paratyphi_a,linezolid,0
salmonella_enterica_serovar_paratyphi_a,tedizolid,0
salmonella_enterica_serovar_paratyphi_a,daptomycin,0.1
salmonella_enterica_serovar_paratyphi_a,quinu_dalfo,0
salmonella_enterica_serovar_paratyphi_a,trim_sulf,0.9
salmonella_enterica_serovar_paratyphi_a,chloramphenicol,0.85
salmonella_enterica_serovar_paratyphi_a,nitrofurantoin,0.1
salmonella_enterica_serovar_paratyphi_a,fosfomycin,0.1
salmonella_enterica_serovar_paratyphi_a,retapamulin,0
salmonella_enterica_serovar_paratyphi_a,fusidic_a,0
salmonella_enterica_serovar_paratyphi_a,metronidazole,0
salmonella_enterica_serovar_paratyphi_a,fidaxomicin,0.1
salmonella_enterica_serovar_paratyphi_a,furazolidone,0.1
salmonella_enterica_serovar_paratyphi_a,rifampicin,0.7
salmonella_enterica_serovar_paratyphi_a,amoxicillin_clavulanate,0.9
salmonella_enterica_serovar_paratyphi_a,piperacillin_tazobactam,0.95
salmonella_enterica_serovar_paratyphi_a,ampicillin_sulbactam,0.9
salmonella_enterica_serovar_paratyphi_a,ticarcillin_clavulanate,0.9
salmonella_enterica_serovar_paratyphi_a,ceftazidime_avibactam,0.95
salmonella_enterica_serovar_paratyphi_a,meropenem_vaborbactam,0.95
salmonella_enterica_serovar_paratyphi_a,colistin,0.7
salmonella_enterica_serovar_paratyphi_a,flucloxacillin,0.01
salmonella_enterica_serovar_paratyphi_a,aztreonam_avibactam,0.9
salmonella_enterica_serovar_paratyphi_a,cefixime,0.75
salmonella_enterica_serovar_paratyphi_a,nalidixic_acid,0.65
invasive_non-typhoidal_salmonella_spp.,sulfanilamide,0.7
invasive_non-typhoidal_salmonella_spp.,penicillin_g,0.1
invasive_non-typhoidal_salmonella_spp.,ampicillin,0.8
invasive_non-typhoidal_salmonella_spp.,amoxicillin,0.8
invasive_non-typhoidal_salmonella_spp.,piperacillin,0.85
invasive_non-typhoidal_salmonella_spp.,ticarcillin,0.8
invasive_non-typhoidal_salmonella_spp.,cephalexin,0.7
invasive_non-typhoidal_salmonella_spp.,cefazolin,0.75
invasive_non-typhoidal_salmonella_spp.,cefuroxime,0.8
invasive_non-typhoidal_salmonella_spp.,ceftriaxone,0.95
invasive_non-typhoidal_salmonella_spp.,ceftazidime,0.9
invasive_non-typhoidal_salmonella_spp.,cefepime,0.9
invasive_non-typhoidal_salmonella_spp.,ceftaroline,0.1
invasive_non-typhoidal_salmonella_spp.,ceftolozane_tazobactam,0.75
invasive_non-typhoidal_salmonella_spp.,cefiderocol,0.75
invasive_non-typhoidal_salmonella_spp.,meropenem,0.95
invasive_non-typhoidal_salmonella_spp.,imipenem_c,0.95
invasive_non-typhoidal_salmonella_spp.,ertapenem,0.95
invasive_non-typhoidal_salmonella_spp.,aztreonam,0.9
invasive_non-typhoidal_salmonella_spp.,erythromycin,0.1
invasive_non-typhoidal_salmonella_spp.,azithromycin,0.1
invasive_non-typhoidal_salmonella_spp.,clarithromycin,0.1
invasive_non-typhoidal_salmonella_spp.,clindamycin,0.1
invasive_non-typhoidal_salmonella_spp.,gentamicin,0.85
invasive_non-typhoidal_salmonella_spp.,tobramycin,0.8
invasive_non-typhoidal_salmonella_spp.,amikacin,0.9
invasive_non-typhoidal_salmonella_spp.,ciprofloxacin,0.75
invasive_non-typhoidal_salmonella_spp.,levofloxacin,0.85
invasive_non-typhoidal_salmonella_spp.,moxifloxacin,0.7
invasive_non-typhoidal_salmonella_spp.,ofloxacin,0.8
invasive_non-typhoidal_salmonella_spp.,tetracycline,0.8
invasive_non-typhoidal_salmonella_spp.,doxycycline,0.85
invasive_non-typhoidal_salmonella_spp.,minocycline,0.85
invasive_non-typhoidal_salmonella_spp.,tigecycline,0.7
invasive_non-typhoidal_salmonella_spp.,vancomycin,0.1
invasive_non-typhoidal_salmonella_spp.,teicoplanin,0.1
invasive_non-typhoidal_salmonella_spp.,dalbavancin,0.1
invasive_non-typhoidal_salmonella_spp.,linezolid,0.1
invasive_non-typhoidal_salmonella_spp.,tedizolid,0.1
invasive_non-typhoidal_salmonella_spp.,daptomycin,0.1
invasive_non-typhoidal_salmonella_spp.,quinu_dalfo,0.1
invasive_non-typhoidal_salmonella_spp.,trim_sulf,0.9
invasive_non-typhoidal_salmonella_spp.,chloramphenicol,0.85
invasive_non-typhoidal_salmonella_spp.,nitrofurantoin,0.1
invasive_non-typhoidal_salmonella_spp.,fosfomycin,0.1
invasive_non-typhoidal_salmonella_spp.,retapamulin,0.05
invasive_non-typhoidal_salmonella_spp.,fusidic_a,0.05
invasive_non-typhoidal_salmonella_spp.,metronidazole,0
invasive_non-typhoidal_salmonella_spp.,fidaxomicin,0.1
invasive_non-typhoidal_salmonella_spp.,furazolidone,0.1
invasive_non-typhoidal_salmonella_spp.,rifampicin,0.7
invasive_non-typhoidal_salmonella_spp.,amoxicillin_clavulanate,0.9
invasive_non-typhoidal_salmonella_spp.,piperacillin_tazobactam,0.95
invasive_non-typhoidal_salmonella_spp.,ampicillin_sulbactam,0.9
invasive_non-typhoidal_salmonella_spp.,ticarcillin_clavulanate,0.9
invasive_non-typhoidal_salmonella_spp.,ceftazidime_avibactam,0.95
invasive_non-typhoidal_salmonella_spp.,meropenem_vaborbactam,0.95
invasive_non-typhoidal_salmonella_spp.,colistin,0.7
invasive_non-typhoidal_salmonella_spp.,flucloxacillin,0.01
invasive_non-typhoidal_salmonella_spp.,aztreonam_avibactam,0.9
invasive_non-typhoidal_salmonella_spp.,cefixime,0.75
invasive_non-typhoidal_salmonella_spp.,nalidixic_acid,0.6
shigella_spp.,sulfanilamide,0.5
shigella_spp.,penicillin_g,0.1
shigella_spp.,ampicillin,0.7
shigella_spp.,amoxicillin,0.7
shigella_spp.,piperacillin,0.75
shigella_spp.,ticarcillin,0.7
shigella_spp.,cephalexin,0.6
shigella_spp.,cefazolin,0.65
shigella_spp.,cefuroxime,0.7
shigella_spp.,ceftriaxone,0.9
shigella_spp.,ceftazidime,0.85
shigella_spp.,cefepime,0.85
shigella_spp.,ceftaroline,0.1
shigella_spp.,ceftolozane_tazobactam,0.75
shigella_spp.,cefiderocol,0.75
shigella_spp.,meropenem,0.9
shigella_spp.,imipenem_c,0.9
shigella_spp.,ertapenem,0.9
shigella_spp.,aztreonam,0.8
shigella_spp.,erythromycin,0.7
shigella_spp.,azithromycin,0.85
shigella_spp.,clarithromycin,0.75
shigella_spp.,clindamycin,0
shigella_spp.,gentamicin,0.8
shigella_spp.,tobramycin,0.75
shigella_spp.,amikacin,0.85
shigella_spp.,ciprofloxacin,0.75
shigella_spp.,levofloxacin,0.75
shigella_spp.,moxifloxacin,0.8
shigella_spp.,ofloxacin,0.9
shigella_spp.,tetracycline,0.8
shigella_spp.,doxycycline,0.85
shigella_spp.,minocycline,0.85
shigella_spp.,tigecycline,0.7
shigella_spp.,vancomycin,0
shigella_spp.,teicoplanin,0
shigella_spp.,dalbavancin,0
shigella_spp.,linezolid,0
shigella_spp.,tedizolid,0
shigella_spp.,daptomycin,0.1
shigella_spp.,quinu_dalfo,0
shigella_spp.,trim_sulf,0.9
shigella_spp.,chloramphenicol,0.85
shigella_spp.,nitrofurantoin,0.1
shigella_spp.,fosfomycin,0.1
shigella_spp.,retapamulin,0
shigella_spp.,fusidic_a,0
shigella_spp.,metronidazole,0
shigella_spp.,fidaxomicin,0.1
shigella_spp.,furazolidone,0.1
shigella_spp.,rifampicin,0.7
shigella_spp.,amoxicillin_clavulanate,0.8
shigella_spp.,piperacillin_tazobactam,0.85
shigella_spp.,ampicillin_sulbactam,0.8
shigella_spp.,ticarcillin_clavulanate,0.85
shigella_spp.,ceftazidime_avibactam,0.9
shigella_spp.,meropenem_vaborbactam,0.9
shigella_spp.,colistin,0.7
shigella_spp.,flucloxacillin,0.01
shigella_spp.,aztreonam_avibactam,0.9
shigella_spp.,cefixime,0.75
shigella_spp.,nalidixic_acid,0.7
neisseria_gonorrhoeae,sulfanilamide,0.7
neisseria_gonorrhoeae,penicillin_g,0.9
neisseria_gonorrhoeae,ampicillin,0.85
neisseria_gonorrhoeae,amoxicillin,0.85
neisseria_gonorrhoeae,piperacillin,0.8
neisseria_gonorrhoeae,ticarcillin,0.8
neisseria_gonorrhoeae,cephalexin,0.7
neisseria_gonorrhoeae,cefazolin,0.75
neisseria_gonorrhoeae,cefuroxime,0.85
neisseria_gonorrhoeae,ceftriaxone,0.95
neisseria_gonorrhoeae,ceftazidime,0.9
neisseria_gonorrhoeae,cefepime,0.9
neisseria_gonorrhoeae,ceftaroline,0.1
neisseria_gonorrhoeae,ceftolozane_tazobactam,0.8
neisseria_gonorrhoeae,cefiderocol,0.8
neisseria_gonorrhoeae,meropenem,0.9
neisseria_gonorrhoeae,imipenem_c,0.9
neisseria_gonorrhoeae,ertapenem,0.9
neisseria_gonorrhoeae,aztreonam,0.9
neisseria_gonorrhoeae,erythromycin,0.7
neisseria_gonorrhoeae,azithromycin,0.7
neisseria_gonorrhoeae,clarithromycin,0.7
neisseria_gonorrhoeae,clindamycin,0
neisseria_gonorrhoeae,gentamicin,0.7
neisseria_gonorrhoeae,tobramycin,0.7
neisseria_gonorrhoeae,amikacin,0.7
neisseria_gonorrhoeae,ciprofloxacin,0.9
neisseria_gonorrhoeae,levofloxacin,0.85
neisseria_gonorrhoeae,moxifloxacin,0.8
neisseria_gonorrhoeae,ofloxacin,0.85
neisseria_gonorrhoeae,tetracycline,0.8
neisseria_gonorrhoeae,doxycycline,0.9
neisseria_gonorrhoeae,minocycline,0.85
neisseria_gonorrhoeae,tigecycline,0.1
neisseria_gonorrhoeae,vancomycin,0
neisseria_gonorrhoeae,teicoplanin,0
neisseria_gonorrhoeae,dalbavancin,0
neisseria_gonorrhoeae,linezolid,0
neisseria_gonorrhoeae,tedizolid,0
neisseria_gonorrhoeae,daptomycin,0.1
neisseria_gonorrhoeae,quinu_dalfo,0
neisseria_gonorrhoeae,trim_sulf,0.75
neisseria_gonorrhoeae,chloramphenicol,0.8
neisseria_gonorrhoeae,nitrofurantoin,0.1
neisseria_gonorrhoeae,fosfomycin,0.1
neisseria_gonorrhoeae,retapamulin,0
neisseria_gonorrhoeae,fusidic_a,0
neisseria_gonorrhoeae,metronidazole,0
neisseria_gonorrhoeae,fidaxomicin,0.1
neisseria_gonorrhoeae,furazolidone,0.1
neisseria_gonorrhoeae,rifampicin,0.7
neisseria_gonorrhoeae,amoxicillin_clavulanate,0.85
neisseria_gonorrhoeae,piperacillin_tazobactam,0.85
neisseria_gonorrhoeae,ampicillin_sulbactam,0.8
neisseria_gonorrhoeae,ticarcillin_clavulanate,0.8
neisseria_gonorrhoeae,ceftazidime_avibactam,0.9
neisseria_gonorrhoeae,meropenem_vaborbactam,0.9
neisseria_gonorrhoeae,colistin,0.05
neisseria_gonorrhoeae,flucloxacillin,0.01
neisseria_gonorrhoeae,aztreonam_avibactam,0.8
neisseria_gonorrhoeae,cefixime,0.55
neisseria_gonorrhoeae,nalidixic_acid,0.5
streptococcus_pyogenes,sulfanilamide,0.1
streptococcus_pyogenes,penicillin_g,0.95
streptococcus_pyogenes,ampicillin,0.95
streptococcus_pyogenes,amoxicillin,0.95
streptococcus_pyogenes,piperacillin,0.9
streptococcus_pyogenes,ticarcillin,0.9
streptococcus_pyogenes,cephalexin,0.9
streptococcus_pyogenes,cefazolin,0.9
streptococcus_pyogenes,cefuroxime,0.95
streptococcus_pyogenes,ceftriaxone,0.95
streptococcus_pyogenes,ceftazidime,0.25
streptococcus_pyogenes,cefepime,0.8
streptococcus_pyogenes,ceftaroline,0.95
streptococcus_pyogenes,ceftolozane_tazobactam,0.75
streptococcus_pyogenes,cefiderocol,0.75
streptococcus_pyogenes,meropenem,0.95
streptococcus_pyogenes,imipenem_c,0.95
streptococcus_pyogenes,ertapenem,0.95
streptococcus_pyogenes,aztreonam,0
streptococcus_pyogenes,erythromycin,0.9
streptococcus_pyogenes,azithromycin,0.9
streptococcus_pyogenes,clarithromycin,0.9
streptococcus_pyogenes,clindamycin,0.85
streptococcus_pyogenes,gentamicin,0.1
streptococcus_pyogenes,tobramycin,0.1
streptococcus_pyogenes,amikacin,0.1
streptococcus_pyogenes,ciprofloxacin,0.8
streptococcus_pyogenes,levofloxacin,0.9
streptococcus_pyogenes,moxifloxacin,0.9
streptococcus_pyogenes,ofloxacin,0.85
streptococcus_pyogenes,tetracycline,0.8
streptococcus_pyogenes,doxycycline,0.85
streptococcus_pyogenes,minocycline,0.85
streptococcus_pyogenes,tigecycline,0.5
streptococcus_pyogenes,vancomycin,0.95
streptococcus_pyogenes,teicoplanin,0.9
streptococcus_pyogenes,dalbavancin,0.9
streptococcus_pyogenes,linezolid,0.9
streptococcus_pyogenes,tedizolid,0.9
streptococcus_pyogenes,daptomycin,0.85
streptococcus_pyogenes,quinu_dalfo,0.85
streptococcus_pyogenes,trim_sulf,0.7
streptococcus_pyogenes,chloramphenicol,0.8
streptococcus_pyogenes,nitrofurantoin,0.1
streptococcus_pyogenes,fosfomycin,0.3
streptococcus_pyogenes,retapamulin,0.1
streptococcus_pyogenes,fusidic_a,0.1
streptococcus_pyogenes,metronidazole,0.1
streptococcus_pyogenes,fidaxomicin,0.1
streptococcus_pyogenes,furazolidone,0.1
streptococcus_pyogenes,rifampicin,0.8
streptococcus_pyogenes,amoxicillin_clavulanate,0.95
streptococcus_pyogenes,piperacillin_tazobactam,0.9
streptococcus_pyogenes,ampicillin_sulbactam,0.95
streptococcus_pyogenes,ticarcillin_clavulanate,0.9
streptococcus_pyogenes,ceftazidime_avibactam,0.95
streptococcus_pyogenes,meropenem_vaborbactam,0.95
streptococcus_pyogenes,colistin,0
streptococcus_pyogenes,flucloxacillin,0.8
streptococcus_pyogenes,aztreonam_avibactam,0.01
streptococcus_pyogenes,cefixime,0.75
streptococcus_pyogenes,nalidixic_acid,0
streptococcus_agalactiae,sulfanilamide,0.1
streptococcus_agalactiae,penicillin_g,0.95
streptococcus_agalactiae,ampicillin,0.95
streptococcus_agalactiae,amoxicillin,0.95
streptococcus_agalactiae,piperacillin,0.9
streptococcus_agalactiae,ticarcillin,0.9
streptococcus_agalactiae,cephalexin,0.9
streptococcus_agalactiae,cefazolin,0.9
streptococcus_agalactiae,cefuroxime,0.95
streptococcus_agalactiae,ceftriaxone,0.95
streptococcus_agalactiae,ceftazidime,0.25
streptococcus_agalactiae,cefepime,0.8
streptococcus_agalactiae,ceftaroline,0.95
streptococcus_agalactiae,ceftolozane_tazobactam,0.75
streptococcus_agalactiae,cefiderocol,0.75
streptococcus_agalactiae,meropenem,0.95
streptococcus_agalactiae,imipenem_c,0.95
streptococcus_agalactiae,ertapenem,0.95
streptococcus_agalactiae,aztreonam,0
streptococcus_agalactiae,erythromycin,0.8
streptococcus_agalactiae,azithromycin,0.85
streptococcus_agalactiae,clarithromycin,0.85
streptococcus_agalactiae,clindamycin,0.8
streptococcus_agalactiae,gentamicin,0.1
streptococcus_agalactiae,tobramycin,0.1
streptococcus_agalactiae,amikacin,0.1
streptococcus_agalactiae,ciprofloxacin,0.8
streptococcus_agalactiae,levofloxacin,0.9
streptococcus_agalactiae,moxifloxacin,0.9
streptococcus_agalactiae,ofloxacin,0.85
streptococcus_agalactiae,tetracycline,0.8
streptococcus_agalactiae,doxycycline,0.85
streptococcus_agalactiae,minocycline,0.85
streptococcus_agalactiae,tigecycline,0.5
streptococcus_agalactiae,vancomycin,0.95
streptococcus_agalactiae,teicoplanin,0.9
streptococcus_agalactiae,dalbavancin,0.9
streptococcus_agalactiae,linezolid,0.9
streptococcus_agalactiae,tedizolid,0.9
streptococcus_agalactiae,daptomycin,0.85
streptococcus_agalactiae,quinu_dalfo,0.85
streptococcus_agalactiae,trim_sulf,0.7
streptococcus_agalactiae,chloramphenicol,0.8
streptococcus_agalactiae,nitrofurantoin,0.1
streptococcus_agalactiae,fosfomycin,0.3
streptococcus_agalactiae,retapamulin,0.1
streptococcus_agalactiae,fusidic_a,0.1
streptococcus_agalactiae,metronidazole,0.1
streptococcus_agalactiae,fidaxomicin,0.1
streptococcus_agalactiae,furazolidone,0.1
streptococcus_agalactiae,rifampicin,0.8
streptococcus_agalactiae,amoxicillin_clavulanate,0.95
streptococcus_agalactiae,piperacillin_tazobactam,0.9
streptococcus_agalactiae,ampicillin_sulbactam,0.95
streptococcus_agalactiae,ticarcillin_clavulanate,0.9
streptococcus_agalactiae,ceftazidime_avibactam,0.95
streptococcus_agalactiae,meropenem_vaborbactam,0.95
streptococcus_agalactiae,colistin,0
streptococcus_agalactiae,flucloxacillin,0.8
streptococcus_agalactiae,aztreonam_avibactam,0.01
streptococcus_agalactiae,cefixime,0.75
streptococcus_agalactiae,nalidixic_acid,0
haemophilus_influenzae,sulfanilamide,0.1
haemophilus_influenzae,penicillin_g,0.4
haemophilus_influenzae,ampicillin,0.8
haemophilus_influenzae,amoxicillin,0.9
haemophilus_influenzae,piperacillin,0.85
haemophilus_influenzae,ticarcillin,0.8
haemophilus_influenzae,cephalexin,0.7
haemophilus_influenzae,cefazolin,0.75
haemophilus_influenzae,cefuroxime,0.85
haemophilus_influenzae,ceftriaxone,0.95
haemophilus_influenzae,ceftazidime,0.9
haemophilus_influenzae,cefepime,0.9
haemophilus_influenzae,ceftaroline,0.3
haemophilus_influenzae,ceftolozane_tazobactam,0.8
haemophilus_influenzae,cefiderocol,0.8
haemophilus_influenzae,meropenem,0.95
haemophilus_influenzae,imipenem_c,0.95
haemophilus_influenzae,ertapenem,0.95
haemophilus_influenzae,aztreonam,0.9
haemophilus_influenzae,erythromycin,0.7
haemophilus_influenzae,azithromycin,0.9
haemophilus_influenzae,clarithromycin,0.85
haemophilus_influenzae,clindamycin,0
haemophilus_influenzae,gentamicin,0.7
haemophilus_influenzae,tobramycin,0.7
haemophilus_influenzae,amikacin,0.7
haemophilus_influenzae,ciprofloxacin,0.9
haemophilus_influenzae,levofloxacin,0.85
haemophilus_influenzae,moxifloxacin,0.8
haemophilus_influenzae,ofloxacin,0.85
haemophilus_influenzae,tetracycline,0.85
haemophilus_influenzae,doxycycline,0.85
haemophilus_influenzae,minocycline,0.85
haemophilus_influenzae,tigecycline,0.5
haemophilus_influenzae,vancomycin,0
haemophilus_influenzae,teicoplanin,0
haemophilus_influenzae,dalbavancin,0
haemophilus_influenzae,linezolid,0
haemophilus_influenzae,tedizolid,0
haemophilus_influenzae,daptomycin,0.1
haemophilus_influenzae,quinu_dalfo,0
haemophilus_influenzae,trim_sulf,0.85
haemophilus_influenzae,chloramphenicol,0.8
haemophilus_influenzae,nitrofurantoin,0.1
haemophilus_influenzae,fosfomycin,0.1
haemophilus_influenzae,retapamulin,0
haemophilus_influenzae,fusidic_a,0
haemophilus_influenzae,metronidazole,0
haemophilus_influenzae,fidaxomicin,0.1
haemophilus_influenzae,furazolidone,0.1
haemophilus_influenzae,rifampicin,0.7
haemophilus_influenzae,amoxicillin_clavulanate,0.9
haemophilus_influenzae,piperacillin_tazobactam,0.85
haemophilus_influenzae,ampicillin_sulbactam,0.9
haemophilus_influenzae,ticarcillin_clavulanate,0.8
haemophilus_influenzae,ceftazidime_avibactam,0.95
haemophilus_influenzae,meropenem_vaborbactam,0.95
haemophilus_influenzae,colistin,0.05
haemophilus_influenzae,flucloxacillin,0.01
haemophilus_influenzae,aztreonam_avibactam,0.8
haemophilus_influenzae,cefixime,0.8
haemophilus_influenzae,nalidixic_acid,0.3
chlamydia_trachomatis,sulfanilamide,0.1
chlamydia_trachomatis,penicillin_g,0
chlamydia_trachomatis,ampicillin,0
chlamydia_trachomatis,amoxicillin,0
chlamydia_trachomatis,piperacillin,0
chlamydia_trachomatis,ticarcillin,0
chlamydia_trachomatis,cephalexin,0
chlamydia_trachomatis,cefazolin,0
chlamydia_trachomatis,cefuroxime,0
chlamydia_trachomatis,ceftriaxone,0
chlamydia_trachomatis,ceftazidime,0
chlamydia_trachomatis,cefepime,0
chlamydia_trachomatis,ceftaroline,0
chlamydia_trachomatis,ceftolozane_tazobactam,0.01
chlamydia_trachomatis,cefiderocol,0.01
chlamydia_trachomatis,meropenem,0
chlamydia_trachomatis,imipenem_c,0
chlamydia_trachomatis,ertapenem,0
chlamydia_trachomatis,aztreonam,0
chlamydia_trachomatis,erythromycin,0.8
chlamydia_trachomatis,azithromycin,0.95
chlamydia_trachomatis,clarithromycin,0.9
chlamydia_trachomatis,clindamycin,0.25
chlamydia_trachomatis,gentamicin,0.1
chlamydia_trachomatis,tobramycin,0.1
chlamydia_trachomatis,amikacin,0.1
chlamydia_trachomatis,ciprofloxacin,0.65
chlamydia_trachomatis,levofloxacin,0.7
chlamydia_trachomatis,moxifloxacin,0.85
chlamydia_trachomatis,ofloxacin,0.8
chlamydia_trachomatis,tetracycline,0.95
chlamydia_trachomatis,doxycycline,0.95
chlamydia_trachomatis,minocycline,0.9
chlamydia_trachomatis,tigecycline,0.85
chlamydia_trachomatis,vancomycin,0.1
chlamydia_trachomatis,teicoplanin,0.1
chlamydia_trachomatis,dalbavancin,0.1
chlamydia_trachomatis,linezolid,0.1
chlamydia_trachomatis,tedizolid,0.1
chlamydia_trachomatis,daptomycin,0.1
chlamydia_trachomatis,quinu_dalfo,0.1
chlamydia_trachomatis,trim_sulf,0.1
chlamydia_trachomatis,chloramphenicol,0.8
chlamydia_trachomatis,nitrofurantoin,0.1
chlamydia_trachomatis,fosfomycin,0.1
chlamydia_trachomatis,retapamulin,0.1
chlamydia_trachomatis,fusidic_a,0.1
chlamydia_trachomatis,metronidazole,0.1
chlamydia_trachomatis,fidaxomicin,0.1
chlamydia_trachomatis,furazolidone,0.1
chlamydia_trachomatis,rifampicin,0.1
chlamydia_trachomatis,amoxicillin_clavulanate,0
chlamydia_trachomatis,piperacillin_tazobactam,0
chlamydia_trachomatis,ampicillin_sulbactam,0
chlamydia_trachomatis,ticarcillin_clavulanate,0
chlamydia_trachomatis,ceftazidime_avibactam,0
chlamydia_trachomatis,meropenem_vaborbactam,0
chlamydia_trachomatis,colistin,0.1
chlamydia_trachomatis,flucloxacillin,0.01
chlamydia_trachomatis,aztreonam_avibactam,0.01
chlamydia_trachomatis,cefixime,0.01
chlamydia_trachomatis,nalidixic_acid,0
mycoplasma_genitalium,sulfanilamide,0.05
mycoplasma_genitalium,penicillin_g,0
mycoplasma_genitalium,ampicillin,0
mycoplasma_genitalium,amoxicillin,0
mycoplasma_genitalium,piperacillin,0
mycoplasma_genitalium,ticarcillin,0
mycoplasma_genitalium,cephalexin,0
mycoplasma_genitalium,cefazolin,0
mycoplasma_genitalium,cefuroxime,0
mycoplasma_genitalium,ceftriaxone,0
mycoplasma_genitalium,ceftazidime,0
mycoplasma_genitalium,cefepime,0
mycoplasma_genitalium,ceftaroline,0
mycoplasma_genitalium,ceftolozane_tazobactam,0.01
mycoplasma_genitalium,cefiderocol,0.01
mycoplasma_genitalium,meropenem,0
mycoplasma_genitalium,imipenem_c,0
mycoplasma_genitalium,ertapenem,0
mycoplasma_genitalium,aztreonam,0
mycoplasma_genitalium,erythromycin,0.8
mycoplasma_genitalium,azithromycin,0.9
mycoplasma_genitalium,clarithromycin,0.9
mycoplasma_genitalium,clindamycin,0.2
mycoplasma_genitalium,gentamicin,0.05
mycoplasma_genitalium,tobramycin,0.05
mycoplasma_genitalium,amikacin,0.05
mycoplasma_genitalium,ciprofloxacin,0.55
mycoplasma_genitalium,levofloxacin,0.35
mycoplasma_genitalium,moxifloxacin,0.85
mycoplasma_genitalium,ofloxacin,0.45
mycoplasma_genitalium,tetracycline,0.4
mycoplasma_genitalium,doxycycline,0.6
mycoplasma_genitalium,minocycline,0.7
mycoplasma_genitalium,tigecycline,0.85
mycoplasma_genitalium,vancomycin,0.05
mycoplasma_genitalium,teicoplanin,0.05
mycoplasma_genitalium,dalbavancin,0.05
mycoplasma_genitalium,linezolid,0.05
mycoplasma_genitalium,tedizolid,0.05
mycoplasma_genitalium,daptomycin,0.1
mycoplasma_genitalium,quinu_dalfo,0.05
mycoplasma_genitalium,trim_sulf,0.05
mycoplasma_genitalium,chloramphenicol,0.2
mycoplasma_genitalium,nitrofurantoin,0.05
mycoplasma_genitalium,fosfomycin,0.1
mycoplasma_genitalium,retapamulin,0.05
mycoplasma_genitalium,fusidic_a,0.05
mycoplasma_genitalium,metronidazole,0.05
mycoplasma_genitalium,fidaxomicin,0.1
mycoplasma_genitalium,furazolidone,0.05
mycoplasma_genitalium,rifampicin,0.1
mycoplasma_genitalium,amoxicillin_clavulanate,0
mycoplasma_genitalium,piperacillin_tazobactam,0
mycoplasma_genitalium,ampicillin_sulbactam,0
mycoplasma_genitalium,ticarcillin_clavulanate,0
mycoplasma_genitalium,ceftazidime_avibactam,0
mycoplasma_genitalium,meropenem_vaborbactam,0
mycoplasma_genitalium,colistin,0.05
mycoplasma_genitalium,flucloxacillin,0.01
mycoplasma_genitalium,aztreonam_avibactam,0.01
mycoplasma_genitalium,cefixime,0.01
mycoplasma_genitalium,nalidixic_acid,0
vibrio_cholerae,sulfanilamide,0.5
vibrio_cholerae,penicillin_g,0.3
vibrio_cholerae,ampicillin,0.8
vibrio_cholerae,amoxicillin,0.8
vibrio_cholerae,piperacillin,0.85
vibrio_cholerae,ticarcillin,0.8
vibrio_cholerae,cephalexin,0.7
vibrio_cholerae,cefazolin,0.75
vibrio_cholerae,cefuroxime,0.8
vibrio_cholerae,ceftriaxone,0.9
vibrio_cholerae,ceftazidime,0.85
vibrio_cholerae,cefepime,0.85
vibrio_cholerae,ceftaroline,0.1
vibrio_cholerae,ceftolozane_tazobactam,0.75
vibrio_cholerae,cefiderocol,0.75
vibrio_cholerae,meropenem,0.9
vibrio_cholerae,imipenem_c,0.9
vibrio_cholerae,ertapenem,0.9
vibrio_cholerae,aztreonam,0.8
vibrio_cholerae,erythromycin,0.7
vibrio_cholerae,azithromycin,0.8
vibrio_cholerae,clarithromycin,0.75
vibrio_cholerae,clindamycin,0.1
vibrio_cholerae,gentamicin,0.85
vibrio_cholerae,tobramycin,0.8
vibrio_cholerae,amikacin,0.85
vibrio_cholerae,ciprofloxacin,0.9
vibrio_cholerae,levofloxacin,0.85
vibrio_cholerae,moxifloxacin,0.75
vibrio_cholerae,ofloxacin,0.85
vibrio_cholerae,tetracycline,0.95
vibrio_cholerae,doxycycline,0.95
vibrio_cholerae,minocycline,0.9
vibrio_cholerae,tigecycline,0.7
vibrio_cholerae,vancomycin,0.1
vibrio_cholerae,teicoplanin,0.1
vibrio_cholerae,dalbavancin,0.1
vibrio_cholerae,linezolid,0.1
vibrio_cholerae,tedizolid,0.1
vibrio_cholerae,daptomycin,0.1
vibrio_cholerae,quinu_dalfo,0.1
vibrio_cholerae,trim_sulf,0.8
vibrio_cholerae,chloramphenicol,0.8
vibrio_cholerae,nitrofurantoin,0.1
vibrio_cholerae,fosfomycin,0.1
vibrio_cholerae,retapamulin,0.05
vibrio_cholerae,fusidic_a,0.05
vibrio_cholerae,metronidazole,0.05
vibrio_cholerae,fidaxomicin,0.1
vibrio_cholerae,furazolidone,0.1
vibrio_cholerae,rifampicin,0.7
vibrio_cholerae,amoxicillin_clavulanate,0.85
vibrio_cholerae,piperacillin_tazobactam,0.9
vibrio_cholerae,ampicillin_sulbactam,0.85
vibrio_cholerae,ticarcillin_clavulanate,0.85
vibrio_cholerae,ceftazidime_avibactam,0.9
vibrio_cholerae,meropenem_vaborbactam,0.9
vibrio_cholerae,colistin,0.7
vibrio_cholerae,flucloxacillin,0.01
vibrio_cholerae,aztreonam_avibactam,0.9
vibrio_cholerae,cefixime,0.75
vibrio_cholerae,nalidixic_acid,0.55
neisseria_meningitidis,sulfanilamide,0.1
neisseria_meningitidis,penicillin_g,0.95
neisseria_meningitidis,ampicillin,0.9
neisseria_meningitidis,amoxicillin,0.9
neisseria_meningitidis,piperacillin,0.85
neisseria_meningitidis,ticarcillin,0.8
neisseria_meningitidis,cephalexin,0.8
neisseria_meningitidis,cefazolin,0.85
neisseria_meningitidis,cefuroxime,0.9
neisseria_meningitidis,ceftriaxone,0.95
neisseria_meningitidis,ceftazidime,0.9
neisseria_meningitidis,cefepime,0.9
neisseria_meningitidis,ceftaroline,0.1
neisseria_meningitidis,ceftolozane_tazobactam,0.8
neisseria_meningitidis,cefiderocol,0.8
neisseria_meningitidis,meropenem,0.95
neisseria_meningitidis,imipenem_c,0.95
neisseria_meningitidis,ertapenem,0.95
neisseria_meningitidis,aztreonam,0.9
neisseria_meningitidis,erythromycin,0.7
neisseria_meningitidis,azithromycin,0.8
neisseria_meningitidis,clarithromycin,0.75
neisseria_meningitidis,clindamycin,0.1
neisseria_meningitidis,gentamicin,0.7
neisseria_meningitidis,tobramycin,0.7
neisseria_meningitidis,amikacin,0.7
neisseria_meningitidis,ciprofloxacin,0.9
neisseria_meningitidis,levofloxacin,0.85
neisseria_meningitidis,moxifloxacin,0.8
neisseria_meningitidis,ofloxacin,0.85
neisseria_meningitidis,tetracycline,0.8
neisseria_meningitidis,doxycycline,0.8
neisseria_meningitidis,minocycline,0.85
neisseria_meningitidis,tigecycline,0.1
neisseria_meningitidis,vancomycin,0.1
neisseria_meningitidis,teicoplanin,0.1
neisseria_meningitidis,dalbavancin,0.1
neisseria_meningitidis,linezolid,0.1
neisseria_meningitidis,tedizolid,0.1
neisseria_meningitidis,daptomycin,0.1
neisseria_meningitidis,quinu_dalfo,0.1
neisseria_meningitidis,trim_sulf,0.7
neisseria_meningitidis,chloramphenicol,0.85
neisseria_meningitidis,nitrofurantoin,0.1
neisseria_meningitidis,fosfomycin,0.1
neisseria_meningitidis,retapamulin,0.05
neisseria_meningitidis,fusidic_a,0.05
neisseria_meningitidis,metronidazole,0.05
neisseria_meningitidis,fidaxomicin,0.1
neisseria_meningitidis,furazolidone,0.1
neisseria_meningitidis,rifampicin,0.85
neisseria_meningitidis,amoxicillin_clavulanate,0.9
neisseria_meningitidis,piperacillin_tazobactam,0.85
neisseria_meningitidis,ampicillin_sulbactam,0.9
neisseria_meningitidis,ticarcillin_clavulanate,0.85
neisseria_meningitidis,ceftazidime_avibactam,0.95
neisseria_meningitidis,meropenem_vaborbactam,0.95
neisseria_meningitidis,colistin,0.05
neisseria_meningitidis,flucloxacillin,0.01
neisseria_meningitidis,aztreonam_avibactam,0.8
neisseria_meningitidis,cefixime,0.8
neisseria_meningitidis,nalidixic_acid,0
listeria_monocytogenes,sulfanilamide,0.1
listeria_monocytogenes,penicillin_g,0.7
listeria_monocytogenes,ampicillin,0.95
listeria_monocytogenes,amoxicillin,0.95
listeria_monocytogenes,piperacillin,0.7
listeria_monocytogenes,ticarcillin,0.6
listeria_monocytogenes,cephalexin,0.1
listeria_monocytogenes,cefazolin,0.1
listeria_monocytogenes,cefuroxime,0.1
listeria_monocytogenes,ceftriaxone,0.1
listeria_monocytogenes,ceftazidime,0.1
listeria_monocytogenes,cefepime,0.1
listeria_monocytogenes,ceftaroline,0.1
listeria_monocytogenes,ceftolozane_tazobactam,0.05
listeria_monocytogenes,cefiderocol,0.05
listeria_monocytogenes,meropenem,0.7
listeria_monocytogenes,imipenem_c,0.7
listeria_monocytogenes,ertapenem,0.7
listeria_monocytogenes,aztreonam,0.1
listeria_monocytogenes,erythromycin,0.8
listeria_monocytogenes,azithromycin,0.85
listeria_monocytogenes,clarithromycin,0.8
listeria_monocytogenes,clindamycin,0.1
listeria_monocytogenes,gentamicin,0.1
listeria_monocytogenes,tobramycin,0.1
listeria_monocytogenes,amikacin,0.1
listeria_monocytogenes,ciprofloxacin,0.8
listeria_monocytogenes,levofloxacin,0.85
listeria_monocytogenes,moxifloxacin,0.8
listeria_monocytogenes,ofloxacin,0.8
listeria_monocytogenes,tetracycline,0.8
listeria_monocytogenes,doxycycline,0.85
listeria_monocytogenes,minocycline,0.85
listeria_monocytogenes,tigecycline,0.1
listeria_monocytogenes,vancomycin,0.1
listeria_monocytogenes,teicoplanin,0.1
listeria_monocytogenes,dalbavancin,0.1
listeria_monocytogenes,linezolid,0.1
listeria_monocytogenes,tedizolid,0.1
listeria_monocytogenes,daptomycin,0.1
listeria_monocytogenes,quinu_dalfo,0.1
listeria_monocytogenes,trim_sulf,0.9
listeria_monocytogenes,chloramphenicol,0.85
listeria_monocytogenes,nitrofurantoin,0.1
listeria_monocytogenes,fosfomycin,0.1
listeria_monocytogenes,retapamulin,0.1
listeria_monocytogenes,fusidic_a,0.1
listeria_monocytogenes,metronidazole,0.1
listeria_monocytogenes,fidaxomicin,0.1
listeria_monocytogenes,furazolidone,0.1
listeria_monocytogenes,rifampicin,0.8
listeria_monocytogenes,amoxicillin_clavulanate,0.7
listeria_monocytogenes,piperacillin_tazobactam,0.95
listeria_monocytogenes,ampicillin_sulbactam,0.6
listeria_monocytogenes,ticarcillin_clavulanate,0.1
listeria_monocytogenes,ceftazidime_avibactam,0.7
listeria_monocytogenes,meropenem_vaborbactam,0.05
listeria_monocytogenes,colistin,0.1
listeria_monocytogenes,flucloxacillin,0.05
listeria_monocytogenes,aztreonam_avibactam,0.01
listeria_monocytogenes,cefixime,0.05
listeria_monocytogenes,nalidixic_acid,0
clostridioides_difficile,sulfanilamide,0.1
clostridioides_difficile,penicillin_g,0.1
clostridioides_difficile,ampicillin,0.1
clostridioides_difficile,amoxicillin,0.1
clostridioides_difficile,piperacillin,0.1
clostridioides_difficile,ticarcillin,0.1
clostridioides_difficile,cephalexin,0.1
clostridioides_difficile,cefazolin,0.1
clostridioides_difficile,cefuroxime,0.1
clostridioides_difficile,ceftriaxone,0.1
clostridioides_difficile,ceftazidime,0.1
clostridioides_difficile,cefepime,0.1
clostridioides_difficile,ceftaroline,0.1
clostridioides_difficile,ceftolozane_tazobactam,0.05
clostridioides_difficile,cefiderocol,0.05
clostridioides_difficile,meropenem,0.1
clostridioides_difficile,imipenem_c,0.1
clostridioides_difficile,ertapenem,0.1
clostridioides_difficile,aztreonam,0.1
clostridioides_difficile,erythromycin,0.1
clostridioides_difficile,azithromycin,0.1
clostridioides_difficile,clarithromycin,0.1
clostridioides_difficile,clindamycin,0.1
clostridioides_difficile,gentamicin,0.1
clostridioides_difficile,tobramycin,0.1
clostridioides_difficile,amikacin,0.1
clostridioides_difficile,ciprofloxacin,0.1
clostridioides_difficile,levofloxacin,0.1
clostridioides_difficile,moxifloxacin,0.1
clostridioides_difficile,ofloxacin,0.1
clostridioides_difficile,tetracycline,0.2
clostridioides_difficile,doxycycline,0.2
clostridioides_difficile,minocycline,0.2
clostridioides_difficile,tigecycline,0.1
clostridioides_difficile,vancomycin,0.95
clostridioides_difficile,teicoplanin,0.2
clostridioides_difficile,dalbavancin,0.2
clostridioides_difficile,linezolid,0.2
clostridioides_difficile,tedizolid,0.2
clostridioides_difficile,daptomycin,0.1
clostridioides_difficile,quinu_dalfo,0.1
clostridioides_difficile,trim_sulf,0.1
clostridioides_difficile,chloramphenicol,0.1
clostridioides_difficile,nitrofurantoin,0.1
clostridioides_difficile,fosfomycin,0.1
clostridioides_difficile,retapamulin,0.1
clostridioides_difficile,fusidic_a,0.1
clostridioides_difficile,metronidazole,0.9
clostridioides_difficile,fidaxomicin,1
clostridioides_difficile,furazolidone,0.1
clostridioides_difficile,rifampicin,0.1
clostridioides_difficile,amoxicillin_clavulanate,0.1
clostridioides_difficile,piperacillin_tazobactam,0.1
clostridioides_difficile,ampicillin_sulbactam,0.1
clostridioides_difficile,ticarcillin_clavulanate,0.1
clostridioides_difficile,ceftazidime_avibactam,0.1
clostridioides_difficile,meropenem_vaborbactam,0.1
clostridioides_difficile,colistin,0.05
clostridioides_difficile,flucloxacillin,0.01
clostridioides_difficile,aztreonam_avibactam,0.01
clostridioides_difficile,cefixime,0.05
clostridioides_difficile,nalidixic_acid,0
bacteroides_fragilis,sulfanilamide,0.05
bacteroides_fragilis,penicillin_g,0.1
bacteroides_fragilis,ampicillin,0.2
bacteroides_fragilis,amoxicillin,0
bacteroides_fragilis,piperacillin,0
bacteroides_fragilis,ticarcillin,0
bacteroides_fragilis,cephalexin,0.05
bacteroides_fragilis,cefazolin,0.05
bacteroides_fragilis,cefuroxime,0.2
bacteroides_fragilis,ceftriaxone,0.2
bacteroides_fragilis,ceftazidime,0.25
bacteroides_fragilis,cefepime,0.25
bacteroides_fragilis,ceftaroline,0.2
bacteroides_fragilis,ceftolozane_tazobactam,0.45
bacteroides_fragilis,cefiderocol,0.45
bacteroides_fragilis,meropenem,0.85
bacteroides_fragilis,imipenem_c,0.85
bacteroides_fragilis,ertapenem,0.8
bacteroides_fragilis,aztreonam,0
bacteroides_fragilis,erythromycin,0
bacteroides_fragilis,azithromycin,0
bacteroides_fragilis,clarithromycin,0
bacteroides_fragilis,clindamycin,0.6
bacteroides_fragilis,gentamicin,0.05
bacteroides_fragilis,tobramycin,0
bacteroides_fragilis,amikacin,0
bacteroides_fragilis,ciprofloxacin,0.25
bacteroides_fragilis,levofloxacin,0.35
bacteroides_fragilis,moxifloxacin,0.5
bacteroides_fragilis,ofloxacin,0.25
bacteroides_fragilis,tetracycline,0.3
bacteroides_fragilis,doxycycline,0.5
bacteroides_fragilis,minocycline,0.5
bacteroides_fragilis,tigecycline,0.65
bacteroides_fragilis,vancomycin,0.05
bacteroides_fragilis,teicoplanin,0.05
bacteroides_fragilis,dalbavancin,0.05
bacteroides_fragilis,linezolid,0.05
bacteroides_fragilis,tedizolid,0.05
bacteroides_fragilis,daptomycin,0
bacteroides_fragilis,quinu_dalfo,0.05
bacteroides_fragilis,trim_sulf,0.3
bacteroides_fragilis,chloramphenicol,0.7
bacteroides_fragilis,nitrofurantoin,0.05
bacteroides_fragilis,fosfomycin,0.1
bacteroides_fragilis,retapamulin,0.05
bacteroides_fragilis,fusidic_a,0.05
bacteroides_fragilis,metronidazole,0.95
bacteroides_fragilis,fidaxomicin,0.1
bacteroides_fragilis,furazolidone,0.05
bacteroides_fragilis,rifampicin,0.2
bacteroides_fragilis,amoxicillin_clavulanate,0.75
bacteroides_fragilis,piperacillin_tazobactam,0.85
bacteroides_fragilis,ampicillin_sulbactam,0.75
bacteroides_fragilis,ticarcillin_clavulanate,0.8
bacteroides_fragilis,ceftazidime_avibactam,0.5
bacteroides_fragilis,meropenem_vaborbactam,0.95
bacteroides_fragilis,colistin,0.05
bacteroides_fragilis,flucloxacillin,0.01
bacteroides_fragilis,aztreonam_avibactam,0.01
bacteroides_fragilis,cefixime,0.45
bacteroides_fragilis,nalidixic_acid,0
campylobacter_jejuni,sulfanilamide,0.1
campylobacter_jejuni,penicillin_g,0.1
campylobacter_jejuni,ampicillin,0.1
campylobacter_jejuni,amoxicillin,0.1
campylobacter_jejuni,piperacillin,0.1
campylobacter_jejuni,ticarcillin,0.1
campylobacter_jejuni,cephalexin,0.1
campylobacter_jejuni,cefazolin,0.1
campylobacter_jejuni,cefuroxime,0.1
campylobacter_jejuni,ceftriaxone,0.1
campylobacter_jejuni,ceftazidime,0.1
campylobacter_jejuni,cefepime,0.1
campylobacter_jejuni,ceftaroline,0.1
campylobacter_jejuni,ceftolozane_tazobactam,0.75
campylobacter_jejuni,cefiderocol,0.75
campylobacter_jejuni,meropenem,0.1
campylobacter_jejuni,imipenem_c,0.1
campylobacter_jejuni,ertapenem,0.1
campylobacter_jejuni,aztreonam,0.1
campylobacter_jejuni,erythromycin,0.85
campylobacter_jejuni,azithromycin,0.9
campylobacter_jejuni,clarithromycin,0.85
campylobacter_jejuni,clindamycin,0.7
campylobacter_jejuni,gentamicin,0.7
campylobacter_jejuni,tobramycin,0.7
campylobacter_jejuni,amikacin,0.7
campylobacter_jejuni,ciprofloxacin,0.8
campylobacter_jejuni,levofloxacin,0.8
campylobacter_jejuni,moxifloxacin,0.7
campylobacter_jejuni,ofloxacin,0.75
campylobacter_jejuni,tetracycline,0.75
campylobacter_jejuni,doxycycline,0.8
campylobacter_jejuni,minocycline,0.8
campylobacter_jejuni,tigecycline,0.7
campylobacter_jejuni,vancomycin,0.1
campylobacter_jejuni,teicoplanin,0.1
campylobacter_jejuni,dalbavancin,0.1
campylobacter_jejuni,linezolid,0.1
campylobacter_jejuni,tedizolid,0.1
campylobacter_jejuni,daptomycin,0.1
campylobacter_jejuni,quinu_dalfo,0.1
campylobacter_jejuni,trim_sulf,0.1
campylobacter_jejuni,chloramphenicol,0.7
campylobacter_jejuni,nitrofurantoin,0.1
campylobacter_jejuni,fosfomycin,0.1
campylobacter_jejuni,retapamulin,0.05
campylobacter_jejuni,fusidic_a,0.05
campylobacter_jejuni,metronidazole,0.05
campylobacter_jejuni,fidaxomicin,0.1
campylobacter_jejuni,furazolidone,0.1
campylobacter_jejuni,rifampicin,0.1
campylobacter_jejuni,amoxicillin_clavulanate,0.1
campylobacter_jejuni,piperacillin_tazobactam,0.1
campylobacter_jejuni,ampicillin_sulbactam,0.1
campylobacter_jejuni,ticarcillin_clavulanate,0.1
campylobacter_jejuni,ceftazidime_avibactam,0.1
campylobacter_jejuni,meropenem_vaborbactam,0.1
campylobacter_jejuni,colistin,0.05
campylobacter_jejuni,flucloxacillin,0.01
campylobacter_jejuni,aztreonam_avibactam,0.9
campylobacter_jejuni,cefixime,0.75
campylobacter_jejuni,nalidixic_acid,0.6
enterobacter_cloacae,sulfanilamide,0.5
enterobacter_cloacae,penicillin_g,0.1
enterobacter_cloacae,ampicillin,0.5
enterobacter_cloacae,amoxicillin,0.5
enterobacter_cloacae,piperacillin,0.75
enterobacter_cloacae,ticarcillin,0.7
enterobacter_cloacae,cephalexin,0.5
enterobacter_cloacae,cefazolin,0.5
enterobacter_cloacae,cefuroxime,0.6
enterobacter_cloacae,ceftriaxone,0.4
enterobacter_cloacae,ceftazidime,0.8
enterobacter_cloacae,cefepime,0.85
enterobacter_cloacae,ceftaroline,0.1
enterobacter_cloacae,ceftolozane_tazobactam,0.8
enterobacter_cloacae,cefiderocol,0.8
enterobacter_cloacae,meropenem,0.95
enterobacter_cloacae,imipenem_c,0.95
enterobacter_cloacae,ertapenem,0.9
enterobacter_cloacae,aztreonam,0.8
enterobacter_cloacae,erythromycin,0.1
enterobacter_cloacae,azithromycin,0.1
enterobacter_cloacae,clarithromycin,0.1
enterobacter_cloacae,clindamycin,0.1
enterobacter_cloacae,gentamicin,0.85
enterobacter_cloacae,tobramycin,0.8
enterobacter_cloacae,amikacin,0.9
enterobacter_cloacae,ciprofloxacin,0.9
enterobacter_cloacae,levofloxacin,0.85
enterobacter_cloacae,moxifloxacin,0.7
enterobacter_cloacae,ofloxacin,0.8
enterobacter_cloacae,tetracycline,0.8
enterobacter_cloacae,doxycycline,0.85
enterobacter_cloacae,minocycline,0.85
enterobacter_cloacae,tigecycline,0.55
enterobacter_cloacae,vancomycin,0.1
enterobacter_cloacae,teicoplanin,0.1
enterobacter_cloacae,dalbavancin,0.1
enterobacter_cloacae,linezolid,0.1
enterobacter_cloacae,tedizolid,0.1
enterobacter_cloacae,daptomycin,0.1
enterobacter_cloacae,quinu_dalfo,0.1
enterobacter_cloacae,trim_sulf,0.85
enterobacter_cloacae,chloramphenicol,0.8
enterobacter_cloacae,nitrofurantoin,0.7
enterobacter_cloacae,fosfomycin,0.5
enterobacter_cloacae,retapamulin,0.05
enterobacter_cloacae,fusidic_a,0.05
enterobacter_cloacae,metronidazole,0.05
enterobacter_cloacae,fidaxomicin,0.1
enterobacter_cloacae,furazolidone,0.1
enterobacter_cloacae,rifampicin,0.6
enterobacter_cloacae,amoxicillin_clavulanate,0.7
enterobacter_cloacae,piperacillin_tazobactam,0.85
enterobacter_cloacae,ampicillin_sulbactam,0.7
enterobacter_cloacae,ticarcillin_clavulanate,0.8
enterobacter_cloacae,ceftazidime_avibactam,0.9
enterobacter_cloacae,meropenem_vaborbactam,0.95
enterobacter_cloacae,colistin,0.7
enterobacter_cloacae,flucloxacillin,0.01
enterobacter_cloacae,aztreonam_avibactam,1
enterobacter_cloacae,cefixime,0.8
enterobacter_cloacae,nalidixic_acid,0.5
yersinia_enterocolitica,sulfanilamide,0.5
yersinia_enterocolitica,penicillin_g,0.02
yersinia_enterocolitica,ampicillin,0.02
yersinia_enterocolitica,amoxicillin,0.7
yersinia_enterocolitica,piperacillin,0.75
yersinia_enterocolitica,ticarcillin,0.7
yersinia_enterocolitica,cephalexin,0.6
yersinia_enterocolitica,cefazolin,0.65
yersinia_enterocolitica,cefuroxime,0.7
yersinia_enterocolitica,ceftriaxone,0.9
yersinia_enterocolitica,ceftazidime,0.85
yersinia_enterocolitica,cefepime,0.85
yersinia_enterocolitica,ceftaroline,0.1
yersinia_enterocolitica,ceftolozane_tazobactam,0.75
yersinia_enterocolitica,cefiderocol,0.75
yersinia_enterocolitica,meropenem,0.95
yersinia_enterocolitica,imipenem_c,0.95
yersinia_enterocolitica,ertapenem,0.95
yersinia_enterocolitica,aztreonam,0.85
yersinia_enterocolitica,erythromycin,0.1
yersinia_enterocolitica,azithromycin,0.1
yersinia_enterocolitica,clarithromycin,0.1
yersinia_enterocolitica,clindamycin,0.1
yersinia_enterocolitica,gentamicin,0.85
yersinia_enterocolitica,tobramycin,0.8
yersinia_enterocolitica,amikacin,0.9
yersinia_enterocolitica,ciprofloxacin,0.7
yersinia_enterocolitica,levofloxacin,0.85
yersinia_enterocolitica,moxifloxacin,0.7
yersinia_enterocolitica,ofloxacin,0.8
yersinia_enterocolitica,tetracycline,0.8
yersinia_enterocolitica,doxycycline,0.75
yersinia_enterocolitica,minocycline,0.85
yersinia_enterocolitica,tigecycline,0.7
yersinia_enterocolitica,vancomycin,0.1
yersinia_enterocolitica,teicoplanin,0.1
yersinia_enterocolitica,dalbavancin,0.1
yersinia_enterocolitica,linezolid,0.1
yersinia_enterocolitica,tedizolid,0.1
yersinia_enterocolitica,daptomycin,0.1
yersinia_enterocolitica,quinu_dalfo,0.1
yersinia_enterocolitica,trim_sulf,0.65
yersinia_enterocolitica,chloramphenicol,0.85
yersinia_enterocolitica,nitrofurantoin,0.1
yersinia_enterocolitica,fosfomycin,0.1
yersinia_enterocolitica,retapamulin,0.05
yersinia_enterocolitica,fusidic_a,0.05
yersinia_enterocolitica,metronidazole,0.05
yersinia_enterocolitica,fidaxomicin,0.1
yersinia_enterocolitica,furazolidone,0.1
yersinia_enterocolitica,rifampicin,0.7
yersinia_enterocolitica,amoxicillin_clavulanate,0.85
yersinia_enterocolitica,piperacillin_tazobactam,0.85
yersinia_enterocolitica,ampicillin_sulbactam,0.8
yersinia_enterocolitica,ticarcillin_clavulanate,0.8
yersinia_enterocolitica,ceftazidime_avibactam,0.95
yersinia_enterocolitica,meropenem_vaborbactam,0.95
yersinia_enterocolitica,colistin,0.7
yersinia_enterocolitica,flucloxacillin,0.01
yersinia_enterocolitica,aztreonam_avibactam,0.9
yersinia_enterocolitica,cefixime,0.75
yersinia_enterocolitica,nalidixic_acid,0.6
moraxella_catarrhalis,sulfanilamide,0.1
moraxella_catarrhalis,penicillin_g,0.9
moraxella_catarrhalis,ampicillin,0.9
moraxella_catarrhalis,amoxicillin,0.9
moraxella_catarrhalis,piperacillin,0.8
moraxella_catarrhalis,ticarcillin,0.8
moraxella_catarrhalis,cephalexin,0.8
moraxella_catarrhalis,cefazolin,0.85
moraxella_catarrhalis,cefuroxime,0.9
moraxella_catarrhalis,ceftriaxone,0.95
moraxella_catarrhalis,ceftazidime,0.9
moraxella_catarrhalis,cefepime,0.9
moraxella_catarrhalis,ceftaroline,0.1
moraxella_catarrhalis,ceftolozane_tazobactam,0.8
moraxella_catarrhalis,cefiderocol,0.8
moraxella_catarrhalis,meropenem,0.95
moraxella_catarrhalis,imipenem_c,0.95
moraxella_catarrhalis,ertapenem,0.95
moraxella_catarrhalis,aztreonam,0.9
moraxella_catarrhalis,erythromycin,0.8
moraxella_catarrhalis,azithromycin,0.85
moraxella_catarrhalis,clarithromycin,0.8
moraxella_catarrhalis,clindamycin,0.1
moraxella_catarrhalis,gentamicin,0.1
moraxella_catarrhalis,tobramycin,0.1
moraxella_catarrhalis,amikacin,0.1
moraxella_catarrhalis,ciprofloxacin,0.9
moraxella_catarrhalis,levofloxacin,0.85
moraxella_catarrhalis,moxifloxacin,0.8
moraxella_catarrhalis,ofloxacin,0.85
moraxella_catarrhalis,tetracycline,0.8
moraxella_catarrhalis,doxycycline,0.8
moraxella_catarrhalis,minocycline,0.85
moraxella_catarrhalis,tigecycline,0.5
moraxella_catarrhalis,vancomycin,0.1
moraxella_catarrhalis,teicoplanin,0.1
moraxella_catarrhalis,dalbavancin,0.1
moraxella_catarrhalis,linezolid,0.1
moraxella_catarrhalis,tedizolid,0.1
moraxella_catarrhalis,daptomycin,0.1
moraxella_catarrhalis,quinu_dalfo,0.1
moraxella_catarrhalis,trim_sulf,0.95
moraxella_catarrhalis,chloramphenicol,0.85
moraxella_catarrhalis,nitrofurantoin,0.1
moraxella_catarrhalis,fosfomycin,0.1
moraxella_catarrhalis,retapamulin,0.05
moraxella_catarrhalis,fusidic_a,0.05
moraxella_catarrhalis,metronidazole,0.05
moraxella_catarrhalis,fidaxomicin,0.1
moraxella_catarrhalis,furazolidone,0.1
moraxella_catarrhalis,rifampicin,0.7
moraxella_catarrhalis,amoxicillin_clavulanate,0.95
moraxella_catarrhalis,piperacillin_tazobactam,0.85
moraxella_catarrhalis,ampicillin_sulbactam,0.95
moraxella_catarrhalis,ticarcillin_clavulanate,0.85
moraxella_catarrhalis,ceftazidime_avibactam,0.95
moraxella_catarrhalis,meropenem_vaborbactam,0.95
moraxella_catarrhalis,colistin,0.05
moraxella_catarrhalis,flucloxacillin,0.01
moraxella_catarrhalis,aztreonam_avibactam,0.8
moraxella_catarrhalis,cefixime,0.8
moraxella_catarrhalis,nalidixic_acid,0
treponema_pallidum,sulfanilamide,0.1
treponema_pallidum,penicillin_g,1
treponema_pallidum,ampicillin,0.95
treponema_pallidum,amoxicillin,0.95
treponema_pallidum,piperacillin,0.9
treponema_pallidum,ticarcillin,0.9
treponema_pallidum,cephalexin,0.9
treponema_pallidum,cefazolin,0.9
treponema_pallidum,cefuroxime,0.95
treponema_pallidum,ceftriaxone,0.95
treponema_pallidum,ceftazidime,0.9
treponema_pallidum,cefepime,0.9
treponema_pallidum,ceftaroline,0.9
treponema_pallidum,ceftolozane_tazobactam,0.1
treponema_pallidum,cefiderocol,0.1
treponema_pallidum,meropenem,0.95
treponema_pallidum,imipenem_c,0.95
treponema_pallidum,ertapenem,0.95
treponema_pallidum,aztreonam,0.9
treponema_pallidum,erythromycin,0.8
treponema_pallidum,azithromycin,0.85
treponema_pallidum,clarithromycin,0.8
treponema_pallidum,clindamycin,0.1
treponema_pallidum,gentamicin,0.1
treponema_pallidum,tobramycin,0.1
treponema_pallidum,amikacin,0.1
treponema_pallidum,ciprofloxacin,0.35
treponema_pallidum,levofloxacin,0.75
treponema_pallidum,moxifloxacin,0.75
treponema_pallidum,ofloxacin,0.7
treponema_pallidum,tetracycline,0.8
treponema_pallidum,doxycycline,0.8
treponema_pallidum,minocycline,0.85
treponema_pallidum,tigecycline,0.1
treponema_pallidum,vancomycin,0.1
treponema_pallidum,teicoplanin,0.1
treponema_pallidum,dalbavancin,0.1
treponema_pallidum,linezolid,0.1
treponema_pallidum,tedizolid,0.1
treponema_pallidum,daptomycin,0.1
treponema_pallidum,quinu_dalfo,0.1
treponema_pallidum,trim_sulf,0.1
treponema_pallidum,chloramphenicol,0.8
treponema_pallidum,nitrofurantoin,0.1
treponema_pallidum,fosfomycin,0.1
treponema_pallidum,retapamulin,0.05
treponema_pallidum,fusidic_a,0.05
treponema_pallidum,metronidazole,0.05
treponema_pallidum,fidaxomicin,0.1
treponema_pallidum,furazolidone,0.1
treponema_pallidum,rifampicin,0.1
treponema_pallidum,amoxicillin_clavulanate,0.95
treponema_pallidum,piperacillin_tazobactam,0.9
treponema_pallidum,ampicillin_sulbactam,0.95
treponema_pallidum,ticarcillin_clavulanate,0.9
treponema_pallidum,ceftazidime_avibactam,0.95
treponema_pallidum,meropenem_vaborbactam,0.95
treponema_pallidum,colistin,0.05
treponema_pallidum,flucloxacillin,0.01
treponema_pallidum,aztreonam_avibactam,0.9
treponema_pallidum,cefixime,0.1
treponema_pallidum,nalidixic_acid,0
bordetella_pertussis,sulfanilamide,0.1
bordetella_pertussis,penicillin_g,0.1
bordetella_pertussis,ampicillin,0.1
bordetella_pertussis,amoxicillin,0.1
bordetella_pertussis,piperacillin,0.1
bordetella_pertussis,ticarcillin,0.1
bordetella_pertussis,cephalexin,0.1
bordetella_pertussis,cefazolin,0.1
bordetella_pertussis,cefuroxime,0.1
bordetella_pertussis,ceftriaxone,0.1
bordetella_pertussis,ceftazidime,0.1
bordetella_pertussis,cefepime,0.1
bordetella_pertussis,ceftaroline,0.1
bordetella_pertussis,ceftolozane_tazobactam,0.8
bordetella_pertussis,cefiderocol,0.8
bordetella_pertussis,meropenem,0.1
bordetella_pertussis,imipenem_c,0.1
bordetella_pertussis,ertapenem,0.1
bordetella_pertussis,aztreonam,0.1
bordetella_pertussis,erythromycin,0.9
bordetella_pertussis,azithromycin,0.95
bordetella_pertussis,clarithromycin,0.9
bordetella_pertussis,clindamycin,0.1
bordetella_pertussis,gentamicin,0.7
bordetella_pertussis,tobramycin,0.7
bordetella_pertussis,amikacin,0.7
bordetella_pertussis,ciprofloxacin,0.7
bordetella_pertussis,levofloxacin,0.75
bordetella_pertussis,moxifloxacin,0.75
bordetella_pertussis,ofloxacin,0.7
bordetella_pertussis,tetracycline,0.7
bordetella_pertussis,doxycycline,0.75
bordetella_pertussis,minocycline,0.75
bordetella_pertussis,tigecycline,0.1
bordetella_pertussis,vancomycin,0.1
bordetella_pertussis,teicoplanin,0.1
bordetella_pertussis,dalbavancin,0.1
bordetella_pertussis,linezolid,0.1
bordetella_pertussis,tedizolid,0.1
bordetella_pertussis,daptomycin,0.1
bordetella_pertussis,quinu_dalfo,0.1
bordetella_pertussis,trim_sulf,0.7
bordetella_pertussis,chloramphenicol,0.8
bordetella_pertussis,nitrofurantoin,0.1
bordetella_pertussis,fosfomycin,0.1
bordetella_pertussis,retapamulin,0.05
bordetella_pertussis,fusidic_a,0.05
bordetella_pertussis,metronidazole,0.05
bordetella_pertussis,fidaxomicin,0.1
bordetella_pertussis,furazolidone,0.1
bordetella_pertussis,rifampicin,0.7
bordetella_pertussis,amoxicillin_clavulanate,0.1
bordetella_pertussis,piperacillin_tazobactam,0.1
bordetella_pertussis,ampicillin_sulbactam,0.1
bordetella_pertussis,ticarcillin_clavulanate,0.1
bordetella_pertussis,ceftazidime_avibactam,0.1
bordetella_pertussis,meropenem_vaborbactam,0.1
bordetella_pertussis,colistin,0.05
bordetella_pertussis,flucloxacillin,0.01
bordetella_pertussis,aztreonam_avibactam,0.8
bordetella_pertussis,cefixime,0.8
bordetella_pertussis,nalidixic_acid,0
helicobacter_pylori,sulfanilamide,0.1
helicobacter_pylori,penicillin_g,0.05
helicobacter_pylori,ampicillin,0.7
helicobacter_pylori,amoxicillin,0.85
helicobacter_pylori,piperacillin,0.1
helicobacter_pylori,ticarcillin,0.1
helicobacter_pylori,cephalexin,0.05
helicobacter_pylori,cefazolin,0.1
helicobacter_pylori,cefuroxime,0.1
helicobacter_pylori,ceftriaxone,0.1
helicobacter_pylori,ceftazidime,0.1
helicobacter_pylori,cefepime,0.1
helicobacter_pylori,ceftaroline,0.1
helicobacter_pylori,ceftolozane_tazobactam,0.05
helicobacter_pylori,cefiderocol,0.05
helicobacter_pylori,meropenem,0.1
helicobacter_pylori,imipenem_c,0.1
helicobacter_pylori,ertapenem,0.1
helicobacter_pylori,aztreonam,0.1
helicobacter_pylori,erythromycin,0.8
helicobacter_pylori,azithromycin,0.85
helicobacter_pylori,clarithromycin,0.8
helicobacter_pylori,clindamycin,0.1
helicobacter_pylori,gentamicin,0.1
helicobacter_pylori,tobramycin,0.1
helicobacter_pylori,amikacin,0.1
helicobacter_pylori,ciprofloxacin,0.7
helicobacter_pylori,levofloxacin,0.7
helicobacter_pylori,moxifloxacin,0.75
helicobacter_pylori,ofloxacin,0.7
helicobacter_pylori,tetracycline,0.8
helicobacter_pylori,doxycycline,0.8
helicobacter_pylori,minocycline,0.85
helicobacter_pylori,tigecycline,0.1
helicobacter_pylori,vancomycin,0.1
helicobacter_pylori,teicoplanin,0.1
helicobacter_pylori,dalbavancin,0.1
helicobacter_pylori,linezolid,0.1
helicobacter_pylori,tedizolid,0.1
helicobacter_pylori,daptomycin,0.1
helicobacter_pylori,quinu_dalfo,0.1
helicobacter_pylori,trim_sulf,0.1
helicobacter_pylori,chloramphenicol,0.7
helicobacter_pylori,nitrofurantoin,0.1
helicobacter_pylori,fosfomycin,0.1
helicobacter_pylori,retapamulin,0.05
helicobacter_pylori,fusidic_a,0.05
helicobacter_pylori,metronidazole,0.8
helicobacter_pylori,fidaxomicin,0.1
helicobacter_pylori,furazolidone,0.1
helicobacter_pylori,rifampicin,0.1
helicobacter_pylori,amoxicillin_clavulanate,0.85
helicobacter_pylori,piperacillin_tazobactam,0.1
helicobacter_pylori,ampicillin_sulbactam,0.7
helicobacter_pylori,ticarcillin_clavulanate,0.1
helicobacter_pylori,ceftazidime_avibactam,0.1
helicobacter_pylori,meropenem_vaborbactam,0.1
helicobacter_pylori,colistin,0.05
helicobacter_pylori,flucloxacillin,0.01
helicobacter_pylori,aztreonam_avibactam,0.01
helicobacter_pylori,cefixime,0.05
helicobacter_pylori,nalidixic_acid,0
mdr_mycobacterium_tuberculosis,sulfanilamide,0.1
mdr_mycobacterium_tuberculosis,penicillin_g,0.05
mdr_mycobacterium_tuberculosis,ampicillin,0.05
mdr_mycobacterium_tuberculosis,amoxicillin,0.05
mdr_mycobacterium_tuberculosis,piperacillin,0.05
mdr_mycobacterium_tuberculosis,ticarcillin,0.05
mdr_mycobacterium_tuberculosis,cephalexin,0.05
mdr_mycobacterium_tuberculosis,cefazolin,0.05
mdr_mycobacterium_tuberculosis,cefuroxime,0.05
mdr_mycobacterium_tuberculosis,ceftriaxone,0.05
mdr_mycobacterium_tuberculosis,ceftazidime,0.05
mdr_mycobacterium_tuberculosis,cefepime,0.05
mdr_mycobacterium_tuberculosis,ceftaroline,0.05
mdr_mycobacterium_tuberculosis,ceftolozane_tazobactam,0.1
mdr_mycobacterium_tuberculosis,cefiderocol,0.1
mdr_mycobacterium_tuberculosis,meropenem,0.05
mdr_mycobacterium_tuberculosis,imipenem_c,0.2
mdr_mycobacterium_tuberculosis,ertapenem,0.2
mdr_mycobacterium_tuberculosis,aztreonam,0.2
mdr_mycobacterium_tuberculosis,erythromycin,0
mdr_mycobacterium_tuberculosis,azithromycin,0
mdr_mycobacterium_tuberculosis,clarithromycin,0
mdr_mycobacterium_tuberculosis,clindamycin,0
mdr_mycobacterium_tuberculosis,gentamicin,0.15
mdr_mycobacterium_tuberculosis,tobramycin,0.15
mdr_mycobacterium_tuberculosis,amikacin,0.3
mdr_mycobacterium_tuberculosis,ciprofloxacin,0.3
mdr_mycobacterium_tuberculosis,levofloxacin,0.4
mdr_mycobacterium_tuberculosis,moxifloxacin,0.5
mdr_mycobacterium_tuberculosis,ofloxacin,0.35
mdr_mycobacterium_tuberculosis,tetracycline,0
mdr_mycobacterium_tuberculosis,doxycycline,0
mdr_mycobacterium_tuberculosis,minocycline,0
mdr_mycobacterium_tuberculosis,tigecycline,0.1
mdr_mycobacterium_tuberculosis,vancomycin,0.08
mdr_mycobacterium_tuberculosis,teicoplanin,0.1
mdr_mycobacterium_tuberculosis,dalbavancin,0.1
mdr_mycobacterium_tuberculosis,linezolid,0.3
mdr_mycobacterium_tuberculosis,tedizolid,0.1
mdr_mycobacterium_tuberculosis,daptomycin,0.1
mdr_mycobacterium_tuberculosis,quinu_dalfo,0.1
mdr_mycobacterium_tuberculosis,trim_sulf,0
mdr_mycobacterium_tuberculosis,chloramphenicol,0
mdr_mycobacterium_tuberculosis,nitrofurantoin,0.1
mdr_mycobacterium_tuberculosis,fosfomycin,0.1
mdr_mycobacterium_tuberculosis,retapamulin,0.1
mdr_mycobacterium_tuberculosis,fusidic_a,0.1
mdr_mycobacterium_tuberculosis,metronidazole,0.1
mdr_mycobacterium_tuberculosis,fidaxomicin,0.1
mdr_mycobacterium_tuberculosis,furazolidone,0.1
mdr_mycobacterium_tuberculosis,rifampicin,0.6
mdr_mycobacterium_tuberculosis,amoxicillin_clavulanate,0.05
mdr_mycobacterium_tuberculosis,piperacillin_tazobactam,0.05
mdr_mycobacterium_tuberculosis,ampicillin_sulbactam,0.05
mdr_mycobacterium_tuberculosis,ticarcillin_clavulanate,0.05
mdr_mycobacterium_tuberculosis,ceftazidime_avibactam,0.05
mdr_mycobacterium_tuberculosis,meropenem_vaborbactam,0.2
mdr_mycobacterium_tuberculosis,colistin,0.05
mdr_mycobacterium_tuberculosis,flucloxacillin,0.01
mdr_mycobacterium_tuberculosis,aztreonam_avibactam,0.05
mdr_mycobacterium_tuberculosis,cefixime,0.1
mdr_mycobacterium_tuberculosis,nalidixic_acid,0
mycoplasma_pneumoniae,sulfanilamide,0.05
mycoplasma_pneumoniae,penicillin_g,0
mycoplasma_pneumoniae,ampicillin,0
mycoplasma_pneumoniae,amoxicillin,0
mycoplasma_pneumoniae,piperacillin,0
mycoplasma_pneumoniae,ticarcillin,0
mycoplasma_pneumoniae,cephalexin,0
mycoplasma_pneumoniae,cefazolin,0
mycoplasma_pneumoniae,cefuroxime,0
mycoplasma_pneumoniae,ceftriaxone,0
mycoplasma_pneumoniae,ceftazidime,0
mycoplasma_pneumoniae,cefepime,0
mycoplasma_pneumoniae,ceftaroline,0
mycoplasma_pneumoniae,ceftolozane_tazobactam,0.01
mycoplasma_pneumoniae,cefiderocol,0.01
mycoplasma_pneumoniae,meropenem,0
mycoplasma_pneumoniae,imipenem_c,0
mycoplasma_pneumoniae,ertapenem,0
mycoplasma_pneumoniae,aztreonam,0
mycoplasma_pneumoniae,erythromycin,0.8
mycoplasma_pneumoniae,azithromycin,0.85
mycoplasma_pneumoniae,clarithromycin,0.8
mycoplasma_pneumoniae,clindamycin,0.05
mycoplasma_pneumoniae,gentamicin,0.05
mycoplasma_pneumoniae,tobramycin,0.05
mycoplasma_pneumoniae,amikacin,0.05
mycoplasma_pneumoniae,ciprofloxacin,0.7
mycoplasma_pneumoniae,levofloxacin,0.75
mycoplasma_pneumoniae,moxifloxacin,0.8
mycoplasma_pneumoniae,ofloxacin,0.6
mycoplasma_pneumoniae,tetracycline,0.7
mycoplasma_pneumoniae,doxycycline,0.75
mycoplasma_pneumoniae,minocycline,0.8
mycoplasma_pneumoniae,tigecycline,0.85
mycoplasma_pneumoniae,vancomycin,0.05
mycoplasma_pneumoniae,teicoplanin,0.05
mycoplasma_pneumoniae,dalbavancin,0.05
mycoplasma_pneumoniae,linezolid,0.05
mycoplasma_pneumoniae,tedizolid,0.05
mycoplasma_pneumoniae,daptomycin,0.1
mycoplasma_pneumoniae,quinu_dalfo,0.05
mycoplasma_pneumoniae,trim_sulf,0.05
mycoplasma_pneumoniae,chloramphenicol,0.05
mycoplasma_pneumoniae,nitrofurantoin,0.05
mycoplasma_pneumoniae,fosfomycin,0.1
mycoplasma_pneumoniae,retapamulin,0.05
mycoplasma_pneumoniae,fusidic_a,0.05
mycoplasma_pneumoniae,metronidazole,0.05
mycoplasma_pneumoniae,fidaxomicin,0.1
mycoplasma_pneumoniae,furazolidone,0.05
mycoplasma_pneumoniae,rifampicin,0.05
mycoplasma_pneumoniae,amoxicillin_clavulanate,0
mycoplasma_pneumoniae,piperacillin_tazobactam,0
mycoplasma_pneumoniae,ampicillin_sulbactam,0
mycoplasma_pneumoniae,ticarcillin_clavulanate,0
mycoplasma_pneumoniae,ceftazidime_avibactam,0
mycoplasma_pneumoniae,meropenem_vaborbactam,0
mycoplasma_pneumoniae,colistin,0.05
mycoplasma_pneumoniae,flucloxacillin,0.01
mycoplasma_pneumoniae,aztreonam_avibactam,0.01
mycoplasma_pneumoniae,cefixime,0.01
mycoplasma_pneumoniae,nalidixic_acid,0
legionella_pneumophila,sulfanilamide,0.05
legionella_pneumophila,penicillin_g,0.05
legionella_pneumophila,ampicillin,0.05
legionella_pneumophila,amoxicillin,0.05
legionella_pneumophila,piperacillin,0.05
legionella_pneumophila,ticarcillin,0.05
legionella_pneumophila,cephalexin,0.05
legionella_pneumophila,cefazolin,0.05
legionella_pneumophila,cefuroxime,0.05
legionella_pneumophila,ceftriaxone,0.05
legionella_pneumophila,ceftazidime,0.05
legionella_pneumophila,cefepime,0.05
legionella_pneumophila,ceftaroline,0.05
legionella_pneumophila,ceftolozane_tazobactam,0.8
legionella_pneumophila,cefiderocol,0.8
legionella_pneumophila,meropenem,0.05
legionella_pneumophila,imipenem_c,0.05
legionella_pneumophila,ertapenem,0.05
legionella_pneumophila,aztreonam,0.05
legionella_pneumophila,erythromycin,0.8
legionella_pneumophila,azithromycin,0.9
legionella_pneumophila,clarithromycin,0.8
legionella_pneumophila,clindamycin,0.05
legionella_pneumophila,gentamicin,0.05
legionella_pneumophila,tobramycin,0.05
legionella_pneumophila,amikacin,0.05
legionella_pneumophila,ciprofloxacin,0.9
legionella_pneumophila,levofloxacin,0.95
legionella_pneumophila,moxifloxacin,0.9
legionella_pneumophila,ofloxacin,0.7
legionella_pneumophila,tetracycline,0.8
legionella_pneumophila,doxycycline,0.85
legionella_pneumophila,minocycline,0.9
legionella_pneumophila,tigecycline,0.1
legionella_pneumophila,vancomycin,0.05
legionella_pneumophila,teicoplanin,0.05
legionella_pneumophila,dalbavancin,0.05
legionella_pneumophila,linezolid,0.05
legionella_pneumophila,tedizolid,0.05
legionella_pneumophila,daptomycin,0.1
legionella_pneumophila,quinu_dalfo,0.05
legionella_pneumophila,trim_sulf,0.05
legionella_pneumophila,chloramphenicol,0.05
legionella_pneumophila,nitrofurantoin,0.05
legionella_pneumophila,fosfomycin,0.1
legionella_pneumophila,retapamulin,0.05
legionella_pneumophila,fusidic_a,0.05
legionella_pneumophila,metronidazole,0.05
legionella_pneumophila,fidaxomicin,0.1
legionella_pneumophila,furazolidone,0.05
legionella_pneumophila,rifampicin,0.55
legionella_pneumophila,amoxicillin_clavulanate,0.05
legionella_pneumophila,piperacillin_tazobactam,0.05
legionella_pneumophila,ampicillin_sulbactam,0.05
legionella_pneumophila,ticarcillin_clavulanate,0.05
legionella_pneumophila,ceftazidime_avibactam,0.05
legionella_pneumophila,meropenem_vaborbactam,0.05
legionella_pneumophila,colistin,0.05
legionella_pneumophila,flucloxacillin,0.01
legionella_pneumophila,aztreonam_avibactam,0.01
legionella_pneumophila,cefixime,0.8
legionella_pneumophila,nalidixic_acid,0
burkholderia_cepacia_complex,sulfanilamide,0.1
burkholderia_cepacia_complex,penicillin_g,0.05
burkholderia_cepacia_complex,ampicillin,0.05
burkholderia_cepacia_complex,amoxicillin,0.05
burkholderia_cepacia_complex,piperacillin,0.6
burkholderia_cepacia_complex,ticarcillin,0.5
burkholderia_cepacia_complex,cephalexin,0.05
burkholderia_cepacia_complex,cefazolin,0.05
burkholderia_cepacia_complex,cefuroxime,0.1
burkholderia_cepacia_complex,ceftriaxone,0.1
burkholderia_cepacia_complex,ceftazidime,0.7
burkholderia_cepacia_complex,cefepime,0.75
burkholderia_cepacia_complex,ceftaroline,0.1
burkholderia_cepacia_complex,ceftolozane_tazobactam,0.1
burkholderia_cepacia_complex,cefiderocol,0.1
burkholderia_cepacia_complex,meropenem,0.8
burkholderia_cepacia_complex,imipenem_c,0.8
burkholderia_cepacia_complex,ertapenem,0.1
burkholderia_cepacia_complex,aztreonam,0.1
burkholderia_cepacia_complex,erythromycin,0
burkholderia_cepacia_complex,azithromycin,0
burkholderia_cepacia_complex,clarithromycin,0
burkholderia_cepacia_complex,clindamycin,0
burkholderia_cepacia_complex,gentamicin,0.05
burkholderia_cepacia_complex,tobramycin,0.05
burkholderia_cepacia_complex,amikacin,0.1
burkholderia_cepacia_complex,ciprofloxacin,0.6
burkholderia_cepacia_complex,levofloxacin,0.65
burkholderia_cepacia_complex,moxifloxacin,0.6
burkholderia_cepacia_complex,ofloxacin,0.6
burkholderia_cepacia_complex,tetracycline,0.6
burkholderia_cepacia_complex,doxycycline,0.65
burkholderia_cepacia_complex,minocycline,0.7
burkholderia_cepacia_complex,tigecycline,0.1
burkholderia_cepacia_complex,vancomycin,0
burkholderia_cepacia_complex,teicoplanin,0
burkholderia_cepacia_complex,dalbavancin,0
burkholderia_cepacia_complex,linezolid,0
burkholderia_cepacia_complex,tedizolid,0
burkholderia_cepacia_complex,daptomycin,0.1
burkholderia_cepacia_complex,quinu_dalfo,0
burkholderia_cepacia_complex,trim_sulf,0.6
burkholderia_cepacia_complex,chloramphenicol,0.7
burkholderia_cepacia_complex,nitrofurantoin,0.1
burkholderia_cepacia_complex,fosfomycin,0.2
burkholderia_cepacia_complex,retapamulin,0
burkholderia_cepacia_complex,fusidic_a,0
burkholderia_cepacia_complex,metronidazole,0
burkholderia_cepacia_complex,fidaxomicin,0.1
burkholderia_cepacia_complex,furazolidone,0.1
burkholderia_cepacia_complex,rifampicin,0.5
burkholderia_cepacia_complex,amoxicillin_clavulanate,0.05
burkholderia_cepacia_complex,piperacillin_tazobactam,0.65
burkholderia_cepacia_complex,ampicillin_sulbactam,0.65
burkholderia_cepacia_complex,ticarcillin_clavulanate,0.6
burkholderia_cepacia_complex,ceftazidime_avibactam,0.65
burkholderia_cepacia_complex,meropenem_vaborbactam,0.75
burkholderia_cepacia_complex,colistin,0.05
burkholderia_cepacia_complex,flucloxacillin,0.01
burkholderia_cepacia_complex,aztreonam_avibactam,0.6
burkholderia_cepacia_complex,cefixime,0.1
burkholderia_cepacia_complex,nalidixic_acid,0
