time_step,total_population,asia_population,asia_prop_age_0_5,asia_prop_age_6_14,asia_prop_age_15_49,asia_prop_age_50_79,asia_prop_age_80plus,africa_population,africa_prop_age_0_5,africa_prop_age_6_14,africa_prop_age_15_49,africa_prop_age_50_79,africa_prop_age_80plus,europe_population,europe_prop_age_0_5,europe_prop_age_6_14,europe_prop_age_15_49,europe_prop_age_50_79,europe_prop_age_80plus,north_america_population,north_america_prop_age_0_5,north_america_prop_age_6_14,north_america_prop_age_15_49,north_america_prop_age_50_79,north_america_prop_age_80plus,south_america_population,south_america_prop_age_0_5,south_america_prop_age_6_14,south_america_prop_age_15_49,south_america_prop_age_50_79,south_america_prop_age_80plus,oceania_population,oceania_prop_age_0_5,oceania_prop_age_6_14,oceania_prop_age_15_49,oceania_prop_age_50_79,oceania_prop_age_80plus
33580,5693541,3290057,0.1194320023059845,0.16569900512695312,0.49371099472045898,0.21408799290657043,0.0070699998177587986,897709,0.12355999648571014,0.17339900135993958,0.51456797122955322,0.18550999462604523,0.0029629999771714211,694879,0.1037679985165596,0.14211399853229523,0.4677099883556366,0.26949000358581543,0.01691799983382225,383050,0.11637400090694427,0.16249799728393555,0.48705101013183594,0.22312000393867493,0.010956999845802784,283962,0.12852099537849426,0.1738010048866272,0.48488900065422058,0.20595000684261322,0.006839000154286623,143884,0.11162500083446503,0.13489300012588501,0.49668499827384949,0.23953999578952789,0.017256999388337135
33581,5693772,3290249,0.11942899972200394,0.16568799316883087,0.49372199177742004,0.21408599615097046,0.0070750000886619091,897713,0.12354700267314911,0.1733970046043396,0.51457399129867554,0.18551400303840637,0.0029680000152438879,694901,0.10377000272274017,0.14212800562381744,0.46764099597930908,0.26952800154685974,0.016932999715209007,383104,0.11639899760484695,0.16256199777126312,0.48700898885726929,0.22305400669574738,0.010975999757647514,283929,0.1285180002450943,0.17377600073814392,0.48493799567222595,0.20592500269412994,0.0068430001847445965,143876,0.11161699891090393,0.13481099903583527,0.49674001336097717,0.23958100378513336,0.017250999808311462
33582,5694009,3290357,0.11942300200462341,0.16567699611186981,0.49373498558998108,0.21407899260520935,0.0070870001800358295,897752,0.12354599684476852,0.17338499426841736,0.51455897092819214,0.18553599715232849,0.0029740000609308481,694970,0.10382000356912613,0.14213700592517853,0.46766498684883118,0.26944199204444885,0.016936000436544418,383089,0.11636999994516373,0.16254700720310211,0.48701199889183044,0.22308400273323059,0.010986999608576298,283955,0.12846800684928894,0.17381300032138824,0.48490101099014282,0.20597299933433533,0.0068459999747574329,143886,0.11167199909687042,0.13484999537467957,0.49658098816871643,0.23962000012397766,0.017278000712394714
33583,5694229,3290575,0.11942899972200394,0.16566799581050873,0.49375501275062561,0.21405400335788727,0.0070940000005066395,897762,0.1235480010509491,0.17337299883365631,0.51454299688339233,0.18555900454521179,0.0029760000761598349,694970,0.10381200164556503,0.14213299751281738,0.46760401129722595,0.26950699090957642,0.016945000737905502,383049,0.11635100096464157,0.16256900131702423,0.48694801330566406,0.22312800586223602,0.011003999970853329,283965,0.12847000360488892,0.17379599809646606,0.48488399386405945,0.20600099861621857,0.0068490002304315567,143908,0.11162000149488449,0.13486400246620178,0.4965670108795166,0.23963899910449982,0.017309999093413353
33584,5694478,3290686,0.11943600326776505,0.16565699875354767,0.49376198649406433,0.21404199302196503,0.0071020000614225864,897793,0.12354599684476852,0.1733890026807785,0.51453101634979248,0.18555200099945068,0.0029829998966306448,695033,0.10379400104284286,0.14213399589061737,0.4676310122013092,0.26949501037597656,0.01694599911570549,383063,0.11647199839353561,0.16245900094509125,0.48691999912261963,0.22314299643039703,0.011006000451743603,283964,0.12842099368572235,0.17373700439929962,0.48491400480270386,0.20604699850082397,0.0068810000084340572,143939,0.11158200353384018,0.13485600054264069,0.49652299284934998,0.23971299827098846,0.017326999455690384
33585,5694708,3290800,0.11943600326776505,0.16565899550914764,0.49375900626182556,0.21403799951076508,0.0071089998818933964,897841,0.12355499714612961,0.17337499558925629,0.51452702283859253,0.18556100130081177,0.0029829998966306448,695074,0.10379300266504288,0.14210399985313416,0.46761500835418701,0.26953700184822083,0.016951000317931175,383061,0.11648300290107727,0.1624470055103302,0.48689401149749756,0.22316600382328033,0.011010999791324139,283950,0.12844200432300568,0.17364999651908875,0.48502200841903687,0.20599399507045746,0.0068919998593628407,143982,0.1116039976477623,0.13494700193405151,0.49643701314926147,0.23966200649738312,0.017348999157547951
33586,5694960,3290908,0.11943399906158447,0.16565200686454773,0.49375998973846436,0.21403500437736511,0.0071189999580383301,897887,0.12354999780654907,0.17336000502109528,0.51454699039459229,0.18554799258708954,0.0029949999880045652,695049,0.10375399887561798,0.14214399456977844,0.46759399771690369,0.26955699920654297,0.016951000317931175,383114,0.11654800176620483,0.16242900490760803,0.48692300915718079,0.22309799492359161,0.011002000421285629,283958,0.12841999530792236,0.17363099753856659,0.48500800132751465,0.20603400468826294,0.0069059999659657478,144044,0.11168800294399261,0.13497999310493469,0.49625799059867859,0.23966300487518311,0.017410999163985252
33587,5695162,3290915,0.11944299936294556,0.16563500463962555,0.49377301335334778,0.21402400732040405,0.0071240002289414406,897918,0.12352699786424637,0.17335200309753418,0.51456499099731445,0.18555499613285065,0.0030010000336915255,695127,0.10377199947834015,0.1421390026807785,0.46757099032402039,0.2695620059967041,0.016954999417066574,383117,0.11649999767541885,0.16244900226593018,0.48690301179885864,0.22313299775123596,0.011014999821782112,284025,0.1284250020980835,0.17360800504684448,0.48497098684310913,0.20606599748134613,0.0069289999082684517,144060,0.11163400113582611,0.1350409984588623,0.49616101384162903,0.23973999917507172,0.017423000186681747
33588,5695389,3291008,0.11944799870252609,0.16563400626182556,0.49377000331878662,0.21401500701904297,0.0071330000646412373,897947,0.12352599948644638,0.17332200706005096,0.51456999778747559,0.18557600677013397,0.0030060000717639923,695218,0.10376200079917908,0.14214099943637848,0.46755000948905945,0.26956599950790405,0.016982000321149826,383138,0.11649800091981888,0.16240400075912476,0.48688998818397522,0.22317500412464142,0.01103300042450428,284028,0.12846599519252777,0.17359200119972229,0.48499399423599243,0.20602899789810181,0.0069180000573396683,144050,0.11159300059080124,0.13504299521446228,0.4961400032043457,0.23979899287223816,0.017425000667572021
33589,5695605,3291082,0.11945199966430664,0.16562700271606445,0.49376100301742554,0.21401800215244293,0.0071419999003410339,897991,0.1235089972615242,0.17332799732685089,0.51457101106643677,0.18558600544929504,0.0030060000717639923,695283,0.10380200296640396,0.14216400682926178,0.46749898791313171,0.26953500509262085,0.017000000923871994,383113,0.11646699905395508,0.16240599751472473,0.48693498969078064,0.22317400574684143,0.011017999611794949,284080,0.12844599783420563,0.17355699837207794,0.48506098985671997,0.2059980034828186,0.0069380002096295357,144056,0.11160899698734283,0.1350100040435791,0.49610599875450134,0.23983000218868256,0.017444999888539314
33590,5695819,3291155,0.11944200098514557,0.16562199592590332,0.4937559962272644,0.21402500569820404,0.0071539999917149544,898036,0.12350799888372421,0.17333699762821198,0.51456201076507568,0.18558299541473389,0.0030100001022219658,695284,0.10384800285100937,0.14213599264621735,0.46748200058937073,0.26952201128005981,0.01701200008392334,383182,0.11647500097751617,0.16242200136184692,0.48692300915718079,0.22315800189971924,0.011022999882698059,284094,0.12844300270080566,0.17352700233459473,0.48508599400520325,0.20600900053977966,0.0069340001791715622,144068,0.11151000112295151,0.13508200645446777,0.4961409866809845,0.23983100056648254,0.01743599958717823
33591,5696052,3291350,0.11943899840116501,0.16561000049114227,0.49377000331878662,0.21401700377464294,0.0071629998274147511,898045,0.12348400056362152,0.17333999276161194,0.51457101106643677,0.18559500575065613,0.0030100001022219658,695257,0.1038459986448288,0.14211699366569519,0.46749299764633179,0.2695310115814209,0.01701200008392334,383195,0.11649700254201889,0.16240599751472473,0.4869219958782196,0.22313700616359711,0.011039000004529953,284126,0.12843599915504456,0.17354999482631683,0.48506298661231995,0.2060140073299408,0.0069369999691843987,144079,0.11157099902629852,0.13516199588775635,0.49597099423408508,0.23981299996376038,0.017482999712228775
33592,5696274,3291526,0.11944500356912613,0.16560399532318115,0.4937720000743866,0.21400399506092072,0.0071749999187886715,898103,0.12349499762058258,0.17332099378108978,0.5145530104637146,0.18561099469661713,0.0030199999455362558,695241,0.10382000356912613,0.1421000063419342,0.46752101182937622,0.26954001188278198,0.01701899990439415,383149,0.11642699688673019,0.16243299841880798,0.48692300915718079,0.22317700088024139,0.01104000024497509,284133,0.12847900390625,0.17354199290275574,0.48502999544143677,0.2060060054063797,0.0069439997896552086,144122,0.11153099685907364,0.13512900471687317,0.496163010597229,0.23968599736690521,0.017492000013589859
33593,5696532,3291719,0.11944600194692612,0.16560399532318115,0.4937799870967865,0.21399000287055969,0.007180000189691782,898143,0.12351500242948532,0.17329299449920654,0.51455497741699219,0.1856130063533783,0.0030239999759942293,695260,0.10380899906158447,0.14210200309753418,0.46751698851585388,0.26954498887062073,0.017026999965310097,383142,0.11647400259971619,0.16236500442028046,0.48689499497413635,0.22321799397468567,0.011048000305891037,284173,0.12849900126457214,0.17353500425815582,0.48499700427055359,0.20602899789810181,0.0069389999844133854,144095,0.11148899793624878,0.13518199324607849,0.4961169958114624,0.23968900740146637,0.01752300001680851
33594,5696769,3291898,0.1194470003247261,0.16560399532318115,0.49378401041030884,0.21397699415683746,0.0071879997849464417,898169,0.12353000044822693,0.17327399551868439,0.51453500986099243,0.18563300371170044,0.0030280000064522028,695300,0.10380399972200394,0.14214299619197845,0.46749699115753174,0.26952999830245972,0.01702599972486496,383173,0.11643800139427185,0.16228699684143066,0.48692598938941956,0.22327800095081329,0.011071000248193741,284161,0.12847599387168884,0.17357400059700012,0.48495000600814819,0.20603500306606293,0.006963999941945076,144068,0.11144000291824341,0.13519300520420074,0.49609899520874023,0.23970599472522736,0.017560999840497971
33595,5697025,3292107,0.11943899840116501,0.165584996342659,0.49379599094390869,0.21398399770259857,0.0071959998458623886,898181,0.12354099750518799,0.17326399683952332,0.5145300030708313,0.18563200533390045,0.003034000052139163,695389,0.10382399708032608,0.1421390026807785,0.46750199794769287,0.26948899030685425,0.017045000568032265,383166,0.11654499918222427,0.16223299503326416,0.48686701059341431,0.22328199446201324,0.011074000038206577,284168,0.12844200432300568,0.17364400625228882,0.48490700125694275,0.20604400336742401,0.006963999941945076,144014,0.11133600026369095,0.13525800406932831,0.49616700410842896,0.23968499898910522,0.017554000020027161
33596,5697259,3292202,0.11945199966430664,0.16557000577449799,0.49379399418830872,0.21398299932479858,0.0072010001167654991,898235,0.12354300171136856,0.17327199876308441,0.51449102163314819,0.18564899265766144,0.0030449999030679464,695404,0.10378599911928177,0.14213000237941742,0.46752798557281494,0.26951101422309875,0.017045000568032265,383207,0.11653999984264374,0.16229599714279175,0.48682001233100891,0.22325499355792999,0.011087999679148197,284185,0.12843699753284454,0.17365099489688873,0.4848879873752594,0.206045001745224,0.0069780000485479832,144026,0.11129900068044662,0.13530200719833374,0.49620199203491211,0.23967200517654419,0.017525000497698784
33597,5697534,3292238,0.11944600194692612,0.16556200385093689,0.49379900097846985,0.21398399770259857,0.0072090001776814461,898298,0.12358000129461288,0.17325900495052338,0.51446998119354248,0.18564200401306152,0.0030489999335259199,695406,0.10379499942064285,0.14214600622653961,0.46745601296424866,0.26953798532485962,0.017064999788999557,383302,0.11656299978494644,0.16220900416374207,0.48688200116157532,0.2232310026884079,0.011114000342786312,284241,0.12844699621200562,0.17369399964809418,0.48481398820877075,0.20605400204658508,0.0069909999147057533,144049,0.11132299900054932,0.13539800047874451,0.49612998962402344,0.23964099586009979,0.017508000135421753
33598,5697768,3292403,0.11945299804210663,0.16554799675941467,0.4938029944896698,0.21398000419139862,0.007215999998152256,898325,0.12358999997377396,0.17323599755764008,0.51449602842330933,0.18562799692153931,0.0030499999411404133,695359,0.10382399708032608,0.14215099811553955,0.4674299955368042,0.26951500773429871,0.017078999429941177,383351,0.11652199923992157,0.1621830016374588,0.48690098524093628,0.22329899668693542,0.011094000190496445,284277,0.12846599519252777,0.17369000613689423,0.48477700352668762,0.20603799819946289,0.0070279999636113644,144053,0.11125099658966064,0.13541500270366669,0.49615800380706787,0.23965500295162201,0.017520999535918236
33599,5698006,3292582,0.11945000290870667,0.16553899645805359,0.49381500482559204,0.21397300064563751,0.0072229998186230659,898328,0.12358500063419342,0.17321999371051788,0.5144990086555481,0.1856440007686615,0.0030519999563694,695340,0.10381799936294556,0.14218099415302277,0.46737399697303772,0.26955398917198181,0.017071999609470367,383369,0.11655899882316589,0.1621910035610199,0.48685699701309204,0.22327600419521332,0.011117000132799149,284323,0.12844499945640564,0.17369000613689423,0.48482200503349304,0.20600900053977966,0.0070340000092983246,144064,0.11125600337982178,0.13550899922847748,0.49610599875450134,0.23960199952125549,0.017526999115943909
33600,5698266,3292832,0.1194550022482872,0.16552500426769257,0.49381300806999207,0.2139739990234375,0.0072340001352131367,898313,0.12357500195503235,0.17322699725627899,0.51449000835418701,0.18565499782562256,0.0030539999715983868,695368,0.10381799936294556,0.14218899607658386,0.46735700964927673,0.26955199241638184,0.017083000391721725,383347,0.11654999852180481,0.16216599941253662,0.48684099316596985,0.22332000732421875,0.011122999712824821,284328,0.12847800552845001,0.17364099621772766,0.48485198616981506,0.2059980034828186,0.0070310002192854881,144078,0.1113009974360466,0.13557200133800507,0.49613401293754578,0.23949499428272247,0.017496999353170395
33601,5698482,3292924,0.11945799738168716,0.16551600396633148,0.49380999803543091,0.21397599577903748,0.0072409999556839466,898315,0.12358400225639343,0.17319400608539581,0.51450800895690918,0.18566299974918365,0.0030509999487549067,695433,0.10382299870252609,0.14218200743198395,0.46737900376319885,0.26952099800109863,0.017093999311327934,383368,0.11656200140714645,0.16215799748897552,0.48682698607444763,0.22330999374389648,0.011142999865114689,284342,0.12845100462436676,0.17362500727176666,0.48488101363182068,0.2059980034828186,0.0070440000854432583,144100,0.11127699911594391,0.13565599918365479,0.49597498774528503,0.23956300318241119,0.017528999596834183
33602,5698714,3292987,0.11944899708032608,0.16550000011920929,0.49384000897407532,0.2139659970998764,0.0072440002113580704,898382,0.12359300255775452,0.1731799989938736,0.51447999477386475,0.18568900227546692,0.0030569999944418669,695422,0.1038379967212677,0.14218300580978394,0.46735399961471558,0.26952099800109863,0.017105000093579292,383447,0.11654800176620483,0.16214199364185333,0.48680999875068665,0.223362997174263,0.011136000044643879,284346,0.12848800420761108,0.17366500198841095,0.48484900593757629,0.20596000552177429,0.007036999799311161,144130,0.11140599846839905,0.13564099371433258,0.49573999643325806,0.2396789938211441,0.017533000558614731
33603,5698971,3293101,0.11944799870252609,0.16550500690937042,0.49383598566055298,0.21396200358867645,0.0072499997913837433,898423,0.1235869973897934,0.17317800223827362,0.51447302103042603,0.18569999933242798,0.0030630000401288271,695539,0.10387299954891205,0.14217500388622284,0.46734800934791565,0.26949501037597656,0.017108999192714691,383437,0.11653800308704376,0.16213600337505341,0.48679700493812561,0.22338199615478516,0.011146999895572662,284361,0.12850899994373322,0.17361000180244446,0.48485898971557617,0.20598100125789642,0.0070400000549852848,144110,0.11148399859666824,0.13557000458240509,0.49572500586509705,0.23967799544334412,0.017542000859975815
33604,5699158,3293160,0.119439996778965,0.16549299657344818,0.49386200308799744,0.21395400166511536,0.0072510000318288803,898452,0.12357799708843231,0.17318600416183472,0.51446497440338135,0.18569600582122803,0.0030749998986721039,695556,0.10386200249195099,0.14219099283218384,0.46728700399398804,0.26952499151229858,0.017133999615907669,383503,0.11652799695730209,0.16210800409317017,0.48686501383781433,0.22334100306034088,0.011157999746501446,284362,0.12853999435901642,0.17354999482631683,0.4848639965057373,0.20600199699401855,0.0070440000854432583,144125,0.11155600100755692,0.135576993227005,0.49570199847221375,0.23963199555873871,0.017533000558614731
33605,5699368,3293332,0.11942800134420395,0.16550099849700928,0.49386098980903625,0.21395799517631531,0.0072530000470578671,898433,0.12356399744749069,0.1731639951467514,0.51449400186538696,0.18569900095462799,0.0030799999367445707,695619,0.10386600345373154,0.14219999313354492,0.46726000308990479,0.26953399181365967,0.017139999195933342,383460,0.11656200140714645,0.16206599771976471,0.48682799935340881,0.22336100041866302,0.011181999929249287,284363,0.12858200073242188,0.17354899644851685,0.48481699824333191,0.20598000288009644,0.0070719998329877853,144161,0.1116039976477623,0.13552199304103851,0.4958069920539856,0.23950999975204468,0.017557000741362572
33606,5699602,3293493,0.11941999942064285,0.16550099849700928,0.49386000633239746,0.21395599842071533,0.0072619998827576637,898459,0.12356200069189072,0.17316299676895142,0.51448500156402588,0.18570399284362793,0.003085999982431531,695621,0.10384000092744827,0.14221400022506714,0.46724200248718262,0.26956599950790405,0.017139000818133354,383490,0.11657699942588806,0.16197599470615387,0.4868679940700531,0.22337000072002411,0.011210000142455101,284388,0.12857100367546082,0.17353799939155579,0.484840989112854,0.20596200227737427,0.0070890001952648163,144151,0.11161199957132339,0.13557299971580505,0.49572300910949707,0.23958200216293335,0.01750900037586689
33607,5699835,3293600,0.1194240003824234,0.16549199819564819,0.4938490092754364,0.21396799385547638,0.0072670001536607742,898493,0.12355100363492966,0.17314800620079041,0.51449698209762573,0.18571199476718903,0.0030920000281184912,695611,0.10384999960660934,0.14218300580978394,0.46725401282310486,0.2695620059967041,0.017152000218629837,383557,0.11656399816274643,0.16201800107955933,0.48684000968933105,0.22335900366306305,0.011219000443816185,284414,0.12857300043106079,0.17351500689983368,0.48483198881149292,0.20597800612449646,0.0071020000614225864,144160,0.11160500347614288,0.13563400506973267,0.49578899145126343,0.23947000503540039,0.017501000314950943
33608,5700069,3293769,0.11942200362682343,0.16548000276088715,0.49384000897407532,0.21397900581359863,0.0072780000045895576,898571,0.12355399876832962,0.17312699556350708,0.5144919753074646,0.18572700023651123,0.0030990000814199448,695575,0.10385400056838989,0.14221200346946716,0.46724799275398254,0.26953399181365967,0.017153000459074974,383611,0.11653699725866318,0.16209599375724792,0.48674601316452026,0.22340600192546844,0.011214000172913074,284444,0.12859800457954407,0.17347200214862823,0.48489299416542053,0.20591400563716888,0.0071229999884963036,144099,0.11155500262975693,0.1356080025434494,0.49592301249504089,0.2394459992647171,0.017466999590396881
33609,5700292,3293858,0.11942300200462341,0.16546900570392609,0.49385100603103638,0.2139739990234375,0.0072829998098313808,898609,0.12355100363492966,0.17311300337314606,0.51449400186538696,0.18573999404907227,0.0031010000966489315,695590,0.10385700315237045,0.14221200346946716,0.46726700663566589,0.26950100064277649,0.017163999378681183,383703,0.11661099642515182,0.16208399832248688,0.48669898509979248,0.22339700162410736,0.011208999902009964,284437,0.12856300175189972,0.17348699271678925,0.48489800095558167,0.20593300461769104,0.0071189999580383301,144095,0.11153800040483475,0.13563300669193268,0.49583300948143005,0.23952899873256683,0.017467999830842018
33610,5700523,3293969,0.11941800266504288,0.16547000408172607,0.49384200572967529,0.21397599577903748,0.0072940001264214516,898679,0.12355200201272964,0.1731099933385849,0.51449501514434814,0.18573300540447235,0.0031099999323487282,695566,0.1038609966635704,0.14219599962234497,0.46731200814247131,0.26944500207901001,0.01718599908053875,383741,0.11662600189447403,0.16197599470615387,0.48677399754524231,0.22342200577259064,0.011203000321984291,284486,0.12852300703525543,0.17349199950695038,0.4849030077457428,0.20596100389957428,0.0071220002137124538,144082,0.1115960031747818,0.13571399450302124,0.49572500586509705,0.23950299620628357,0.017462000250816345
33611,5700778,3294152,0.11941900104284286,0.16547399759292603,0.49383100867271423,0.21397800743579865,0.0072989999316632748,898728,0.12356799840927124,0.17308999598026276,0.51448899507522583,0.18573400378227234,0.0031190000008791685,695562,0.10385700315237045,0.14219699800014496,0.46726199984550476,0.26948300004005432,0.017200000584125519,383749,0.11668000370264053,0.16192600131034851,0.48679199814796448,0.22340400516986847,0.011196999810636044,284482,0.12855599820613861,0.17343500256538391,0.48494499921798706,0.2059289962053299,0.0071359998546540737,144105,0.11157800257205963,0.13572700321674347,0.49574300646781921,0.23944999277591705,0.017501000314950943
33612,5700994,3294173,0.11941099911928177,0.16547100245952606,0.49382698535919189,0.2139820009469986,0.0073079997673630714,898774,0.12355499714612961,0.17308500409126282,0.51451599597930908,0.18572400510311127,0.0031200000084936619,695624,0.10390699654817581,0.14217300713062286,0.46727299690246582,0.26942399144172668,0.017223000526428223,383838,0.11671300232410431,0.16184699535369873,0.48680999875068665,0.22344599664211273,0.011184000410139561,284489,0.1285569965839386,0.17347599565982819,0.48486599326133728,0.2059590071439743,0.007143000140786171,144096,0.11155100166797638,0.13568699359893799,0.49579399824142456,0.23946499824523926,0.01750200055539608
33613,5701193,3294367,0.11940400302410126,0.1654680073261261,0.49383300542831421,0.2139820009469986,0.0073139998130500317,898778,0.12357299774885178,0.17304900288581848,0.51452898979187012,0.18572300672531128,0.0031250000465661287,695627,0.10394199937582016,0.14218300580978394,0.46722900867462158,0.26940399408340454,0.017241999506950378,383845,0.11669600009918213,0.16180199384689331,0.48684799671173096,0.22345499694347382,0.01119999960064888,284495,0.12861000001430511,0.17345799505710602,0.48485198616981506,0.20595100522041321,0.0071279997937381268,144081,0.11154799908399582,0.13571499288082123,0.49580401182174683,0.23942799866199493,0.017503999173641205
33614,5701436,3294508,0.11940199881792068,0.16546699404716492,0.49382698535919189,0.21398499608039856,0.0073190000839531422,898838,0.12357400357723236,0.17303900420665741,0.51454997062683105,0.18570500612258911,0.0031320000998675823,695679,0.10396300256252289,0.1421550065279007,0.46722599864006042,0.26939699053764343,0.017258999869227409,383818,0.11666200309991837,0.16184799373149872,0.48680898547172546,0.22346299886703491,0.011219000443816185,284515,0.12864300608634949,0.17345300316810608,0.48480001091957092,0.20597900450229645,0.0071240002289414406,144078,0.11158499866724014,0.13566300272941589,0.49589800834655762,0.23936299979686737,0.017490999773144722
33615,5701691,3294617,0.11940299719572067,0.16546300053596497,0.49381700158119202,0.21399299800395966,0.0073239998891949654,898865,0.12358900159597397,0.17303499579429626,0.51453101634979248,0.18571199476718903,0.0031330001074820757,695776,0.10395999997854233,0.14211499691009521,0.46725401282310486,0.26939699053764343,0.017273999750614166,383836,0.11669299751520157,0.16185000538825989,0.48675701022148132,0.22346800565719604,0.011230999603867531,284558,0.12863500416278839,0.17339900135993958,0.48488199710845947,0.20596900582313538,0.0071160001680254936,144039,0.11159499734640121,0.13558100163936615,0.49609500169754028,0.23920600116252899,0.01752300001680851
33616,5701937,3294887,0.11939100176095963,0.16546100378036499,0.49380901455879211,0.21400199830532074,0.0073359999805688858,898875,0.12358900159597397,0.1730400025844574,0.51451599597930908,0.18571799993515015,0.0031369999051094055,695735,0.10397899895906448,0.14212200045585632,0.46721398830413818,0.26941600441932678,0.017270000651478767,383860,0.11672999709844589,0.16184499859809875,0.48676100373268127,0.2234330028295517,0.011230999603867531,284571,0.12862899899482727,0.17330600321292877,0.48500698804855347,0.20592400431632996,0.007133999839425087,144009,0.11165300011634827,0.13556100428104401,0.49608001112937927,0.2391660064458847,0.017541000619530678
33617,5702177,3295094,0.11939100176095963,0.16545799374580383,0.49379700422286987,0.21400800347328186,0.0073449998162686825,898897,0.12358299642801285,0.17304399609565735,0.51451700925827026,0.18571299314498901,0.0031429999507963657,695634,0.10397300124168396,0.14210200309753418,0.46725699305534363,0.2693830132484436,0.017285000532865524,383941,0.11674699932336807,0.16184000670909882,0.48676198720932007,0.22342200577259064,0.011227999813854694,284563,0.12858699262142181,0.17327600717544556,0.48502099514007568,0.20599299669265747,0.0071229999884963036,144048,0.11174099892377853,0.13551700115203857,0.49611198902130127,0.23907999694347382,0.017550000920891762
33618,5702408,3295202,0.11938100308179855,0.16545400023460388,0.49380099773406982,0.21401199698448181,0.0073520001024007797,898911,0.1235940009355545,0.17302900552749634,0.51449298858642578,0.18573600053787231,0.0031479999888688326,695627,0.1039619967341423,0.14210499823093414,0.46722200512886047,0.26941999793052673,0.017291000112891197,384025,0.11683599650859833,0.16181999444961548,0.48671600222587585,0.22339999675750732,0.011227999813854694,284581,0.12860299646854401,0.1732649952173233,0.48502498865127563,0.20597299933433533,0.0071330000646412373,144062,0.11172299832105637,0.13553899526596069,0.49622398614883423,0.23896700143814087,0.017548000440001488
33619,5702645,3295363,0.1193849965929985,0.16544899344444275,0.49379900097846985,0.21400900185108185,0.0073580001480877399,898922,0.12356399744749069,0.17303599417209625,0.51450502872467041,0.18574400246143341,0.0031520000193268061,695665,0.10395699739456177,0.14208100736141205,0.46724501252174377,0.26941400766372681,0.017302999272942543,384033,0.11684200167655945,0.16179099678993225,0.48671099543571472,0.22343400120735168,0.011222999542951584,284597,0.12863799929618835,0.17325900495052338,0.48494899272918701,0.20600700378417969,0.0071470001712441444,144065,0.11181099712848663,0.13555699586868286,0.49619999527931213,0.23890599608421326,0.017526999115943909
33620,5702848,3295445,0.11937599629163742,0.16545200347900391,0.49378898739814758,0.21401600539684296,0.0073669999837875366,898957,0.12356399744749069,0.173008993268013,0.51453399658203125,0.18573200702667236,0.003160000080242753,695699,0.10395699739456177,0.14208999276161194,0.46724399924278259,0.26939699053764343,0.017311999574303627,384045,0.11680100113153458,0.16175399720668793,0.48678699135780334,0.22343200445175171,0.011225000023841858,284650,0.12863899767398834,0.17324100434780121,0.4849570095539093,0.20599299669265747,0.0071700001135468483,144052,0.11182799935340881,0.13548600673675537,0.49628600478172302,0.23887200653553009,0.017527999356389046
33621,5703094,3295531,0.11938200145959854,0.16544899344444275,0.49377399682998657,0.21402500569820404,0.0073689999990165234,898996,0.12357000261545181,0.17298899590969086,0.51455098390579224,0.18572400510311127,0.003166999900713563,695761,0.10394199937582016,0.14209899306297302,0.46725499629974365,0.26938098669052124,0.017322000116109848,384099,0.11683999747037888,0.16178099811077118,0.48677301406860352,0.22337700426578522,0.011229000054299831,284679,0.12865400314331055,0.17317399382591248,0.48499900102615356,0.20600000023841858,0.0071729999035596848,144028,0.11181200295686722,0.13553600013256073,0.49617400765419006,0.23893299698829651,0.017544999718666077
33622,5703325,3295608,0.11938299983739853,0.16543899476528168,0.49376899003982544,0.21403199434280396,0.00737799983471632,899045,0.12359700351953506,0.17298899590969086,0.51452302932739258,0.1857219934463501,0.0031699999235570431,695851,0.10394199937582016,0.14208899438381195,0.46726500988006592,0.26936900615692139,0.017333999276161194,384090,0.11680100113153458,0.16180600225925446,0.48676100373268127,0.22339800000190735,0.011234000325202942,284678,0.12865400314331055,0.17313900589942932,0.48509201407432556,0.20592400431632996,0.0071910000406205654,144053,0.11187499761581421,0.13542899489402771,0.49634501338005066,0.23882199823856354,0.017527999356389046
33623,5703569,3295752,0.11938799917697906,0.16544799506664276,0.49374398589134216,0.21403299272060394,0.007385999895632267,899082,0.12360399961471558,0.17298200726509094,0.51450997591018677,0.18572700023651123,0.0031769999768584967,695871,0.10392600297927856,0.14204399287700653,0.46731498837471008,0.26936501264572144,0.017350999638438225,384102,0.1167759969830513,0.16182400286197662,0.4867669939994812,0.2234019935131073,0.011230999603867531,284721,0.12867000699043274,0.17309899628162384,0.48510599136352539,0.20592799782752991,0.0071970000863075256,144041,0.11187099665403366,0.13539199531078339,0.49638000130653381,0.23881399631500244,0.01754399947822094
33624,5703793,3295833,0.11939100176095963,0.16545300185680389,0.49373599886894226,0.21402899920940399,0.0073910001665353775,899120,0.12360099703073502,0.17297899723052979,0.51450002193450928,0.18573799729347229,0.0031820000149309635,695865,0.10392700135707855,0.14198699593544006,0.46733599901199341,0.26938700675964355,0.01736300066113472,384140,0.11678300052881241,0.16183200478553772,0.48678898811340332,0.22335900366306305,0.011238000355660915,284738,0.12874299287796021,0.17303599417209625,0.48507800698280334,0.20594699680805206,0.0071959998458623886,144097,0.11183399707078934,0.1354299932718277,0.49636000394821167,0.23881100118160248,0.017565000802278519
33625,5704031,3296005,0.11938700079917908,0.16545499861240387,0.49372801184654236,0.21403400599956512,0.0073959999717772007,899164,0.12359900027513504,0.17295099794864655,0.51450997591018677,0.18575400114059448,0.003186000045388937,695835,0.1039080023765564,0.14200499653816223,0.46731498837471008,0.26938900351524353,0.017382999882102013,384151,0.11678499728441238,0.1617719978094101,0.48684200644493103,0.22336499392986298,0.011234999634325504,284750,0.12876200675964355,0.17298699915409088,0.48509898781776428,0.20595599710941315,0.0071959998458623886,144126,0.11188799887895584,0.13541600108146667,0.49627399444580078,0.23882600665092468,0.017596000805497169
33626,5704228,3296242,0.11939200013875961,0.16546399891376495,0.49370399117469788,0.21403799951076508,0.0074009997770190239,899166,0.12359300255775452,0.1729390025138855,0.51451802253723145,0.18576100468635559,0.0031890000682324171,695914,0.10389800369739532,0.14199699461460114,0.46734499931335449,0.26935899257659912,0.017400000244379044,384085,0.11678899824619293,0.1617249995470047,0.48685601353645325,0.22338299453258514,0.011247999966144562,284749,0.12872399389743805,0.17295899987220764,0.48516398668289185,0.20595300197601318,0.0071990001015365124,144072,0.11184699833393097,0.13541099429130554,0.4963420033454895,0.23879000544548035,0.017609000205993652
33627,5704468,3296399,0.11939600110054016,0.16545300185680389,0.49371498823165894,0.21402500569820404,0.0074109998531639576,899214,0.12359599769115448,0.17292800545692444,0.51452499628067017,0.18575400114059448,0.0031969998963177204,695935,0.10387499630451202,0.14196600019931793,0.46734699606895447,0.26941600441932678,0.017396999523043633,384089,0.11682400107383728,0.16175900399684906,0.48679101467132568,0.22334399819374084,0.011281000450253487,284748,0.12872800230979919,0.17296299338340759,0.48516198992729187,0.20596499741077423,0.0071820002049207687,144083,0.11200500279664993,0.13533900678157806,0.49633198976516724,0.23868900537490845,0.017635999247431755
33628,5704731,3296512,0.1194010004401207,0.16544200479984283,0.49371200799942017,0.21402299404144287,0.0074220001697540283,899293,0.12361200153827667,0.17291699349880219,0.51451599597930908,0.18574799597263336,0.0032069999724626541,695949,0.10384500026702881,0.1420149952173233,0.46729001402854919,0.2694459855556488,0.017403999343514442,384141,0.11682400107383728,0.16166199743747711,0.48691999912261963,0.2233159989118576,0.011277000419795513,284763,0.12875300645828247,0.17293700575828552,0.48516800999641418,0.20595400035381317,0.0071879997849464417,144073,0.11203300207853317,0.13531999289989471,0.49637299776077271,0.23865699768066406,0.017616000026464462
33629,5704966,3296633,0.11940599977970123,0.16542300581932068,0.49371901154518127,0.21402500569820404,0.0074260002002120018,899326,0.12361700087785721,0.17290499806404114,0.51450800895690918,0.18575400114059448,0.0032170000486075878,695987,0.10384099930524826,0.14202000200748444,0.467305988073349,0.26942899823188782,0.017403999343514442,384219,0.11679299920797348,0.16170699894428253,0.48688599467277527,0.22331799566745758,0.011296000331640244,284769,0.12874600291252136,0.17297500371932983,0.4851439893245697,0.20592799782752991,0.0072059999220073223,144032,0.11202400177717209,0.13524800539016724,0.49637600779533386,0.23870399594306946,0.017649000510573387
33630,5705227,3296850,0.11941400170326233,0.16541700065135956,0.49371901154518127,0.21401900053024292,0.0074319997802376747,899379,0.12361200153827667,0.17290200293064117,0.51450502872467041,0.18575699627399445,0.0032240001019090414,696040,0.10382699966430664,0.14203600585460663,0.4672819972038269,0.26942300796508789,0.017431000247597694,384194,0.11682400107383728,0.16172799468040466,0.48687401413917542,0.22326500713825226,0.011308999732136726,284756,0.12876300513744354,0.17295899987220764,0.48514500260353088,0.20593400299549103,0.0071990001015365124,144008,0.11195900291204453,0.13515900075435638,0.49637499451637268,0.23887600004673004,0.017630999907851219
33631,5705443,3296976,0.1194159984588623,0.16540199518203735,0.49371600151062012,0.21402600407600403,0.0074399998411536217,899427,0.12360599637031555,0.17289799451828003,0.51451998949050903,0.18574799597263336,0.0032279998995363712,696095,0.10385099798440933,0.1420309990644455,0.46728399395942688,0.26939600706100464,0.017439000308513641,384167,0.11683200299739838,0.16176299750804901,0.4868139922618866,0.22326000034809113,0.011331000365316868,284771,0.12870299816131592,0.1729390025138855,0.48519700765609741,0.20595100522041321,0.0072090001776814461,144007,0.11186999827623367,0.13520200550556183,0.49646198749542236,0.23880800604820251,0.017658999189734459
33632,5705680,3297146,0.11941999942064285,0.16539500653743744,0.49370500445365906,0.21403199434280396,0.0074470001272857189,899434,0.12360099703073502,0.17284800112247467,0.51456397771835327,0.18576100468635559,0.0032259998843073845,696071,0.10383299738168716,0.14203700423240662,0.46732300519943237,0.26934900879859924,0.017457999289035797,384246,0.11685000360012054,0.16177700459957123,0.4868369996547699,0.22322200238704681,0.011315999552607536,284759,0.12864199280738831,0.17297400534152985,0.48519599437713623,0.20597100257873535,0.0072169997729361057,144024,0.11188399791717529,0.13526900112628937,0.49636900424957275,0.23878000676631927,0.017697999253869057
33633,5705911,3297239,0.11941199749708176,0.16539399325847626,0.49370700120925903,0.21403299272060394,0.0074539999477565289,899469,0.12360300123691559,0.17282199859619141,0.51459002494812012,0.18574400246143341,0.003240999998524785,696088,0.10382299870252609,0.1420309990644455,0.46735799312591553,0.26932099461555481,0.017467999830842018,384301,0.11685899645090103,0.16183899343013763,0.48671698570251465,0.2232619971036911,0.011322000063955784,284799,0.12865599989891052,0.17296099662780762,0.48520201444625854,0.2059520035982132,0.0072300001047551632,144015,0.11184900254011154,0.13522200286388397,0.49644801020622253,0.23877400159835815,0.017705999314785004
33634,5706152,3297357,0.11940500140190125,0.16539199650287628,0.49371299147605896,0.21402700245380402,0.0074629997834563255,899505,0.12362100183963776,0.17280499637126923,0.51457697153091431,0.1857600063085556,0.0032359999604523182,696108,0.10387600213289261,0.14205099642276764,0.46731498837471008,0.26926898956298828,0.017488999292254448,384368,0.11682000011205673,0.16177999973297119,0.48672398924827576,0.22335599362850189,0.01131999958306551,284819,0.12866799533367157,0.17293800413608551,0.48523798584938049,0.20591999590396881,0.0072360001504421234,143995,0.11181599646806717,0.13528899848461151,0.49639898538589478,0.2387859970331192,0.017709000036120415
33635,5706370,3297445,0.11940000206232071,0.16537299752235413,0.49372398853302002,0.21402899920940399,0.0074740001000463963,899485,0.12360499799251556,0.17280000448226929,0.51460999250411987,0.1857450008392334,0.0032399999909102917,696230,0.10385899990797043,0.1420309990644455,0.46731001138687134,0.26929900050163269,0.017501000314950943,384371,0.11688199639320374,0.1618179976940155,0.48666799068450928,0.22332300245761871,0.011308999732136726,284804,0.12865699827671051,0.17291900515556335,0.48525699973106384,0.20589900016784668,0.0072679999284446239,144035,0.11193100363016129,0.13531400263309479,0.49627500772476196,0.23876799643039703,0.017711000517010689
33636,5706589,3297558,0.11939399689435959,0.16536100208759308,0.49373701214790344,0.21402700245380402,0.0074809999205172062,899550,0.1236020028591156,0.17282299697399139,0.51459097862243652,0.18574999272823334,0.0032349999528378248,696270,0.10385599732398987,0.14204299449920654,0.467305988073349,0.2692750096321106,0.017520999535918236,384384,0.1168539971113205,0.16182999312877655,0.48664098978042603,0.22335200011730194,0.011322000063955784,284784,0.12866200506687164,0.17294499278068542,0.48523798584938049,0.20586499571800232,0.0072900000959634781,144043,0.11193899810314178,0.13524399697780609,0.49624800682067871,0.23884500563144684,0.017723999917507172
33637,5706830,3297762,0.11939200013875961,0.16536000370979309,0.49374198913574219,0.21402199566364288,0.00748400017619133,899578,0.12360800057649612,0.1728069931268692,0.51458597183227539,0.18576200306415558,0.0032379999756813049,696290,0.10384900122880936,0.1420229971408844,0.46732300519943237,0.26926100254058838,0.01754399947822094,384386,0.11684300005435944,0.16181400418281555,0.48660698533058167,0.22340600192546844,0.011330000124871731,284763,0.12866500020027161,0.17294399440288544,0.48517200350761414,0.20592199265956879,0.007296999916434288,144051,0.11201599985361099,0.13526499271392822,0.4961090087890625,0.23890799283981323,0.017702000215649605
33638,5707091,3297957,0.11939900368452072,0.16535499691963196,0.49373701214790344,0.21401600539684296,0.0074930000118911266,899619,0.12362200021743774,0.17280299961566925,0.51456397771835327,0.18576799333095551,0.0032420000061392784,696319,0.1038530021905899,0.14198799431324005,0.46732598543167114,0.2692829966545105,0.017549000680446625,384364,0.11681900173425674,0.16175000369548798,0.48666399717330933,0.22343699634075165,0.011330000124871731,284779,0.12870700657367706,0.17298699915409088,0.48511999845504761,0.20588600635528564,0.0073000001721084118,144053,0.1119379997253418,0.13520699739456177,0.49638700485229492,0.23875899612903595,0.017709000036120415
33639,5707343,3298013,0.11939900368452072,0.1653439998626709,0.49374699592590332,0.21401399374008179,0.0074950000271201134,899635,0.12361700087785721,0.17279499769210815,0.51454299688339233,0.18578800559043884,0.0032579998951405287,696399,0.10385099798440933,0.14202199876308441,0.4672749936580658,0.26928400993347168,0.017567999660968781,384390,0.11682099848985672,0.16175800561904907,0.48665198683738708,0.22341899573802948,0.011350000277161598,284843,0.12875199317932129,0.17295099794864655,0.48509499430656433,0.2058819979429245,0.0073199998587369919,144063,0.11191599816083908,0.13509400188922882,0.49651899933815002,0.23877699673175812,0.017694000154733658
33640,5707610,3298167,0.11940500140190125,0.16533499956130981,0.49373900890350342,0.21402199566364288,0.0074990000575780869,899661,0.12360899895429611,0.17279200255870819,0.51454001665115356,0.18580000102519989,0.003258999902755022,696432,0.10387899726629257,0.14199100434780121,0.4672819972038269,0.26927399635314941,0.017573999240994453,384431,0.1168299987912178,0.16173000633716583,0.48664599657058716,0.22341099381446838,0.011382999829947948,284880,0.12871700525283813,0.17295399308204651,0.48512700200080872,0.20588299632072449,0.0073190000839531422,144039,0.11189299821853638,0.13511599600315094,0.49653199315071106,0.23876899480819702,0.01768999919295311
33641,5707831,3298348,0.11940900236368179,0.16532400250434875,0.49373400211334229,0.214028000831604,0.0075059998780488968,899696,0.12361200153827667,0.17276600003242493,0.51454997062683105,0.18581299483776093,0.003258999902755022,696423,0.1038689985871315,0.14201000332832336,0.46723601222038269,0.26930999755859375,0.017573999240994453,384405,0.11676199734210968,0.16179600358009338,0.48668700456619263,0.22335000336170197,0.01140500046312809,284890,0.1287200003862381,0.17290499806404114,0.48517701029777527,0.20586900413036346,0.0073290001600980759,144069,0.1119529977440834,0.13505299389362335,0.49656099081039429,0.23869800567626953,0.01773500069975853
33642,5708053,3298543,0.11941099911928177,0.16532200574874878,0.49371799826622009,0.21402999758720398,0.0075190002098679543,899697,0.1235790029168129,0.172775998711586,0.51456201076507568,0.18580999970436096,0.0032720000017434359,696443,0.10390199720859528,0.14195400476455688,0.46725401282310486,0.26930400729179382,0.017585000023245811,384377,0.11674199998378754,0.16182500123977661,0.48666799068450928,0.22335100173950195,0.011412999592721462,284912,0.12867499887943268,0.17291299998760223,0.48522698879241943,0.20585300028324127,0.0073319999501109123,144081,0.11199299991130829,0.1350490003824234,0.4964979887008667,0.23872700333595276,0.017733000218868256
33643,5708300,3298744,0.11940900236368179,0.16531500220298767,0.49371498823165894,0.21403099596500397,0.0075289998203516006,899713,0.12359300255775452,0.17275300621986389,0.51455599069595337,0.18581600487232208,0.0032820000778883696,696482,0.10385899990797043,0.14196300506591797,0.46729600429534912,0.26928499341011047,0.017596999183297157,384339,0.11673799902200699,0.16183599829673767,0.48667699098587036,0.22332599759101868,0.011421999894082546,284956,0.12865500152111053,0.1729000061750412,0.48526099324226379,0.20583200454711914,0.0073520001024007797,144066,0.11202500015497208,0.13506999611854553,0.49632099270820618,0.23881399631500244,0.017769999802112579
33644,5708516,3298885,0.11941099911928177,0.16531099379062653,0.49371200799942017,0.21403099596500397,0.0075349998660385609,899760,0.12357299774885178,0.17275400459766388,0.51457297801971436,0.18581500649452209,0.0032850001007318497,696505,0.10386399924755096,0.14197699725627899,0.46729600429534912,0.26925298571586609,0.017609000205993652,384307,0.116737000644207,0.16177700459957123,0.48671498894691467,0.2233549952507019,0.011415000073611736,284952,0.12867400050163269,0.17286400496959686,0.48520800471305847,0.20589099824428558,0.0073629999533295631,144107,0.11196500062942505,0.13507300615310669,0.49630498886108398,0.23892000317573547,0.017736999318003654
33645,5708730,3298995,0.11941800266504288,0.1653050035238266,0.49370101094245911,0.21403899788856506,0.0075380001217126846,899783,0.12356899678707123,0.17274299263954163,0.51457297801971436,0.18582800030708313,0.0032870001159608364,696545,0.10384999960660934,0.14195099472999573,0.4673599898815155,0.26921001076698303,0.017629999667406082,384332,0.11669299751520157,0.1618340015411377,0.48669600486755371,0.22336399555206299,0.0114120002835989,284950,0.12869299948215485,0.17294600605964661,0.48510301113128662,0.2058819979429245,0.0073770000599324703,144125,0.11195100098848343,0.13499400019645691,0.4963189959526062,0.2389799952507019,0.017754999920725822
33646,5709023,3299071,0.11943899840116501,0.1652739942073822,0.49370500445365906,0.21403700113296509,0.0075440001673996449,899813,0.1235710009932518,0.17271800339221954,0.51460599899291992,0.18581199645996094,0.003292999928817153,696704,0.10386600345373154,0.14193500578403473,0.46734198927879333,0.26921901106834412,0.017636999487876892,384301,0.11670500040054321,0.16187299787998199,0.48663899302482605,0.22335900366306305,0.011423000134527683,284995,0.12872199714183807,0.17292200028896332,0.48510301113128662,0.20587700605392456,0.0073759998194873333,144139,0.11187800019979477,0.135126993060112,0.496194988489151,0.23901200294494629,0.017788000404834747
33647,5709258,3299283,0.11944299936294556,0.16527999937534332,0.49369901418685913,0.21402999758720398,0.007548999972641468,899840,0.12359900027513504,0.17271299660205841,0.51459801197052002,0.18579299747943878,0.0032969999592751265,696722,0.10385499894618988,0.1418599933385849,0.46745499968528748,0.2691819965839386,0.01764800027012825,384269,0.11663699895143509,0.16181600093841553,0.48667499423027039,0.22342400252819061,0.011447999626398087,284998,0.12877300381660461,0.17292100191116333,0.48506000638008118,0.20586100220680237,0.007385999895632267,144146,0.11192800104618073,0.135126993060112,0.49604600667953491,0.23909799754619598,0.01780099980533123
33648,5709516,3299425,0.11944500356912613,0.16526900231838226,0.49369499087333679,0.21403400599956512,0.0075579998083412647,899858,0.12360700219869614,0.17271800339221954,0.51457899808883667,0.18579000234603882,0.0033050000201910734,696737,0.10382799804210663,0.14189699292182922,0.46743199229240417,0.26919299364089966,0.017649000510573387,384294,0.11666300147771835,0.16178800165653229,0.48669001460075378,0.2233940064907074,0.011464999988675117,285045,0.12880800664424896,0.17288799583911896,0.4851129949092865,0.2057889997959137,0.0074020000174641609,144157,0.11198200285434723,0.13505400717258453,0.49603599309921265,0.2391279935836792,0.017799999564886093
33649,5709749,3299557,0.11942700296640396,0.16527999937534332,0.49369099736213684,0.21403099596500397,0.0075699998997151852,899908,0.12361299991607666,0.17270199954509735,0.5145760178565979,0.18579599261283875,0.0033140000887215137,696780,0.10383900254964828,0.14190700650215149,0.46742400527000427,0.26916399598121643,0.017666000872850418,384301,0.11666599661111832,0.16176599264144897,0.48667800426483154,0.22340799868106842,0.011481000110507011,285029,0.12878300249576569,0.17289100587368011,0.48509401082992554,0.20581799745559692,0.0074129998683929443,144174,0.11208699643611908,0.1350100040435791,0.49609500169754028,0.23903100192546844,0.017776999622583389
33650,5709958,3299708,0.11941199749708176,0.16526499390602112,0.49371999502182007,0.21402299404144287,0.0075799999758601189,899963,0.12363000214099884,0.17269499599933624,0.51455402374267578,0.18580499291419983,0.0033160001039505005,696731,0.10389800369739532,0.14187100529670715,0.46740299463272095,0.26914700865745544,0.017681000754237175,384342,0.11669600009918213,0.16171799600124359,0.48664000630378723,0.22347299754619598,0.011474000290036201,285039,0.1287820041179657,0.17292399704456329,0.48496899008750916,0.2059050053358078,0.0074200001545250416,144175,0.11216200143098831,0.13513399660587311,0.49602898955345154,0.2389180064201355,0.017756000161170959
33651,5710194,3299848,0.11939900368452072,0.16525700688362122,0.49373200535774231,0.21402899920940399,0.0075840000063180923,900042,0.12363799661397934,0.17269299924373627,0.51452797651290894,0.18581900000572205,0.0033219999168068171,696742,0.10388399660587311,0.14189299941062927,0.4673520028591156,0.26916599273681641,0.017704999074339867,384339,0.11670199781656265,0.16173699498176575,0.48665899038314819,0.22343599796295166,0.011466000229120255,285073,0.12880200147628784,0.17290300130844116,0.48502001166343689,0.205827996134758,0.0074470001272857189,144150,0.11217500269412994,0.13512299954891205,0.49595600366592407,0.23895199596881866,0.01779399998486042
33652,5710408,3299948,0.11939699947834015,0.16523000597953796,0.49374699592590332,0.2140360027551651,0.0075900000520050526,900080,0.1236179992556572,0.17268399894237518,0.5145379900932312,0.18583300709724426,0.0033269999548792839,696757,0.10389400273561478,0.14196799695491791,0.46724599599838257,0.26917698979377747,0.017714999616146088,384377,0.1166749969124794,0.16176000237464905,0.48668399453163147,0.22339999675750732,0.011481000110507011,285097,0.12879499793052673,0.17288500070571899,0.48504200577735901,0.20582099258899689,0.0074570002034306526,144149,0.11216200143098831,0.13502000272274017,0.49609801173210144,0.23893299698829651,0.01778700016438961
33653,5710621,3300104,0.11939600110054016,0.16522100567817688,0.49375399947166443,0.21402700245380402,0.007600999902933836,900118,0.12358299642801285,0.17268200218677521,0.51454800367355347,0.18585599958896637,0.0033319999929517508,696749,0.10390300303697586,0.14196500182151794,0.46726000308990479,0.2691589891910553,0.017713999375700951,384374,0.11670900136232376,0.16175399720668793,0.48657599091529846,0.22346200048923492,0.011498999781906605,285150,0.12878499925136566,0.17286999523639679,0.4850820004940033,0.20577600598335266,0.0074869999662041664,144126,0.11219999939203262,0.13510400056838989,0.49599701166152954,0.23891599476337433,0.017782999202609062
33654,5710831,3300241,0.11939600110054016,0.1652120053768158,0.49375900626182556,0.21402700245380402,0.0076060001738369465,900124,0.12359499931335449,0.17265999317169189,0.51455599069595337,0.18584999442100525,0.0033400000538676977,696788,0.10394000262022018,0.14194799959659576,0.46719899773597717,0.26919800043106079,0.017713999375700951,384390,0.11664699763059616,0.16182500123977661,0.48653700947761536,0.22349399328231812,0.011495999991893768,285135,0.1287740021944046,0.17284800112247467,0.48512798547744751,0.20575900375843048,0.0074909999966621399,144153,0.11224199831485748,0.13502299785614014,0.49610498547554016,0.23883000016212463,0.01780099980533123
33655,5711044,3300311,0.11940799653530121,0.16518999636173248,0.49375298619270325,0.2140360027551651,0.0076120002195239067,900166,0.12358299642801285,0.17265799641609192,0.51453697681427002,0.18588000535964966,0.0033420000690966845,696817,0.10393500328063965,0.1419530063867569,0.46721398830413818,0.2691740095615387,0.017722999677062035,384427,0.11666200309991837,0.16186399757862091,0.48645898699760437,0.22351400554180145,0.011500000022351742,285144,0.12875999510288239,0.1728069931268692,0.4852139949798584,0.20571699738502502,0.0075010000728070736,144179,0.11224900186061859,0.13495700061321259,0.49618899822235107,0.23882099986076355,0.017782999202609062
33656,5711301,3300480,0.11940799653530121,0.16518199443817139,0.49375098943710327,0.21404600143432617,0.0076129999943077564,900201,0.12359900027513504,0.17264600098133087,0.51451301574707031,0.1859000027179718,0.0033430000767111778,696869,0.10393600165843964,0.141975998878479,0.4671739935874939,0.26917299628257751,0.017741000279784203,384411,0.11666899919509888,0.16182899475097656,0.48653900623321533,0.22345100343227386,0.011510999873280525,285132,0.12881100177764893,0.17282900214195251,0.48520699143409729,0.2056490033864975,0.0075050001032650471,144208,0.11219199746847153,0.13492299616336823,0.49612399935722351,0.23895299434661865,0.01780799962580204
33657,5711561,3300676,0.11941300332546234,0.16518299281597137,0.4937329888343811,0.21404600143432617,0.0076259998604655266,900222,0.1236099973320961,0.17263999581336975,0.51450401544570923,0.18589200079441071,0.0033549999352544546,696927,0.10393600165843964,0.14196300506591797,0.46724098920822144,0.26911398768424988,0.017744999378919601,384403,0.11661700159311295,0.16186399757862091,0.4865339994430542,0.22347100079059601,0.011513999663293362,285151,0.12884800136089325,0.17281000316143036,0.48515000939369202,0.20568400621414185,0.0075079998932778835,144182,0.11213599890470505,0.13486400246620178,0.49611601233482361,0.23906600475311279,0.017818000167608261
33658,5711776,3300795,0.11940599977970123,0.16517400741577148,0.49373999238014221,0.21404600143432617,0.0076339999213814735,900266,0.12359499931335449,0.17263199388980865,0.51450902223587036,0.18589800596237183,0.0033660000190138817,696962,0.10392999649047852,0.1419530063867569,0.46723100543022156,0.26913100481033325,0.017756000161170959,384393,0.11665400117635727,0.16182899475097656,0.4865800142288208,0.22344599664211273,0.011490999720990658,285172,0.12884500622749329,0.17276200652122498,0.48518800735473633,0.20568600296974182,0.0075179999694228172,144188,0.11218699812889099,0.13480299711227417,0.49614399671554565,0.23906299471855164,0.017803000286221504
33659,5712000,3300917,0.11941199749708176,0.16517500579357147,0.49372199177742004,0.21405099332332611,0.0076399999670684338,900287,0.1235869973897934,0.17262899875640869,0.51450902223587036,0.18590499460697174,0.0033690000418573618,696993,0.10396800190210342,0.14193800091743469,0.46721300482749939,0.26911601424217224,0.017765000462532043,384438,0.11666099727153778,0.16176299750804901,0.48665100336074829,0.22344799339771271,0.011475999839603901,285171,0.12874700129032135,0.17275600135326385,0.48527398705482483,0.20569400489330292,0.0075289998203516006,144194,0.11230699717998505,0.13473500311374664,0.49624800682067871,0.23885899782180786,0.017851000651717186
33660,5712238,3301114,0.1194010004401207,0.16518500447273254,0.49371799826622009,0.2140440046787262,0.0076509998179972172,900316,0.12359499931335449,0.17262700200080872,0.51449501514434814,0.18591099977493286,0.0033710000570863485,696997,0.10399500280618668,0.1419450044631958,0.46714499592781067,0.26913601160049438,0.017779000103473663,384454,0.11664099991321564,0.16167600452899933,0.48675999045372009,0.22345200181007385,0.01147099956870079,285150,0.12872900068759918,0.17272299528121948,0.48531299829483032,0.20569199323654175,0.0075429999269545078,144207,0.11244300007820129,0.13469499349594116,0.49621701240539551,0.23878900706768036,0.017855999991297722
33661,5712497,3301269,0.11940599977970123,0.16517500579357147,0.49371400475502014,0.21404600143432617,0.0076600001193583012,900409,0.12359800189733505,0.1726129949092865,0.51449298858642578,0.18591800332069397,0.0033780001103878021,696974,0.10397700220346451,0.14192600548267365,0.4671739935874939,0.26914098858833313,0.017782999202609062,384435,0.11664900183677673,0.16166099905967712,0.48676100373268127,0.22344699501991272,0.011482000350952148,285189,0.12870100140571594,0.17280499637126923,0.4852679967880249,0.20567800104618073,0.007548999972641468,144221,0.11242499947547913,0.13474500179290771,0.49616199731826782,0.23880000412464142,0.017867999151349068
33662,5712728,3301463,0.11940599977970123,0.16516800224781036,0.49370700120925903,0.21404999494552612,0.0076680001802742481,900476,0.12361600250005722,0.17260099947452545,0.51448500156402588,0.18590900301933289,0.0033889999613165855,696951,0.10398100316524506,0.14192700386047363,0.46714600920677185,0.26916798949241638,0.017776999622583389,384400,0.11664900183677673,0.16165199875831604,0.48680299520492554,0.22341300547122955,0.011482999660074711,285201,0.12869499623775482,0.17285400629043579,0.48522600531578064,0.20567600429058075,0.007548999972641468,144237,0.11248199641704559,0.13481299579143524,0.496163010597229,0.23864200711250305,0.017900999635457993
33663,5712987,3301611,0.11940799653530121,0.16515199840068817,0.49370899796485901,0.21405500173568726,0.0076759997755289078,900538,0.12361399829387665,0.17258800566196442,0.51448899507522583,0.18591399490833282,0.0033950000070035458,696959,0.10398700088262558,0.14192900061607361,0.46712100505828857,0.26917099952697754,0.017791999503970146,384401,0.11657900363206863,0.16176599264144897,0.48679399490356445,0.22337600588798523,0.011485000140964985,285215,0.12874500453472137,0.17279599606990814,0.4852060079574585,0.20569700002670288,0.007555999793112278,144263,0.11251699924468994,0.13469800353050232,0.49623298645019531,0.2386540025472641,0.017898000776767731
33664,5713203,3301738,0.11940400302410126,0.16515399515628815,0.49369800090789795,0.21405999362468719,0.007683000061661005,900588,0.12363500148057938,0.17256100475788116,0.51446402072906494,0.18593700230121613,0.0034030000679194927,696949,0.10398899763822556,0.14192600548267365,0.46714299917221069,0.26914000511169434,0.017802000045776367,384461,0.11650899797677994,0.16175399720668793,0.48680898547172546,0.22342400252819061,0.011504000052809715,285248,0.12878300249576569,0.17279300093650818,0.48520898818969727,0.20566299557685852,0.0075509999878704548,144219,0.11247500032186508,0.13471199572086334,0.49636301398277283,0.23856799304485321,0.017883000895380974
33665,5713413,3301853,0.1194010004401207,0.16514900326728821,0.49370700120925903,0.21405099332332611,0.0076919998973608017,900599,0.12363100051879883,0.17253799736499786,0.5144609808921814,0.18595600128173828,0.0034129999112337828,697000,0.10398700088262558,0.1419139951467514,0.46717900037765503,0.26909199357032776,0.017828000709414482,384468,0.11652500182390213,0.16173000633716583,0.4867900013923645,0.22345900535583496,0.011495999991893768,285281,0.12878899276256561,0.17278400063514709,0.48515000939369202,0.20573799312114716,0.0075400001369416714,144212,0.1125359982252121,0.13479499518871307,0.49620699882507324,0.23856499791145325,0.017897000536322594
33666,5713630,3301908,0.11938799917697906,0.16515800356864929,0.49369901418685913,0.21405500173568726,0.0076990001834928989,900634,0.12363799661397934,0.17253099381923676,0.51443600654602051,0.18597300350666046,0.0034209999721497297,697050,0.10398399829864502,0.14191100001335144,0.46718299388885498,0.26909300684928894,0.01782899908721447,384504,0.11653699725866318,0.16173000633716583,0.48684799671173096,0.22336600720882416,0.011518999934196472,285323,0.12877300381660461,0.17275899648666382,0.48517599701881409,0.20574900507926941,0.0075420001521706581,144211,0.11254300177097321,0.1347540020942688,0.49633499979972839,0.23847700655460358,0.017890000715851784
33667,5713861,3302079,0.11938899755477905,0.16515299677848816,0.49369999766349792,0.21404999494552612,0.0077080000191926956,900664,0.12364000082015991,0.17253300547599792,0.51442497968673706,0.18597500026226044,0.0034270000178366899,697028,0.10398399829864502,0.14193400740623474,0.46714898943901062,0.26910299062728882,0.017829999327659607,384516,0.11651299893856049,0.16173799335956573,0.48686900734901428,0.22333799302577972,0.011541999876499176,285322,0.12875600159168243,0.17268200218677521,0.4852060079574585,0.20578500628471375,0.0075699998997151852,144252,0.11255999654531479,0.13471600413322449,0.49623599648475647,0.23857599496841431,0.017913000658154488
33668,5714077,3302303,0.11938700079917908,0.1651419997215271,0.49370101094245911,0.21404999494552612,0.0077200001105666161,900719,0.12362699955701828,0.17254400253295898,0.51443302631378174,0.18596500158309937,0.0034310000482946634,697009,0.10400299727916718,0.14190599322319031,0.46716499328613281,0.26909801363945007,0.017828000709414482,384474,0.1164729967713356,0.1617950052022934,0.48685500025749207,0.22332799434661865,0.011548000387847424,285314,0.12872500717639923,0.17271800339221954,0.48518800735473633,0.20578700304031372,0.0075810002163052559,144258,0.11260399967432022,0.13471700251102448,0.49611100554466248,0.23866300284862518,0.017905000597238541
33669,5714278,3302355,0.11937499791383743,0.16514299809932709,0.49370101094245911,0.21405200660228729,0.0077289999462664127,900749,0.12361299991607666,0.17254100739955902,0.51444697380065918,0.18595999479293823,0.0034390001092106104,697020,0.1039780005812645,0.14191700518131256,0.46714299917221069,0.26912999153137207,0.017831999808549881,384561,0.11652500182390213,0.1616860032081604,0.48689800500869751,0.22335599362850189,0.011535000056028366,285315,0.12871700525283813,0.17274600267410278,0.48516601324081421,0.20577600598335266,0.0075949998572468758,144278,0.1126440018415451,0.13472600281238556,0.49611899256706238,0.23853899538516998,0.017971999943256378
33670,5714499,3302523,0.11937999725341797,0.16512599587440491,0.49370101094245911,0.21405300498008728,0.0077399997971951962,900779,0.12357600033283234,0.17254999279975891,0.51446199417114258,0.18596599996089935,0.0034459999296814203,697051,0.10399200022220612,0.14192600548267365,0.46713900566101074,0.26911699771881104,0.017824999988079071,384525,0.11654599756002426,0.16165399551391602,0.48690700531005859,0.22335100173950195,0.011541999876499176,285327,0.1287509948015213,0.17273199558258057,0.48514199256896973,0.20577099919319153,0.0076049999333918095,144294,0.11254099756479263,0.13480100035667419,0.49611198902130127,0.23854799568653107,0.017998000606894493
33671,5714738,3302649,0.11937499791383743,0.16512000560760498,0.4937019944190979,0.21405999362468719,0.0077430000528693199,900846,0.12358900159597397,0.17252999544143677,0.51445901393890381,0.18596899509429932,0.0034529999829828739,697116,0.10393500328063965,0.14197200536727905,0.46713700890541077,0.26913198828697205,0.017822999507188797,384540,0.11658599972724915,0.16164000332355499,0.48693200945854187,0.22327500581741333,0.011567000299692154,285330,0.12878100574016571,0.17272600531578064,0.4851050078868866,0.20578600466251373,0.007602000143378973,144257,0.11261200159788132,0.1348080039024353,0.49607300758361816,0.23847000300884247,0.018037000671029091
33672,5714982,3302710,0.11938299983739853,0.16510799527168274,0.49370500445365906,0.21405500173568726,0.0077499998733401299,900889,0.12356399744749069,0.17253999412059784,0.51446002721786499,0.18597899377346039,0.0034590000286698341,697128,0.10396099835634232,0.14198100566864014,0.46711200475692749,0.26911100745201111,0.017835000529885292,384645,0.11661399900913239,0.16158799827098846,0.48693999648094177,0.22328899800777435,0.011568999849259853,285321,0.12880200147628784,0.17272099852561951,0.48506399989128113,0.20580700039863586,0.0076049999333918095,144289,0.11264199763536453,0.1348470002412796,0.49600499868392944,0.23847299814224243,0.018032999709248543
33673,5715198,3302817,0.11938399821519852,0.16509300470352173,0.49370300769805908,0.21406599879264832,0.0077539999037981033,900920,0.12355899810791016,0.17255499958992004,0.51445502042770386,0.18596300482749939,0.0034680000972002745,697146,0.10394199937582016,0.141975998878479,0.46708700060844421,0.26914998888969421,0.017844000831246376,384670,0.11661399900913239,0.1615699976682663,0.48698899149894714,0.22325100004673004,0.011575999669730663,285345,0.12891800701618195,0.17267900705337524,0.48505499958992004,0.20574000477790833,0.0076080001890659332,144300,0.11270300298929214,0.13487899303436279,0.49590399861335754,0.23848900198936462,0.018024999648332596
33674,5715412,3302909,0.11937499791383743,0.16508199274539948,0.49371099472045898,0.21406200528144836,0.0077689997851848602,900960,0.12353300303220749,0.17257499694824219,0.51445502042770386,0.18596400320529938,0.003473999910056591,697147,0.1039389967918396,0.14195899665355682,0.46707499027252197,0.26917099952697754,0.017855999991297722,384718,0.1166440024971962,0.16152900457382202,0.48698300123214722,0.2232619971036911,0.011583000421524048,285343,0.12891900539398193,0.17266899347305298,0.48507899045944214,0.20571400225162506,0.0076190000399947166,144335,0.11272399872541428,0.13493600487709045,0.49588099122047424,0.23844499886035919,0.018014000728726387
33675,5715645,3303045,0.11936400085687637,0.16508899629116058,0.49370598793029785,0.21406100690364838,0.0077809998765587807,901032,0.12356700003147125,0.17255699634552002,0.51441800594329834,0.18598000705242157,0.0034779999405145645,697185,0.10395800322294235,0.1419450044631958,0.46709799766540527,0.2691349983215332,0.017862999811768532,384728,0.11659099906682968,0.16153000295162201,0.48699599504470825,0.22328999638557434,0.011593000032007694,285338,0.12893100082874298,0.17273199558258057,0.48502099514007568,0.20567899942398071,0.0076370001770555973,144317,0.11283499747514725,0.13477300107479095,0.49592199921607971,0.23846800625324249,0.018001999706029892
33676,5715898,3303125,0.11935699731111526,0.1650879979133606,0.49369800090789795,0.21406599879264832,0.0077900001779198647,901087,0.12356700003147125,0.17253400385379791,0.51442199945449829,0.1859930008649826,0.0034839999862015247,697248,0.10395199805498123,0.14195699989795685,0.46706798672676086,0.26915499567985535,0.017868999391794205,384729,0.11664299666881561,0.16150100529193878,0.48700800538063049,0.22325600683689117,0.011593000032007694,285376,0.12893900275230408,0.17277200520038605,0.48497799038887024,0.20564399659633636,0.0076669999398291111,144333,0.11280900239944458,0.13479900360107422,0.49601298570632935,0.23837900161743164,0.017999999225139618
33677,5716160,3303250,0.11936900019645691,0.16507799923419952,0.49369201064109802,0.21406500041484833,0.0077969999983906746,901139,0.12355399876832962,0.17254200577735901,0.51442897319793701,0.18599100410938263,0.0034839999862015247,697288,0.10397599637508392,0.14194700121879578,0.4670569896697998,0.26913100481033325,0.017889000475406647,384745,0.11662799865007401,0.16151200234889984,0.48700600862503052,0.2232699990272522,0.01158399973064661,285383,0.12891100347042084,0.17277799546718597,0.48495900630950928,0.20566700398921967,0.0076839998364448547,144355,0.11268699914216995,0.13489000499248505,0.49593698978424072,0.23842599987983704,0.018060000613331795
33678,5716416,3303443,0.11937200278043747,0.16507600247859955,0.49368500709533691,0.21406500041484833,0.0078030000440776348,901188,0.12355100363492966,0.172543004155159,0.51442301273345947,0.18599599599838257,0.0034870000090450048,697304,0.10398200154304504,0.14193400740623474,0.46709001064300537,0.26910099387168884,0.017892999574542046,384778,0.11660700291395187,0.16155500710010529,0.48696699738502502,0.22326900064945221,0.011601000092923641,285365,0.12892299890518188,0.17274400591850281,0.48494699597358704,0.20569400489330292,0.0076919998973608017,144338,0.11259700357913971,0.13484999537467957,0.49600899219512939,0.23845399916172028,0.018089000135660172
33679,5716659,3303582,0.11937399953603745,0.16506600379943848,0.49367699027061462,0.2140749990940094,0.007807999849319458,901213,0.12354099750518799,0.1725659966468811,0.51440000534057617,0.18599900603294373,0.0034930000547319651,697403,0.10396900027990341,0.1419450044631958,0.46709701418876648,0.26908001303672791,0.01790899969637394,384770,0.11661999672651291,0.16153800487518311,0.48700299859046936,0.22322399914264679,0.011614999733865261,285367,0.12895999848842621,0.17270700633525848,0.48502498865127563,0.20560899376869202,0.0076990001834928989,144324,0.11251799762248993,0.13482899963855743,0.49599498510360718,0.23858800530433655,0.018069999292492867
33680,5716858,3303596,0.11935500055551529,0.16507099568843842,0.49367299675941467,0.21408200263977051,0.007818000391125679,901223,0.12355100363492966,0.17253200709819794,0.51441401243209839,0.18600299954414368,0.0035000001080334187,697466,0.10400500148534775,0.14193999767303467,0.46709901094436646,0.26905399560928345,0.01790199987590313,384824,0.11662500351667404,0.16150200366973877,0.48702499270439148,0.22321100533008575,0.011636000126600266,285370,0.1289059966802597,0.17272000014781952,0.48502999544143677,0.20564199984073639,0.0077019999735057354,144379,0.11250899732112885,0.13486699759960175,0.49598601460456848,0.23858000338077545,0.018056999891996384
33681,5717112,3303690,0.11934500187635422,0.16506600379943848,0.49368101358413696,0.21408499777317047,0.0078220004215836525,901270,0.12355600297451019,0.17253699898719788,0.51440602540969849,0.18599900603294373,0.0035029998980462551,697531,0.10403600335121155,0.14187200367450714,0.46711799502372742,0.26905599236488342,0.017919000238180161,384836,0.11666300147771835,0.16150000691413879,0.48698699474334717,0.22320699691772461,0.011644000187516212,285371,0.12887799739837646,0.1727370023727417,0.48501399159431458,0.20566199719905853,0.0077089997939765453,144414,0.11250299960374832,0.13508400321006775,0.49576199054718018,0.23858499526977539,0.018066000193357468
33682,5717319,3303782,0.1193389967083931,0.16507300734519958,0.49366500973701477,0.21409399807453156,0.0078299995511770248,901309,0.12355799973011017,0.17254799604415894,0.51440298557281494,0.18598499894142151,0.0035059999208897352,697551,0.10405100136995316,0.14184899628162384,0.46711400151252747,0.2690339982509613,0.017951000481843948,384876,0.11667700111865997,0.16152499616146088,0.48699301481246948,0.22314700484275818,0.011657999828457832,285357,0.12886300683021545,0.17271000146865845,0.48504900932312012,0.20568299293518066,0.0076959999278187752,144444,0.11249999701976776,0.13493099808692932,0.49587398767471313,0.23861800134181976,0.018076000735163689
33683,5717533,3303932,0.11932799965143204,0.16506899893283844,0.49366301298141479,0.21409699320793152,0.0078440001234412193,901342,0.12354599684476852,0.17254999279975891,0.51441299915313721,0.1859859973192215,0.0035049999132752419,697596,0.10407699644565582,0.14183600246906281,0.46712601184844971,0.26901200413703918,0.017949000000953674,384876,0.11674900352954865,0.16144199669361115,0.48696699738502502,0.2231840044260025,0.011657999828457832,285379,0.12882499396800995,0.17270700633525848,0.48507100343704224,0.20569500327110291,0.0077019999735057354,144408,0.11252100020647049,0.13502700626850128,0.49576899409294128,0.23858100175857544,0.018100999295711517
33684,5717771,3304061,0.11932700127363205,0.16505099833011627,0.49367800354957581,0.21408699452877045,0.0078570004552602768,901400,0.12354599684476852,0.17253600060939789,0.51441901922225952,0.18598699569702148,0.0035119999665766954,697650,0.10411699861288071,0.14180000126361847,0.46709799766540527,0.26903501152992249,0.017950000241398811,384873,0.11672700196504593,0.16148999333381653,0.48696300387382507,0.22317199409008026,0.011648000217974186,285393,0.12878400087356567,0.17271600663661957,0.48506799340248108,0.20572000741958618,0.0077120000496506691,144394,0.11253199726343155,0.13496400415897369,0.49581000208854675,0.23856900632381439,0.018123999238014221
33685,5718015,3304203,0.11933500319719315,0.16504199802875519,0.49367499351501465,0.21408599615097046,0.0078619997948408127,901431,0.12353800237178802,0.172543004155159,0.5144050121307373,0.1859930008649826,0.0035200000274926424,697626,0.10410399734973907,0.14179700613021851,0.46715900301933289,0.26896899938583374,0.017970999702811241,384949,0.11676099896430969,0.16142700612545013,0.48692399263381958,0.22324000298976898,0.011648000217974186,285425,0.12876200675964355,0.1726830005645752,0.48509800434112549,0.20573900640010834,0.0077180000953376293,144381,0.11260499805212021,0.13493500649929047,0.49575099349021912,0.2385839968919754,0.018125999718904495
33686,5718244,3304368,0.11933699995279312,0.16502100229263306,0.49369800090789795,0.21407400071620941,0.0078699998557567596,901442,0.12353099882602692,0.17255100607872009,0.51437497138977051,0.18602100014686584,0.0035220000427216291,697651,0.10411799699068069,0.14181399345397949,0.46713000535964966,0.26895499229431152,0.017982000485062599,384972,0.11673100292682648,0.16144800186157227,0.48691299557685852,0.22325000166893005,0.011657999828457832,285426,0.12878300249576569,0.17263300716876984,0.48512399196624756,0.20572799444198608,0.0077320002019405365,144385,0.11260899901390076,0.13501399755477905,0.49565398693084717,0.23859800398349762,0.018124999478459358
33687,5718426,3304501,0.11932799965143204,0.16502499580383301,0.49369499087333679,0.21407799422740936,0.0078739998862147331,901464,0.12352400273084641,0.17255499958992004,0.51437801122665405,0.18601599335670471,0.0035280000884085894,697660,0.10413800179958344,0.1417900025844574,0.46713000535964966,0.26894500851631165,0.017997000366449356,384975,0.11675000190734863,0.16144399344921112,0.4868910014629364,0.22325100004673004,0.011663000099360943,285427,0.12877200543880463,0.17261199653148651,0.4851360023021698,0.20574800670146942,0.0077320002019405365,144399,0.11261200159788132,0.13495199382305145,0.49564099311828613,0.23867200314998627,0.018123000860214233
33688,5718664,3304617,0.11932899802923203,0.16501300036907196,0.49370300769805908,0.21407300233840942,0.0078809997066855431,901533,0.12354300171136856,0.17251800000667572,0.514382004737854,0.18602600693702698,0.0035310001112520695,697640,0.10411199927330017,0.14181099832057953,0.46713501214981079,0.26894098520278931,0.018000999465584755,384980,0.11673100292682648,0.16150699555873871,0.48682498931884766,0.22326900064945221,0.011668000370264053,285468,0.12882000207901001,0.17260800302028656,0.48508799076080322,0.20572899281978607,0.0077559999190270901,144426,0.11256299912929535,0.13499599695205688,0.49560299515724182,0.23869700729846954,0.018140999600291252
33689,5718854,3304658,0.11931899935007095,0.16500599682331085,0.49370700120925903,0.21408200263977051,0.0078859999775886536,901581,0.12354200333356857,0.1725039929151535,0.51439398527145386,0.18602199852466583,0.0035379999317228794,697695,0.10409999638795853,0.14182800054550171,0.46711200475692749,0.26896300911903381,0.017996000126004219,384959,0.11679399758577347,0.16151799261569977,0.48681500554084778,0.22319300472736359,0.011679000221192837,285514,0.1288129985332489,0.17262899875640869,0.48508301377296448,0.205703005194664,0.007772000040858984,144447,0.11249800026416779,0.13496300578117371,0.49564200639724731,0.23874500393867493,0.01815200038254261
33690,5719072,3304760,0.11931700259447098,0.16500000655651093,0.49371299147605896,0.21408100426197052,0.007890000008046627,901605,0.12353400141000748,0.17250800132751465,0.51440197229385376,0.18601100146770477,0.0035459999926388264,697747,0.10410500317811966,0.14184699952602386,0.46705499291419983,0.2689799964427948,0.018014000728726387,384998,0.11682700365781784,0.16147899627685547,0.48682901263237,0.22317300736904144,0.011694000102579594,285506,0.12883099913597107,0.1725739985704422,0.48505100607872009,0.20577199757099152,0.007772000040858984,144456,0.11253900080919266,0.13482999801635742,0.49577701091766357,0.2387160062789917,0.018137000501155853
33691,5719300,3304854,0.11931599676609039,0.16500599682331085,0.49370399117469788,0.21407799422740936,0.0078959995880723,901626,0.12352900207042694,0.17250500619411469,0.514382004737854,0.18603500723838806,0.0035490000154823065,697850,0.10412000119686127,0.14183099567890167,0.46706900000572205,0.26895800232887268,0.018022000789642334,385006,0.11681900173425674,0.16148599982261658,0.48677900433540344,0.22320400178432465,0.011711999773979187,285532,0.12882600724697113,0.17255499958992004,0.48506999015808105,0.20577700436115265,0.007770999800413847,144432,0.11246799677610397,0.13478299975395203,0.49577000737190247,0.23879100382328033,0.018187999725341797
33692,5719546,3305015,0.11930199712514877,0.16501200199127197,0.49371200799942017,0.21407300233840942,0.0078999996185302734,901644,0.12353000044822693,0.17250999808311462,0.51437801122665405,0.18602199852466583,0.0035590000916272402,697909,0.10413700342178345,0.14182700216770172,0.46704098582267761,0.26896899938583374,0.01802700012922287,385018,0.11686699837446213,0.16142100095748901,0.48677200078964233,0.22321799397468567,0.011722000315785408,285542,0.1288599967956543,0.17252500355243683,0.48504599928855896,0.20578800141811371,0.0077820001170039177,144418,0.11243099719285965,0.13473400473594666,0.4957830011844635,0.23888300359249115,0.018169000744819641
33693,5719794,3305209,0.11930999904870987,0.16498899459838867,0.4937250018119812,0.21407000720500946,0.007906000129878521,901701,0.12350799888372421,0.1725350022315979,0.51437199115753174,0.18602600693702698,0.0035590000916272402,697857,0.10414899885654449,0.1417900025844574,0.46706598997116089,0.26897498965263367,0.018021000549197197,385058,0.11685799807310104,0.1614689975976944,0.48671901226043701,0.22321300208568573,0.011741000227630138,285525,0.12889599800109863,0.17247900366783142,0.48501899838447571,0.20582099258899689,0.0077860001474618912,144444,0.11249999701976776,0.13461300730705261,0.49574899673461914,0.23893700540065765,0.01820099912583828
33694,5720023,3305417,0.11931099742650986,0.16497999429702759,0.49372100830078125,0.21407400071620941,0.0079129999503493309,901719,0.12349099665880203,0.17253899574279785,0.51436901092529297,0.18603700399398804,0.0035639998968690634,697807,0.10418199747800827,0.14178399741649628,0.46699699759483337,0.26901298761367798,0.018023999407887459,385070,0.11687500029802322,0.16144099831581116,0.48676100373268127,0.22319099307060242,0.011733000166714191,285549,0.12889599800109863,0.17239400744438171,0.4851360023021698,0.20577900111675262,0.0077960002236068249,144461,0.11238300055265427,0.13456200063228607,0.49589899182319641,0.23894999921321869,0.018206000328063965
33695,5720309,3305567,0.11931700259447098,0.16497799754142761,0.49371600151062012,0.2140669971704483,0.0079220002517104149,901770,0.12349499762058258,0.17253600060939789,0.51437199115753174,0.18603399395942688,0.00356299988925457,697847,0.10418300330638885,0.14174200594425201,0.46698799729347229,0.26904600858688354,0.01804099977016449,385074,0.11690499633550644,0.16139499843120575,0.48674300312995911,0.22322499752044678,0.011733000166714191,285583,0.12895700335502625,0.17235299944877625,0.48512700200080872,0.20576499402523041,0.0077979997731745243,144468,0.11242599785327911,0.13457700610160828,0.49588799476623535,0.23888300359249115,0.018224999308586121
33696,5720527,3305661,0.11931899935007095,0.16497200727462769,0.49371001124382019,0.21407400071620941,0.0079250000417232513,901823,0.12348300218582153,0.1725350022315979,0.51436400413513184,0.18605299293994904,0.0035649999044835567,697898,0.10418699681758881,0.14172400534152985,0.46701100468635559,0.26902198791503906,0.018055999651551247,385071,0.11690600216388702,0.16135700047016144,0.48672100901603699,0.22328600287437439,0.011730000376701355,285615,0.12898099422454834,0.17232599854469299,0.48515999317169189,0.20573499798774719,0.0077969999983906746,144459,0.11253699660301208,0.13461300730705261,0.49587100744247437,0.23874600231647491,0.018233999609947205
33697,5720754,3305823,0.11933399736881256,0.16496899724006653,0.49368900060653687,0.2140749990940094,0.0079330001026391983,901832,0.12347999960184097,0.17253999412059784,0.51435297727584839,0.18605899810791016,0.0035679999273270369,697961,0.10416200011968613,0.14170299470424652,0.46704599261283875,0.2690260112285614,0.018062999472022057,385073,0.11687400192022324,0.16132499277591705,0.48669001460075378,0.22337299585342407,0.011738000437617302,285592,0.12899899482727051,0.17231899499893188,0.48518899083137512,0.20568899810314178,0.0078050000593066216,144473,0.11249200254678726,0.13466200232505798,0.4959540069103241,0.23863300681114197,0.018259000033140182
33698,5720988,3306051,0.1193310022354126,0.16496999561786652,0.49368700385093689,0.21407100558280945,0.0079410001635551453,901842,0.12346500158309937,0.17255599796772003,0.5143439769744873,0.18606400489807129,0.0035719999577850103,697964,0.1041560024023056,0.14166299998760223,0.46709400415420532,0.26901501417160034,0.018070999532938004,385039,0.11684499680995941,0.16137099266052246,0.48663899302482605,0.22338999807834625,0.011754999868571758,285597,0.12895800173282623,0.17232699692249298,0.48521199822425842,0.20569199323654175,0.0078119998797774315,144495,0.11255799978971481,0.13465499877929688,0.49591299891471863,0.23866599798202515,0.018208000808954239
33699,5721197,3306150,0.11931599676609039,0.16496600210666656,0.49369901418685913,0.21406799554824829,0.0079500004649162292,901867,0.12348199635744095,0.17254799604415894,0.5143359899520874,0.18605400621891022,0.0035800000187009573,697966,0.10414399951696396,0.1416189968585968,0.46711000800132751,0.26905199885368347,0.018075000494718552,385093,0.11683700233697891,0.16141299903392792,0.48660698533058167,0.22337999939918518,0.011762999929487705,285598,0.12897500395774841,0.17229500412940979,0.48523101210594177,0.20567399263381958,0.007826000452041626,144523,0.11265300214290619,0.13459399342536926,0.49594199657440186,0.23859900236129761,0.018211999908089638
33700,5721445,3306239,0.11932100355625153,0.16496400535106659,0.49370399117469788,0.21405099332332611,0.0079600000753998756,901948,0.12350399792194366,0.17253300547599792,0.51431798934936523,0.18606400489807129,0.0035810000263154507,697908,0.10415100306272507,0.14162799715995789,0.467072993516922,0.26905098557472229,0.018097000196576118,385170,0.11680299788713455,0.16135199368000031,0.48663699626922607,0.22344200313091278,0.011765999719500542,285617,0.12895199656486511,0.17229700088500977,0.48520898818969727,0.20571300387382507,0.0078290002420544624,144563,0.11258099973201752,0.13461999595165253,0.4960399866104126,0.23858100175857544,0.018178999423980713
33701,5721700,3306479,0.11932399868965149,0.1649630069732666,0.49370101094245911,0.2140440046787262,0.0079690003767609596,901995,0.12352599948644638,0.17251800000667572,0.51430600881576538,0.18606099486351013,0.003590000094845891,697863,0.10415399819612503,0.14158700406551361,0.46709001064300537,0.26906999945640564,0.01810000091791153,385164,0.1168150007724762,0.16131600737571716,0.48661598563194275,0.22347399592399597,0.011779000051319599,285637,0.12897500395774841,0.17230300605297089,0.48521700501441956,0.20567700266838074,0.0078280000016093254,144562,0.11246400326490402,0.13469000160694122,0.49605700373649597,0.23858299851417542,0.018207000568509102
33702,5721960,3306669,0.11932200193405151,0.16495999693870544,0.49369600415229797,0.21403999626636505,0.0079809995368123055,902030,0.12354099750518799,0.17250199615955353,0.51428401470184326,0.18608100712299347,0.0035910001024603844,697811,0.10419400036334991,0.1415800005197525,0.46705800294876099,0.26906099915504456,0.018107000738382339,385223,0.1167529970407486,0.16132700443267822,0.48664799332618713,0.22347800433635712,0.011792999692261219,285670,0.12892800569534302,0.17227600514888763,0.48526298999786377,0.20569500327110291,0.0078379996120929718,144557,0.11250200122594833,0.13461799919605255,0.49622601270675659,0.23843899369239807,0.018214000388979912
33703,5722172,3306805,0.11932200193405151,0.16495400667190552,0.49369099736213684,0.21404899656772614,0.0079849995672702789,902068,0.12353400141000748,0.17248900234699249,0.51428902149200439,0.18609499931335449,0.0035929998848587275,697890,0.10420800000429153,0.14158700406551361,0.46703299880027771,0.26904499530792236,0.018125999718904495,385149,0.1167600005865097,0.16129900515079498,0.4866969883441925,0.2234639972448349,0.011780000291764736,285694,0.12888599932193756,0.17219500243663788,0.48532000184059143,0.20574800670146942,0.0078509999439120293,144566,0.11259900033473969,0.13458199799060822,0.49633398652076721,0.23819600045681,0.018288999795913696
33704,5722412,3307001,0.11932999640703201,0.16494600474834442,0.49368798732757568,0.21403999626636505,0.007996000349521637,902075,0.12352299690246582,0.17248199880123138,0.51428800821304321,0.18610900640487671,0.0035979999229311943,697932,0.10420499742031097,0.14159800112247467,0.46702098846435547,0.26901999115943909,0.018154999241232872,385166,0.11676300317049026,0.16126799583435059,0.48671698570251465,0.22348499298095703,0.011765999719500542,285694,0.12885500490665436,0.17216299474239349,0.48534798622131348,0.20577999949455261,0.0078549999743700027,144544,0.11260200291872025,0.13456800580024719,0.49634000658988953,0.23823200166225433,0.018256999552249908
33705,5722643,3307214,0.11933299899101257,0.16494099795818329,0.49367699027061462,0.21404699981212616,0.0080009996891021729,902120,0.12351000308990479,0.17246900498867035,0.51429498195648193,0.18612399697303772,0.0036019999533891678,697928,0.10422399640083313,0.14161600172519684,0.46701699495315552,0.26897299289703369,0.018169000744819641,385173,0.1167289987206459,0.16130900382995605,0.48669600486755371,0.22349999845027924,0.011765999719500542,285673,0.12882199883460999,0.17210599780082703,0.48539400100708008,0.20580500364303589,0.0078729996457695961,144535,0.11259599775075912,0.13454200327396393,0.49645400047302246,0.23815000057220459,0.018259000033140182
33706,5722879,3307397,0.1193230003118515,0.16493299603462219,0.49368199706077576,0.21405099332332611,0.0080099999904632568,902130,0.12351399660110474,0.17245599627494812,0.51430398225784302,0.18612499535083771,0.003599999938160181,697985,0.10426300019025803,0.14159600436687469,0.46700900793075562,0.26895400881767273,0.018177999183535576,385189,0.1167450025677681,0.16132600605487823,0.48665198683738708,0.2234950065612793,0.011780999600887299,285654,0.12885500490665436,0.17208200693130493,0.48543000221252441,0.20576600730419159,0.0078659998252987862,144524,0.11258299648761749,0.13455900549888611,0.49652698636054993,0.23808500170707703,0.0182460006326437
33707,5723119,3307528,0.11932899802923203,0.16492299735546112,0.49368199706077576,0.21404699981212616,0.0080190002918243408,902157,0.12349800020456314,0.17246200144290924,0.5142970085144043,0.18613199889659882,0.0036100000143051147,697994,0.10425899922847748,0.14158399403095245,0.46702298521995544,0.26895099878311157,0.018184000626206398,385208,0.11676499992609024,0.16134899854660034,0.48661500215530396,0.22349199652671814,0.011777999810874462,285678,0.12883700430393219,0.17204000055789948,0.48553600907325745,0.20569700002670288,0.007890000008046627,144554,0.11262200027704239,0.13462099432945251,0.49639600515365601,0.23811900615692139,0.018241999670863152
33708,5723395,3307676,0.11934500187635422,0.16490800678730011,0.49368301033973694,0.2140360027551651,0.0080279996618628502,902198,0.12349800020456314,0.17244000732898712,0.51432299613952637,0.18612000346183777,0.0036190000828355551,698002,0.10425599664449692,0.14158600568771362,0.46699601411819458,0.26898899674415588,0.01817299984395504,385243,0.11672099679708481,0.16138400137424469,0.48656800389289856,0.2235340029001236,0.011792999692261219,285704,0.12884299457073212,0.17205600440502167,0.48553699254989624,0.20566700398921967,0.0078959995880723,144572,0.11267700046300888,0.13443100452423096,0.49655500054359436,0.2381100058555603,0.018225999549031258
33709,5723617,3307861,0.11934600025415421,0.16490800678730011,0.49366301298141479,0.21404600143432617,0.0080369999632239342,902211,0.12348099797964096,0.17246299982070923,0.5143049955368042,0.18612900376319885,0.0036210000980645418,698014,0.10424000024795532,0.14155299961566925,0.46707901358604431,0.2689490020275116,0.018178999423980713,385235,0.11672399938106537,0.16137699782848358,0.48659101128578186,0.22350999712944031,0.01179799996316433,285730,0.12884199619293213,0.17204000055789948,0.48552098870277405,0.20569799840450287,0.007899000309407711,144566,0.11272399872541428,0.13437500596046448,0.49657601118087769,0.23807099461555481,0.018254999071359634
33710,5723846,3307993,0.11934900283813477,0.16490499675273895,0.49365800619125366,0.21404500305652618,0.0080429995432496071,902231,0.1234619989991188,0.17245000600814819,0.51431697607040405,0.18614399433135986,0.0036269999109208584,698038,0.10424900054931641,0.14158999919891357,0.46705299615859985,0.26892700791358948,0.018180999904870987,385298,0.11671999841928482,0.16136300563812256,0.48664900660514832,0.22348199784755707,0.011785999871790409,285730,0.12882100045681,0.17201200127601624,0.48553898930549622,0.20570500195026398,0.0079239998012781143,144556,0.112745001912117,0.13424600660800934,0.49662399291992188,0.23811499774456024,0.018270000815391541
33711,5724086,3308107,0.11934400349855423,0.16489799320697784,0.49365800619125366,0.21404799818992615,0.0080530000850558281,902297,0.12350399792194366,0.17242500185966492,0.5143049955368042,0.18613100051879883,0.0036349999718368053,698083,0.10422299802303314,0.14162099361419678,0.46704301238059998,0.26892799139022827,0.018185999244451523,385369,0.11669900268316269,0.16131000220775604,0.48668399453163147,0.2235179990530014,0.011788999661803246,285709,0.12878799438476562,0.17206299304962158,0.48550400137901306,0.20569899678230286,0.0079450001940131187,144521,0.1128619983792305,0.13423700630664825,0.49652299284934998,0.23808999359607697,0.018287999555468559
33712,5724336,3308150,0.11934500187635422,0.16488699615001678,0.49366599321365356,0.21404300630092621,0.008058999665081501,902352,0.12354899942874908,0.17240700125694275,0.51426500082015991,0.18613700568675995,0.0036420000251382589,698069,0.10419200360774994,0.14166100323200226,0.4670029878616333,0.26894000172615051,0.018205000087618828,385437,0.11668600142002106,0.16127699613571167,0.48673298954963684,0.22350700199604034,0.011796999722719193,285739,0.12879900634288788,0.17204500734806061,0.48547500371932983,0.205718994140625,0.0079619996249675751,144589,0.11294099688529968,0.13427700102329254,0.49639999866485596,0.23806099593639374,0.018321000039577484
33713,5724520,3308208,0.11934199929237366,0.16488499939441681,0.49366199970245361,0.21404799818992615,0.0080639999359846115,902386,0.12356100231409073,0.1723950058221817,0.51426702737808228,0.18612900376319885,0.0036480000708252192,698073,0.10417400300502777,0.14165900647640228,0.46699398756027222,0.26893600821495056,0.018237000331282616,385502,0.11663199961185455,0.16122600436210632,0.48682498931884766,0.22351600229740143,0.011800000444054604,285741,0.12878799438476562,0.17208600044250488,0.48545399308204651,0.20571400225162506,0.0079579995945096016,144610,0.11302799731492996,0.13424399495124817,0.49635601043701172,0.23804000020027161,0.018332000821828842
33714,5724760,3308322,0.1193310022354126,0.16487500071525574,0.49366098642349243,0.21405999362468719,0.0080730002373456955,902441,0.12357799708843231,0.17238800227642059,0.51424902677536011,0.1861329972743988,0.0036520001012831926,698138,0.10417100042104721,0.14164400100708008,0.46695899963378906,0.26897001266479492,0.018255999311804771,385487,0.11664500087499619,0.16127400100231171,0.48683398962020874,0.22345000505447388,0.01179799996316433,285733,0.1287740021944046,0.17212599515914917,0.48545700311660767,0.20567800104618073,0.0079650003463029861,144639,0.11310900002717972,0.13425099849700928,0.4964430034160614,0.23786099255084991,0.018334999680519104
33715,5724978,3308390,0.11932799965143204,0.16486899554729462,0.49364399909973145,0.2140749990940094,0.0080829998478293419,902527,0.12358400225639343,0.17237600684165955,0.51426500082015991,0.18612299859523773,0.0036520001012831926,698165,0.1041719987988472,0.14162300527095795,0.46699100732803345,0.26895499229431152,0.018259000033140182,385508,0.11660200357437134,0.16130100190639496,0.48685398697853088,0.22344300150871277,0.011800000444054604,285747,0.1287820041179657,0.17212399840354919,0.48549899458885193,0.20564700663089752,0.0079479999840259552,144641,0.11318399757146835,0.13424299657344818,0.49642899632453918,0.23778200149536133,0.018363000825047493
33716,5725201,3308590,0.11934100091457367,0.16485500335693359,0.49363398551940918,0.2140830010175705,0.0080880001187324524,902546,0.12357199937105179,0.1723639965057373,0.51425302028656006,0.18615199625492096,0.0036599999293684959,698159,0.10415700078010559,0.14161500334739685,0.46704301238059998,0.26891401410102844,0.018270999193191528,385484,0.11661200225353241,0.16127300262451172,0.48688700795173645,0.22343100607395172,0.01179799996316433,285778,0.12875699996948242,0.17216199636459351,0.48548498749732971,0.20564199984073639,0.0079539995640516281,144644,0.11314000189304352,0.13430899381637573,0.49642598628997803,0.23773500323295593,0.018389999866485596
33717,5725410,3308689,0.11933299899101257,0.16484600305557251,0.4936470091342926,0.21407899260520935,0.0080939996987581253,902601,0.12357699871063232,0.17235499620437622,0.51425302028656006,0.186149001121521,0.0036659999750554562,698173,0.10415499657392502,0.14160799980163574,0.46704301238059998,0.26890501379966736,0.018288999795913696,385488,0.1166440024971962,0.16126599907875061,0.48682999610900879,0.22346200048923492,0.01179799996316433,285811,0.12874899804592133,0.17217700183391571,0.48548498749732971,0.20562499761581421,0.0079629998654127121,144648,0.11314400285482407,0.13432599604129791,0.49628099799156189,0.23781900107860565,0.018431000411510468
33718,5725657,3308863,0.11934900283813477,0.1648389995098114,0.49363899230957031,0.2140669971704483,0.0081049995496869087,902613,0.12357799708843231,0.17233699560165405,0.51427102088928223,0.18614499270915985,0.0036679999902844429,698198,0.10413199663162231,0.14157700538635254,0.46709701418876648,0.26889199018478394,0.018301000818610191,385537,0.11663199961185455,0.16127400100231171,0.48678299784660339,0.22350400686264038,0.011807000264525414,285796,0.12872800230979919,0.17214399576187134,0.48552098870277405,0.20564700663089752,0.0079600000753998756,144650,0.11312100291252136,0.13429699838161469,0.49632200598716736,0.23782899975776672,0.018431000411510468
33719,5725857,3308929,0.11934000253677368,0.16483700275421143,0.49364000558853149,0.2140669971704483,0.0081160003319382668,902637,0.12356899678707123,0.17231699824333191,0.51428097486495972,0.18615899980068207,0.0036740000359714031,698221,0.10412199795246124,0.14158700406551361,0.46711701154708862,0.26887199282646179,0.018301999196410179,385554,0.11668699979782104,0.16124799847602844,0.48671001195907593,0.22353300452232361,0.01182200014591217,285825,0.12869800627231598,0.17215099930763245,0.48554199934005737,0.20563299953937531,0.0079770004376769066,144691,0.11318600177764893,0.13427199423313141,0.49628499150276184,0.23782399296760559,0.018432000651955605
33720,5726107,3309152,0.11933299899101257,0.1648239940404892,0.49363699555397034,0.21408399939537048,0.0081219999119639397,902683,0.12357199937105179,0.17229700088500977,0.5143049955368042,0.18614800274372101,0.0036780000664293766,698260,0.1041250005364418,0.14162500202655792,0.46709400415420532,0.26885101199150085,0.018306000158190727,385499,0.11671599745750427,0.16125300526618958,0.48673799633979797,0.22348399460315704,0.011807999573647976,285797,0.12876600027084351,0.17208699882030487,0.48557499051094055,0.2055789977312088,0.0079920003190636635,144716,0.11319400370121002,0.13436000049114227,0.49610298871994019,0.23788699507713318,0.018456999212503433
33721,5726353,3309254,0.11933699995279312,0.16481700539588928,0.49362701177597046,0.21408399939537048,0.0081340000033378601,902754,0.12356200069189072,0.17228199541568756,0.5143129825592041,0.18616099655628204,0.0036820000968873501,698241,0.1041250005364418,0.14155100286006927,0.46718299388885498,0.26882600784301758,0.018316000699996948,385502,0.11671300232410431,0.16126799583435059,0.48670300841331482,0.22351400554180145,0.01180300023406744,285852,0.12874799966812134,0.17214199900627136,0.48558300733566284,0.20551499724388123,0.0080110002309083939,144750,0.11329899728298187,0.13441799581050873,0.49600699543952942,0.23774799704551697,0.018527999520301819
33722,5726623,3309379,0.11934199929237366,0.16481199860572815,0.4936240017414093,0.21408200263977051,0.0081390002742409706,902799,0.12357199937105179,0.17226600646972656,0.51431399583816528,0.18615399301052094,0.0036929999478161335,698317,0.10413499921560287,0.1415649950504303,0.46714600920677185,0.26882201433181763,0.01833299919962883,385460,0.11670699715614319,0.16121800243854523,0.48676401376724243,0.22352300584316254,0.011788999661803246,285902,0.12872900068759918,0.17216700315475464,0.48552000522613525,0.20555299520492554,0.0080310003831982613,144766,0.11324500292539597,0.13457599282264709,0.4959380030632019,0.23770099878311157,0.018540000542998314
33723,5726852,3309476,0.11934000253677368,0.16479100286960602,0.49361801147460938,0.21410700678825378,0.0081439996138215065,902813,0.12357500195503235,0.17229099571704865,0.51430797576904297,0.18612299859523773,0.0037030000239610672,698384,0.10410299897193909,0.14155000448226929,0.4671739935874939,0.26883500814437866,0.018338000401854515,385481,0.11675000190734863,0.16121399402618408,0.48678100109100342,0.22343799471855164,0.011815999634563923,285940,0.12879300117492676,0.17221100628376007,0.48541700839996338,0.20551499724388123,0.0080650001764297485,144758,0.11326500028371811,0.13460400700569153,0.49602100253105164,0.2375900000333786,0.018520999699831009
33724,5727078,3309674,0.11934600025415421,0.16478000581264496,0.4936160147190094,0.21410900354385376,0.008148999884724617,902844,0.12357799708843231,0.1722559928894043,0.51432102918624878,0.18614499270915985,0.0036989999935030937,698370,0.10410100221633911,0.14158299565315247,0.46714100241661072,0.26880300045013428,0.018372999504208565,385491,0.11675000190734863,0.16121800243854523,0.48679700493812561,0.22341899573802948,0.011815999634563923,285917,0.12878599762916565,0.17220400273799896,0.48542100191116333,0.20553499460220337,0.0080549996346235275,144782,0.11320500075817108,0.13466499745845795,0.49594599008560181,0.23765400052070618,0.01853100024163723
33725,5727293,3309805,0.11933399736881256,0.16477200388908386,0.49362298846244812,0.21411499381065369,0.008156999945640564,902880,0.12359199672937393,0.17222599685192108,0.5143430233001709,0.18613100051879883,0.003708000062033534,698332,0.1041100025177002,0.14159700274467468,0.46707901358604431,0.26883798837661743,0.018377000465989113,385514,0.11676900088787079,0.16124400496482849,0.48682799935340881,0.22334299981594086,0.01181500032544136,285955,0.12876899540424347,0.17219799757003784,0.48543000221252441,0.20552900433540344,0.0080749997869133949,144807,0.11331599950790405,0.13454499840736389,0.49588099122047424,0.23770299553871155,0.018556000664830208
33726,5727530,3309907,0.11932100355625153,0.16476200520992279,0.49362999200820923,0.21412099897861481,0.0081660002470016479,902929,0.12360899895429611,0.17220300436019897,0.51432901620864868,0.18614199757575989,0.0037169998977333307,698311,0.10412599891424179,0.14162899553775787,0.46702998876571655,0.26883301138877869,0.018383000046014786,385601,0.11684399843215942,0.16119299829006195,0.48686599731445312,0.2232850044965744,0.011812999844551086,285965,0.12873999774456024,0.17218500375747681,0.48547500371932983,0.20552900433540344,0.0080709997564554214,144817,0.11337099969387054,0.13460400700569153,0.49577701091766357,0.23766499757766724,0.018581999465823174
33727,5727740,3310049,0.11931599676609039,0.1647610068321228,0.49362701177597046,0.21412500739097595,0.0081709995865821838,902996,0.12360099703073502,0.17222100496292114,0.51429998874664307,0.18615500628948212,0.0037229999434202909,698374,0.10410799831151962,0.14158999919891357,0.46705299615859985,0.26886600255966187,0.018383000046014786,385578,0.11687900125980377,0.16115500032901764,0.48689499497413635,0.22325700521469116,0.011812999844551086,285975,0.12877300381660461,0.17218999564647675,0.48547300696372986,0.20549699664115906,0.008066999725997448,144768,0.11337500065565109,0.13451200723648071,0.49583500623703003,0.23768399655818939,0.018595000728964806
33728,5727966,3310247,0.11931300163269043,0.16474500298500061,0.49364000558853149,0.21412500739097595,0.0081770000979304314,903023,0.12359199672937393,0.17223100364208221,0.51429301500320435,0.18615899980068207,0.0037249999586492777,698407,0.10412000119686127,0.14162099361419678,0.46701100468635559,0.26884898543357849,0.01839900016784668,385567,0.11685899645090103,0.16115200519561768,0.4868989884853363,0.22326099872589111,0.01182899996638298,286007,0.12880800664424896,0.17215700447559357,0.48542898893356323,0.20553299784660339,0.0080730002373456955,144715,0.1134440004825592,0.1345130056142807,0.49576801061630249,0.23768100142478943,0.018595000728964806
33729,5728199,3310437,0.11931400001049042,0.16474500298500061,0.4936240017414093,0.21412999927997589,0.0081869997084140778,903037,0.12361200153827667,0.17219699919223785,0.51429301500320435,0.18616500496864319,0.0037330000195652246,698412,0.10411900281906128,0.14157499372959137,0.46709701418876648,0.26879999041557312,0.018409000709652901,385572,0.11685200035572052,0.16124099493026733,0.48683300614356995,0.22325000166893005,0.01182399969547987,286017,0.12879000604152679,0.17214399576187134,0.4854469895362854,0.20552599430084229,0.0080939996987581253,144724,0.11340899765491486,0.13456599414348602,0.49567499756813049,0.23772099614143372,0.018628999590873718
33730,5728439,3310612,0.11932399868965149,0.16472600400447845,0.4936240017414093,0.21413399279117584,0.0081930002197623253,903052,0.1236250028014183,0.17219699919223785,0.51427799463272095,0.18615399301052094,0.0037450001109391451,698426,0.10413800179958344,0.14158999919891357,0.46706199645996094,0.26878899335861206,0.018420999869704247,385616,0.11680000275373459,0.16133099794387817,0.4868369996547699,0.22320699691772461,0.011824999935925007,286017,0.12876899540424347,0.17206999659538269,0.48552000522613525,0.20555399358272552,0.0080869998782873154,144716,0.11343599855899811,0.13448399305343628,0.49577799439430237,0.23765900731086731,0.018642999231815338
33731,5728663,3310759,0.11932899802923203,0.16471099853515625,0.49362799525260925,0.214137002825737,0.0081949997693300247,903078,0.12360099703073502,0.17218899726867676,0.51430898904800415,0.18614800274372101,0.0037539999466389418,698486,0.10413099825382233,0.14156900346279144,0.46709701418876648,0.26876398921012878,0.018438000231981277,385577,0.11679600179195404,0.16135600209236145,0.48681101202964783,0.22318799793720245,0.011850000359117985,286033,0.12878599762916565,0.17208200693130493,0.48554900288581848,0.20547999441623688,0.0081040002405643463,144730,0.11337699741125107,0.13458900153636932,0.49561899900436401,0.23780100047588348,0.018613999709486961
33732,5728885,3310921,0.11932100355625153,0.1647070050239563,0.49362701177597046,0.21413899958133698,0.0082059996202588081,903119,0.12359599769115448,0.17218300700187683,0.5143200159072876,0.18614299595355988,0.0037579999770969152,698501,0.10414999723434448,0.14154499769210815,0.46709901094436646,0.26877701282501221,0.018428999930620193,385617,0.11675100028514862,0.16140900552272797,0.48679599165916443,0.22316199541091919,0.011881999671459198,286039,0.12884299457073212,0.1720850020647049,0.48552799224853516,0.20542700588703156,0.0081179998815059662,144688,0.11337500065565109,0.13446900248527527,0.49564599990844727,0.23789100348949432,0.018619000911712646
33733,5729127,3311011,0.11930800229310989,0.16471399366855621,0.49362298846244812,0.21414199471473694,0.0082130003720521927,903146,0.12357600033283234,0.17218300700187683,0.51435601711273193,0.18612299859523773,0.0037620000075548887,698493,0.1041409969329834,0.141525998711586,0.46705999970436096,0.26883000135421753,0.018442999571561813,385665,0.11676999926567078,0.16141499578952789,0.48678499460220337,0.22313399612903595,0.011896000243723392,286078,0.12891599535942078,0.17211000621318817,0.48544800281524658,0.20540900528430939,0.0081169996410608292,144734,0.11330399662256241,0.13445399701595306,0.49576500058174133,0.23780900239944458,0.018668999895453453
33734,5729342,3311086,0.11931200325489044,0.16470000147819519,0.49362298846244812,0.21413999795913696,0.0082250004634261131,903172,0.12356600165367126,0.17220300436019897,0.5143510103225708,0.18611499667167664,0.0037660000380128622,698504,0.10413400083780289,0.1415649950504303,0.46704500913619995,0.26880401372909546,0.01845099963247776,385703,0.11676900088787079,0.1613830029964447,0.48682299256324768,0.223130002617836,0.011895000003278255,286133,0.12889100611209869,0.17212300002574921,0.48544201254844666,0.20542199909687042,0.0081219999119639397,144744,0.11331000179052353,0.13444399833679199,0.49570998549461365,0.23788200318813324,0.018654000014066696
33735,5729588,3311282,0.11930499970912933,0.16471099853515625,0.49360901117324829,0.21414199471473694,0.0082339998334646225,903249,0.12355100363492966,0.17220599949359894,0.51437497138977051,0.18609599769115448,0.0037720000836998224,698440,0.10411799699068069,0.14154399931430817,0.46702900528907776,0.26883798837661743,0.018471000716090202,385699,0.11680900305509567,0.16134099662303925,0.48685100674629211,0.22310100495815277,0.011897999793291092,286159,0.12889699637889862,0.17208300530910492,0.48542898893356323,0.20544500648975372,0.0081460000947117805,144759,0.11345099657773972,0.13438199460506439,0.49567899107933044,0.2378229945898056,0.018665999174118042
33736,5729809,3311414,0.11930400133132935,0.16470299661159515,0.49361398816108704,0.21413899958133698,0.00824000034481287,903242,0.12352599948644638,0.17218799889087677,0.51440900564193726,0.18609699606895447,0.0037799999117851257,698493,0.10414399951696396,0.14155599474906921,0.46696999669075012,0.26884698867797852,0.018482999876141548,385767,0.11676499992609024,0.16129399836063385,0.48690798878669739,0.22312399744987488,0.011908999644219875,286142,0.12893900275230408,0.17206500470638275,0.48539900779724121,0.20543600618839264,0.0081599997356534004,144751,0.11347799748182297,0.13440999388694763,0.49560299515724182,0.23782199621200562,0.018687000498175621
33737,5730054,3311570,0.11931200325489044,0.16470000147819519,0.49360701441764832,0.21413399279117584,0.00824700016528368,903265,0.12351199984550476,0.17220200598239899,0.51437497138977051,0.18612499535083771,0.003785999957472086,698500,0.10415499657392502,0.14153200387954712,0.46698799729347229,0.26882201433181763,0.018503999337553978,385795,0.11672300100326538,0.1613209992647171,0.4869610071182251,0.22309300303459167,0.011903000064194202,286128,0.12892800569534302,0.17202399671077728,0.48540499806404114,0.2054779976606369,0.0081639997661113739,144796,0.11342199891805649,0.13439600169658661,0.4956899881362915,0.23781000077724457,0.018681000918149948
33738,5730270,3311777,0.11930599808692932,0.16469199955463409,0.49361398816108704,0.21413199603557587,0.0082569997757673264,903292,0.12352199852466583,0.17219200730323792,0.51436102390289307,0.18612499535083771,0.0038010000716894865,698447,0.10418099910020828,0.14150999486446381,0.46697700023651123,0.26882100105285645,0.018510999158024788,385815,0.116737000644207,0.16131800413131714,0.48690998554229736,0.223130002617836,0.011904999613761902,286112,0.12889699637889862,0.1720380038022995,0.48542898893356323,0.20546099543571472,0.0081749996170401573,144827,0.11345300078392029,0.13434000313282013,0.49566000699996948,0.23784899711608887,0.01869799941778183
33739,5730475,3311928,0.11929800361394882,0.16468499600887299,0.49362298846244812,0.21412700414657593,0.0082670003175735474,903358,0.12352699786424637,0.17219400405883789,0.51433098316192627,0.18613800406455994,0.0038099999073892832,698428,0.10417699813842773,0.14153499901294708,0.46697598695755005,0.26881399750709534,0.018498999997973442,385768,0.11674900352954865,0.16128900647163391,0.48686999082565308,0.22317300736904144,0.011919000186026096,286139,0.12893000245094299,0.17200399935245514,0.48546001315116882,0.20543199777603149,0.0081740003079175949,144854,0.11349999904632568,0.1343419998884201,0.49556100368499756,0.23785999417304993,0.018735999241471291
33740,5730742,3312053,0.11930999904870987,0.16467900574207306,0.49361100792884827,0.21412500739097595,0.0082740001380443573,903371,0.12350399792194366,0.17218500375747681,0.51433902978897095,0.1861560046672821,0.0038159999530762434,698523,0.10420399904251099,0.14150999486446381,0.46695500612258911,0.26882600784301758,0.018504999577999115,385751,0.11671300232410431,0.16129100322723389,0.48691800236701965,0.22315199673175812,0.011927000246942043,286170,0.12893000245094299,0.17201699316501617,0.48544898629188538,0.20542700588703156,0.0081770000979304314,144874,0.11355400085449219,0.13428199291229248,0.49551299214363098,0.23790299892425537,0.018747000023722649
33741,5730971,3312285,0.11930999904870987,0.16467499732971191,0.49360999464988708,0.21412199735641479,0.0082820001989603043,903378,0.12346500158309937,0.17219699919223785,0.51435601711273193,0.18616500496864319,0.0038169999606907368,698548,0.10416900366544724,0.14150799810886383,0.46693900227546692,0.26885899901390076,0.018526000902056694,385751,0.11673100292682648,0.1613290011882782,0.48688700795173645,0.22312100231647491,0.011932999826967716,286158,0.12888999283313751,0.17201699316501617,0.48553898930549622,0.20536899566650391,0.0081839999184012413,144851,0.11357200145721436,0.13424800336360931,0.49558499455451965,0.23787200450897217,0.018722999840974808
33742,5731195,3312527,0.11930499970912933,0.16466100513935089,0.49361899495124817,0.21412700414657593,0.0082879997789859772,903397,0.12347599864006042,0.17219699919223785,0.51431697607040405,0.18619300425052643,0.0038179999683052301,698495,0.10416799783706665,0.14150099456310272,0.46695798635482788,0.26883101463317871,0.018541000783443451,385756,0.11676300317049026,0.16138200461864471,0.48685398697853088,0.22305800020694733,0.011943000368773937,286167,0.12892499566078186,0.17200399935245514,0.485493004322052,0.20538699626922607,0.0081909997388720512,144853,0.11343199759721756,0.13425299525260925,0.49558499455451965,0.23796500265598297,0.01876400038599968
33743,5731414,3312620,0.1193000003695488,0.16465599834918976,0.49363300204277039,0.21412000060081482,0.0082909995689988136,903471,0.12349700182676315,0.17217700183391571,0.51431000232696533,0.18619099259376526,0.0038250000216066837,698568,0.10417299717664719,0.14150899648666382,0.46692898869514465,0.2688240110874176,0.018564000725746155,385743,0.11674600094556808,0.16142599284648895,0.48675200343132019,0.22313299775123596,0.011943000368773937,286173,0.12892900407314301,0.17199699580669403,0.48547598719596863,0.20539699494838715,0.0082010002806782722,144839,0.11348500102758408,0.13422499597072601,0.49550199508666992,0.23804399371147156,0.018744999542832375
33744,5731630,3312731,0.11930199712514877,0.16463999450206757,0.49364000558853149,0.21412299573421478,0.0082949995994567871,903500,0.12349800020456314,0.17216399312019348,0.51430398225784302,0.18620100617408752,0.0038330000825226307,698567,0.10416299849748611,0.14154300093650818,0.46686699986457825,0.26886001229286194,0.018566999584436417,385722,0.11675500124692917,0.16138599812984467,0.48680898547172546,0.2230989933013916,0.011951999738812447,286207,0.12896600365638733,0.17195600271224976,0.48543500900268555,0.20542100071907043,0.0082210004329681396,144903,0.11342799663543701,0.1343110054731369,0.49554499983787537,0.23795899748802185,0.01875700056552887
33745,5731899,3312868,0.11930400133132935,0.16463999450206757,0.4936319887638092,0.21412500739097595,0.0082989996299147606,903534,0.12350299954414368,0.17216500639915466,0.51428598165512085,0.18620899319648743,0.0038370001129806042,698554,0.10417799651622772,0.14149899780750275,0.4668940007686615,0.26883798837661743,0.01858999952673912,385771,0.11676599830389023,0.16138599812984467,0.48678600788116455,0.22309300303459167,0.011967999860644341,286229,0.12900899350643158,0.17190100252628326,0.48539501428604126,0.20546099543571472,0.0082350000739097595,144943,0.11347199976444244,0.13423900306224823,0.49560898542404175,0.23791399598121643,0.018766000866889954
33746,5732152,3313071,0.11930800229310989,0.16462400555610657,0.49363398551940918,0.21412700414657593,0.0083060003817081451,903540,0.12353099882602692,0.17215600609779358,0.51426100730895996,0.18620499968528748,0.0038469999562948942,698613,0.10418400168418884,0.14148999750614166,0.46687701344490051,0.26884400844573975,0.018604999408125877,385779,0.1167529970407486,0.16137500107288361,0.48682799935340881,0.22306300699710846,0.011981000192463398,286195,0.12901000678539276,0.1718440055847168,0.48544201254844666,0.20548200607299805,0.0082219997420907021,144954,0.1134909987449646,0.13422200083732605,0.49564701318740845,0.23786899447441101,0.01877100020647049
33747,5732388,3313247,0.1193000003695488,0.1646140068769455,0.49364000558853149,0.214137002825737,0.0083090001717209816,903561,0.12354499846696854,0.17213700711727142,0.51426398754119873,0.18620799481868744,0.0038469999562948942,698591,0.10421100258827209,0.14146299660205841,0.46683400869369507,0.26887801289558411,0.018612999469041824,385810,0.11677800118923187,0.16139000654220581,0.48684298992156982,0.22297799587249756,0.012010999955236912,286233,0.12895099818706512,0.17187699675559998,0.485493004322052,0.20543399453163147,0.0082449996843934059,144946,0.11347699910402298,0.13421599566936493,0.49562600255012512,0.23788900673389435,0.018792999908328056
33748,5732623,3313477,0.11929500102996826,0.1646060049533844,0.49363300204277039,0.21414999663829803,0.0083159999921917915,903577,0.12354099750518799,0.1721470057964325,0.5142589807510376,0.18619999289512634,0.0038519999943673611,698639,0.10423800349235535,0.14140599966049194,0.46685498952865601,0.26887598633766174,0.018625000491738319,385821,0.11671700328588486,0.16145600378513336,0.48685300350189209,0.22295300662517548,0.012020999565720558,286215,0.128944993019104,0.17189200222492218,0.48552700877189636,0.20539499819278717,0.0082419998943805695,144894,0.11346899718046188,0.13421499729156494,0.49547898769378662,0.23801499605178833,0.018820999190211296
33749,5732871,3313603,0.11930199712514877,0.1645980030298233,0.49362999200820923,0.21414199471473694,0.008326999843120575,903611,0.12355300039052963,0.17214000225067139,0.51425701379776001,0.18619400262832642,0.0038560000248253345,698595,0.10424599796533585,0.14140699803829193,0.46681100130081177,0.26889500021934509,0.018640000373125076,385902,0.11668200045824051,0.16141900420188904,0.48691600561141968,0.22294799983501434,0.012033999897539616,286270,0.12895199656486511,0.17186200618743896,0.48550701141357422,0.20542499423027039,0.0082539999857544899,144890,0.11352799832820892,0.1341090053319931,0.49557599425315857,0.2379940003156662,0.018794000148773193
33750,5733138,3313769,0.11931499838829041,0.1645829975605011,0.49362900853157043,0.21413999795913696,0.0083330003544688225,903672,0.12355700135231018,0.1721390038728714,0.51426297426223755,0.18618500232696533,0.0038560000248253345,698613,0.10421200096607208,0.14147299528121948,0.4667690098285675,0.26888400316238403,0.018660999834537506,385963,0.11671300232410431,0.16137799620628357,0.4868830144405365,0.22297699749469757,0.012047999538481236,286276,0.128944993019104,0.17186899483203888,0.48550999164581299,0.20540300011634827,0.0082719996571540833,144845,0.1135139986872673,0.1339849978685379,0.49565398693084717,0.23809599876403809,0.018750999122858047
33751,5733382,3313978,0.11931300163269043,0.16458199918270111,0.49362298846244812,0.21413899958133698,0.0083429999649524689,903699,0.12354599684476852,0.17213299870491028,0.51427501440048218,0.18618400394916534,0.0038630000781267881,698599,0.10420999675989151,0.1414400041103363,0.46677398681640625,0.26889199018478394,0.018682999536395073,385993,0.11675599962472916,0.16137599945068359,0.48687401413917542,0.22294700145721436,0.012047000229358673,286271,0.12895099818706512,0.17182999849319458,0.48551198840141296,0.20543499290943146,0.0082719996571540833,144842,0.11360699683427811,0.13402199745178223,0.49559500813484192,0.23806600272655487,0.018710000440478325
33752,5733629,3314088,0.11931800097227097,0.16458100080490112,0.49363100528717041,0.21412500739097595,0.0083459997549653053,903780,0.12351600080728531,0.17213599383831024,0.51426702737808228,0.18621000647544861,0.0038719999138265848,698663,0.10421899706125259,0.14145000278949738,0.46677398681640625,0.26885101199150085,0.018705999478697777,385994,0.11674799770116806,0.16134999692440033,0.48682400584220886,0.2230370044708252,0.012041999958455563,286252,0.12889699637889862,0.1718209981918335,0.48548799753189087,0.20551499724388123,0.0082790004089474678,144852,0.11361899971961975,0.13400599360466003,0.49549901485443115,0.23807699978351593,0.018797999247908592
33753,5733825,3314156,0.11930900067090988,0.16457000374794006,0.49362599849700928,0.214137002825737,0.0083579998463392258,903821,0.12351299822330475,0.17212499678134918,0.51427000761032104,0.18621200323104858,0.0038799999747425318,698761,0.10423599928617477,0.14146299660205841,0.4668160080909729,0.26880699396133423,0.0186769999563694,385993,0.11674799770116806,0.16130900382995605,0.48682999610900879,0.22303800284862518,0.012075000442564487,286244,0.12886600196361542,0.17187100648880005,0.48549500107765198,0.20547500252723694,0.0082940002903342247,144850,0.11365599930286407,0.13396599888801575,0.49556800723075867,0.23800499737262726,0.018805999308824539
33754,5734086,3314233,0.11931200325489044,0.16456699371337891,0.49361801147460938,0.21413600444793701,0.0083670001477003098,903877,0.12352000176906586,0.17214100062847137,0.51422500610351562,0.18622699379920959,0.0038880000356584787,698871,0.10421799868345261,0.14144399762153625,0.4668630063533783,0.26878100633621216,0.018694000318646431,385996,0.1167450025677681,0.16132600605487823,0.48680299520492554,0.22305899858474731,0.01206700038164854,286253,0.12892100214958191,0.17185500264167786,0.48541301488876343,0.20549699664115906,0.0083140004426240921,144856,0.11352699995040894,0.13398100435733795,0.49561598896980286,0.23810499906539917,0.018769999966025352
33755,5734309,3314418,0.11931899935007095,0.16456599533557892,0.49360901117324829,0.21413500607013702,0.0083720004186034203,903898,0.12351900339126587,0.17211100459098816,0.51422798633575439,0.18625199794769287,0.0038890000432729721,698879,0.10423000156879425,0.1413860023021698,0.46688199043273926,0.26878800988197327,0.018713999539613724,386007,0.11671499907970428,0.1613290011882782,0.48678699135780334,0.22310200333595276,0.01206700038164854,286275,0.12895999848842621,0.17186999320983887,0.48537600040435791,0.20546999573707581,0.0083240000531077385,144832,0.11349000036716461,0.13393400609493256,0.49567100405693054,0.2381100058555603,0.018794000148773193
33756,5734523,3314428,0.1193000003695488,0.16456599533557892,0.49361699819564819,0.21413999795913696,0.0083779999986290932,903912,0.12352500110864639,0.17207799851894379,0.51424700021743774,0.18625900149345398,0.0038910000585019588,698911,0.10427100211381912,0.14136700332164764,0.46688100695610046,0.26876100897789001,0.018720999360084534,386069,0.11672800034284592,0.16128699481487274,0.48685100674629211,0.22307400405406952,0.012059999629855156,286308,0.1289760023355484,0.1718599945306778,0.48532000184059143,0.20550200343132019,0.0083410004153847694,144895,0.11355800181627274,0.13402099907398224,0.49551698565483093,0.23809699714183807,0.018806999549269676
33757,5734760,3314484,0.11930699646472931,0.16456100344657898,0.49360498785972595,0.21414199471473694,0.0083860000595450401,903950,0.12351900339126587,0.17208300530910492,0.5142359733581543,0.18626399338245392,0.0038980001118034124,698965,0.10426399856805801,0.14136800169944763,0.46684598922729492,0.26879701018333435,0.018725000321865082,386123,0.1167059987783432,0.16125400364398956,0.48690399527549744,0.22305800020694733,0.01207599975168705,286316,0.12897999584674835,0.1718280017375946,0.48537299036979675,0.20546199381351471,0.0083579998463392258,144922,0.11354400217533112,0.13407200574874878,0.49549400806427002,0.23809400200843811,0.018796000629663467
33758,5735010,3314636,0.11930699646472931,0.16455300152301788,0.49359399080276489,0.21415400505065918,0.008391999639570713,903984,0.12352400273084641,0.17209400236606598,0.51422399282455444,0.18624700605869293,0.003911999985575676,699010,0.10427699983119965,0.14135999977588654,0.46685200929641724,0.26878601312637329,0.018725000321865082,386106,0.11666999757289886,0.16124600172042847,0.48700898885726929,0.22298799455165863,0.012086999602615833,286338,0.1289840042591095,0.1718209981918335,0.48534199595451355,0.20548799633979797,0.0083640003576874733,144936,0.11363600194454193,0.13407300412654877,0.49541899561882019,0.23807699978351593,0.01879500038921833
33759,5735253,3314729,0.11930699646472931,0.16454799473285675,0.4935779869556427,0.21416600048542023,0.0084020001813769341,904038,0.12354999780654907,0.17206500470638275,0.51423299312591553,0.18623800575733185,0.0039149997755885124,699107,0.10425300151109695,0.14136500656604767,0.46687701344490051,0.26877701282501221,0.018727999180555344,386081,0.11667799949645996,0.16120199859142303,0.48703500628471375,0.22300000488758087,0.012086000293493271,286346,0.12897300720214844,0.17182700335979462,0.4853920042514801,0.20543700456619263,0.0083710001781582832,144952,0.11373399943113327,0.13411299884319305,0.49532300233840942,0.23805099725723267,0.018779000267386436
33760,5735463,3314870,0.11930300295352936,0.16453500092029572,0.49358499050140381,0.21416600048542023,0.0084109995514154434,904086,0.12355899810791016,0.17204700410366058,0.51424199342727661,0.18623700737953186,0.0039160000160336494,699105,0.10426600277423859,0.14139099419116974,0.4668700098991394,0.26873800158500671,0.018735000863671303,386101,0.11666399985551834,0.16119900345802307,0.4870150089263916,0.22302700579166412,0.01209499966353178,286353,0.12896700203418732,0.17182600498199463,0.4854150116443634,0.20543499290943146,0.0083569996058940887,144948,0.11371699720621109,0.13412399590015411,0.49528101086616516,0.23809200525283813,0.018786000087857246
33761,5735698,3315032,0.11930199712514877,0.16453799605369568,0.49358698725700378,0.21415600180625916,0.0084170000627636909,904099,0.12357500195503235,0.17202800512313843,0.51422202587127686,0.18624700605869293,0.0039280001074075699,699112,0.10426799952983856,0.14135399460792542,0.46690100431442261,0.26874101161956787,0.018736999481916428,386128,0.11664299666881561,0.16117699444293976,0.48699098825454712,0.22308400273323059,0.012105000205338001,286358,0.12892299890518188,0.1718129962682724,0.48545199632644653,0.20544199645519257,0.0083710001781582832,144969,0.11376199871301651,0.13413900136947632,0.49520200490951538,0.23809899389743805,0.018797000870108604
33762,5735920,3315220,0.1192919984459877,0.16452500224113464,0.49360600113868713,0.21415300667285919,0.0084229996427893639,904169,0.12362100183963776,0.17201399803161621,0.51414597034454346,0.18628300726413727,0.0039360001683235168,699067,0.10425200313329697,0.14135399460792542,0.46690800786018372,0.26874399185180664,0.018742000684142113,386164,0.11666800081729889,0.16115400195121765,0.48696699738502502,0.22309200465679169,0.012118999846279621,286356,0.1288750022649765,0.17184199392795563,0.48548001050949097,0.20543700456619263,0.0083670001477003098,144944,0.11379600316286087,0.13417600095272064,0.49523299932479858,0.23798799514770508,0.018806999549269676
33763,5736157,3315419,0.11929699778556824,0.16452400386333466,0.49360901117324829,0.21413800120353699,0.0084319999441504478,904190,0.12361100316047668,0.17197699844837189,0.51418298482894897,0.18628899753093719,0.0039389999583363533,699054,0.10424900054931641,0.14132000505924225,0.46688398718833923,0.26879599690437317,0.018750999122858047,386209,0.11668000370264053,0.16115100681781769,0.48693600296974182,0.22309400141239166,0.012138999998569489,286340,0.1288750022649765,0.17184500396251678,0.48548901081085205,0.20541000366210938,0.0083820000290870667,144945,0.11380899697542191,0.134210005402565,0.49511200189590454,0.23806299269199371,0.018806999549269676
33764,5736400,3315539,0.1193000003695488,0.16451500356197357,0.49360498785972595,0.21414099633693695,0.0084380004554986954,904218,0.12359999865293503,0.17198500037193298,0.5141569972038269,0.18630999326705933,0.00394799979403615,699132,0.10427399724721909,0.14128400385379791,0.46691799163818359,0.26876199245452881,0.018763000145554543,386215,0.11663699895143509,0.16114300489425659,0.48697999119758606,0.22308799624443054,0.012151000089943409,286352,0.12886899709701538,0.17192800343036652,0.48544400930404663,0.20538400113582611,0.0083739999681711197,144944,0.11385799944400787,0.13422399759292603,0.49508100748062134,0.23797500133514404,0.018861999735236168
33765,5736637,3315700,0.11931599676609039,0.16450299322605133,0.49358999729156494,0.21414299309253693,0.0084490003064274788,904272,0.12362000346183777,0.17196500301361084,0.51415199041366577,0.18631500005722046,0.003949000034481287,699108,0.10422900319099426,0.14132000505924225,0.46694201231002808,0.2687470018863678,0.018761999905109406,386207,0.11662700027227402,0.16116000711917877,0.48695600032806396,0.22306700050830841,0.012190000154078007,286383,0.12887999415397644,0.17189200222492218,0.48548600077629089,0.20536099374294281,0.0083799995481967926,144967,0.11375000327825546,0.13411299884319305,0.49529901146888733,0.2379709929227829,0.018866000697016716
33766,5736899,3315861,0.11930599808692932,0.16449399292469025,0.49360001087188721,0.21414199471473694,0.0084579996764659882,904346,0.12363500148057938,0.17196500301361084,0.51415300369262695,0.18629300594329834,0.0039539998397231102,699111,0.10424999892711639,0.14130200445652008,0.46691301465034485,0.26876598596572876,0.018769999966025352,386181,0.11667799949645996,0.16109499335289001,0.48694500327110291,0.22308500111103058,0.01219599973410368,286439,0.12892399728298187,0.17186899483203888,0.48550701141357422,0.20530399680137634,0.0083959996700286865,144961,0.113755002617836,0.13420900702476501,0.49520900845527649,0.23793999850749969,0.018888000398874283
33767,5737136,3315912,0.11930099874734879,0.1644970029592514,0.49359598755836487,0.21414199471473694,0.0084640001878142357,904423,0.12365200370550156,0.17195899784564972,0.5141339898109436,0.18629300594329834,0.0039610001258552074,699143,0.10426600277423859,0.14129400253295898,0.46685299277305603,0.26879900693893433,0.018787000328302383,386253,0.11666200309991837,0.16103699803352356,0.48702800273895264,0.22307099401950836,0.012202000245451927,286475,0.12894299626350403,0.17182299494743347,0.48551198840141296,0.20531299710273743,0.008409000001847744,144930,0.11367599666118622,0.13423700630664825,0.4953559935092926,0.23785300552845001,0.018877999857068062
33768,5737342,3316053,0.11931099742650986,0.1644970029592514,0.49358499050140381,0.21413999795913696,0.0084669999778270721,904427,0.12365200370550156,0.17192499339580536,0.51416200399398804,0.1862960010766983,0.0039650001563131809,699217,0.10425399988889694,0.14126800000667572,0.46687901020050049,0.26878899335861206,0.018810000270605087,386254,0.11665900051593781,0.16099999845027924,0.4870469868183136,0.22309200465679169,0.012202000245451927,286462,0.12896299362182617,0.17185500264167786,0.48546800017356873,0.20530100166797638,0.0084130000323057175,144929,0.11364199966192245,0.1342729926109314,0.49538698792457581,0.23785400390625,0.018843999132514
33769,5737560,3316341,0.11931400001049042,0.1644819974899292,0.49358400702476501,0.21414999663829803,0.0084690004587173462,904473,0.1236720010638237,0.17193000018596649,0.51413100957870483,0.18629300594329834,0.0039739999920129776,699133,0.10423199832439423,0.1412619948387146,0.46691098809242249,0.26877900958061218,0.01881599985063076,386222,0.11667399853467941,0.16097700595855713,0.48698899149894714,0.22313100099563599,0.012229000218212605,286487,0.12898300588130951,0.17176300287246704,0.48555400967597961,0.20528000593185425,0.0084189996123313904,144904,0.11348900198936462,0.13439899682998657,0.49556899070739746,0.23768100142478943,0.018860999494791031
33770,5737805,3316358,0.11930900067090988,0.16447000205516815,0.49359801411628723,0.21414600312709808,0.0084769995883107185,904554,0.12368299812078476,0.17191599309444427,0.51411199569702148,0.18631400167942047,0.0039750002324581146,699240,0.10426899790763855,0.14127899706363678,0.46688801050186157,0.26872599124908447,0.018837999552488327,386250,0.11672800034284592,0.16087000072002411,0.48702400922775269,0.22315600514411926,0.012222999706864357,286500,0.12901900708675385,0.17175200581550598,0.48552501201629639,0.20527699589729309,0.0084260003641247749,144903,0.11346899718046188,0.13431699573993683,0.4954490065574646,0.23791100084781647,0.018853999674320221
33771,5738064,3316522,0.11930800229310989,0.16447000205516815,0.49358698725700378,0.21414899826049805,0.0084849996492266655,904605,0.12370699644088745,0.17189900577068329,0.51412099599838257,0.18629799783229828,0.0039750002324581146,699283,0.10426399856805801,0.14124499261379242,0.46692800521850586,0.26871699094772339,0.018845999613404274,386252,0.11673499643802643,0.16083300113677979,0.48702099919319153,0.22317300736904144,0.012237999588251114,286514,0.12893599271774292,0.17179599404335022,0.48554301261901855,0.20530200004577637,0.0084220003336668015,144888,0.11354299634695053,0.13446900248527527,0.49530699849128723,0.23786599934101105,0.018814999610185623
33772,5738321,3316704,0.11932600289583206,0.16445900499820709,0.4935779869556427,0.21414400637149811,0.0084929997101426125,904662,0.12370400130748749,0.17190499603748322,0.51409101486206055,0.18632400035858154,0.0039760000072419643,699243,0.10426799952983856,0.14124700427055359,0.46693900227546692,0.26869899034500122,0.018845999613404274,386311,0.11668799817562103,0.16086000204086304,0.48706600069999695,0.22312900424003601,0.012257000431418419,286519,0.12892299890518188,0.17180000245571136,0.48552501201629639,0.20530900359153748,0.0084429997950792313,144882,0.11348500102758408,0.13440600037574768,0.49526500701904297,0.23801399767398834,0.018828999251127243
33773,5738547,3316879,0.11932499706745148,0.16446499526500702,0.49357500672340393,0.21413500607013702,0.008500000461935997,904686,0.12371499836444855,0.17189300060272217,0.51410502195358276,0.18630899488925934,0.0039780000224709511,699287,0.10424000024795532,0.14120100438594818,0.46697300672531128,0.26873698830604553,0.018849000334739685,386354,0.11668600142002106,0.16087600588798523,0.48701700568199158,0.22314999997615814,0.012271000072360039,286501,0.12888999283313751,0.17180000245571136,0.48550999164581299,0.20535700023174286,0.0084429997950792313,144840,0.11349800229072571,0.13432799279689789,0.495278000831604,0.23806999623775482,0.018828000873327255
33774,5738809,3316973,0.11934400349855423,0.16444900631904602,0.49356698989868164,0.21412999927997589,0.0085100000724196434,904754,0.12370199710130692,0.17188200354576111,0.51414197683334351,0.18628600239753723,0.0039880000986158848,699387,0.10423099994659424,0.14119899272918701,0.46692898869514465,0.26879000663757324,0.018851000815629959,386376,0.11667899787425995,0.16080999374389648,0.48709499835968018,0.22315299510955811,0.012263000011444092,286491,0.12891200184822083,0.17178900539875031,0.48558199405670166,0.20528000593185425,0.0084370002150535583,144828,0.11354199796915054,0.13437299430370331,0.49521499872207642,0.23802700638771057,0.018843000754714012
33775,5739041,3317050,0.11933600157499313,0.164451003074646,0.49355399608612061,0.21413800120353699,0.0085220001637935638,904830,0.12368399649858475,0.17190000414848328,0.51413702964782715,0.18628799915313721,0.0039909998886287212,699370,0.10425499826669693,0.14117799699306488,0.46694499254226685,0.26876899600028992,0.018852999433875084,386461,0.11665300279855728,0.16081799566745758,0.48708900809288025,0.22317400574684143,0.012264999561011791,286534,0.12892000377178192,0.17181199789047241,0.48551300168037415,0.20530200004577637,0.0084530003368854523,144796,0.11352500319480896,0.13439600169658661,0.49527600407600403,0.2379550039768219,0.018846999853849411
33776,5739250,3317149,0.11933399736881256,0.16443799436092377,0.49355199933052063,0.21414600312709808,0.0085300002247095108,904882,0.12367899715900421,0.1718830019235611,0.51413601636886597,0.18630599975585938,0.0039960001595318317,699394,0.10424300283193588,0.14123399555683136,0.46694698929786682,0.26870501041412354,0.018871000036597252,386466,0.11662299931049347,0.16074900329113007,0.48711898922920227,0.22325900197029114,0.012249000370502472,286552,0.12892599403858185,0.17185400426387787,0.48545798659324646,0.20531700551509857,0.0084450002759695053,144807,0.11355099827051163,0.13441300392150879,0.49534898996353149,0.23778499662876129,0.018900999799370766
33777,5739453,3317243,0.11933600157499313,0.16443000733852386,0.49355098605155945,0.21414299309253693,0.0085399998351931572,904935,0.12365400046110153,0.17190699279308319,0.51413899660110474,0.18629799783229828,0.0040009999647736549,699384,0.1042419970035553,0.14124999940395355,0.46686398983001709,0.26876100897789001,0.018883999437093735,386490,0.11660599708557129,0.16065399348735809,0.48720800876617432,0.22327400743961334,0.012258999980986118,286590,0.12892599403858185,0.17185899615287781,0.48541799187660217,0.20534199476242065,0.0084549998864531517,144811,0.11351300030946732,0.13453400135040283,0.49545300006866455,0.23757900297641754,0.018921000882983208
33778,5739677,3317314,0.11933299899101257,0.16441300511360168,0.49355599284172058,0.21415300667285919,0.0085450001060962677,905014,0.12365300208330154,0.17190299928188324,0.51412498950958252,0.18630899488925934,0.0040099998004734516,699416,0.10427699983119965,0.14118599891662598,0.46689701080322266,0.26873099803924561,0.018908999860286713,386507,0.11661600321531296,0.16068799793720245,0.48717400431632996,0.22326600551605225,0.012256000190973282,286613,0.1289609968662262,0.17186200618743896,0.48535498976707458,0.20536799728870392,0.0084539996460080147,144813,0.11344300210475922,0.13462899625301361,0.49550101161003113,0.2375199943780899,0.018906999379396439
33779,5739938,3317458,0.11934799700975418,0.16440899670124054,0.49354401230812073,0.21414899826049805,0.0085490001365542412,905063,0.1236639991402626,0.17190100252628326,0.5141100287437439,0.18631400167942047,0.0040110000409185886,699482,0.10430599749088287,0.14115999639034271,0.46688398718833923,0.26874500513076782,0.018905000761151314,386474,0.11658699810504913,0.16067300736904144,0.48723599314689636,0.22323599457740784,0.012267000041902065,286620,0.12894099950790405,0.17181999981403351,0.48536700010299683,0.20540100336074829,0.0084710000082850456,144841,0.11338599771261215,0.13458900153636932,0.49559199810028076,0.23749500513076782,0.018937999382615089
33780,5740179,3317569,0.11934900283813477,0.16439299285411835,0.49355500936508179,0.21414799988269806,0.0085549997165799141,905103,0.12366899847984314,0.17190900444984436,0.51408398151397705,0.18631599843502045,0.0040230001322925091,699549,0.10430300235748291,0.14117400348186493,0.46689900755882263,0.26870301365852356,0.018921000882983208,386496,0.11657000333070755,0.1606920063495636,0.48718199133872986,0.22326800227165222,0.012287000194191933,286619,0.12896899878978729,0.17178900539875031,0.48542100191116333,0.20535300672054291,0.0084680002182722092,144843,0.11337099969387054,0.13449700176715851,0.49558499455451965,0.23762300610542297,0.01892399974167347
33781,5740384,3317754,0.1193389967083931,0.16438700258731842,0.49355500936508179,0.21415500342845917,0.0085650002583861351,905106,0.12367700040340424,0.17188799381256104,0.51409399509429932,0.18630599975585938,0.0040339999832212925,699516,0.10431899875402451,0.14115999639034271,0.4668940007686615,0.26870301365852356,0.018922999501228333,386539,0.11660700291395187,0.16067999601364136,0.48721900582313538,0.22320400178432465,0.012291000224649906,286627,0.12893399596214294,0.17179100215435028,0.48546001315116882,0.20532600581645966,0.0084880003705620766,144842,0.11337199807167053,0.13447099924087524,0.49549201130867004,0.23777599632740021,0.018890000879764557
33782,5740622,3317925,0.11933299899101257,0.16438600420951843,0.49355098605155945,0.21416400372982025,0.0085659995675086975,905115,0.12370000034570694,0.17186500132083893,0.51410597562789917,0.18628799915313721,0.0040400000289082527,699478,0.10430900007486343,0.14117200672626495,0.46686801314353943,0.2687079906463623,0.018943000584840775,386605,0.11663299798965454,0.16063399612903595,0.48722100257873535,0.22321200370788574,0.012299000285565853,286647,0.12894999980926514,0.17172299325466156,0.48546099662780762,0.2053540050983429,0.0085119996219873428,144852,0.11339899897575378,0.1344199925661087,0.49556100368499756,0.23773899674415588,0.018881000578403473
33783,5740841,3318164,0.11933200061321259,0.16437000036239624,0.49355900287628174,0.21416699886322021,0.0085730003193020821,905098,0.12370199710130692,0.17184700071811676,0.51412200927734375,0.18628899753093719,0.0040400000289082527,699428,0.1043270006775856,0.14117699861526489,0.46681100130081177,0.26872199773788452,0.018962999805808067,386641,0.11661499738693237,0.16064499318599701,0.4871940016746521,0.22324800491333008,0.012298000045120716,286682,0.12889200448989868,0.17172999680042267,0.48555499315261841,0.20529699325561523,0.0085249999538064003,144828,0.11349300295114517,0.13451099395751953,0.49544999003410339,0.23762699961662292,0.018919000402092934
33784,5741031,3318248,0.1193230003118515,0.16435800492763519,0.49356499314308167,0.21417100727558136,0.0085840001702308655,905129,0.1236950010061264,0.17184799909591675,0.51412498950958252,0.18628300726413727,0.0040489998646080494,699428,0.10435000061988831,0.14117500185966492,0.46677899360656738,0.26874101161956787,0.01895499974489212,386654,0.1166130006313324,0.16065999865531921,0.48719799518585205,0.22322499752044678,0.012303000316023827,286737,0.12882900238037109,0.17176699638366699,0.48553898930549622,0.20531000196933746,0.0085549997165799141,144835,0.11359100043773651,0.1344359964132309,0.49548101425170898,0.23758099973201752,0.018911000341176987
33785,5741277,3318500,0.11931999772787094,0.16434900462627411,0.49356600642204285,0.21417400240898132,0.0085899997502565384,905171,0.12372700124979019,0.17182399332523346,0.51412200927734375,0.18626399338245392,0.0040629999712109566,699453,0.10436300188302994,0.14120300114154816,0.46676498651504517,0.26871600747108459,0.018952999264001846,386628,0.11655899882316589,0.16066600382328033,0.48715299367904663,0.22328400611877441,0.012337000109255314,286727,0.12883000075817108,0.17170999944210052,0.48560801148414612,0.20528599619865417,0.0085659995675086975,144798,0.11353100091218948,0.13437999784946442,0.49556601047515869,0.23762799799442291,0.018895000219345093
33786,5741482,3318656,0.11931999772787094,0.16434599459171295,0.49357199668884277,0.21416300535202026,0.0085990000516176224,905219,0.12372999638319016,0.17181099951267242,0.51412802934646606,0.18626199662685394,0.0040690000168979168,699464,0.10433799773454666,0.14122200012207031,0.46678599715232849,0.26868599653244019,0.018967000767588615,386626,0.11657799780368805,0.16064099967479706,0.48713201284408569,0.22334000468254089,0.0123089998960495,286731,0.12883199751377106,0.17175300419330597,0.48551800847053528,0.20534899830818176,0.0085479998961091042,144786,0.11351200193166733,0.13432900607585907,0.49557998776435852,0.23767499625682831,0.018904000520706177
33787,5741710,3318821,0.11932700127363205,0.16432300209999084,0.49358999729156494,0.21415300667285919,0.0086059998720884323,905260,0.12370999902486801,0.17181600630283356,0.51412302255630493,0.1862809956073761,0.0040699997916817665,699477,0.1043270006775856,0.14122599363327026,0.46676298975944519,0.2687009871006012,0.018983999267220497,386632,0.11660700291395187,0.16063100099563599,0.48706001043319702,0.22337499260902405,0.012326999567449093,286717,0.12884099781513214,0.17175799608230591,0.48550999164581299,0.20533099770545959,0.0085589997470378876,144803,0.11353400349617004,0.13429300487041473,0.49566000699996948,0.23757800459861755,0.018936000764369965
33788,5741928,3319000,0.11932799965143204,0.1643269956111908,0.49358698725700378,0.21414799988269806,0.0086099999025464058,905307,0.12369100004434586,0.17181900143623352,0.51411497592926025,0.18629899621009827,0.0040759998373687267,699394,0.10434699803590775,0.14117400348186493,0.46677801012992859,0.26870399713516235,0.018996000289916992,386651,0.11657299846410751,0.16062299907207489,0.48707699775695801,0.22336900234222412,0.012357000261545181,286741,0.12883099913597107,0.17175400257110596,0.48552501201629639,0.20532099902629852,0.0085690002888441086,144835,0.11341899633407593,0.13432499766349792,0.49559798836708069,0.23771899938583374,0.018938999623060226
33789,5742166,3319158,0.11932499706745148,0.1643189936876297,0.49359101057052612,0.21415300667285919,0.0086120003834366798,905335,0.12368199974298477,0.1718280017375946,0.5140950083732605,0.18631100654602051,0.0040839998982846737,699429,0.10435199737548828,0.14114899933338165,0.4667620062828064,0.26872101426124573,0.019015999510884285,386634,0.11657000333070755,0.16061699390411377,0.48711198568344116,0.22332000732421875,0.012381000444293022,286738,0.12883900105953217,0.17171399295330048,0.48548498749732971,0.20537200570106506,0.0085899997502565384,144872,0.11348599940538406,0.134319007396698,0.49573400616645813,0.23753400146961212,0.018927000463008881
33790,5742398,3319282,0.11932899802923203,0.16431300342082977,0.49357900023460388,0.21416099369525909,0.0086179999634623528,905391,0.12366499751806259,0.1718209981918335,0.5141180157661438,0.18631100654602051,0.0040859999135136604,699366,0.10436999797821045,0.14115799963474274,0.466746985912323,0.26871800422668457,0.019006999209523201,386663,0.11650499701499939,0.16057400405406952,0.4871709942817688,0.22336199879646301,0.012388000264763832,286772,0.12886899709701538,0.17173899710178375,0.4854620099067688,0.20532700419425964,0.0086030000820755959,144924,0.11348699778318405,0.13426299393177032,0.49570098519325256,0.23760700225830078,0.0189410001039505
33791,5742673,3319445,0.11933200061321259,0.16430899500846863,0.49357399344444275,0.21415600180625916,0.0086289998143911362,905415,0.12365200370550156,0.1718129962682724,0.51412802934646606,0.18631699681282043,0.0040910001844167709,699404,0.10437700152397156,0.14114199578762054,0.46674498915672302,0.26872500777244568,0.019012000411748886,386669,0.11648999899625778,0.16059200465679169,0.48718899488449097,0.22335100173950195,0.012377999722957611,286802,0.12887999415397644,0.17173899710178375,0.48540499806404114,0.20535799860954285,0.0086190002039074898,144938,0.11356599628925323,0.13410599529743195,0.49564000964164734,0.23772899806499481,0.018959999084472656
33792,5742906,3319481,0.1193230003118515,0.16430599987506866,0.49357300996780396,0.21416200697422028,0.0086369998753070831,905465,0.12366899847984314,0.1717820018529892,0.51412802934646606,0.18632300198078156,0.0040970002301037312,699470,0.10437999665737152,0.14115999639034271,0.46672499179840088,0.2687230110168457,0.019012000411748886,386682,0.1165039986371994,0.16059400141239166,0.48716500401496887,0.22334599494934082,0.012389999814331532,286847,0.12891200184822083,0.17173300683498383,0.48534199595451355,0.2054159939289093,0.0085969995707273483,144961,0.11356800049543381,0.13407100737094879,0.49585101008415222,0.23754699528217316,0.018964000046253204
33793,5743123,3319480,0.11932100355625153,0.16430099308490753,0.49357199668884277,0.21416300535202026,0.0086420001462101936,905494,0.12367299944162369,0.17177300155162811,0.51412498950958252,0.18632799386978149,0.0041020000353455544,699546,0.10435900092124939,0.14115700125694275,0.46672400832176208,0.26873099803924561,0.01902800053358078,386730,0.11655399948358536,0.16066500544548035,0.48709401488304138,0.22328999638557434,0.012396000325679779,286888,0.12893199920654297,0.17173300683498383,0.48538801074028015,0.20534799993038177,0.0085990000516176224,144985,0.1135220006108284,0.13398599624633789,0.49585801362991333,0.2376520037651062,0.018981000408530235
33794,5743350,3319615,0.11930800229310989,0.16429400444030762,0.49359199404716492,0.21415300667285919,0.0086529999971389771,905522,0.12367100268602371,0.17175699770450592,0.5141410231590271,0.18632799386978149,0.0041029998101294041,699582,0.10438799858093262,0.1411529928445816,0.46666300296783447,0.2687549889087677,0.019040999934077263,386695,0.11655200272798538,0.16067400574684143,0.48710501194000244,0.22327199578285217,0.012396999634802341,286929,0.12889300286769867,0.17170800268650055,0.48539900779724121,0.20538200438022614,0.0086190002039074898,145007,0.11366300284862518,0.13403500616550446,0.49572101235389709,0.23762300610542297,0.018958000466227531
33795,5743574,3319679,0.11930800229310989,0.16428899765014648,0.49358901381492615,0.21415500342845917,0.00865899957716465,905521,0.12365800142288208,0.17174500226974487,0.51416099071502686,0.18632699549198151,0.0041080000810325146,699689,0.1044050008058548,0.14116300642490387,0.46668198704719543,0.26869499683380127,0.01905599981546402,386722,0.11656700074672699,0.16064299643039703,0.48712301254272461,0.22326099872589111,0.012407000176608562,286957,0.12889699637889862,0.17172299325466156,0.4853380024433136,0.20539300143718719,0.0086489999666810036,145006,0.11363700032234192,0.13393199443817139,0.49578601121902466,0.23770700395107269,0.018936999142169952
33796,5743807,3319921,0.11931400001049042,0.1642799973487854,0.49358201026916504,0.21415700018405914,0.0086679998785257339,905532,0.12365999817848206,0.17174999415874481,0.5141720175743103,0.18630999326705933,0.0041080000810325146,699729,0.10439299792051315,0.1411529928445816,0.46667200326919556,0.2687000036239624,0.019082000479102135,386676,0.11654700338840485,0.16062800586223602,0.48715201020240784,0.22326399385929108,0.012408000417053699,286958,0.12890000641345978,0.17169100046157837,0.4853920042514801,0.20537500083446503,0.0086420001462101936,144991,0.1137240007519722,0.1339460015296936,0.49562400579452515,0.2377530038356781,0.018952999264001846
33797,5744056,3320114,0.11931200325489044,0.16427400708198547,0.49357399344444275,0.21416200697422028,0.008678000420331955,905597,0.12368600070476532,0.1717430055141449,0.51416897773742676,0.18628799915313721,0.0041129998862743378,699677,0.10440199822187424,0.1411069929599762,0.46668198704719543,0.26872500777244568,0.019083000719547272,386717,0.11657900363206863,0.16059499979019165,0.48718300461769104,0.22321499884128571,0.012427999638020992,286975,0.12889599800109863,0.17170099914073944,0.48533499240875244,0.20541499555110931,0.00865199975669384,144976,0.11368799954652786,0.13395300507545471,0.49563398957252502,0.23777000606060028,0.01895499974489212
33798,5744337,3320150,0.11932200193405151,0.16426700353622437,0.49356800317764282,0.21415700018405914,0.0086859995499253273,905635,0.12368299812078476,0.17170999944210052,0.51417398452758789,0.18631699681282043,0.0041149999015033245,699760,0.10441900044679642,0.14108599722385406,0.46670401096343994,0.26868501305580139,0.019107000902295113,386745,0.11656799912452698,0.16061499714851379,0.48723798990249634,0.22314700484275818,0.012431999668478966,287000,0.12887799739837646,0.17172500491142273,0.48526498675346375,0.20547699928283691,0.0086549995467066765,145047,0.11373600363731384,0.13387399911880493,0.4954259991645813,0.2379709929227829,0.018993999809026718
33799,5744573,3320372,0.11932600289583206,0.16426299512386322,0.49355098605155945,0.21416500210762024,0.0086949998512864113,905647,0.12369800359010696,0.17167599499225616,0.51419997215270996,0.18630699813365936,0.004118999931961298,699731,0.10440900176763535,0.14106599986553192,0.46670401096343994,0.26871201395988464,0.019109999760985374,386738,0.11651299893856049,0.16061300039291382,0.48725199699401855,0.22316400706768036,0.012458000332117081,287061,0.12886500358581543,0.17172299325466156,0.48528000712394714,0.20548200607299805,0.0086500002071261406,145024,0.1137470006942749,0.13387399911880493,0.4955039918422699,0.23784300684928894,0.019030999392271042
33800,5744817,3320501,0.11932200193405151,0.1642490029335022,0.49356600642204285,0.21415500342845917,0.0087080001831054688,905664,0.12370000034570694,0.17166100442409515,0.51419997215270996,0.18631500005722046,0.0041240002028644085,699769,0.10440299659967422,0.14107400178909302,0.46667000651359558,0.26875299215316772,0.01910099945962429,386748,0.11654400080442429,0.16063700616359711,0.48723998665809631,0.22311699390411377,0.012462999671697617,287069,0.12895500659942627,0.17169000208377838,0.48525300621986389,0.20543499290943146,0.0086669996380805969,145066,0.1136929988861084,0.13389800488948822,0.4955190122127533,0.23785699903964996,0.019032999873161316
33801,5745062,3320639,0.11932600289583206,0.16424000263214111,0.49355500936508179,0.21415899693965912,0.0087190000340342522,905646,0.12369800359010696,0.17166200280189514,0.51418799161911011,0.18631799519062042,0.0041339998133480549,699779,0.10443399846553802,0.14106500148773193,0.46662700176239014,0.26878198981285095,0.019091999158263206,386785,0.11653999984264374,0.16060100495815277,0.48732998967170715,0.22305899858474731,0.012469000183045864,287140,0.12891599535942078,0.17171399295330048,0.48526901006698608,0.20541499555110931,0.0086859995499253273,145073,0.11373600363731384,0.13395300507545471,0.49555099010467529,0.23770099878311157,0.019059000536799431
33802,5745300,3320779,0.11931400001049042,0.16423900425434113,0.49355098605155945,0.2141679972410202,0.0087280003353953362,905696,0.1237030029296875,0.17165400087833405,0.51417398452758789,0.18632699549198151,0.0041430001147091389,699823,0.10446199774742126,0.14103899896144867,0.46663200855255127,0.2687470018863678,0.019121000543236732,386759,0.11656399816274643,0.16056300699710846,0.48734200000762939,0.22305899858474731,0.012473000213503838,287143,0.12891800701618195,0.17173999547958374,0.48530501127243042,0.20534400641918182,0.0086930003017187119,145100,0.11374200135469437,0.13405199348926544,0.4955269992351532,0.2376289963722229,0.01904899999499321
33803,5745514,3320929,0.11930900067090988,0.16423000395298004,0.49356499314308167,0.21416500210762024,0.0087310001254081726,905702,0.12371300160884857,0.17165400087833405,0.51415401697158813,0.18633200228214264,0.0041479999199509621,699835,0.10446999967098236,0.1410290002822876,0.46661600470542908,0.26875299215316772,0.019131999462842941,386761,0.11657299846410751,0.16056899726390839,0.48736301064491272,0.22301100194454193,0.012482999823987484,287198,0.12891800701618195,0.17170700430870056,0.48530599474906921,0.20535999536514282,0.0087080001831054688,145089,0.11364699900150299,0.1340630054473877,0.49554398655891418,0.23771600425243378,0.019029999151825905
33804,5745736,3321136,0.11932200193405151,0.16423100233078003,0.49355301260948181,0.21415899693965912,0.0087369997054338455,905706,0.12369800359010696,0.17163600027561188,0.51415997743606567,0.18635599315166473,0.0041490001603960991,699837,0.10445699840784073,0.14100299775600433,0.46658399701118469,0.26882800459861755,0.019127000123262405,386731,0.11655399948358536,0.16058400273323059,0.48744499683380127,0.22293299436569214,0.012484000064432621,287214,0.12889699637889862,0.17169399559497833,0.48532500863075256,0.20535899698734283,0.0087249996140599251,145112,0.11355400085449219,0.1341170072555542,0.49560299515724182,0.23767800629138947,0.019046999514102936
33805,5745964,3321248,0.11931499838829041,0.16422399878501892,0.49355000257492065,0.2141679972410202,0.0087440004572272301,905741,0.12369900196790695,0.17164500057697296,0.51415598392486572,0.18634900450706482,0.0041510001756250858,699879,0.10447199642658234,0.14095200598239899,0.46658200025558472,0.26885399222373962,0.019139999523758888,386755,0.11655700206756592,0.16062900424003601,0.48744800686836243,0.22286200523376465,0.012504000216722488,287223,0.12893499433994293,0.17165400087833405,0.48536199331283569,0.20531800389289856,0.0087320003658533096,145118,0.11359000205993652,0.13415299355983734,0.49552100896835327,0.23766900599002838,0.019067000597715378
33806,5746227,3321412,0.11931800097227097,0.16421200335025787,0.49355301260948181,0.21416500210762024,0.0087519995868206024,905810,0.12371399998664856,0.17160700261592865,0.5141569972038269,0.186366006731987,0.0041570002213120461,699908,0.1044590026140213,0.14096400141716003,0.46661001443862915,0.2688249945640564,0.019140999764204025,386767,0.11658400297164917,0.16070699691772461,0.48732998967170715,0.22285999357700348,0.012519000098109245,287198,0.12896999716758728,0.17161999642848969,0.48532700538635254,0.2053460031747818,0.0087360003963112831,145132,0.11365500092506409,0.13407799601554871,0.49551400542259216,0.2376600056886673,0.019092999398708344
33807,5746476,3321575,0.11932499706745148,0.16420599818229675,0.49355399608612061,0.21415500342845917,0.0087599996477365494,905767,0.12371700257062912,0.17159900069236755,0.51414799690246582,0.18637600541114807,0.0041600000113248825,699944,0.10444100201129913,0.14095799624919891,0.46662598848342896,0.26883000135421753,0.019144000485539436,386804,0.11655999720096588,0.16068099439144135,0.48730400204658508,0.22290900349617004,0.012546000070869923,287209,0.12892700731754303,0.17161700129508972,0.48543399572372437,0.20527899265289307,0.008743000216782093,145177,0.11372300237417221,0.1340160071849823,0.49542999267578125,0.23773699998855591,0.019093999639153481
33808,5746705,3321736,0.11932399868965149,0.16420300304889679,0.49354299902915955,0.21415999531745911,0.0087700001895427704,905772,0.12370599806308746,0.17157700657844543,0.51417398452758789,0.18637700378894806,0.0041669998317956924,699955,0.10438500344753265,0.14096300303936005,0.46669399738311768,0.26879298686981201,0.019163999706506729,386841,0.11655700206756592,0.16069099307060242,0.48736599087715149,0.22283600270748138,0.012550000101327896,287226,0.1289609968662262,0.17164500057697296,0.48542299866676331,0.20523199439048767,0.0087390001863241196,145175,0.11383499950170517,0.13405899703502655,0.49520200490951538,0.23782999813556671,0.019074000418186188
33809,5746918,3321898,0.11932600289583206,0.16421100497245789,0.49353200197219849,0.21415400505065918,0.0087770000100135803,905819,0.1236800029873848,0.17158900201320648,0.51416599750518799,0.18638999760150909,0.0041740001179277897,699919,0.10441099852323532,0.14092099666595459,0.46668300032615662,0.26880699396133423,0.019178999587893486,386820,0.11649099737405777,0.16069699823856354,0.48744401335716248,0.22280900180339813,0.01255900040268898,287286,0.128944993019104,0.17165499925613403,0.48539799451828003,0.20524799823760986,0.0087540000677108765,145176,0.11379300057888031,0.13413399457931519,0.49525400996208191,0.23772500455379486,0.019093999639153481
33810,5747192,3321983,0.11932700127363205,0.16421400010585785,0.49351701140403748,0.21415899693965912,0.0087829995900392532,905901,0.1237030029296875,0.17158499360084534,0.51413702964782715,0.18639799952507019,0.0041769999079406261,699989,0.10442399978637695,0.1409049928188324,0.46668899059295654,0.26880300045013428,0.019178999587893486,386795,0.1164340004324913,0.16066400706768036,0.48747500777244568,0.22287000715732574,0.012556999921798706,287336,0.12894700467586517,0.17165300250053406,0.48541399836540222,0.20522299408912659,0.0087630003690719604,145188,0.11375600099563599,0.13411599397659302,0.4954339861869812,0.23754699528217316,0.019147999584674835
33811,5747429,3322152,0.1193230003118515,0.1642100065946579,0.4935150146484375,0.21415899693965912,0.0087930001318454742,905962,0.12368699908256531,0.17159399390220642,0.5141260027885437,0.1864050030708313,0.0041869999840855598,699991,0.10442700237035751,0.14089900255203247,0.46665200591087341,0.26880601048469543,0.01921599917113781,386748,0.11639600247144699,0.16069899499416351,0.48751899600028992,0.22284799814224243,0.012538000009953976,287359,0.12895700335502625,0.17168800532817841,0.48541700839996338,0.20518900454044342,0.008748999796807766,145217,0.11378800123929977,0.13408200442790985,0.49549999833106995,0.23748600482940674,0.019144000485539436
33812,5747656,3322302,0.11933200061321259,0.16419599950313568,0.49350398778915405,0.21416300535202026,0.0088050002232193947,905996,0.12369100004434586,0.17157800495624542,0.51413601636886597,0.1863970011472702,0.0041979998350143433,700076,0.10443200170993805,0.14090299606323242,0.4666920006275177,0.2687549889087677,0.019217999652028084,386730,0.11638899892568588,0.16070400178432465,0.48752400279045105,0.22283199429512024,0.012551000341773033,287337,0.12899500131607056,0.17166599631309509,0.48534300923347473,0.20524699985980988,0.008748999796807766,145215,0.113755002617836,0.13404999673366547,0.49555501341819763,0.23746900260448456,0.019171999767422676
33813,5747912,3322395,0.11932499706745148,0.16420699656009674,0.49350100755691528,0.21415600180625916,0.0088109998032450676,906046,0.1236950010061264,0.17157100141048431,0.51411300897598267,0.18641200661659241,0.004209000151604414,700154,0.10440299659967422,0.14089199900627136,0.46668899059295654,0.26878499984741211,0.019231000915169716,386749,0.11645299941301346,0.16069300472736359,0.48746100068092346,0.22282899916172028,0.012563999742269516,287324,0.12904900312423706,0.17160399258136749,0.4853929877281189,0.20521800220012665,0.0087360003963112831,145244,0.11372599750757217,0.13403700292110443,0.49545601010322571,0.23761400580406189,0.019168000668287277
33814,5748132,3322507,0.11931999772787094,0.16420100629329681,0.49350300431251526,0.21415400505065918,0.008821999654173851,906108,0.12369400262832642,0.17153500020503998,0.51412200927734375,0.18643799424171448,0.0042110001668334007,700110,0.10442399978637695,0.14087200164794922,0.46671700477600098,0.26875099539756775,0.019237000495195389,386796,0.11649599671363831,0.1607230007648468,0.48743501305580139,0.22277900576591492,0.012567000463604927,287332,0.1290149986743927,0.17165499925613403,0.48536500334739685,0.20522299408912659,0.008741999976336956,145279,0.11367099732160568,0.13408699631690979,0.49538499116897583,0.23768100142478943,0.019176999107003212
33815,5748360,3322650,0.11931499838829041,0.16421300172805786,0.49348199367523193,0.21416099369525909,0.0088290004059672356,906136,0.1237030029296875,0.17152500152587891,0.51411199569702148,0.18643699586391449,0.0042229997925460339,700120,0.10444100201129913,0.14084599912166595,0.46672698855400085,0.2687549889087677,0.019231000915169716,386829,0.11653199791908264,0.16073299944400787,0.48742198944091797,0.2227260023355484,0.01258699968457222,287342,0.1290069967508316,0.17159000039100647,0.4854699969291687,0.20517399907112122,0.0087599996477365494,145283,0.11363299936056137,0.13399399816989899,0.49546098709106445,0.23770199716091156,0.019210999831557274
33816,5748578,3322722,0.11930800229310989,0.16421699523925781,0.49347600340843201,0.21416500210762024,0.0088339997455477715,906177,0.12370000034570694,0.17150600254535675,0.51412397623062134,0.18644200265407562,0.0042289998382329941,700200,0.10444200038909912,0.14085699617862701,0.46672800183296204,0.26874300837516785,0.019230000674724579,386840,0.11653900146484375,0.16067400574684143,0.48748600482940674,0.22272300720214844,0.012578999623656273,287363,0.12898300588130951,0.17160199582576752,0.48548999428749084,0.20514799654483795,0.0087759997695684433,145276,0.11372800171375275,0.13397300243377686,0.49531900882720947,0.23776799440383911,0.019212000072002411
33817,5748832,3322832,0.11931200325489044,0.16419799625873566,0.49347499012947083,0.21417100727558136,0.0088430000469088554,906226,0.12370499968528748,0.17150199413299561,0.51411199569702148,0.18644900619983673,0.0042309998534619808,700289,0.10441099852323532,0.14090900123119354,0.46672698855400085,0.26871898770332336,0.019232999533414841,386854,0.11654800176620483,0.16068099439144135,0.4874730110168457,0.22272700071334839,0.012570999562740326,287375,0.12899200618267059,0.17154200375080109,0.48554998636245728,0.20513999462127686,0.0087759997695684433,145256,0.11377199739217758,0.13405300676822662,0.49531900882720947,0.23761500418186188,0.019241999834775925
33818,5749053,3322972,0.11930999904870987,0.16418400406837463,0.4934769868850708,0.21417799592018127,0.0088510001078248024,906251,0.12372399866580963,0.17146000266075134,0.51412498950958252,0.18645800650119781,0.0042329998686909676,700311,0.10440099984407425,0.14092199504375458,0.46676298975944519,0.26866599917411804,0.019248999655246735,386940,0.11654499918222427,0.16067899763584137,0.48747101426124573,0.22273699939250946,0.012567999772727489,287377,0.12895600497722626,0.17159299552440643,0.48556399345397949,0.20510299503803253,0.0087829995900392532,145202,0.11377900093793869,0.13406799733638763,0.49522000551223755,0.23769000172615051,0.019241999834775925
33819,5749298,3323150,0.11930199712514877,0.16417799890041351,0.49347800016403198,0.21418699622154236,0.0088550001382827759,906266,0.12373100221157074,0.17145399749279022,0.51411199569702148,0.18646299839019775,0.0042400001548230648,700384,0.10440699756145477,0.14093799889087677,0.46673500537872314,0.26864400506019592,0.01927500031888485,386929,0.11656899750232697,0.16069400310516357,0.48744300007820129,0.22272799909114838,0.01256600022315979,287384,0.12896299362182617,0.17152999341487885,0.48561498522758484,0.20509499311447144,0.0087970001623034477,145185,0.11382699757814407,0.13413900136947632,0.49517500400543213,0.23758000135421753,0.019278999418020248
33820,5749546,3323212,0.11930199712514877,0.16415999829769135,0.49348101019859314,0.21419599652290344,0.0088609997183084488,906338,0.12371700257062912,0.17145100235939026,0.51412802934646606,0.18645800650119781,0.004246000200510025,700434,0.10446800291538239,0.1409280002117157,0.46672099828720093,0.26860299706459045,0.019278999418020248,386953,0.11652600020170212,0.16071499884128571,0.48745501041412354,0.22273199260234833,0.0125730000436306,287395,0.12893399596214294,0.1715410053730011,0.48562398552894592,0.20510099828243256,0.0087999999523162842,145214,0.11381100118160248,0.13423599302768707,0.49511098861694336,0.23751799762248993,0.019323000684380531
33821,5749728,3323256,0.11930400133132935,0.16415199637413025,0.49348101019859314,0.21419599652290344,0.0088670002296566963,906382,0.12371499836444855,0.17142400145530701,0.51413297653198242,0.18647000193595886,0.0042579998262226582,700463,0.10446099936962128,0.14090000092983246,0.46676000952720642,0.26857501268386841,0.019303999841213226,386958,0.1164729967713356,0.16082899272441864,0.48742499947547913,0.22271400690078735,0.012559999711811543,287412,0.12894700467586517,0.17150600254535675,0.48566201329231262,0.20507100224494934,0.0088130002841353416,145257,0.11378499865531921,0.13425199687480927,0.4949989914894104,0.23760600388050079,0.019359000027179718
33822,5749977,3323485,0.11930499970912933,0.16413800418376923,0.4934920072555542,0.2141910046339035,0.0088729998096823692,906440,0.12370599806308746,0.17143000662326813,0.51413297653198242,0.18646599352359772,0.0042650001123547554,700423,0.10448800027370453,0.1408890038728714,0.46671798825263977,0.26859200000762939,0.01931300014257431,386957,0.11638800054788589,0.16082100570201874,0.48742601275444031,0.22278699278831482,0.01257800031453371,287419,0.12899599969387054,0.17146399617195129,0.48565000295639038,0.20506000518798828,0.008829999715089798,145253,0.11381500214338303,0.13435900211334229,0.49504700303077698,0.2374269962310791,0.019352000206708908
33823,5750230,3323696,0.11931099742650986,0.16413399577140808,0.49348700046539307,0.2141910046339035,0.0088759995996952057,906476,0.12370499968528748,0.17140600085258484,0.51414400339126587,0.18647700548171997,0.0042679999023675919,700460,0.10447800159454346,0.14085599780082703,0.46670299768447876,0.26863101124763489,0.019331999123096466,386956,0.1164650022983551,0.1608009934425354,0.48741999268531799,0.22271500527858734,0.012597999535501003,287414,0.12900599837303162,0.17149500548839569,0.48562699556350708,0.20503899455070496,0.0088339997455477715,145228,0.11375900357961655,0.13439600169658661,0.49507001042366028,0.23740600049495697,0.019370000809431076
33824,5750455,3323833,0.11931400001049042,0.16412599384784698,0.49348199367523193,0.21419699490070343,0.0088809998705983162,906535,0.12372100353240967,0.17139999568462372,0.51411902904510498,0.1864829957485199,0.0042779999785125256,700488,0.10448600351810455,0.14086900651454926,0.46666601300239563,0.26863300800323486,0.019347000867128372,386986,0.11639200150966644,0.16084599494934082,0.48742300271987915,0.22274699807167053,0.01259199995547533,287421,0.12897500395774841,0.17147700488567352,0.48568499088287354,0.20502999424934387,0.0088339997455477715,145192,0.11376000195741653,0.1344359964132309,0.49508899450302124,0.2373339980840683,0.019380999729037285
33825,5750666,3323899,0.11930199712514877,0.16413000226020813,0.49348199367523193,0.21419699490070343,0.0088889999315142632,906586,0.1236879974603653,0.17140099406242371,0.51412397623062134,0.18650899827480316,0.0042779999785125256,700518,0.10446599870920181,0.14084999263286591,0.46668800711631775,0.26863700151443481,0.019360000267624855,387030,0.11645600199699402,0.16085299849510193,0.48726201057434082,0.222803995013237,0.012624000199139118,287426,0.12896899878978729,0.17149500548839569,0.48569399118423462,0.2050199955701828,0.008822999894618988,145207,0.11386500298976898,0.13433200120925903,0.49515500664710999,0.23725399374961853,0.01939300075173378
33826,5750929,3324000,0.11930400133132935,0.16412200033664703,0.49349498748779297,0.2141840010881424,0.0088950004428625107,906628,0.12369699776172638,0.17139099538326263,0.51408100128173828,0.18654599785804749,0.0042849997989833355,700575,0.10449299961328506,0.14084899425506592,0.46664801239967346,0.26865199208259583,0.019357999786734581,387033,0.11640100181102753,0.16085700690746307,0.48732298612594604,0.22278200089931488,0.012636999599635601,287459,0.1289680004119873,0.17145699262619019,0.48576301336288452,0.20496499538421631,0.0088459998369216919,145234,0.11389199644327164,0.1343970000743866,0.49500098824501038,0.23727899789810181,0.019431000575423241
33827,5751157,3324239,0.11930999904870987,0.16410699486732483,0.49349099397659302,0.21419200301170349,0.0089010000228881836,906655,0.12367399781942368,0.17139400541782379,0.51410001516342163,0.1865369975566864,0.0042949998751282692,700521,0.10449899733066559,0.14087399840354919,0.46660301089286804,0.26866298913955688,0.019361000508069992,387074,0.11640200018882751,0.16082699596881866,0.48728400468826294,0.22283899784088135,0.012648999691009521,287476,0.12892599403858185,0.17140200734138489,0.48585298657417297,0.20496299862861633,0.0088560003787279129,145192,0.11392500251531601,0.134319007396698,0.49511700868606567,0.23717600107192993,0.019463999196887016
33828,5751341,3324388,0.11930800229310989,0.16411200165748596,0.49347001314163208,0.21419799327850342,0.008911999873816967,906645,0.12364800274372101,0.1713930070400238,0.51409602165222168,0.1865600049495697,0.0043020001612603664,700538,0.10449700057506561,0.14083600044250488,0.46664801239967346,0.26865500211715698,0.019363999366760254,387087,0.11640500277280807,0.16080600023269653,0.48728099465370178,0.22285899519920349,0.012648000381886959,287481,0.12890200316905975,0.17137099802494049,0.48587900400161743,0.20497700572013855,0.0088700000196695328,145202,0.11392399668693542,0.13431599736213684,0.49518600106239319,0.2371319979429245,0.019441999495029449
33829,5751598,3324451,0.11930499970912933,0.16409899294376373,0.49347400665283203,0.21420599520206451,0.0089149996638298035,906747,0.12363599985837936,0.1714089959859848,0.51407897472381592,0.1865680068731308,0.0043069999665021896,700561,0.10453300178050995,0.14085300266742706,0.46664300560951233,0.26858499646186829,0.01938600093126297,387128,0.11642900109291077,0.16078400611877441,0.48721098899841309,0.22291299700737,0.012662000022828579,287511,0.12883700430393219,0.17142300307750702,0.48589399456977844,0.20497000217437744,0.0088759995996952057,145200,0.11394599825143814,0.13425600528717041,0.49529600143432617,0.23705899715423584,0.019441999495029449
33830,5751860,3324589,0.11930800229310989,0.16408500075340271,0.49347800016403198,0.21420800685882568,0.008921000175178051,906806,0.12365599721670151,0.17138199508190155,0.5140870213508606,0.18656100332736969,0.0043139997869729996,700700,0.10451400279998779,0.14086900651454926,0.46664801239967346,0.26857399940490723,0.019394999369978905,387047,0.11648999899625778,0.16073800623416901,0.48713499307632446,0.22294999659061432,0.012687999755144119,287494,0.12885099649429321,0.17147499322891235,0.48588100075721741,0.20493599772453308,0.0088560003787279129,145224,0.11407899856567383,0.13417899608612061,0.49531799554824829,0.23700599372386932,0.019417999312281609
33831,5752103,3324765,0.11931099742650986,0.16407400369644165,0.49347901344299316,0.21421000361442566,0.0089260004460811615,906822,0.12365700304508209,0.17135599255561829,0.51410901546478271,0.18656300008296967,0.0043159998022019863,700649,0.10450299829244614,0.14087399840354919,0.46664300560951233,0.2685680091381073,0.019411999732255936,387104,0.11648000031709671,0.16076299548149109,0.48713800311088562,0.22292500734329224,0.012694000266492367,287527,0.12883700430393219,0.17145200073719025,0.48592999577522278,0.20489899814128876,0.0088830003514885902,145236,0.1141590029001236,0.13408499956130981,0.49526301026344299,0.23704199492931366,0.019450999796390533
33832,5752361,3324896,0.11931899935007095,0.16407099366188049,0.49346399307250977,0.21421299874782562,0.0089330002665519714,906871,0.12364800274372101,0.17134200036525726,0.5141100287437439,0.18657900393009186,0.0043210000731050968,700692,0.10451500117778778,0.14087499678134918,0.46667298674583435,0.26851600408554077,0.01942100003361702,387143,0.11651500314474106,0.16079600155353546,0.48704999685287476,0.22294099628925323,0.01269800029695034,287510,0.12880599498748779,0.17145499587059021,0.48594498634338379,0.20489400625228882,0.0089010000228881836,145249,0.11414899677038193,0.13407300412654877,0.49525299668312073,0.23709599673748016,0.019429000094532967
33833,5752589,3324955,0.11931800097227097,0.16404899954795837,0.49347001314163208,0.21422399580478668,0.0089389998465776443,906907,0.12363699823617935,0.17135299742221832,0.51411300897598267,0.18656900525093079,0.0043279998935759068,700770,0.1045290008187294,0.14087399840354919,0.46670898795127869,0.26844298839569092,0.019443999975919724,387130,0.11649599671363831,0.16082699596881866,0.48700401186943054,0.22297699749469757,0.012695999816060066,287548,0.12880599498748779,0.17145299911499023,0.48596099019050598,0.20488099753856659,0.0088989995419979095,145279,0.11420799791812897,0.13410699367523193,0.49507498741149902,0.23716400563716888,0.019445000216364861
33834,5752814,3325091,0.1193230003118515,0.16403999924659729,0.49347200989723206,0.21422000229358673,0.0089459996670484543,906913,0.12364300340414047,0.17134299874305725,0.51409900188446045,0.18657700717449188,0.0043390002101659775,700841,0.10453300178050995,0.140857994556427,0.46671399474143982,0.26845499873161316,0.019440999254584312,387125,0.11652299761772156,0.16075900197029114,0.48698198795318604,0.22301599383354187,0.01271899975836277,287563,0.12878899276256561,0.17148900032043457,0.4859670102596283,0.20483900606632233,0.0089159999042749405,145281,0.11415799707174301,0.13412599265575409,0.49518498778343201,0.23713399469852448,0.019396999850869179
33835,5753042,3325196,0.11932499706745148,0.16403700411319733,0.49346199631690979,0.21421900391578674,0.0089570004492998123,906905,0.12362899631261826,0.17136600613594055,0.51410198211669922,0.18655799329280853,0.0043440000154078007,700873,0.10454700142145157,0.14088000357151031,0.46665498614311218,0.26845899224281311,0.01945899985730648,387143,0.11648699641227722,0.1607310026884079,0.48706001043319702,0.2229900062084198,0.012732000090181828,287625,0.12878899276256561,0.17151500284671783,0.48593500256538391,0.20485000312328339,0.00891099963337183,145300,0.11412300169467926,0.13410200178623199,0.4952239990234375,0.2371709942817688,0.019380999729037285
33836,5753269,3325388,0.11932600289583206,0.16403700411319733,0.49345600605010986,0.21422100067138672,0.0089609995484352112,906985,0.12361600250005722,0.17136099934577942,0.51412200927734375,0.18654300272464752,0.0043569998815655708,700890,0.10454899817705154,0.14086799323558807,0.46665099263191223,0.26845899224281311,0.019473999738693237,387100,0.11653099954128265,0.16074100136756897,0.48703399300575256,0.22295799851417542,0.012736000120639801,287627,0.12882299721240997,0.17143699526786804,0.4859519898891449,0.20487600564956665,0.00891099963337183,145279,0.11411800235509872,0.13414199650287628,0.49523299932479858,0.23707500100135803,0.019432000815868378
33837,5753508,3325582,0.1193230003118515,0.16402100026607513,0.4934769868850708,0.21421700716018677,0.0089630000293254852,907029,0.1236179992556572,0.17136800289154053,0.51407802104949951,0.18657200038433075,0.0043640001676976681,700859,0.10456699877977371,0.14089299738407135,0.46660500764846802,0.26844900846481323,0.019486000761389732,387108,0.1165509968996048,0.16074100136756897,0.48707100749015808,0.2228890061378479,0.012748000212013721,287671,0.12880699336528778,0.17140400409698486,0.48590201139450073,0.20495299994945526,0.0089339995756745338,145259,0.11414100229740143,0.13410499691963196,0.49533599615097046,0.2369769960641861,0.019440999254584312
33838,5753735,3325602,0.11931999772787094,0.16401399672031403,0.49348199367523193,0.21420800685882568,0.0089760003611445427,907083,0.12361399829387665,0.17135700583457947,0.51408499479293823,0.18657900393009186,0.0043649999424815178,700984,0.10456900298595428,0.14091800153255463,0.46659299731254578,0.2684360146522522,0.019485000520944595,387157,0.11656799912452698,0.16074900329113007,0.48704001307487488,0.22287599742412567,0.012767000123858452,287648,0.12881700694561005,0.17135900259017944,0.48595899343490601,0.20493499934673309,0.0089309997856616974,145261,0.11414600163698196,0.13408300280570984,0.49528801441192627,0.23701499402523041,0.019468000158667564
33839,5753987,3325787,0.11932600289583206,0.16401000320911407,0.49347299337387085,0.21420300006866455,0.0089880004525184631,907116,0.12359700351953506,0.17135100066661835,0.5141029953956604,0.18658000230789185,0.0043689999729394913,700945,0.10455899685621262,0.14091700315475464,0.46652200818061829,0.26850000023841858,0.019502000883221626,387216,0.11655800044536591,0.16071599721908569,0.48710501194000244,0.22284999489784241,0.012771000154316425,287648,0.12882800400257111,0.1713310033082962,0.48596900701522827,0.20494100451469421,0.0089309997856616974,145275,0.1142520010471344,0.1340630054473877,0.49524000287055969,0.23702600598335266,0.019417999312281609
33840,5754229,3325944,0.11931300163269043,0.16401499509811401,0.49348101019859314,0.21419799327850342,0.008992999792098999,907128,0.12359599769115448,0.17136199772357941,0.51409798860549927,0.18657100200653076,0.0043730000033974648,701010,0.10457500070333481,0.14091199636459351,0.46650400757789612,0.26850101351737976,0.019508000463247299,387242,0.11657799780368805,0.16071900725364685,0.48708000779151917,0.2228350043296814,0.012787999585270882,287673,0.12883399426937103,0.171315997838974,0.48597198724746704,0.20493400096893311,0.0089440001174807549,145232,0.11430700123310089,0.13391000032424927,0.49522799253463745,0.23711700737476349,0.019438000395894051
33841,5754475,3326016,0.11932100355625153,0.16400599479675293,0.49347800016403198,0.21419599652290344,0.008999999612569809,907152,0.12360399961471558,0.17136299610137939,0.51405298709869385,0.18660600483417511,0.0043739997781813145,701094,0.10457900166511536,0.14090399444103241,0.46649101376533508,0.26852300763130188,0.019502000883221626,387270,0.11660300195217133,0.16072499752044678,0.48704999685287476,0.22282099723815918,0.012799999676644802,287689,0.12882299721240997,0.17129600048065186,0.48600399494171143,0.20490899682044983,0.0089680003002285957,145254,0.11432400345802307,0.13382099568843842,0.4952700138092041,0.23709499835968018,0.019489999860525131
33842,5754745,3326244,0.11932100355625153,0.16401399672031403,0.49345299601554871,0.21419799327850342,0.0090140001848340034,907156,0.1235790029168129,0.17136700451374054,0.51406002044677734,0.18661099672317505,0.0043830000795423985,701067,0.10460799932479858,0.14091399312019348,0.46648898720741272,0.26848599314689636,0.019502999261021614,387297,0.11660800129175186,0.16069099307060242,0.48704200983047485,0.22284400463104248,0.012814000248908997,287684,0.12880499660968781,0.17130899429321289,0.48599499464035034,0.2049189954996109,0.0089720003306865692,145297,0.11444099992513657,0.13374699652194977,0.49528199434280396,0.23705899715423584,0.019470000639557838
33843,5754990,3326382,0.11931599676609039,0.1640239953994751,0.49344900250434875,0.21419200301170349,0.009019000455737114,907173,0.12359099835157394,0.1713549941778183,0.51406699419021606,0.18660199642181396,0.0043850000947713852,701154,0.10457900166511536,0.14091299474239349,0.46647700667381287,0.26851201057434082,0.019518999382853508,387291,0.11665099859237671,0.16064099967479706,0.48699000477790833,0.22290000319480896,0.012817000038921833,287718,0.12884800136089325,0.17128600180149078,0.48595499992370605,0.20494699478149414,0.0089640002697706223,145272,0.11450900137424469,0.13363899290561676,0.49544999003410339,0.23692800104618073,0.019473999738693237
33844,5755239,3326497,0.11930900067090988,0.16402100026607513,0.49344998598098755,0.21419300138950348,0.0090269995853304863,907200,0.12359099835157394,0.17134800553321838,0.51406401395797729,0.18660299479961395,0.0043939999304711819,701186,0.10459300130605698,0.14092099666595459,0.46643999218940735,0.26851201057434082,0.019533999264240265,387305,0.11658000200986862,0.16064099967479706,0.48701399564743042,0.22294600307941437,0.012818999588489532,287760,0.12892000377178192,0.1712539941072464,0.48592600226402283,0.20492799580097198,0.0089729996398091316,145291,0.11452200263738632,0.13372500240802765,0.49534401297569275,0.23691800236701965,0.019492000341415405
33845,5755491,3326643,0.11932600289583206,0.16400599479675293,0.49344998598098755,0.21418499946594238,0.0090330000966787338,907193,0.12359900027513504,0.17137500643730164,0.51405000686645508,0.18657700717449188,0.0043990002013742924,701251,0.10458900034427643,0.14089800417423248,0.46639201045036316,0.26857000589370728,0.019550999626517296,387360,0.11659199744462967,0.16062100231647491,0.48699700832366943,0.22295799851417542,0.012833000160753727,287755,0.12890100479125977,0.17123900353908539,0.48600399494171143,0.20489299297332764,0.0089619997888803482,145289,0.11449600011110306,0.13374699652194977,0.49538499116897583,0.23689299821853638,0.019478000700473785
33846,5755737,3326806,0.11932700127363205,0.16401299834251404,0.49344301223754883,0.2141759991645813,0.0090410001575946808,907222,0.12358900159597397,0.1713699996471405,0.51405102014541626,0.18658599257469177,0.0044040000066161156,701248,0.10460399836301804,0.14084300398826599,0.46641999483108521,0.26857799291610718,0.019555000588297844,387345,0.11657000333070755,0.16060400009155273,0.48697400093078613,0.22301299870014191,0.0128389997407794,287794,0.12892599403858185,0.17124700546264648,0.48596900701522827,0.20487600564956665,0.0089819999411702156,145322,0.11449699848890305,0.13375100493431091,0.49536201357841492,0.23693600296974182,0.019453000277280807
33847,5755978,3326887,0.11933600157499313,0.16399900615215302,0.49344998598098755,0.21416500210762024,0.0090490002185106277,907280,0.12359499931335449,0.17137700319290161,0.51405197381973267,0.18656499683856964,0.0044109998270869255,701273,0.1045759990811348,0.14086000621318817,0.46641600131988525,0.26858600974082947,0.019563000649213791,387338,0.11658799648284912,0.16061900556087494,0.48689800500869751,0.22304800152778625,0.012846999801695347,287850,0.12896299362182617,0.17123199999332428,0.48588800430297852,0.2049189954996109,0.0089980000630021095,145350,0.11441999673843384,0.13371899724006653,0.49538400769233704,0.23698699474334717,0.019491000100970268
33848,5756211,3326982,0.11932999640703201,0.16399699449539185,0.49345299601554871,0.21416300535202026,0.0090570002794265747,907324,0.12357699871063232,0.17137500643730164,0.51405501365661621,0.18657200038433075,0.0044220001436769962,701287,0.10456100106239319,0.14086399972438812,0.46637499332427979,0.26864001154899597,0.01955999992787838,387385,0.11661999672651291,0.16059499979019165,0.48696300387382507,0.22296200692653656,0.012861000373959541,287879,0.12896700203418732,0.17126299440860748,0.485819011926651,0.20493300259113312,0.0090180002152919769,145354,0.114376001060009,0.13366700708866119,0.49545899033546448,0.23700800538063049,0.019489999860525131
33849,5756436,3327168,0.11932100355625153,0.16400100290775299,0.49344900250434875,0.21417100727558136,0.0090579995885491371,907340,0.12358999997377396,0.17138299345970154,0.51400500535964966,0.186599001288414,0.0044229999184608459,701299,0.10455700010061264,0.14084100723266602,0.466389000415802,0.26862901449203491,0.019584000110626221,387364,0.11665300279855728,0.1605290025472641,0.48696801066398621,0.22296600043773651,0.012884999625384808,287904,0.12901900708675385,0.1712619960308075,0.48578000068664551,0.20490899682044983,0.0090309996157884598,145361,0.11437000334262848,0.13366700708866119,0.49553900957107544,0.23693400621414185,0.019488999620079994
33850,5756689,3327357,0.11933600157499313,0.16398899257183075,0.49345299601554871,0.21415600180625916,0.0090669998899102211,907356,0.12358400225639343,0.17138999700546265,0.51400697231292725,0.18659399449825287,0.0044249999336898327,701371,0.10456699877977371,0.14086000621318817,0.46636199951171875,0.26863500475883484,0.019576000049710274,387380,0.11663500219583511,0.16040800511837006,0.4870699942111969,0.22297699749469757,0.012910000048577785,287915,0.12893000245094299,0.17125900089740753,0.48580300807952881,0.20497399568557739,0.0090340003371238708,145310,0.11445900052785873,0.13367299735546112,0.49547898769378662,0.23687300086021423,0.019517000764608383
33851,5756924,3327505,0.11934100091457367,0.16399100422859192,0.49344399571418762,0.21414799988269806,0.0090749999508261681,907416,0.12360499799251556,0.17136600613594055,0.51399797201156616,0.18660199642181396,0.0044289999641478062,701402,0.10456100106239319,0.14085899293422699,0.4663659930229187,0.26862901449203491,0.019585000351071358,387384,0.1166360005736351,0.16042199730873108,0.48702600598335266,0.22301599383354187,0.012899000197649002,287905,0.12890399992465973,0.17124700546264648,0.48585501313209534,0.20495299994945526,0.0090410001575946808,145312,0.11440899968147278,0.13362999260425568,0.49539598822593689,0.23703500628471375,0.019530000165104866
33852,5757156,3327617,0.11933699995279312,0.16398699581623077,0.49344301223754883,0.21414899826049805,0.009084000252187252,907478,0.12360700219869614,0.17136700451374054,0.51397699117660522,0.18661199510097504,0.0044359997846186161,701402,0.10457800328731537,0.1408350020647049,0.466389000415802,0.26860299706459045,0.019595000892877579,387439,0.11662500351667404,0.16045099496841431,0.48698800802230835,0.22303900122642517,0.012897999957203865,287907,0.12892399728298187,0.17117699980735779,0.48595601320266724,0.20489899814128876,0.0090450001880526543,145313,0.1144149973988533,0.13358700275421143,0.49534499645233154,0.23714299499988556,0.019509999081492424
33853,5757358,3327767,0.11932899802923203,0.16398699581623077,0.4934459924697876,0.21414700150489807,0.009092000313103199,907502,0.12358800321817398,0.17136600613594055,0.51399701833724976,0.1866070032119751,0.0044430000707507133,701405,0.10458199679851532,0.14081700146198273,0.46637400984764099,0.26863101124763489,0.019595999270677567,387436,0.11662799865007401,0.16040800511837006,0.48700898885726929,0.22303600609302521,0.012918000109493732,287937,0.128944993019104,0.1711450070142746,0.48598799109458923,0.20486100018024445,0.0090610003098845482,145311,0.11445800215005875,0.13353399932384491,0.49528899788856506,0.23720799386501312,0.019509999081492424
33854,5757630,3327847,0.11934100091457367,0.16397200524806976,0.4934450089931488,0.21413899958133698,0.0091030001640319824,907526,0.12358900159597397,0.17135299742221832,0.51400697231292725,0.18659999966621399,0.00445199990645051,701478,0.10460899770259857,0.14081600308418274,0.46636500954627991,0.26860898733139038,0.019601000472903252,387489,0.11657100170850754,0.16041000187397003,0.4870460033416748,0.22305400669574738,0.012919000349938869,287966,0.12895600497722626,0.17105799913406372,0.48597800731658936,0.20493400096893311,0.009073999710381031,145324,0.11434400081634521,0.13357099890708923,0.49533501267433167,0.23722900450229645,0.019522000104188919
33855,5757825,3327963,0.11934500187635422,0.16396600008010864,0.49343401193618774,0.21413800120353699,0.0091169998049736023,907528,0.12357400357723236,0.17137500643730164,0.51401400566101074,0.18657499551773071,0.0044619999825954437,701454,0.10456100106239319,0.14080899953842163,0.46643999218940735,0.26857098937034607,0.01961899921298027,387537,0.11662899702787399,0.16040800511837006,0.48693901300430298,0.22310100495815277,0.012923000380396843,287963,0.1288989931344986,0.17107400298118591,0.48598998785018921,0.20497100055217743,0.0090669998899102211,145380,0.11434900015592575,0.13350500166416168,0.49537798762321472,0.23724700510501862,0.019520999863743782
33856,5758001,3328106,0.11933200061321259,0.16395199298858643,0.49344199895858765,0.21414999663829803,0.0091230003163218498,907546,0.12360300123691559,0.1713470071554184,0.51401001214981079,0.18657900393009186,0.004461000207811594,701452,0.10454300045967102,0.14082600176334381,0.46646800637245178,0.2685370147228241,0.019625000655651093,387550,0.11663500219583511,0.1604360044002533,0.48689499497413635,0.22309400141239166,0.012939999811351299,287956,0.12891900539398193,0.17107099294662476,0.4859740138053894,0.20496900379657745,0.0090669998899102211,145391,0.11440899968147278,0.13350200653076172,0.49529901146888733,0.23727099597454071,0.019519999623298645
33857,5758219,3328181,0.1193230003118515,0.16394899785518646,0.49344798922538757,0.21415300667285919,0.0091270003467798233,907610,0.12360899895429611,0.17132200300693512,0.51401197910308838,0.18659000098705292,0.0044669997878372669,701472,0.1045520007610321,0.14083999395370483,0.46646499633789062,0.2684980034828186,0.019646000117063522,387586,0.11668100208044052,0.16042399406433105,0.48684400320053101,0.22310100495815277,0.012949000112712383,287957,0.12898099422454834,0.17103900015354156,0.48591300845146179,0.20499899983406067,0.0090669998899102211,145413,0.11441899836063385,0.13346800208091736,0.49531298875808716,0.2373030036687851,0.019495999440550804
33858,5758446,3328396,0.11932499706745148,0.16394899785518646,0.49344998598098755,0.214137002825737,0.0091380001977086067,907589,0.12360399961471558,0.17130999267101288,0.51402002573013306,0.18660099804401398,0.0044649997726082802,701482,0.10454300045967102,0.14082300662994385,0.46644100546836853,0.26853299140930176,0.019659999758005142,387566,0.11660999804735184,0.16043999791145325,0.48685899376869202,0.22313100099563599,0.012959999963641167,287988,0.12905700504779816,0.17097599804401398,0.48585399985313416,0.20505000650882721,0.0090629998594522476,145425,0.11438199877738953,0.13347099721431732,0.49532100558280945,0.23734599351882935,0.019480999559164047
33859,5758693,3328573,0.1193389967083931,0.16394299268722534,0.49342900514602661,0.21414199471473694,0.0091479998081922531,907636,0.12358000129461288,0.17131400108337402,0.51402997970581055,0.18659999966621399,0.0044749998487532139,701391,0.10457099974155426,0.14077900350093842,0.46649599075317383,0.26848900318145752,0.019664999097585678,387637,0.11658100038766861,0.16045700013637543,0.48687300086021423,0.22312399744987488,0.01296599954366684,287989,0.12905000150203705,0.17094099521636963,0.48585501313209534,0.2050739973783493,0.0090800002217292786,145467,0.11430799961090088,0.13350099325180054,0.49528801441192627,0.23744200170040131,0.019461000338196754
33860,5758929,3328666,0.11934100091457367,0.16393099725246429,0.49342998862266541,0.21414600312709808,0.0091519998386502266,907691,0.12357500195503235,0.17134000360965729,0.51399999856948853,0.18660800158977509,0.0044769998639822006,701472,0.10456900298595428,0.14077399671077728,0.46654900908470154,0.26843300461769104,0.019675999879837036,387650,0.11659199744462967,0.16045700013637543,0.48680299520492554,0.22318600118160248,0.012962999753654003,287967,0.12902900576591492,0.170974001288414,0.48583298921585083,0.20509299635887146,0.0090699996799230576,145483,0.11417099833488464,0.13352100551128387,0.49539801478385925,0.23744399845600128,0.01946599967777729
33861,5759126,3328855,0.11931999772787094,0.16393099725246429,0.49343299865722656,0.21415600180625916,0.0091599998995661736,907734,0.12359700351953506,0.17133300006389618,0.51398998498916626,0.18660199642181396,0.0044780001044273376,701468,0.10455600172281265,0.14077199995517731,0.46653199195861816,0.26845699548721313,0.019682999700307846,387593,0.11657299846410751,0.16042600572109222,0.48686599731445312,0.22315900027751923,0.012974999845027924,287995,0.12907500565052032,0.17093400657176971,0.48583799600601196,0.20508000254631042,0.0090730004012584686,145481,0.11425500363111496,0.13350200653076172,0.49528101086616516,0.23743300139904022,0.019527999684214592
33862,5759363,3329084,0.11931700259447098,0.16392900049686432,0.4934380054473877,0.21414999663829803,0.0091650001704692841,907759,0.12359700351953506,0.1713310033082962,0.51396799087524414,0.18661800026893616,0.0044869999401271343,701484,0.10454999655485153,0.14079000055789948,0.4665209949016571,0.26844900846481323,0.019689999520778656,387595,0.11658599972724915,0.1603350043296814,0.48686900734901428,0.22321799397468567,0.012993000447750092,287990,0.12905700504779816,0.17095699906349182,0.48580500483512878,0.2050900012254715,0.009091000072658062,145451,0.11436200141906738,0.13342000544071198,0.49534198641777039,0.23734499514102936,0.01953200064599514
33863,5759583,3329173,0.11931099742650986,0.16391800343990326,0.49345800280570984,0.21413899958133698,0.0091739995405077934,907819,0.12358199805021286,0.17133599519729614,0.51397198438644409,0.18661099672317505,0.0044990000315010548,701469,0.1045520007610321,0.14080500602722168,0.46648800373077393,0.26845499873161316,0.019700000062584877,387666,0.11662899702787399,0.16034899652004242,0.48680299520492554,0.22323599457740784,0.012982999905943871,287989,0.12901900708675385,0.17088800668716431,0.48584800958633423,0.20511899888515472,0.0091249998658895493,145467,0.11437000334262848,0.13341200351715088,0.49530801177024841,0.23737999796867371,0.019530000165104866
33864,5759818,3329262,0.11929500102996826,0.1639070063829422,0.49346700310707092,0.21415300667285919,0.0091779995709657669,907857,0.1235869973897934,0.17132799327373505,0.51398199796676636,0.18660199642181396,0.0045019998215138912,701537,0.1045759990811348,0.14078900218009949,0.46648401021957397,0.26843500137329102,0.019714999943971634,387663,0.11664800345897675,0.16036100685596466,0.48675501346588135,0.22323299944400787,0.013004000298678875,288012,0.12902200222015381,0.17084699869155884,0.48586899042129517,0.20512300729751587,0.0091390004381537437,145487,0.11446399986743927,0.13340699672698975,0.49527400732040405,0.23732000589370728,0.019533999264240265
33865,5760047,3329431,0.11928600072860718,0.16390100121498108,0.49347400665283203,0.21415300667285919,0.0091869998723268509,907873,0.12361399829387665,0.17130100727081299,0.51396799087524414,0.18661999702453613,0.004495999775826931,701520,0.10456299781799316,0.14079099893569946,0.46648699045181274,0.2684440016746521,0.019713999703526497,387681,0.11664000153541565,0.16033799946308136,0.48678898811340332,0.22322000563144684,0.013012999668717384,288037,0.1290149986743927,0.17087699472904205,0.48584398627281189,0.20511899888515472,0.0091450000181794167,145505,0.1144770011305809,0.13345900177955627,0.49520599842071533,0.23731799423694611,0.01953900046646595
33866,5760295,3329500,0.11928399652242661,0.16389200091362,0.49347001314163208,0.21415799856185913,0.0091960001736879349,907911,0.12362100183963776,0.17132799327373505,0.51396697759628296,0.18658900260925293,0.0044950000010430813,701581,0.10455399751663208,0.14078900218009949,0.46647199988365173,0.26847600936889648,0.019708000123500824,387705,0.11661200225353241,0.16035899519920349,0.48672598600387573,0.22327800095081329,0.013024999760091305,288041,0.12903699278831482,0.17091700434684753,0.48589599132537842,0.20499899983406067,0.0091509995982050896,145557,0.11444299668073654,0.13352799415588379,0.49520799517631531,0.23726099729537964,0.019558999687433243
33867,5760542,3329705,0.11927500367164612,0.16389399766921997,0.49347099661827087,0.21415700018405914,0.0092040002346038818,907936,0.12364599853754044,0.17131100594997406,0.51396697759628296,0.18657700717449188,0.0044990000315010548,701587,0.10457099974155426,0.14077100157737732,0.46642699837684631,0.26850798726081848,0.019721999764442444,387622,0.11662100255489349,0.16026699542999268,0.48677799105644226,0.22330500185489655,0.013027999550104141,288095,0.12906500697135925,0.17088800668716431,0.48594000935554504,0.20493599772453308,0.009170999750494957,145597,0.11443199962377548,0.13354000449180603,0.49524399638175964,0.23723000288009644,0.019554000347852707
33868,5760786,3329907,0.11926700174808502,0.16388800740242004,0.49346700310707092,0.21417100727558136,0.0092070000246167183,907955,0.12366600334644318,0.17128799855709076,0.51396697759628296,0.18658100068569183,0.0044979997910559177,701577,0.10456699877977371,0.14077399671077728,0.46645799279212952,0.26847198605537415,0.019727999344468117,387673,0.11665999889373779,0.16027699410915375,0.48675298690795898,0.22326800227165222,0.013042000122368336,288099,0.12904900312423706,0.17085400223731995,0.48597198724746704,0.20494699478149414,0.0091770002618432045,145575,0.11445000022649765,0.13351899385452271,0.49516099691390991,0.23726600408554077,0.019604999572038651
33869,5760983,3330007,0.11926300078630447,0.16387499868869781,0.49347099661827087,0.21417300403118134,0.0092179998755455017,908005,0.12368500232696533,0.1712850034236908,0.51394999027252197,0.18658199906349182,0.0044979997910559177,701588,0.10458000004291534,0.14077900350093842,0.46645000576972961,0.26844999194145203,0.019741000607609749,387656,0.11662399768829346,0.16029199957847595,0.48671999573707581,0.22331400215625763,0.013050000183284283,288125,0.12905199825763702,0.17084899544715881,0.4859519898891449,0.20496000349521637,0.0091869998723268509,145602,0.1143530011177063,0.1336590051651001,0.49519199132919312,0.23718799650669098,0.019608000293374062
33870,5761213,3330186,0.11925199627876282,0.16385899484157562,0.49347800016403198,0.2141840010881424,0.0092270001769065857,908048,0.12370499968528748,0.17126600444316864,0.51394599676132202,0.18657900393009186,0.0045030000619590282,701504,0.10458199679851532,0.14080199599266052,0.46645501255989075,0.26840299367904663,0.019757999107241631,387692,0.11663100123405457,0.16027200222015381,0.48674699664115906,0.2233009934425354,0.013048999942839146,288151,0.12899099290370941,0.17086200416088104,0.48598799109458923,0.20496499538421631,0.0091930003836750984,145632,0.11443900316953659,0.13376200199127197,0.49504899978637695,0.23718699812889099,0.019563000649213791
33871,5761483,3330340,0.11925999820232391,0.16384400427341461,0.49347099661827087,0.21418899297714233,0.0092359995469450951,908075,0.1237030029296875,0.17124900221824646,0.51393997669219971,0.18660399317741394,0.004503999836742878,701593,0.10458099842071533,0.14080700278282166,0.46645098924636841,0.26839300990104675,0.019767999649047852,387713,0.11665599793195724,0.16023699939250946,0.48675701022148132,0.22328899800777435,0.013061000034213066,288168,0.12900100648403168,0.1708730012178421,0.48597300052642822,0.20493899285793304,0.0092129996046423912,145594,0.11446899920701981,0.13379700481891632,0.49511700868606567,0.23706300556659698,0.019554000347852707
33872,5761729,3330467,0.119268998503685,0.16382800042629242,0.4934769868850708,0.21418699622154236,0.0092399995774030685,908102,0.12371200323104858,0.17124199867248535,0.51390498876571655,0.18663400411605835,0.0045070000924170017,701557,0.10458700358867645,0.14082799851894379,0.46642398834228516,0.26837700605392456,0.019782999530434608,387728,0.11664599925279617,0.16023300588130951,0.48679998517036438,0.22324700653553009,0.013074000366032124,288220,0.12891499698162079,0.17090100049972534,0.48602500557899475,0.20491300523281097,0.0092460000887513161,145655,0.11449000239372253,0.13370600342750549,0.49512898921966553,0.23711499571800232,0.01955999992787838
33873,5761957,3330629,0.11927700042724609,0.16380900144577026,0.4934769868850708,0.21418799459934235,0.0092489998787641525,908118,0.12371700257062912,0.17122900485992432,0.51388901472091675,0.18665599822998047,0.0045079998672008514,701560,0.1045679971575737,0.14080299437046051,0.46648600697517395,0.2683509886264801,0.019791999831795692,387799,0.11664500087499619,0.16028399765491486,0.48677301406860352,0.22322900593280792,0.013069000095129013,288193,0.12889300286769867,0.17090299725532532,0.48600798845291138,0.20492500066757202,0.0092719998210668564,145658,0.11460399627685547,0.13364200294017792,0.49515300989151001,0.23706899583339691,0.01953200064599514
33874,5762181,3330765,0.11926600337028503,0.16380800306797028,0.49347299337387085,0.21419300138950348,0.0092599997296929359,908193,0.12371800094842911,0.17119799554347992,0.51390200853347778,0.18666599690914154,0.0045159999281167984,701607,0.10455600172281265,0.140842005610466,0.46651899814605713,0.26828399300575256,0.019798999652266502,387766,0.11668100208044052,0.1602800041437149,0.48670798540115356,0.22325100004673004,0.013079999946057796,288196,0.12883199751377106,0.17093899846076965,0.48599600791931152,0.20496100187301636,0.0092709995806217194,145654,0.1147100031375885,0.13346000015735626,0.49527600407600403,0.23704800009727478,0.019504999741911888
33875,5762380,3330890,0.11925599724054337,0.16380299627780914,0.49347499012947083,0.2141910046339035,0.0092740003019571304,908221,0.12371999770402908,0.17118500173091888,0.51388001441955566,0.18669599294662476,0.0045190001837909222,701646,0.10452699661254883,0.14084999263286591,0.46657299995422363,0.26823601126670837,0.019812999293208122,387805,0.11671800166368484,0.16029199957847595,0.48670300841331482,0.22321499884128571,0.013070999644696712,288193,0.12883700430393219,0.17092700302600861,0.48594200611114502,0.20501899719238281,0.0092749996110796928,145625,0.11467800289392471,0.13331499695777893,0.49533399939537048,0.23712299764156342,0.019549999386072159
33876,5762626,3331096,0.11925800144672394,0.16379299759864807,0.49346300959587097,0.2142069935798645,0.0092789996415376663,908247,0.12372999638319016,0.17117400467395782,0.51387202739715576,0.18670399487018585,0.0045210001990199089,701677,0.10454200208187103,0.14085699617862701,0.46650800108909607,0.26825600862503052,0.019836999475955963,387808,0.11675100028514862,0.1602800041437149,0.48667600750923157,0.22319500148296356,0.013097000308334827,288161,0.12879599630832672,0.17093899846076965,0.48607200384140015,0.20493100583553314,0.00926200021058321,145637,0.11471699923276901,0.13329699635505676,0.49539598822593689,0.23704800009727478,0.019541999325156212
33877,5762849,3331281,0.11926300078630447,0.16379299759864807,0.49346500635147095,0.21419200301170349,0.0092879999428987503,908274,0.12373200058937073,0.17117300629615784,0.51385700702667236,0.18671500682830811,0.0045230002142488956,701738,0.10455600172281265,0.14078299701213837,0.46654298901557922,0.26826000213623047,0.019858000800013542,387795,0.1167059987783432,0.16027800738811493,0.48664098978042603,0.22327500581741333,0.013100000098347664,288143,0.12877599895000458,0.17091900110244751,0.48611599206924438,0.20492599904537201,0.009263000451028347,145618,0.11463599652051926,0.13334900140762329,0.49538499116897583,0.23704500496387482,0.019585000351071358
33878,5763078,3331509,0.11926700174808502,0.16379000246524811,0.49345400929450989,0.21419399976730347,0.0092949997633695602,908323,0.12372100353240967,0.17115099728107452,0.51388698816299438,0.18670900166034698,0.004532999824732542,701723,0.10453999787569046,0.14079800248146057,0.46651700139045715,0.26826798915863037,0.019876999780535698,387790,0.11665300279855728,0.16032400727272034,0.4866580069065094,0.22326299548149109,0.013101999647915363,288130,0.1287509948015213,0.17094400525093079,0.48615598678588867,0.20486900210380554,0.0092810001224279404,145603,0.11468899995088577,0.13338300585746765,0.49529200792312622,0.23705600202083588,0.01958099938929081
33879,5763315,3331674,0.11925999820232391,0.16378599405288696,0.49345600605010986,0.21418899297714233,0.0093090003356337547,908376,0.12373100221157074,0.17112299799919128,0.51390302181243896,0.18670600652694702,0.0045380000956356525,701682,0.10452199727296829,0.14076200127601624,0.46651199460029602,0.26832199096679688,0.019881999120116234,387840,0.11667200177907944,0.16037799417972565,0.4865800142288208,0.22327199578285217,0.01309799961745739,288123,0.1287509948015213,0.17096899449825287,0.48616001009941101,0.2048259973526001,0.0092949997633695602,145620,0.11477100104093552,0.13342300057411194,0.49533000588417053,0.23689700663089752,0.019578000530600548
33880,5763527,3331751,0.11925499886274338,0.16378800570964813,0.4934459924697876,0.2141990065574646,0.0093120001256465912,908401,0.12373899668455124,0.17112499475479126,0.51391100883483887,0.18668100237846375,0.0045440001413226128,701799,0.10451900213956833,0.14079099893569946,0.46649399399757385,0.26829800009727478,0.019898999482393265,387842,0.11666899919509888,0.16036400198936462,0.48663899302482605,0.22323000431060791,0.01309799961745739,288145,0.12868499755859375,0.17095200717449188,0.48615500330924988,0.2049109935760498,0.0092970002442598343,145589,0.11474800109863281,0.13338899612426758,0.49540799856185913,0.23687200248241425,0.019582999870181084
33881,5763723,3331798,0.11924800276756287,0.16378700733184814,0.49343600869178772,0.21421000361442566,0.0093189999461174011,908448,0.12373500317335129,0.1711059957742691,0.51393997669219971,0.18666699528694153,0.0045520002022385597,701780,0.10451599955558777,0.14079500734806061,0.46647500991821289,0.26831299066543579,0.019900999963283539,387914,0.1166519969701767,0.16027499735355377,0.48675701022148132,0.22323499619960785,0.013079999946057796,288155,0.12867000699043274,0.17099800705909729,0.48603001236915588,0.20498700439929962,0.0093139996752142906,145628,0.11472400277853012,0.13342200219631195,0.49554300308227539,0.23671300709247589,0.019597999751567841
33882,5763958,3331946,0.11924999952316284,0.16376399993896484,0.49344700574874878,0.21421200037002563,0.0093270000070333481,908483,0.1237339973449707,0.17109200358390808,0.51393002271652222,0.18669000267982483,0.0045540002174675465,701796,0.10450799763202667,0.14081999659538269,0.46650698781013489,0.26826998591423035,0.019895000383257866,387927,0.11664800345897675,0.16029299795627594,0.4867280125617981,0.22325100004673004,0.013079999946057796,288128,0.12867900729179382,0.17100700736045837,0.485944002866745,0.20504400134086609,0.0093259997665882111,145678,0.11470499634742737,0.13359600305557251,0.49538698792457581,0.23668000102043152,0.019632000476121902
33883,5764171,3332186,0.11925700306892395,0.1637360006570816,0.49345698952674866,0.2142149955034256,0.0093360003083944321,908500,0.12372300028800964,0.17108599841594696,0.51392000913619995,0.18671299517154694,0.0045579997822642326,701768,0.10449200123548508,0.14080600440502167,0.46650999784469604,0.26829400658607483,0.019897999241948128,387916,0.1166519969701767,0.16034899652004242,0.48675200343132019,0.22313599288463593,0.013110999949276447,288144,0.12869299948215485,0.17104600369930267,0.48591700196266174,0.20501600205898285,0.0093289995566010475,145657,0.11474200338125229,0.13360199332237244,0.4953010082244873,0.23672099411487579,0.019634999334812164
33884,5764403,3332362,0.11925999820232391,0.16373500227928162,0.49344399571418762,0.21422100067138672,0.0093400003388524055,908569,0.1237260028719902,0.17105899751186371,0.51392900943756104,0.18672199547290802,0.0045630000531673431,701738,0.10451599955558777,0.14078299701213837,0.46647998690605164,0.26831799745559692,0.019902000203728676,387957,0.11662399768829346,0.1603350043296814,0.4868449866771698,0.22307099401950836,0.013124999590218067,288167,0.12866799533367157,0.17107400298118591,0.48593398928642273,0.20500999689102173,0.0093139996752142906,145610,0.11474499851465225,0.1335970014333725,0.49534401297569275,0.23663200438022614,0.019682999700307846
33885,5764660,3332491,0.11926200240850449,0.16374200582504272,0.49342799186706543,0.21422199904918671,0.0093449996784329414,908583,0.12372499704360962,0.17105500400066376,0.51392000913619995,0.18673400580883026,0.0045659998431801796,701849,0.10450699925422668,0.14075100421905518,0.46647599339485168,0.26834699511528015,0.019919000566005707,387956,0.11668600142002106,0.16026300191879272,0.48688501119613647,0.22304800152778625,0.013117000460624695,288183,0.12871299684047699,0.17105799913406372,0.48591700196266174,0.20499500632286072,0.0093170003965497017,145598,0.11462400108575821,0.13362100720405579,0.49544599652290344,0.23661699891090393,0.019690999761223793
33886,5764883,3332631,0.11926300078630447,0.16372799873352051,0.49342998862266541,0.21422599256038666,0.0093529997393488884,908603,0.12371700257062912,0.17105300724506378,0.51392602920532227,0.18673500418663025,0.0045690000988543034,701885,0.10453099757432938,0.14074499905109406,0.46641099452972412,0.26836898922920227,0.019943000748753548,387988,0.11668100208044052,0.16022700071334839,0.48698198795318604,0.22299699485301971,0.013113999739289284,288174,0.12870000302791595,0.17109100520610809,0.48593899607658386,0.20492799580097198,0.009341999888420105,145602,0.1145860031247139,0.13365200161933899,0.49535700678825378,0.23665200173854828,0.019751999527215958
33887,5765114,3332769,0.1192609965801239,0.16372400522232056,0.49343600869178772,0.21421800553798676,0.0093599995598196983,908618,0.12370900064706802,0.17104899883270264,0.51391500234603882,0.18675300478935242,0.0045750001445412636,701898,0.10453200340270996,0.14070799946784973,0.46642100811004639,0.26838898658752441,0.019949000328779221,388038,0.11668699979782104,0.1601720005273819,0.48705500364303589,0.22298300266265869,0.013101999647915363,288178,0.12866400182247162,0.17111299932003021,0.48593598604202271,0.20494300127029419,0.0093449996784329414,145613,0.11468099802732468,0.13360799849033356,0.49531298875808716,0.23659299314022064,0.019805999472737312
33888,5765348,3332873,0.11926300078630447,0.16371500492095947,0.49344301223754883,0.21421299874782562,0.0093649998307228088,908619,0.12368299812078476,0.17105799913406372,0.51391100883483887,0.18677100539207458,0.0045759999193251133,701992,0.10452300310134888,0.14071199297904968,0.46641701459884644,0.26837500929832458,0.019973000511527061,388072,0.11673100292682648,0.16017399728298187,0.48695600032806396,0.22304600477218628,0.013093000277876854,288214,0.12867900729179382,0.17113299667835236,0.48590600490570068,0.20492799580097198,0.0093539999797940254,145578,0.11468800157308578,0.13355700671672821,0.49539801478385925,0.23649899661540985,0.01985899917781353
33889,5765589,3333043,0.11925499886274338,0.16370800137519836,0.49345800280570984,0.2142069935798645,0.0093719996511936188,908655,0.12367299944162369,0.17104800045490265,0.5139080286026001,0.18679499626159668,0.0045759999193251133,701992,0.10451400279998779,0.14072200655937195,0.46639001369476318,0.26838898658752441,0.019984999671578407,388070,0.11672099679708481,0.1602029949426651,0.48689699172973633,0.22306500375270844,0.013113999739289284,288272,0.12870800495147705,0.17111299932003021,0.48586401343345642,0.20495900511741638,0.0093560004606842995,145557,0.11475200206041336,0.13357700407505035,0.49528399109840393,0.23651899397373199,0.019868999719619751
33890,5765789,3333143,0.11925099790096283,0.16368499398231506,0.49347400665283203,0.21420900523662567,0.0093799997121095657,908704,0.12365899980068207,0.17105899751186371,0.51388800144195557,0.18681199848651886,0.0045819999650120735,701976,0.10452499985694885,0.1407569944858551,0.46639201045036316,0.2683430016040802,0.01998399943113327,388127,0.11668100208044052,0.16023099422454834,0.48685601353645325,0.22312499582767487,0.013106999918818474,288278,0.12870199978351593,0.17115800082683563,0.48577100038528442,0.20498600602149963,0.0093830004334449768,145561,0.11476299911737442,0.13364799320697784,0.4953249990940094,0.23640300333499908,0.019860999658703804
33891,5766038,3333202,0.11925499886274338,0.16367800533771515,0.493461012840271,0.21421399712562561,0.0093919998034834862,908773,0.12367100268602371,0.1710669994354248,0.51384800672531128,0.18682199716567993,0.0045920000411570072,702022,0.1045209988951683,0.1407410055398941,0.46638301014900208,0.2683660089969635,0.019989000633358955,388186,0.11665499955415726,0.16027900576591492,0.48686501383781433,0.2230989933013916,0.013101999647915363,288306,0.12872399389743805,0.17113800346851349,0.48580300807952881,0.20497000217437744,0.0093649998307228088,145549,0.11477900296449661,0.13374200463294983,0.49525600671768188,0.23640100657939911,0.019821999594569206
33892,5766253,3333328,0.11925599724054337,0.16367100179195404,0.4934450089931488,0.21423199772834778,0.0093949995934963226,908804,0.12366700172424316,0.17105300724506378,0.5138620138168335,0.18682600557804108,0.0045920000411570072,702060,0.10451500117778778,0.14076100289821625,0.46641600131988525,0.26830598711967468,0.020000999793410301,388156,0.1166130006313324,0.16029100120067596,0.48693099617958069,0.22305500507354736,0.013110999949276447,288339,0.12874400615692139,0.17119400203227997,0.48572298884391785,0.20497399568557739,0.0093639995902776718,145566,0.11476600170135498,0.13369899988174438,0.49523898959159851,0.23646299540996552,0.019833000376820564
33893,5766507,3333565,0.11925700306892395,0.16366599500179291,0.49344399571418762,0.2142300009727478,0.0094020003452897072,908834,0.12366899847984314,0.17104099690914154,0.51384598016738892,0.18684500455856323,0.0045980000868439674,702091,0.10452599823474884,0.14077199995517731,0.46638399362564087,0.26831701397895813,0.019999999552965164,388144,0.11661099642515182,0.16029100120067596,0.4869149923324585,0.22306400537490845,0.013119000010192394,288297,0.12874899804592133,0.17119500041007996,0.48576599359512329,0.20491400361061096,0.0093759996816515923,145576,0.1147100031375885,0.13371700048446655,0.49523299932479858,0.23647400736808777,0.019866000860929489
33894,5766724,3333627,0.11925899982452393,0.1636669933795929,0.49344098567962646,0.21422599256038666,0.0094079999253153801,908882,0.1236639991402626,0.17103800177574158,0.51386499404907227,0.18682199716567993,0.0046109999530017376,702155,0.10452999919652939,0.14075499773025513,0.46639001369476318,0.26831400394439697,0.020011000335216522,388177,0.11662500351667404,0.1602569967508316,0.48691999912261963,0.22307600080966949,0.013123000040650368,288302,0.12872299551963806,0.17118500173091888,0.48577898740768433,0.204926997423172,0.0093860002234578133,145581,0.11476100236177444,0.13357500731945038,0.49531900882720947,0.23647299408912659,0.019872000440955162
33895,5766937,3333790,0.11925999820232391,0.16366900503635406,0.49344301223754883,0.21421399712562561,0.0094140004366636276,908916,0.12368100136518478,0.17102000117301941,0.5138469934463501,0.18683500587940216,0.0046160002239048481,702180,0.10451699793338776,0.14073500037193298,0.46639299392700195,0.26832300424575806,0.020031999796628952,388183,0.11662500351667404,0.1602180004119873,0.4868989884853363,0.22312900424003601,0.013128000311553478,288276,0.12866799533367157,0.17117999494075775,0.48577401041984558,0.20499099791049957,0.0093870004639029503,145592,0.11477299779653549,0.13360600173473358,0.49528801441192627,0.2364480048418045,0.019883999601006508
33896,5767147,3333878,0.11925800144672394,0.16366000473499298,0.4934380054473877,0.21422299742698669,0.0094210002571344376,908955,0.1236879974603653,0.17100100219249725,0.51386600732803345,0.18682600557804108,0.0046199997887015343,702237,0.10453200340270996,0.14072300493717194,0.46641901135444641,0.26826798915863037,0.02005700021982193,388262,0.11656799912452698,0.1602499932050705,0.48691099882125854,0.22312800586223602,0.013143000192940235,288277,0.12865099310874939,0.17118999361991882,0.48576900362968445,0.20499700307846069,0.0093940002843737602,145538,0.11480200290679932,0.13361500203609467,0.49521100521087646,0.23652899265289307,0.019843999296426773
33897,5767367,3333965,0.11925499886274338,0.16365200281143188,0.49344098567962646,0.21422499418258667,0.0094269998371601105,908947,0.12366300076246262,0.17101199924945831,0.51388102769851685,0.18682199716567993,0.004621999803930521,702310,0.10453400015830994,0.14068999886512756,0.46646401286125183,0.26824098825454712,0.020072000101208687,388261,0.11657100170850754,0.16026599705219269,0.48684298992156982,0.22319500148296356,0.013124999590218067,288306,0.12868300080299377,0.17121399939060211,0.48571699857711792,0.2049659937620163,0.0094210002571344376,145578,0.11477000266313553,0.13368800282478333,0.49513000249862671,0.23657399415969849,0.0198379997164011
33898,5767608,3334102,0.11925499886274338,0.16364699602127075,0.4934380054473877,0.21422499418258667,0.0094360001385211945,908980,0.12366600334644318,0.17101399600505829,0.51385700702667236,0.18683800101280212,0.0046250000596046448,702312,0.10454300045967102,0.14068000018596649,0.46646198630332947,0.26822701096534729,0.020088000223040581,388304,0.11659199744462967,0.16023999452590942,0.48685801029205322,0.22317099571228027,0.013139000162482262,288300,0.12867200374603271,0.17126600444316864,0.48569899797439575,0.20493899285793304,0.009424000047147274,145610,0.11475200206041336,0.13374100625514984,0.49505499005317688,0.23658399283885956,0.019867999479174614
33899,5767827,3334253,0.11924999952316284,0.16364200413227081,0.49345400929450989,0.21421299874782562,0.009441000409424305,909043,0.12365999817848206,0.17102900147438049,0.51383799314498901,0.18684600293636322,0.0046270000748336315,702318,0.10455799847841263,0.1406400054693222,0.4664129912853241,0.26830199360847473,0.020088000223040581,388286,0.11661799997091293,0.16024300456047058,0.48682200908660889,0.22317300736904144,0.013144999742507935,288319,0.12865599989891052,0.17131699621677399,0.4857189953327179,0.2048880010843277,0.0094200000166893005,145608,0.1147259995341301,0.13367399573326111,0.49514400959014893,0.23653900623321533,0.019915999844670296
33900,5768057,3334418,0.11924699693918228,0.16363699734210968,0.49344700574874878,0.21422100067138672,0.0094469999894499779,909072,0.12364599853754044,0.17103900015354156,0.51382702589035034,0.18685099482536316,0.0046370001509785652,702327,0.10455700010061264,0.14064100384712219,0.46640399098396301,0.26829800009727478,0.020099999383091927,388270,0.11666899919509888,0.1602260023355484,0.48682400584220886,0.22313100099563599,0.013151000253856182,288340,0.12870599329471588,0.17130100727081299,0.48574298620223999,0.20484499633312225,0.0094060003757476807,145630,0.1147020012140274,0.13369500637054443,0.49513798952102661,0.2365649938583374,0.019899999722838402
33901,5768292,3334500,0.11924800276756287,0.16362300515174866,0.49344399571418762,0.21422700583934784,0.0094579998403787613,909120,0.12363400310277939,0.17103900015354156,0.51384902000427246,0.1868399977684021,0.004639000166207552,702456,0.10457299649715424,0.14064399898052216,0.46641498804092407,0.26826000213623047,0.020107999444007874,388273,0.11665000021457672,0.16017100214958191,0.48689201474189758,0.22313199937343597,0.013155999593436718,288343,0.12875600159168243,0.17126800119876862,0.48574098944664001,0.20482900738716125,0.0094050001353025436,145600,0.11480099707841873,0.1337909996509552,0.49493101239204407,0.23654499650001526,0.019930999726057053
33902,5768510,3334681,0.11924800276756287,0.16360799968242645,0.49344998598098755,0.2142300009727478,0.0094630001112818718,909137,0.12363199889659882,0.17104199528694153,0.51385098695755005,0.18683099746704102,0.0046439999714493752,702475,0.10458900034427643,0.14066100120544434,0.46633100509643555,0.26828598976135254,0.020132999867200851,388193,0.11664599925279617,0.16012699902057648,0.48692798614501953,0.22313900291919708,0.013160999864339828,288388,0.12877100706100464,0.17125900089740753,0.48574501276016235,0.20481100678443909,0.0094140004366636276,145636,0.11473800241947174,0.13379199802875519,0.49511098861694336,0.23641100525856018,0.019946999847888947
33903,5768769,3334860,0.11926200240850449,0.16359099745750427,0.49345698952674866,0.21422499418258667,0.0094649996608495712,909174,0.12363500148057938,0.17103700339794159,0.51383799314498901,0.18683700263500214,0.0046540000475943089,702393,0.10456400364637375,0.14061899483203888,0.46634900569915771,0.26833400130271912,0.020134000107645988,388234,0.11662299931049347,0.16017900407314301,0.48694100975990295,0.22309499979019165,0.013162000104784966,288424,0.12879000604152679,0.17127199470996857,0.48571500182151794,0.20477800071239471,0.0094440001994371414,145684,0.11472100019454956,0.13397499918937683,0.49472799897193909,0.23658099770545959,0.019995000213384628
33904,5768969,3334940,0.11924400180578232,0.16359600424766541,0.49345898628234863,0.21422800421714783,0.0094729997217655182,909200,0.1236329972743988,0.17101800441741943,0.51385897397994995,0.18682600557804108,0.0046629998832941055,702426,0.1045679971575737,0.14063799381256104,0.46626099944114685,0.2683899998664856,0.020143000409007072,388255,0.11660599708557129,0.16012899577617645,0.4870229959487915,0.22307500243186951,0.013167000375688076,288437,0.12876300513744354,0.17128899693489075,0.48579099774360657,0.20472100377082825,0.0094370003789663315,145711,0.11483000218868256,0.13393600285053253,0.49480798840522766,0.23644700646400452,0.019977999851107597
33905,5769172,3335082,0.11924699693918228,0.16358700394630432,0.49345999956130981,0.21422199904918671,0.0094830002635717392,909219,0.12364500015974045,0.1710049957036972,0.51386600732803345,0.18681399524211884,0.0046700001694262028,702440,0.10456100106239319,0.14060600101947784,0.46627900004386902,0.26840901374816895,0.020145000889897346,388274,0.11655899882316589,0.16013400256633759,0.48710998892784119,0.22303099930286407,0.013166000135242939,288499,0.12872500717639923,0.17131400108337402,0.48579001426696777,0.20471100509166718,0.0094590000808238983,145658,0.11492700129747391,0.13393700122833252,0.49462398886680603,0.23649199306964874,0.020019000396132469
33906,5769403,3335243,0.11924300342798233,0.16357800364494324,0.49346399307250977,0.21422399580478668,0.0094919996336102486,909260,0.12367299944162369,0.17099499702453613,0.51384299993515015,0.18681700527667999,0.0046720001846551895,702434,0.10454799979925156,0.14065000414848328,0.46626698970794678,0.26836699247360229,0.02016800083220005,388274,0.11653599888086319,0.16010299324989319,0.4871479868888855,0.22303299605846405,0.013178999535739422,288541,0.12873700261116028,0.17130699753761292,0.48578199744224548,0.20470899343490601,0.0094649996608495712,145651,0.11494600027799606,0.13383999466896057,0.4946340024471283,0.23654499650001526,0.020034000277519226
33907,5769660,3335375,0.11923900246620178,0.16357100009918213,0.49346399307250977,0.21422599256038666,0.0094990003854036331,909255,0.12365400046110153,0.17103199660778046,0.51380699872970581,0.18682700395584106,0.0046799997799098492,702504,0.10457400232553482,0.1406400054693222,0.46625500917434692,0.26836100220680237,0.020168999210000038,388315,0.11657000333070755,0.16007900238037109,0.48712500929832458,0.22304299473762512,0.013182999566197395,288575,0.12871900200843811,0.17127999663352966,0.4858039915561676,0.20472699403762817,0.0094710001721978188,145636,0.11492999643087387,0.1338610053062439,0.49459600448608398,0.23652100563049316,0.020090999081730843
33908,5769892,3335573,0.11924400180578232,0.16356499493122101,0.49345898628234863,0.21422599256038666,0.009504999965429306,909256,0.12363699823617935,0.17100800573825836,0.51381498575210571,0.18685300648212433,0.0046870000660419464,702484,0.10451299697160721,0.14070199429988861,0.46624100208282471,0.2683660089969635,0.020176999270915985,388343,0.11655700206756592,0.16009299457073212,0.48713400959968567,0.22303000092506409,0.013186999596655369,288588,0.12877200543880463,0.17120300233364105,0.48589301109313965,0.20466899871826172,0.0094630001112818718,145648,0.11497599631547928,0.13381600379943848,0.49450701475143433,0.23653599619865417,0.020165000110864639
33909,5770132,3335754,0.11925599724054337,0.16355200111865997,0.49344900250434875,0.21422700583934784,0.0095159998163580894,909311,0.12364199757575989,0.17100000381469727,0.51379799842834473,0.18686699867248535,0.0046939998865127563,702432,0.10449700057506561,0.14068399369716644,0.46625599265098572,0.2683979868888855,0.020166000351309776,388392,0.11656799912452698,0.16005699336528778,0.48716500401496887,0.22300399839878082,0.013206000439822674,288566,0.12879900634288788,0.17122900485992432,0.48586800694465637,0.20462200045585632,0.0094809997826814651,145677,0.11496700346469879,0.13387200236320496,0.49451899528503418,0.23649600148200989,0.020146999508142471
33910,5770362,3335979,0.11925700306892395,0.16354599595069885,0.49344798922538757,0.21422599256038666,0.0095229996368288994,909326,0.12364000082015991,0.17100100219249725,0.51379501819610596,0.18686600029468536,0.0046979999169707298,702442,0.10449399799108505,0.14065800607204437,0.46626800298690796,0.26840499043464661,0.02017500065267086,388374,0.11657299846410751,0.16015200316905975,0.48701000213623047,0.22303800284862518,0.013226999901235104,288569,0.12879399955272675,0.171206995844841,0.48595699667930603,0.20456099510192871,0.0094809997826814651,145672,0.11499799787998199,0.13380099833011627,0.49444600939750671,0.23657900094985962,0.02017500065267086
33911,5770611,3336121,0.11924099922180176,0.16355599462985992,0.49344798922538757,0.21422499418258667,0.0095279999077320099,909365,0.12363100051879883,0.17099100351333618,0.51378399133682251,0.18688899278640747,0.0047050002031028271,702500,0.10455100238323212,0.14062599837779999,0.46622499823570251,0.26840999722480774,0.020188000053167343,388365,0.11658900231122971,0.16016900539398193,0.48700299859046936,0.22300399839878082,0.013234999962151051,288623,0.1287979930639267,0.17119200527667999,0.48592498898506165,0.20458899438381195,0.0094969999045133591,145637,0.11497800052165985,0.13363400101661682,0.49457898736000061,0.23660899698734283,0.020200999453663826
33912,5770838,3336252,0.11923500150442123,0.16354900598526001,0.49345099925994873,0.21422499418258667,0.0095410002395510674,909395,0.12363400310277939,0.17098300158977509,0.51378697156906128,0.1868869960308075,0.0047100000083446503,702513,0.10457900166511536,0.14062899351119995,0.46622100472450256,0.26836198568344116,0.020208999514579773,388403,0.11659000068902969,0.1601019948720932,0.48698899149894714,0.22308799624443054,0.013230999931693077,288649,0.12877599895000458,0.17117300629615784,0.48594999313354492,0.20459100604057312,0.0095100002363324165,145626,0.11501400172710419,0.13370600342750549,0.49452000856399536,0.23653699457645416,0.020222999155521393
33913,5771072,3336399,0.11922799795866013,0.16353000700473785,0.49346700310707092,0.21422800421714783,0.0095480000600218773,909388,0.12363100051879883,0.17097200453281403,0.51380300521850586,0.18688300251960754,0.0047109997831285,702633,0.10461399704217911,0.14064399898052216,0.46618598699569702,0.2683350145816803,0.020221000537276268,388371,0.11660999804735184,0.16009700298309326,0.48693400621414185,0.22312399744987488,0.013234999962151051,288623,0.1287979930639267,0.17114399373531342,0.48591798543930054,0.20462700724601746,0.00951400026679039,145658,0.11509200185537338,0.13372400403022766,0.49443900585174561,0.23656100034713745,0.020183999091386795
33914,5771313,3336514,0.11922600120306015,0.16350699961185455,0.49347901344299316,0.21423299610614777,0.0095560001209378242,909403,0.12362399697303772,0.1709589958190918,0.51380598545074463,0.18690000474452972,0.0047109997831285,702658,0.10463099926710129,0.14065000414848328,0.46617099642753601,0.26833701133728027,0.02020999975502491,388436,0.11657500267028809,0.16013699769973755,0.4868679940700531,0.2231689989566803,0.013251000083982944,288637,0.12880499660968781,0.17121200263500214,0.48590099811553955,0.20455500483512878,0.0095279999077320099,145665,0.11518199741840363,0.1337520033121109,0.49432599544525146,0.23656299710273743,0.020176000893115997
33915,5771544,3336697,0.11922100186347961,0.16350400447845459,0.49346700310707092,0.21424700319766998,0.0095619997009634972,909449,0.12362299859523773,0.17096200585365295,0.51380199193954468,0.18689599633216858,0.0047169998288154602,702677,0.10463099926710129,0.14063100516796112,0.4662030041217804,0.26831400394439697,0.020221000537276268,388381,0.11660200357437134,0.16014699637889862,0.48678699135780334,0.22321400046348572,0.013249999843537807,288659,0.12881599366664886,0.17115400731563568,0.48591199517250061,0.20457400381565094,0.0095440000295639038,145681,0.11523099988698959,0.13367600739002228,0.49439498782157898,0.23652400076389313,0.020174000412225723
33916,5771774,3336876,0.1192300021648407,0.16348099708557129,0.49345499277114868,0.21426099538803101,0.0095729995518922806,909505,0.12361700087785721,0.17095600068569183,0.51381200551986694,0.18689200282096863,0.0047229998745024204,702726,0.10461299866437912,0.14064699411392212,0.46621200442314148,0.26830199360847473,0.020227000117301941,388345,0.11659500002861023,0.16021299362182617,0.48676601052284241,0.22316999733448029,0.013256000354886055,288662,0.12884999811649323,0.17112100124359131,0.48598000407218933,0.2044990062713623,0.0095509998500347137,145660,0.11515899747610092,0.13366700708866119,0.49439099431037903,0.23659899830818176,0.020183999091386795
33917,5771992,3337066,0.11923100054264069,0.16346900165081024,0.49346199631690979,0.21425600349903107,0.0095809996128082275,909580,0.12362100183963776,0.17093099653720856,0.51382100582122803,0.18689799308776855,0.0047300001606345177,702667,0.10463400185108185,0.14065699279308319,0.46615099906921387,0.26832801103591919,0.020230000838637352,388333,0.11654400080442429,0.16021299362182617,0.48685300350189209,0.22312299907207489,0.013267000205814838,288644,0.12879200279712677,0.17114900052547455,0.48598998785018921,0.20452199876308441,0.0095480000600218773,145702,0.11527000367641449,0.13369099795818329,0.49424898624420166,0.23663400113582611,0.020158000290393829
33918,5772223,3337258,0.1192300021648407,0.16345800459384918,0.493461012840271,0.21425600349903107,0.009593999944627285,909625,0.12364000082015991,0.17091299593448639,0.51382499933242798,0.18688499927520752,0.0047369999811053276,702630,0.10460100322961807,0.1406790018081665,0.46615099906921387,0.26832601428031921,0.020243000239133835,388345,0.11652799695730209,0.16020800173282623,0.48692300915718079,0.22306999564170837,0.013271999545395374,288638,0.12882600724697113,0.17112800478935242,0.48596200346946716,0.20452600717544556,0.0095589999109506607,145727,0.11528400331735611,0.13372300565242767,0.49420499801635742,0.23665499687194824,0.020134000107645988
33919,5772435,3337429,0.11923599988222122,0.16345299780368805,0.49344399571418762,0.21426400542259216,0.009603000245988369,909633,0.12361899763345718,0.17092600464820862,0.51382797956466675,0.18689100444316864,0.0047360002063214779,702653,0.10458400100469589,0.14066100120544434,0.46613600850105286,0.26835298538208008,0.020266000181436539,388370,0.11653800308704376,0.16023899614810944,0.48691999912261963,0.22302700579166412,0.013275999575853348,288652,0.12881900370121002,0.17115099728107452,0.48604199290275574,0.20443600416183472,0.0095509998500347137,145698,0.11525200307369232,0.13360500335693359,0.49435800313949585,0.2366739958524704,0.020109999924898148
33920,5772667,3337658,0.11924900114536285,0.163441002368927,0.49344000220298767,0.21426199376583099,0.0096079995855689049,909667,0.12360800057649612,0.17090900242328644,0.51385498046875,0.18689100444316864,0.0047369999811053276,702599,0.10456699877977371,0.14065200090408325,0.46615898609161377,0.26833900809288025,0.020282000303268433,388372,0.1166360005736351,0.16016599535942078,0.48688098788261414,0.22302299737930298,0.013294000178575516,288658,0.12882399559020996,0.17112599313259125,0.48607000708580017,0.20442900061607361,0.0095509998500347137,145713,0.11516500264406204,0.13351599872112274,0.49445098638534546,0.23674599826335907,0.020121999084949493
33921,5772936,3337824,0.11924900114536285,0.16344399750232697,0.49345099925994873,0.21424399316310883,0.0096129998564720154,909710,0.12360899895429611,0.17089100182056427,0.5138469934463501,0.1869100034236908,0.0047430000267922878,702611,0.10459599643945694,0.1406400054693222,0.46609699726104736,0.26837998628616333,0.020286999642848969,388443,0.11664000153541565,0.16013200581073761,0.48683801293373108,0.22307799756526947,0.013311999849975109,288640,0.12882800400257111,0.17109900712966919,0.48604100942611694,0.20448699593544006,0.0095450002700090408,145708,0.11523000150918961,0.13356900215148926,0.49437201023101807,0.23671300709247589,0.02011599950492382
33922,5773159,3337908,0.1192530021071434,0.16344399750232697,0.49343499541282654,0.21424600481987,0.0096220001578330994,909749,0.12359999865293503,0.17086899280548096,0.51386302709579468,0.18692000210285187,0.004749000072479248,702663,0.10458400100469589,0.14063499867916107,0.46612799167633057,0.26833900809288025,0.02031400054693222,388487,0.11664699763059616,0.16012099385261536,0.48679900169372559,0.2231220006942749,0.013310999609529972,288667,0.12882299721240997,0.17107300460338593,0.4860759973526001,0.20448799431324005,0.0095399999991059303,145685,0.11527600139379501,0.13363100588321686,0.4942379891872406,0.23677100241184235,0.020083999261260033
33923,5773402,3338121,0.11925499886274338,0.16344000399112701,0.49342900514602661,0.21424899995326996,0.0096270004287362099,909788,0.12360599637031555,0.17084699869155884,0.51384097337722778,0.18695199489593506,0.0047539998777210712,702577,0.10457500070333481,0.14066800475120544,0.4660860002040863,0.26833400130271912,0.020338000729680061,388532,0.1166440024971962,0.16015699505805969,0.48682999610900879,0.22305199503898621,0.01331700012087822,288689,0.12886899709701538,0.17105600237846375,0.48608401417732239,0.20443800091743469,0.0095539996400475502,145695,0.11521299928426743,0.13356000185012817,0.49431300163269043,0.23680299520492554,0.020111000165343285
33924,5773614,3338267,0.11925700306892395,0.16343000531196594,0.4934220016002655,0.21425299346446991,0.0096370000392198563,909825,0.12362000346183777,0.17081399261951447,0.51383799314498901,0.18697600066661835,0.0047510000877082348,702563,0.10456600040197372,0.14067099988460541,0.46608799695968628,0.26832601428031921,0.020349999889731407,388568,0.11662100255489349,0.16014699637889862,0.48686501383781433,0.22303399443626404,0.013333999551832676,288728,0.12885500490665436,0.17106099426746368,0.48607000708580017,0.20444799959659576,0.0095659997314214706,145663,0.11513599753379822,0.13348600268363953,0.4944080114364624,0.23681400716304779,0.020155999809503555
33925,5773860,3338417,0.11925999820232391,0.16342300176620483,0.49342501163482666,0.21424600481987,0.0096469996497035027,909854,0.12361299991607666,0.17080700397491455,0.51384401321411133,0.18698400259017944,0.0047519998624920845,702529,0.10453400015830994,0.1406790018081665,0.4660789966583252,0.26834499835968018,0.020363999530673027,388648,0.11668699979782104,0.16014200448989868,0.48682400584220886,0.22299100458621979,0.013357000425457954,288709,0.12885299324989319,0.17103700339794159,0.48607799410820007,0.20447200536727905,0.0095600001513957977,145703,0.11516600102186203,0.13346299529075623,0.4943619966506958,0.23678299784660339,0.020225999876856804
33926,5774091,3338584,0.11925800144672394,0.16341300308704376,0.49342998862266541,0.21424600481987,0.0096530001610517502,909904,0.1236020028591156,0.17080600559711456,0.51383697986602783,0.18699799478054047,0.0047579999081790447,702546,0.10452999919652939,0.14070099592208862,0.46602100133895874,0.26836499571800232,0.020383000373840332,388654,0.11669199913740158,0.16017800569534302,0.48676198720932007,0.2229900062084198,0.013376999646425247,288731,0.12882600724697113,0.17098300158977509,0.48616901040077209,0.20449100434780121,0.0095309996977448463,145672,0.11522500216960907,0.13342300057411194,0.49444600939750671,0.23664100468158722,0.020264999940991402
33927,5774305,3338686,0.11925499886274338,0.1634099930524826,0.49342799186706543,0.21424099802970886,0.0096650002524256706,909930,0.12361299991607666,0.17077900469303131,0.51385802030563354,0.18699200451374054,0.0047579999081790447,702621,0.10452599823474884,0.1406790018081665,0.46601900458335876,0.26837900280952454,0.020395999774336815,388663,0.1166130006313324,0.1602109968662262,0.48680201172828674,0.2229820042848587,0.013392000459134579,288743,0.12882399559020996,0.17095500230789185,0.48618999123573303,0.20450399816036224,0.0095279999077320099,145662,0.11527399718761444,0.1334729939699173,0.49442499876022339,0.23652699589729309,0.020300000905990601
33928,5774560,3338789,0.11925800144672394,0.1634099930524826,0.49342599511146545,0.21423299610614777,0.0096720000728964806,909975,0.12363900244235992,0.17073200643062592,0.51385599374771118,0.18700499832630157,0.0047679999843239784,702676,0.10453999787569046,0.14070600271224976,0.46600401401519775,0.26835399866104126,0.020394999533891678,388717,0.11656799912452698,0.16014499962329865,0.48686599731445312,0.22299499809741974,0.013426000252366066,288721,0.12885099649429321,0.17094400525093079,0.4861609935760498,0.20450499653816223,0.0095389997586607933,145682,0.11522399634122849,0.13346900045871735,0.49445399641990662,0.23657700419425964,0.020276999101042747
33929,5774805,3338878,0.11926399916410446,0.16339999437332153,0.49343198537826538,0.21422199904918671,0.009681999683380127,910055,0.12364500015974045,0.17073099315166473,0.51384800672531128,0.18700399994850159,0.0047709997743368149,702734,0.10452199727296829,0.14071600139141083,0.46603301167488098,0.26834100484848022,0.020388999953866005,388724,0.11656299978494644,0.16015000641345978,0.48684400320053101,0.22300399839878082,0.013438999652862549,288743,0.12884500622749329,0.17092700302600861,0.48613500595092773,0.20454199612140656,0.0095520000904798508,145671,0.11522500216960907,0.13344499468803406,0.4944089949131012,0.23658099770545959,0.020339999347925186
33930,5775019,3339075,0.11925999820232391,0.1634020060300827,0.4934380054473877,0.21421100199222565,0.0096880001947283745,910084,0.12363900244235992,0.17073099315166473,0.51384902000427246,0.18700499832630157,0.0047749998047947884,702720,0.10450699925422668,0.14065900444984436,0.46604600548744202,0.26836401224136353,0.020423000678420067,388756,0.11654900014400482,0.16021600365638733,0.48679900169372559,0.2230059951543808,0.013430000282824039,288706,0.12883999943733215,0.17094199359416962,0.48604801297187805,0.20461300015449524,0.0095560001209378242,145678,0.11513099819421768,0.13343800604343414,0.4944399893283844,0.23667299747467041,0.020318999886512756
33931,5775243,3339184,0.11924999952316284,0.16340699791908264,0.4934380054473877,0.2142069935798645,0.0096979998052120209,910156,0.12363799661397934,0.17071500420570374,0.51384598016738892,0.18702299892902374,0.0047780000604689121,702778,0.10450500249862671,0.14065499603748322,0.46609199047088623,0.26832699775695801,0.02042200043797493,388738,0.11658000200986862,0.16017700731754303,0.48673400282859802,0.22306300699710846,0.013446000404655933,288742,0.12883499264717102,0.1709350049495697,0.48605701327323914,0.20461200177669525,0.0095619997009634972,145645,0.11528000235557556,0.13333100080490112,0.4943389892578125,0.23672600090503693,0.020323000848293304
33932,5775484,3339342,0.11924500018358231,0.16341499984264374,0.49342700839042664,0.21420300006866455,0.0097089996561408043,910148,0.12363199889659882,0.17072300612926483,0.51385498046875,0.18700699508190155,0.0047840001061558723,702884,0.10452199727296829,0.14066800475120544,0.46606999635696411,0.26829999685287476,0.020439999178051949,388751,0.11659400165081024,0.16015699505805969,0.48674100637435913,0.22307300567626953,0.013434999622404575,288755,0.12884600460529327,0.17087799310684204,0.486052006483078,0.20467199385166168,0.0095509998500347137,145604,0.11521700024604797,0.13327200710773468,0.49464300274848938,0.23655299842357635,0.020315000787377357
33933,5775744,3339541,0.11925099790096283,0.16340500116348267,0.49342599511146545,0.21420300006866455,0.0097150001674890518,910198,0.12362699955701828,0.17070500552654266,0.5138850212097168,0.18699400126934052,0.0047889999113976955,702882,0.104544997215271,0.14066199958324432,0.46606999635696411,0.26827499270439148,0.020447000861167908,388783,0.11659199744462967,0.16019700467586517,0.48672398924827576,0.22303199768066406,0.013454999774694443,288782,0.12885800004005432,0.17085599899291992,0.486052006483078,0.20467999577522278,0.0095539996400475502,145558,0.11521899700164795,0.13327999413013458,0.49455198645591736,0.236626997590065,0.020322000607848167
33934,5776001,3339695,0.11925599724054337,0.16339899599552155,0.49343100190162659,0.21419000625610352,0.0097249997779726982,910231,0.12362000346183777,0.17070199549198151,0.5138859748840332,0.1869949996471405,0.0047969999723136425,702905,0.10454999655485153,0.1406480073928833,0.46608299016952515,0.26826399564743042,0.020455000922083855,388798,0.1165819987654686,0.16023999452590942,0.48660498857498169,0.22309499979019165,0.013477000407874584,288769,0.12887799739837646,0.17082899808883667,0.48600399494171143,0.20472800731658936,0.0095610003918409348,145603,0.11522399634122849,0.13324600458145142,0.49461901187896729,0.23654699325561523,0.020363999530673027
33935,5776226,3339839,0.11926700174808502,0.16338199377059937,0.49343499541282654,0.21418300271034241,0.0097329998388886452,910224,0.1235869973897934,0.17068900167942047,0.51390302181243896,0.1870180070400238,0.0048030000180006027,702925,0.10454300045967102,0.14059999585151672,0.46612399816513062,0.26826301217079163,0.020470000803470612,388832,0.1165819987654686,0.16024099290370941,0.48664200305938721,0.2230370044708252,0.013496999628841877,288784,0.12884700298309326,0.17080600559711456,0.48602399230003357,0.20474499464035034,0.0095779998227953911,145622,0.11524400115013123,0.13340699672698975,0.4945409893989563,0.2364410012960434,0.020368000492453575
33936,5776481,3339972,0.11927100270986557,0.16336899995803833,0.49343499541282654,0.21418300271034241,0.0097420001402497292,910278,0.12359499931335449,0.1706870049238205,0.51387298107147217,0.18703299760818481,0.0048119998537003994,702900,0.10456299781799316,0.14058999717235565,0.46614998579025269,0.26821699738502502,0.020478999242186546,388902,0.1165739968419075,0.16025400161743164,0.48661899566650391,0.22305099666118622,0.013501999899744987,288777,0.12883999943733215,0.17081299424171448,0.48603600263595581,0.20473900437355042,0.0095710000023245811,145652,0.11524000018835068,0.13331800699234009,0.49465900659561157,0.23642699420452118,0.020356999710202217
33937,5776699,3340013,0.11926700174808502,0.16336700320243835,0.49343198537826538,0.21418699622154236,0.0097479997202754021,910328,0.12357500195503235,0.17072099447250366,0.51385301351547241,0.18702900409698486,0.0048210001550614834,702977,0.10462100058794022,0.14054399728775024,0.46615299582481384,0.26818498969078064,0.020496999844908714,388879,0.11658100038766861,0.16027399897575378,0.48654699325561523,0.22310300171375275,0.013495000079274178,288837,0.12882000207901001,0.17086100578308105,0.4859519898891449,0.20477299392223358,0.009593999944627285,145665,0.11514800041913986,0.13327200710773468,0.49484801292419434,0.23637799918651581,0.020354999229311943
33938,5776949,3340167,0.11925400048494339,0.16336500644683838,0.49344700574874878,0.21417999267578125,0.0097540002316236496,910360,0.12355399876832962,0.17072300612926483,0.51384902000427246,0.18704800307750702,0.0048259999603033066,703026,0.10466799885034561,0.14054499566555023,0.46612200140953064,0.26816600561141968,0.020499000325798988,388838,0.11659900099039078,0.16025400161743164,0.4865339994430542,0.22310300171375275,0.013508999720215797,288864,0.12880499660968781,0.17088299989700317,0.48597601056098938,0.20474299788475037,0.009592999704182148,145694,0.11525499820709229,0.13324500620365143,0.49464601278305054,0.23646099865436554,0.020392000675201416
33939,5777223,3340396,0.11926200240850449,0.16335600614547729,0.4934450089931488,0.21417300403118134,0.009763999842107296,910392,0.12354300171136856,0.17071700096130371,0.51385200023651123,0.18705500662326813,0.0048329997807741165,703012,0.10464999824762344,0.14056199789047241,0.46608498692512512,0.26818498969078064,0.020518999546766281,388865,0.11661600321531296,0.16022999584674835,0.48654699325561523,0.22310100495815277,0.013505999930202961,288890,0.12884800136089325,0.17084400355815887,0.4859670102596283,0.20472200214862823,0.0096199996769428253,145668,0.11526899784803391,0.13322800397872925,0.49467301368713379,0.23644900321960449,0.020382000133395195
33940,5777457,3340558,0.11926700174808502,0.16333700716495514,0.49344301223754883,0.21417999267578125,0.00977300014346838,910412,0.12355300039052963,0.17070099711418152,0.51385200023651123,0.18705999851226807,0.0048340000212192535,702996,0.10463199764490128,0.14055100083351135,0.46609801054000854,0.26819100975990295,0.020527999848127365,388912,0.11661200225353241,0.16029800474643707,0.48649099469184875,0.22310400009155273,0.013493999838829041,288877,0.12891300022602081,0.17080999910831451,0.48595398664474487,0.20468200743198395,0.0096410000696778297,145702,0.1153239980340004,0.13323800265789032,0.49460500478744507,0.23639999330043793,0.020431999117136002
33941,5777669,3340649,0.11925800144672394,0.16335199773311615,0.49343898892402649,0.21416899561882019,0.009782000444829464,910477,0.12355499714612961,0.17069700360298157,0.51385897397994995,0.18704700469970703,0.0048409998416900635,703029,0.10463699698448181,0.14054900407791138,0.46605899930000305,0.26821801066398621,0.020537000149488449,388912,0.11663799732923508,0.16024400293827057,0.48653200268745422,0.22307099401950836,0.013515000231564045,288864,0.12886300683021545,0.17085200548171997,0.48588600754737854,0.20473000407218933,0.0096690002828836441,145738,0.11526799947023392,0.13301299512386322,0.49477800726890564,0.23652000725269318,0.020419999957084656
33942,5777905,3340760,0.11925499886274338,0.16335800290107727,0.49344000220298767,0.21416300535202026,0.0097850002348423004,910542,0.12355899810791016,0.17068499326705933,0.51385301351547241,0.18705099821090698,0.0048509999178349972,703061,0.10466700047254562,0.14049999415874481,0.46605899930000305,0.26823300123214722,0.020541999489068985,388969,0.11659800261259079,0.16027499735355377,0.48653200268745422,0.22306400537490845,0.013531000353395939,288868,0.12886899709701538,0.17084300518035889,0.48588299751281738,0.20472000539302826,0.0096859997138381004,145705,0.11528100073337555,0.13290600478649139,0.49478098750114441,0.23659400641918182,0.020439000800251961
33943,5778131,3340928,0.11925599724054337,0.16335600614547729,0.49343401193618774,0.21416300535202026,0.0097920000553131104,910580,0.12355899810791016,0.17068000137805939,0.51385200023651123,0.18705199658870697,0.0048569999635219574,703053,0.1046999990940094,0.14045999944210052,0.46606600284576416,0.26822599768638611,0.020547999069094658,388953,0.11657699942588806,0.16028200089931488,0.48656299710273743,0.22304199635982513,0.013535999692976475,288894,0.12885700166225433,0.17081700265407562,0.48588401079177856,0.20475000143051147,0.009692000225186348,145723,0.11523199826478958,0.13290299475193024,0.49478799104690552,0.23663400113582611,0.02044299989938736
33944,5778365,3341016,0.11925800144672394,0.16334700584411621,0.49343401193618774,0.21416500210762024,0.0097960000857710838,910626,0.12358000129461288,0.17066499590873718,0.51383799314498901,0.18705500662326813,0.0048630000092089176,703048,0.10469300299882889,0.14044000208377838,0.46606498956680298,0.26822799444198608,0.02057499997317791,389004,0.11654400080442429,0.16028399765491486,0.48658099770545959,0.22306199371814728,0.013528999872505665,288957,0.12882199883460999,0.17083500325679779,0.48588499426841736,0.2047639936208725,0.009693000465631485,145714,0.1153080016374588,0.13291099667549133,0.49473598599433899,0.23661400377750397,0.020430000498890877
33945,5778612,3341148,0.11925800144672394,0.16333299875259399,0.49343898892402649,0.21416400372982025,0.0098069999366998672,910669,0.1235710009932518,0.17065699398517609,0.51382297277450562,0.18707799911499023,0.0048710000701248646,703084,0.1047229990363121,0.14047500491142273,0.46599799394607544,0.26822400093078613,0.020578999072313309,389054,0.11653900146484375,0.16029900312423706,0.4865649938583374,0.22306899726390839,0.013527999632060528,288965,0.12876300513744354,0.17082999646663666,0.48590999841690063,0.20479300618171692,0.0097040003165602684,145692,0.11528400331735611,0.13293099403381348,0.49475601315498352,0.23663599789142609,0.020392000675201416
33946,5778821,3341304,0.11925199627876282,0.16333700716495514,0.49342799186706543,0.21416999399662018,0.0098130004480481148,910642,0.12356899678707123,0.170647993683815,0.5138319730758667,0.18707400560379028,0.0048779998905956745,703146,0.10475599765777588,0.14046399295330048,0.46600699424743652,0.26818999648094177,0.02058199979364872,389082,0.1165509968996048,0.16027699410915375,0.48657399415969849,0.22307099401950836,0.013527000322937965,288982,0.12878300249576569,0.17075100541114807,0.48595800995826721,0.20480500161647797,0.0097030000761151314,145665,0.11523699760437012,0.132750004529953,0.49489599466323853,0.23668000102043152,0.020437000319361687
33947,5779064,3341349,0.11925700306892395,0.16332399845123291,0.49343100190162659,0.21416699886322021,0.0098200002685189247,910711,0.12356200069189072,0.17065300047397614,0.51383602619171143,0.18706400692462921,0.0048850001767277718,703246,0.10476599633693695,0.14046399295330048,0.46598300337791443,0.26820901036262512,0.020577000454068184,389115,0.11656499654054642,0.16027100384235382,0.48651701211929321,0.22310400009155273,0.013543999753892422,288990,0.12883499264717102,0.17070099711418152,0.48600301146507263,0.20475800335407257,0.0097030000761151314,145653,0.11517799645662308,0.13271300494670868,0.49493700265884399,0.23669299483299255,0.020479999482631683
33948,5779257,3341385,0.11925599724054337,0.16331799328327179,0.49344301223754883,0.21415600180625916,0.0098270000889897346,910724,0.12356500327587128,0.17063599824905396,0.51382702589035034,0.18707799911499023,0.0048940000124275684,703292,0.10473600029945374,0.14048199355602264,0.46594899892807007,0.26825699210166931,0.020576000213623047,389164,0.11660599708557129,0.16020500659942627,0.48655799031257629,0.22308599948883057,0.013543999753892422,288997,0.12880800664424896,0.17069399356842041,0.4859670102596283,0.20479799807071686,0.0097340000793337822,145695,0.11515799909830093,0.13279099762439728,0.49486899375915527,0.23667900264263153,0.02050199918448925
33949,5779503,3341505,0.11926399916410446,0.16331000626087189,0.4934380054473877,0.21414999663829803,0.0098390001803636551,910738,0.12356700003147125,0.17060999572277069,0.51384299993515015,0.1870809942483902,0.0048989998176693916,703345,0.1047540009021759,0.14045900106430054,0.46597599983215332,0.26824000477790833,0.020571999251842499,389206,0.11655499786138535,0.16024200618267059,0.48652100563049316,0.22312100231647491,0.013561000116169453,289012,0.12878699600696564,0.17065000534057617,0.48599401116371155,0.20482200384140015,0.0097470004111528397,145697,0.11521200090646744,0.13280299305915833,0.49490401148796082,0.23659400641918182,0.02048799954354763
33950,5779711,3341674,0.11925899982452393,0.16329400241374969,0.49343100190162659,0.21416699886322021,0.0098479995504021645,910772,0.12357000261545181,0.17060400545597076,0.51386702060699463,0.18705099821090698,0.0049080001190304756,703369,0.10473699867725372,0.14047700166702271,0.46598199009895325,0.26822999119758606,0.020573999732732773,389187,0.1165430024266243,0.16027000546455383,0.48649600148200989,0.22314499318599701,0.013546000234782696,289033,0.1287740021944046,0.1706169992685318,0.4861069917678833,0.20473800599575043,0.009763999842107296,145676,0.1153239980340004,0.13280799984931946,0.49488601088523865,0.23648400604724884,0.020498000085353851
33951,5779918,3341810,0.11924699693918228,0.16329899430274963,0.49341899156570435,0.21417899429798126,0.0098559996113181114,910814,0.12356100231409073,0.17059099674224854,0.5138850212097168,0.18705099821090698,0.0049109999090433121,703396,0.10475300252437592,0.14048600196838379,0.46594399213790894,0.26823699474334717,0.020579999312758446,389132,0.11655200272798538,0.1602180004119873,0.48661598563194275,0.22307300567626953,0.013539999723434448,289061,0.12873099744319916,0.17066599428653717,0.48607701063156128,0.20475299656391144,0.00977300014346838,145705,0.11535000056028366,0.13267900049686432,0.49502798914909363,0.23643000423908234,0.020514000207185745
33952,5780188,3341897,0.11924800276756287,0.16330400109291077,0.49340999126434326,0.21417400240898132,0.009863000363111496,910855,0.1235710009932518,0.17061799764633179,0.51384198665618896,0.18705600500106812,0.0049129999242722988,703524,0.10472799837589264,0.14047999680042267,0.46594598889350891,0.26825800538063049,0.020587999373674393,389138,0.11655499786138535,0.16020800173282623,0.48662200570106506,0.22307500243186951,0.013539999723434448,289087,0.12873299419879913,0.17065100371837616,0.48609599471092224,0.20473399758338928,0.0097859995439648628,145687,0.11547999829053879,0.13264699280261993,0.49495801329612732,0.2363629937171936,0.020550999790430069
33953,5780433,3342041,0.11925099790096283,0.16328999400138855,0.49341601133346558,0.21417200565338135,0.0098719997331500053,910923,0.12356700003147125,0.17062099277973175,0.51383298635482788,0.18706099689006805,0.0049180001951754093,703556,0.10474900156259537,0.14045099914073944,0.46590301394462585,0.26829099655151367,0.020604999735951424,389134,0.11655899882316589,0.16020700335502625,0.4866270124912262,0.22307200729846954,0.013535000383853912,289095,0.12879200279712677,0.170632004737854,0.48608899116516113,0.204694002866745,0.0097930002957582474,145684,0.11556500196456909,0.13269099593162537,0.49487200379371643,0.23635399341583252,0.020517000928521156
33954,5780650,3342200,0.11924000084400177,0.16327500343322754,0.4934220016002655,0.21418300271034241,0.0098799997940659523,910968,0.12357199937105179,0.17062200605869293,0.51381397247314453,0.18706800043582916,0.0049239997752010822,703598,0.10477299988269806,0.14047099649906158,0.46588799357414246,0.26824399828910828,0.020624000579118729,389096,0.11653199791908264,0.1601870059967041,0.48667401075363159,0.22309400141239166,0.013512999750673771,289111,0.12875699996948242,0.17066499590873718,0.4861069917678833,0.20467199385166168,0.0097989998757839203,145677,0.11557800322771072,0.13269799947738647,0.49491700530052185,0.23630400002002716,0.020503999665379524
33955,5780859,3342303,0.11924099922180176,0.16326999664306641,0.49342700839042664,0.21417899429798126,0.0098839998245239258,910993,0.12356200069189072,0.17060500383377075,0.51384299993515015,0.18706700205802917,0.0049230000004172325,703576,0.1047699972987175,0.14043499529361725,0.46593299508094788,0.26823800802230835,0.020623000338673592,389135,0.11652799695730209,0.16016300022602081,0.48670500516891479,0.22308200597763062,0.013522000052034855,289142,0.12874299287796021,0.17072899639606476,0.48603498935699463,0.20468500256538391,0.0098080001771450043,145710,0.11555100232362747,0.13267399370670319,0.49476400017738342,0.23650400340557098,0.020506000146269798
33956,5781081,3342496,0.11922600120306015,0.16327400505542755,0.4934140145778656,0.21419499814510345,0.0098909996449947357,911015,0.12355200201272964,0.17060600221157074,0.51385402679443359,0.18704999983310699,0.0049370001070201397,703556,0.10475099831819534,0.14045099914073944,0.46592900156974792,0.26822701096534729,0.020641999319195747,389156,0.11658799648284912,0.16014100611209869,0.48672300577163696,0.2230290025472641,0.013519000262022018,289143,0.12873899936676025,0.17070400714874268,0.48607400059700012,0.20464299619197845,0.0098390001803636551,145715,0.11561600118875504,0.13260099291801453,0.49478799104690552,0.23648199439048767,0.020512999966740608
33957,5781321,3342647,0.11922299861907959,0.16326899826526642,0.49340501427650452,0.21420399844646454,0.0098999999463558197,911054,0.12353499978780746,0.17062400281429291,0.51382601261138916,0.18707799911499023,0.0049370001070201397,703625,0.10474900156259537,0.14042399823665619,0.46597498655319214,0.26820299029350281,0.020648999139666557,389132,0.11660599708557129,0.16014100611209869,0.48671099543571472,0.2230370044708252,0.013504000380635262,289168,0.12879399955272675,0.17070400714874268,0.48607701063156128,0.2045769989490509,0.0098489997908473015,145695,0.11570700258016586,0.13265399634838104,0.49466401338577271,0.23644599318504333,0.020529000088572502
33958,5781541,3342743,0.11922299861907959,0.16325899958610535,0.49341499805450439,0.21419699490070343,0.0099039999768137932,911099,0.12351900339126587,0.17062999308109283,0.51380902528762817,0.18709999322891235,0.0049410001374781132,703596,0.10473500192165375,0.14044399559497833,0.46594899892807007,0.26820600032806396,0.020664999261498451,389199,0.11657299846410751,0.16015699505805969,0.48676899075508118,0.22299100458621979,0.013509999960660934,289195,0.12877100706100464,0.17068800330162048,0.48602798581123352,0.2046470046043396,0.0098649999126791954,145709,0.11573799699544907,0.13273000717163086,0.49452000856399536,0.23653300106525421,0.020478999242186546
33959,5781748,3342881,0.11921899765729904,0.1632390022277832,0.49342000484466553,0.21420599520206451,0.0099160000681877136,911133,0.12352199852466583,0.17063300311565399,0.51379400491714478,0.1871040016412735,0.0049470001831650734,703570,0.1047390028834343,0.14050100743770599,0.46591201424598694,0.26819199323654175,0.020656000822782516,389219,0.11660999804735184,0.16012600064277649,0.48674100637435913,0.22300300002098083,0.013519000262022018,289239,0.12874500453472137,0.17067499458789825,0.48607900738716125,0.20461300015449524,0.0098879998549818993,145706,0.11578100174665451,0.13267800211906433,0.49458500742912292,0.23644900321960449,0.020507000386714935
33960,5781997,3342965,0.11924300342798233,0.16321499645709991,0.49342098832130432,0.2141990065574646,0.0099229998886585236,911185,0.12352000176906586,0.17063300311565399,0.51380002498626709,0.1870959997177124,0.0049510002136230469,703601,0.10472699999809265,0.14049999415874481,0.46585899591445923,0.26825299859046936,0.020661000162363052,389282,0.11662200093269348,0.16013100743293762,0.48673999309539795,0.2229820042848587,0.013524999842047691,289240,0.12871000170707703,0.17069600522518158,0.48609501123428345,0.20462200045585632,0.0098780002444982529,145724,0.11573199927806854,0.13283999264240265,0.49450299143791199,0.23640599846839905,0.020517999306321144
33961,5782206,3343096,0.11922299861907959,0.16320900619029999,0.49343898892402649,0.21419799327850342,0.0099309999495744705,911259,0.12352500110864639,0.17062099277973175,0.51379597187042236,0.18709899485111237,0.0049589998088777065,703571,0.10473000258207321,0.14051699638366699,0.46583399176597595,0.2682499885559082,0.020669000223278999,389290,0.11665300279855728,0.16013799607753754,0.48667299747467041,0.22298300266265869,0.013553000055253506,289253,0.12870399653911591,0.17076399922370911,0.48604500293731689,0.20460599660873413,0.0098810000345110893,145737,0.11581099778413773,0.13282099366188049,0.49442499876022339,0.23645299673080444,0.020488999783992767
33962,5782442,3343216,0.11921299993991852,0.16320799291133881,0.49343100190162659,0.21420200169086456,0.0099449995905160904,911312,0.12355700135231018,0.17061300575733185,0.51375901699066162,0.1871040016412735,0.0049660000950098038,703575,0.10474800318479538,0.14048700034618378,0.46583101153373718,0.26827698945999146,0.020656999200582504,389274,0.11666099727153778,0.16003100574016571,0.48670899868011475,0.22304299473762512,0.013555999845266342,289268,0.1287589967250824,0.17077599465847015,0.4860369861125946,0.20453000068664551,0.0098970001563429832,145797,0.11578399688005447,0.13294500112533569,0.49446099996566772,0.2363010048866272,0.020508000627160072
33963,5782663,3343282,0.11921700090169907,0.16320399940013885,0.49342700839042664,0.21419599652290344,0.0099560003727674484,911346,0.1235480010509491,0.17061200737953186,0.51375502347946167,0.18710899353027344,0.0049749999307096004,703601,0.10472399741411209,0.14050400257110596,0.46580499410629272,0.26829299330711365,0.020673999562859535,389319,0.11662200093269348,0.16000199317932129,0.48680099844932556,0.22299699485301971,0.013577999547123909,289287,0.12875799834728241,0.17073699831962585,0.48608499765396118,0.20453000068664551,0.0098900003358721733,145828,0.11567100137472153,0.13303999602794647,0.49439799785614014,0.23638799786567688,0.020503999665379524
33964,5782898,3343342,0.11921100318431854,0.16320399940013885,0.49341800808906555,0.21420499682426453,0.0099609997123479843,911405,0.12354700267314911,0.1706089973449707,0.51374602317810059,0.18711400032043457,0.0049840002320706844,703631,0.10471300035715103,0.14050500094890594,0.46586599946022034,0.26821601390838623,0.02070000022649765,389336,0.11669400334358215,0.15992900729179382,0.48674899339675903,0.22304399311542511,0.013585000298917294,289326,0.12882399559020996,0.17063799500465393,0.48610201478004456,0.20453700423240662,0.0098989997059106827,145858,0.11572200059890747,0.13295799493789673,0.49431601166725159,0.23647700250148773,0.020526999607682228
33965,5783110,3343451,0.11920899897813797,0.16319499909877777,0.49340501427650452,0.21421800553798676,0.0099719995632767677,911424,0.12355100363492966,0.17061899602413177,0.51374101638793945,0.18710500001907349,0.0049850000068545341,703654,0.10468500107526779,0.14050500094890594,0.46589401364326477,0.2682110071182251,0.020704999566078186,389345,0.11667799949645996,0.15996600687503815,0.48680999875068665,0.22295700013637543,0.013589000329375267,289364,0.12880000472068787,0.17060199379920959,0.48612800240516663,0.20455899834632874,0.0099109997972846031,145872,0.11578600108623505,0.13302800059318542,0.49423500895500183,0.23640599846839905,0.020545000210404396
33966,5783338,3343695,0.11921499669551849,0.16318100690841675,0.49341800808906555,0.21420499682426453,0.0099809998646378517,911493,0.12355700135231018,0.17060799896717072,0.51374399662017822,0.1870959997177124,0.0049950000829994678,703595,0.10465399920940399,0.14052000641822815,0.46588298678398132,0.26821300387382507,0.020731000229716301,389348,0.11671099811792374,0.15995499491691589,0.48676499724388123,0.22297300398349762,0.013597000390291214,289333,0.12882700562477112,0.17057199776172638,0.48613899946212769,0.20456700026988983,0.0098949996754527092,145874,0.11581200361251831,0.13305999338626862,0.49404999613761902,0.23654699325561523,0.020531000569462776
33967,5783590,3343856,0.11921100318431854,0.16317899525165558,0.49342900514602661,0.21419399976730347,0.0099879996851086617,911529,0.12358199805021286,0.17060199379920959,0.51372897624969482,0.18708999454975128,0.0049959998577833176,703631,0.10464700311422348,0.14044399559497833,0.46591800451278687,0.26824000477790833,0.020750999450683594,389397,0.11670099943876266,0.1600009948015213,0.48668798804283142,0.22301100194454193,0.013597999699413776,289369,0.12885600328445435,0.17053000628948212,0.48610898852348328,0.20460399985313416,0.0099010001868009567,145808,0.1158439964056015,0.13298299908638,0.49421799182891846,0.23643399775028229,0.020519999787211418
33968,5783828,3343939,0.11920499801635742,0.16316699981689453,0.49342599511146545,0.21420499682426453,0.0099980002269148827,911567,0.12359499931335449,0.17062200605869293,0.5136839747428894,0.18710100650787354,0.0049990001134574413,703688,0.10465600341558456,0.14042000472545624,0.46598100662231445,0.26820400357246399,0.020739000290632248,389445,0.11669900268316269,0.16000699996948242,0.48667699098587036,0.22302800416946411,0.013589000329375267,289357,0.12883399426937103,0.17056399583816528,0.48613300919532776,0.20457400381565094,0.0098940003663301468,145832,0.11583200097084045,0.1330299973487854,0.49417099356651306,0.23641599714756012,0.020550999790430069
33969,5784068,3344010,0.1191990002989769,0.16316400468349457,0.49342700839042664,0.21420300006866455,0.010006999596953392,911639,0.12361700087785721,0.17062599956989288,0.51365000009536743,0.18709799647331238,0.0050099999643862247,703720,0.1046610027551651,0.14038699865341187,0.46593400835990906,0.26827400922775269,0.020743999630212784,389457,0.11679299920797348,0.15995900332927704,0.48669299483299255,0.22295700013637543,0.013597999699413776,289384,0.1287979930639267,0.17053499817848206,0.48615700006484985,0.20461699366569519,0.0098930001258850098,145858,0.11576999723911285,0.13310900330543518,0.49428901076316833,0.23629799485206604,0.020533999428153038
33970,5784312,3344181,0.11919499933719635,0.16315099596977234,0.49341601133346558,0.21422299742698669,0.010014000348746777,911684,0.12362399697303772,0.17061200737953186,0.51364600658416748,0.18710500001907349,0.0050130002200603485,703729,0.10465099662542343,0.14037899672985077,0.46595099568367004,0.26825699210166931,0.020762000232934952,389438,0.11675799638032913,0.16000999510288239,0.48669600486755371,0.22294700145721436,0.013589000329375267,289403,0.12880699336528778,0.17054800689220428,0.48618400096893311,0.2045619934797287,0.0098999999463558197,145877,0.11586499959230423,0.1332080066204071,0.49409401416778564,0.23628099262714386,0.020552000030875206
33971,5784555,3344358,0.11920399963855743,0.16313500702381134,0.49341499805450439,0.21422299742698669,0.010022999718785286,911728,0.12362000346183777,0.1706169992685318,0.51363497972488403,0.18710599839687347,0.0050220000557601452,703774,0.1046219989657402,0.14040400087833405,0.46594500541687012,0.26825699210166931,0.020772000774741173,389384,0.11678999662399292,0.16001200675964355,0.48660200834274292,0.22299599647521973,0.013601000420749187,289419,0.12879900634288788,0.17058700323104858,0.48618400096893311,0.20455099642276764,0.0098780002444982529,145892,0.11588700115680695,0.13315999507904053,0.49424201250076294,0.23618200421333313,0.020529000088572502
33972,5784797,3344454,0.11920499801635742,0.16310499608516693,0.49344199895858765,0.21422000229358673,0.010029000230133533,911780,0.12363199889659882,0.17062300443649292,0.51359397172927856,0.18712200224399567,0.0050289998762309551,703820,0.10461799800395966,0.14043200016021729,0.46593698859214783,0.26823300123214722,0.020779000595211983,389420,0.11682800203561783,0.16000699996948242,0.48653900623321533,0.22301100194454193,0.013615000061690807,289393,0.12881800532341003,0.17057099938392639,0.48615598678588867,0.20458300411701202,0.0098719997331500053,145930,0.11587700247764587,0.13306400179862976,0.4944080114364624,0.23609299957752228,0.020557999610900879
33973,5785015,3344657,0.11920300126075745,0.16310299932956696,0.49342501163482666,0.21423199772834778,0.01003700029104948,911768,0.12362000346183777,0.17063300311565399,0.51358801126480103,0.18713299930095673,0.0050249998457729816,703865,0.10459999740123749,0.14043299853801727,0.46598100662231445,0.26820799708366394,0.020778000354766846,389398,0.11688300222158432,0.15999600291252136,0.48651999235153198,0.2229900062084198,0.013611000031232834,289370,0.12880699336528778,0.17057700455188751,0.48615598678588867,0.20456500351428986,0.0098940003663301468,145957,0.11578799784183502,0.13310800492763519,0.49450200796127319,0.23603500425815582,0.0205680001527071
33974,5785241,3344756,0.11920300126075745,0.16310399770736694,0.4934140145778656,0.21423600614070892,0.010042999871075153,911799,0.12360499799251556,0.17063300311565399,0.51360899209976196,0.18712800741195679,0.0050249998457729816,703887,0.10460899770259857,0.14042599499225616,0.4660240113735199,0.26816800236701965,0.020772999152541161,389409,0.1168999969959259,0.15995299816131592,0.48654800653457642,0.22298100590705872,0.013617999851703644,289377,0.12881100177764893,0.17059800028800964,0.48611301183700562,0.20456700026988983,0.0099109997972846031,146013,0.11583200097084045,0.1330839991569519,0.49437400698661804,0.2361299991607666,0.020579999312758446
33975,5785474,3344821,0.11920200288295746,0.16309100389480591,0.49342098832130432,0.21423900127410889,0.010048000141978264,911890,0.12359499931335449,0.170632004737854,0.51360100507736206,0.18713800609111786,0.0050340001471340656,703934,0.10461200028657913,0.14040699601173401,0.46600800752639771,0.26818400621414185,0.020788999274373055,389448,0.11693000048398972,0.15989799797534943,0.48659899830818176,0.22294899821281433,0.013624000363051891,289365,0.12877500057220459,0.1706559956073761,0.48609501123428345,0.20455099642276764,0.0099219996482133865,146016,0.11589100211858749,0.1331699937582016,0.49431601166725159,0.23603600263595581,0.020586999133229256
33976,5785696,3344984,0.11919400095939636,0.16309599578380585,0.49341601133346558,0.2142380028963089,0.010056000202894211,911900,0.12361399829387665,0.1706169992685318,0.51358699798583984,0.18714700639247894,0.0050349999219179153,703942,0.10461399704217911,0.14039500057697296,0.46601900458335876,0.26817598938941956,0.020796999335289001,389450,0.1169390007853508,0.15989500284194946,0.48661699891090393,0.22292700409889221,0.013621999882161617,289380,0.1286890059709549,0.17066800594329834,0.48610499501228333,0.20461000502109528,0.0099280001595616341,146040,0.11587200313806534,0.13321700692176819,0.49432998895645142,0.23603099584579468,0.020548999309539795
33977,5785943,3345121,0.11918000131845474,0.163099005818367,0.49341100454330444,0.21424800157546997,0.010063000023365021,911997,0.12363900244235992,0.17061899602413177,0.51357102394104004,0.18713900446891785,0.0050329999066889286,703929,0.10467000305652618,0.14036199450492859,0.46601700782775879,0.26815301179885864,0.020797999575734138,389456,0.1169549971818924,0.15989199280738831,0.48655599355697632,0.22295999526977539,0.013636999763548374,289388,0.12865099310874939,0.1706710010766983,0.48614299297332764,0.20460799336433411,0.0099280001595616341,146052,0.11582899838685989,0.13329499959945679,0.4943310022354126,0.23597800731658936,0.0205680001527071
33978,5786159,3345233,0.11917100101709366,0.16309100389480591,0.49342301487922668,0.21424899995326996,0.01006499957293272,912021,0.12365099787712097,0.17058899998664856,0.51355499029159546,0.18716299533843994,0.0050420002080500126,703989,0.10469099879264832,0.14037300646305084,0.46596300601959229,0.26815199851989746,0.020820999518036842,389473,0.11694499850273132,0.15989600121974945,0.4865570068359375,0.22293199598789215,0.013670000247657299,289402,0.12867900729179382,0.17067299783229828,0.4861299991607666,0.20456700026988983,0.0099520003423094749,146041,0.11581700295209885,0.13332599401473999,0.49424499273300171,0.23602299392223358,0.020589999854564667
33979,5786404,3345488,0.11917199939489365,0.16309100389480591,0.49342799186706543,0.21423299610614777,0.010076000355184078,912013,0.12364500015974045,0.17059600353240967,0.51353400945663452,0.18717999756336212,0.0050440002232789993,704008,0.10467399656772614,0.14035600423812866,0.46594899892807007,0.26818901300430298,0.0208320003002882,389455,0.11695600301027298,0.15993599593639374,0.48652899265289307,0.22290100157260895,0.013678000308573246,289404,0.12868499755859375,0.17071600258350372,0.48604398965835571,0.20458899438381195,0.0099649997428059578,146036,0.11569699645042419,0.13326899707317352,0.49432298541069031,0.23610599339008331,0.020604999735951424
33980,5786629,3345615,0.11916600167751312,0.16308699548244476,0.49342900514602661,0.21423700451850891,0.010081999935209751,912058,0.12367100268602371,0.17056399583816528,0.51353901624679565,0.18718099594116211,0.0050459997728466988,703979,0.10462799668312073,0.14034399390220642,0.46597000956535339,0.26819398999214172,0.020864000543951988,389565,0.11695600301027298,0.15996299684047699,0.48646301031112671,0.2229360044002533,0.013682000339031219,289389,0.12870599329471588,0.17069399356842041,0.48604801297187805,0.20458999276161194,0.0099619999527931213,146023,0.11567399650812149,0.13337600231170654,0.49425101280212402,0.23612000048160553,0.020578999072313309
33981,5786895,3345786,0.11916700005531311,0.16307899355888367,0.49342501163482666,0.2142380028963089,0.010091999545693398,912108,0.12365999817848206,0.17056499421596527,0.51353901624679565,0.18718899786472321,0.0050470000132918358,703995,0.10465700179338455,0.14033199846744537,0.4659779965877533,0.26815700531005859,0.020876999944448471,389598,0.1168920025229454,0.15996499359607697,0.48645800352096558,0.22297899425029755,0.013705999590456486,289384,0.12870100140571594,0.17070400714874268,0.48601201176643372,0.20462100207805634,0.0099630001932382584,146024,0.11568599939346313,0.13346399366855621,0.49411100149154663,0.23621499538421631,0.020524000748991966
33982,5787144,3345956,0.11917299777269363,0.16307799518108368,0.49341899156570435,0.21422700583934784,0.010103000327944756,912163,0.12367399781942368,0.17055200040340424,0.51350301504135132,0.18722300231456757,0.0050479997880756855,703998,0.10465099662542343,0.14034399390220642,0.46599999070167542,0.2681330144405365,0.020872000604867935,389576,0.11689399927854538,0.15993300080299377,0.48646700382232666,0.22298899292945862,0.013717000372707844,289385,0.12868300080299377,0.1707099974155426,0.48598200082778931,0.20464099943637848,0.0099830003455281258,146066,0.11563300341367722,0.13338500261306763,0.49413299560546875,0.23628999292850494,0.020558999851346016
33983,5787377,3346151,0.11917600035667419,0.16307899355888367,0.49341899156570435,0.21421700716018677,0.010110000148415565,912181,0.12368500232696533,0.17052599787712097,0.51349097490310669,0.18724699318408966,0.0050510000437498093,704007,0.1046300008893013,0.14034199714660645,0.46598100662231445,0.26815798878669739,0.020888999104499817,389544,0.11685200035572052,0.15993599593639374,0.48648899793624878,0.22299699485301971,0.013725999742746353,289418,0.12868200242519379,0.17067399621009827,0.48600998520851135,0.20465199649333954,0.0099820001050829887,146076,0.11565200239419937,0.13342399895191193,0.49411898851394653,0.23623299598693848,0.020571000874042511
33984,5787619,3346319,0.11917500197887421,0.16307300329208374,0.49341499805450439,0.21421800553798676,0.010119000449776649,912212,0.12369199842214584,0.17053300142288208,0.51345497369766235,0.18726000189781189,0.0050599998794496059,704105,0.10462100058794022,0.14034700393676758,0.46595999598503113,0.2681719958782196,0.020899999886751175,389518,0.11685200035572052,0.15992100536823273,0.48652398586273193,0.22298599779605865,0.013717000372707844,289383,0.1286499947309494,0.17070099711418152,0.48607900738716125,0.20457300543785095,0.0099969999864697456,146082,0.11565399914979935,0.1335349977016449,0.49408599734306335,0.23612800240516663,0.020597999915480614
33985,5787868,3346464,0.11918199807405472,0.16306200623512268,0.49341800808906555,0.21421100199222565,0.010126999579370022,912265,0.12368699908256531,0.17050300538539886,0.5134739875793457,0.18727999925613403,0.0050570000894367695,704151,0.1046219989657402,0.14034299552440643,0.4659850001335144,0.26813700795173645,0.02091200090944767,389496,0.11687400192022324,0.15986600518226624,0.48647698760032654,0.22303199768066406,0.013751000165939331,289408,0.12860000133514404,0.17073500156402588,0.48607799410820007,0.20458699762821198,0.0099999997764825821,146084,0.11571399867534637,0.13364200294017792,0.49399000406265259,0.23605599999427795,0.020597999915480614
33986,5788120,3346602,0.11918699741363525,0.1630530059337616,0.49341300129890442,0.21421000361442566,0.010137000121176243,912301,0.12368600070476532,0.17048799991607666,0.51348501443862915,0.18727800250053406,0.0050630001351237297,704154,0.10463999956846237,0.14036299288272858,0.46593800187110901,0.2681489884853363,0.020910000428557396,389571,0.11688800156116486,0.15988099575042725,0.48640900850296021,0.22306099534034729,0.013760999776422977,289407,0.1285800039768219,0.17075300216674805,0.48606601357460022,0.20460100471973419,0.0099999997764825821,146085,0.11564499884843826,0.13356600701808929,0.49412301182746887,0.236067995429039,0.020597999915480614
33987,5788356,3346846,0.11918000131845474,0.16305199265480042,0.49340599775314331,0.21422100067138672,0.010142000392079353,912331,0.1236879974603653,0.17049999535083771,0.51346898078918457,0.18727700412273407,0.0050659999251365662,704115,0.104653000831604,0.14036600291728973,0.46594700217247009,0.26811501383781433,0.020918000489473343,389549,0.11685799807310104,0.15990500152111053,0.48634698987007141,0.22311200201511383,0.013776999898254871,289408,0.12855899333953857,0.17076900601387024,0.48611000180244446,0.20455899834632874,0.010002999566495419,146107,0.11564800143241882,0.13346399366855621,0.4941520094871521,0.23608699440956116,0.020648999139666557
33988,5788582,3346958,0.11918400228023529,0.16303099691867828,0.49342301487922668,0.21421700716018677,0.01014500018209219,912351,0.12369000166654587,0.1705009937286377,0.51345199346542358,0.18729199469089508,0.0050650001503527164,704158,0.10463999956846237,0.1403450071811676,0.46592500805854797,0.26815000176429749,0.02094000019133091,389616,0.11685600131750107,0.15995000302791595,0.4863629937171936,0.22303499281406403,0.013795999810099602,289384,0.12853899598121643,0.17073899507522583,0.48612600564956665,0.20458300411701202,0.010014000348746777,146115,0.11577899754047394,0.13340899348258972,0.49406999349594116,0.23606699705123901,0.020674999803304672
33989,5788802,3347077,0.11918800324201584,0.1630219966173172,0.49342900514602661,0.21420800685882568,0.010153000243008137,912400,0.12369400262832642,0.1705159991979599,0.51342397928237915,0.18729700148105621,0.0050690001808106899,704166,0.10462299734354019,0.14034900069236755,0.4659309983253479,0.26814699172973633,0.020950000733137131,389638,0.11683200299739838,0.15996399521827698,0.48637700080871582,0.22302800416946411,0.013799999840557575,289377,0.12858299911022186,0.17069399356842041,0.48610299825668335,0.20458100736141205,0.01003899984061718,146144,0.11569400131702423,0.13330699503421783,0.49416300654411316,0.23615099489688873,0.020685000345110893
33990,5789042,3347249,0.11918999999761581,0.16302099823951721,0.49340701103210449,0.21422299742698669,0.01015899982303381,912422,0.12368699908256531,0.17051999270915985,0.51341700553894043,0.1873060017824173,0.0050699999555945396,704185,0.10466600209474564,0.14034099876880646,0.46591699123382568,0.26810601353645325,0.020969999954104424,389659,0.1168380007147789,0.15989099442958832,0.48644599318504333,0.22303900122642517,0.013786000199615955,289394,0.12857900559902191,0.17065000534057617,0.48617500066757202,0.2045309990644455,0.010065999813377857,146133,0.11559300124645233,0.13328999280929565,0.49428901076316833,0.23614099621772766,0.020687000826001167
33991,5789259,3347378,0.11919999867677689,0.16301600635051727,0.49340200424194336,0.21421900391578674,0.01016400009393692,912424,0.12366099655628204,0.17053499817848206,0.51341402530670166,0.1873210072517395,0.0050699999555945396,704228,0.10464199632406235,0.14035399258136749,0.46595698595046997,0.26805499196052551,0.02099199965596199,389696,0.11685799807310104,0.15992499887943268,0.48641499876976013,0.22301499545574188,0.013787999749183655,289419,0.12859199941158295,0.17067000269889832,0.48608100414276123,0.20458200573921204,0.010075000114738941,146114,0.11549899727106094,0.13315600156784058,0.49437400698661804,0.23627400398254395,0.020695999264717102
33992,5789480,3347563,0.11918699741363525,0.16301099956035614,0.49340200424194336,0.21423199772834778,0.010166999883949757,912482,0.12365599721670151,0.17053300142288208,0.51342201232910156,0.18730999529361725,0.0050800000317394733,704227,0.10465899854898453,0.14037099480628967,0.46592399477958679,0.26803401112556458,0.021012000739574432,389685,0.11690200120210648,0.15984199941158295,0.48648300766944885,0.22299499809741974,0.013778000138700008,289413,0.128588005900383,0.17069399356842041,0.48604199290275574,0.20459699630737305,0.010079000145196915,146110,0.11559099704027176,0.13322800397872925,0.49424400925636292,0.23620599508285522,0.020731000229716301
33993,5789714,3347746,0.11919700354337692,0.16299200057983398,0.49340298771858215,0.21423099935054779,0.010177000425755978,912541,0.1236800029873848,0.17049400508403778,0.51344799995422363,0.1872979998588562,0.0050800000317394733,704247,0.10468199849128723,0.14037099480628967,0.46582698822021484,0.26810300350189209,0.021017000079154968,389668,0.11683499813079834,0.15985700488090515,0.48655000329017639,0.2229900062084198,0.013767999596893787,289397,0.1285330057144165,0.17078299820423126,0.48603099584579468,0.20456300675868988,0.010089999996125698,146115,0.11560799926519394,0.13331300020217896,0.49422699213027954,0.2361149936914444,0.020736999809741974
33994,5789926,3347903,0.11919999867677689,0.16298499703407288,0.49341100454330444,0.21422199904918671,0.010181999765336514,912614,0.12367399781942368,0.17048400640487671,0.5134580135345459,0.18729600310325623,0.0050880000926554203,704258,0.1046919971704483,0.14039599895477295,0.46579200029373169,0.26808398962020874,0.021036000922322273,389660,0.11682499945163727,0.15979599952697754,0.48657000064849854,0.22302000224590302,0.013788999989628792,289391,0.12854200601577759,0.17079000174999237,0.48601698875427246,0.2045540064573288,0.010096999816596508,146100,0.11567399650812149,0.13317599892616272,0.49416199326515198,0.23624199628829956,0.020746000111103058
33995,5790148,3348004,0.11918999999761581,0.16299900412559509,0.49339199066162109,0.21422700583934784,0.010192000307142735,912637,0.123710997402668,0.17045900225639343,0.51343399286270142,0.18730099499225616,0.0050949999131262302,704361,0.10468800365924835,0.1403840035200119,0.46579399704933167,0.26809400320053101,0.021040000021457672,389656,0.11682099848985672,0.15972800552845001,0.48667800426483154,0.22297599911689758,0.013797000050544739,289396,0.12850899994373322,0.17078700661659241,0.48605701327323914,0.20454999804496765,0.010096999816596508,146094,0.11571300029754639,0.13321599364280701,0.49416801333427429,0.23616999387741089,0.020733000710606575
33996,5790393,3348158,0.11918500065803528,0.162991002202034,0.49337899684906006,0.21424199640750885,0.010203000158071518,912673,0.12372899800539017,0.17044399678707123,0.51343399286270142,0.18728899955749512,0.0051040002144873142,704316,0.10468000173568726,0.14044299721717834,0.46576398611068726,0.26807999610900879,0.021033000200986862,389686,0.11681699752807617,0.15971599519252777,0.48674800992012024,0.22288499772548676,0.013833999633789062,289374,0.12850800156593323,0.17076200246810913,0.48607298731803894,0.20455500483512878,0.010100999847054482,146186,0.11576300114393234,0.13317300379276276,0.49415799975395203,0.23616500198841095,0.020741000771522522
33997,5790609,3348242,0.11918599903583527,0.16298599541187286,0.49338901042938232,0.21422800421714783,0.010211000218987465,912719,0.12370099872350693,0.17043900489807129,0.51342099905014038,0.18732999265193939,0.0051090000197291374,704305,0.1046689972281456,0.1404699981212616,0.46571299433708191,0.2681100070476532,0.021037999540567398,389683,0.11684100329875946,0.15967300534248352,0.48673400282859802,0.22289900481700897,0.01385200023651123,289433,0.12853400409221649,0.17072699964046478,0.48601898550987244,0.20460300147533417,0.010115999728441238,146227,0.11578600108623505,0.13314899802207947,0.49419701099395752,0.23611199855804443,0.020755000412464142
33998,5790831,3348395,0.11918199807405472,0.16299399733543396,0.4933759868144989,0.21423299610614777,0.010215000249445438,912745,0.12370999902486801,0.17042000591754913,0.51342099905014038,0.18734399974346161,0.0051049999892711639,704304,0.10466500371694565,0.14047600328922272,0.46575498580932617,0.26805999875068665,0.021043000742793083,389692,0.11675599962472916,0.1596360057592392,0.48675599694252014,0.22298599779605865,0.013864999637007713,289448,0.12855499982833862,0.17067299783229828,0.48610100150108337,0.20454800128936768,0.010122999548912048,146247,0.11591999977827072,0.1330689936876297,0.49406799674034119,0.23616200685501099,0.02078000083565712
33999,5791073,3348552,0.11916899681091309,0.16300000250339508,0.49337801337242126,0.2142300009727478,0.010223999619483948,912787,0.12371800094842911,0.17038099467754364,0.51345902681350708,0.1873369961977005,0.0051040002144873142,704407,0.10467500239610672,0.1404699981212616,0.46573799848556519,0.26805999875068665,0.021057000383734703,389691,0.11680799722671509,0.15959799289703369,0.48671901226043701,0.22301000356674194,0.013864999637007713,289422,0.12859100103378296,0.17065000534057617,0.48611399531364441,0.20452800393104553,0.010116999968886375,146214,0.11591199785470963,0.13301099836826324,0.49414598941802979,0.23612000048160553,0.020811999216675758
34000,5791328,3348682,0.119159996509552,0.16299700736999512,0.49337100982666016,0.21423999965190887,0.010231999680399895,912827,0.123710997402668,0.17035900056362152,0.51346898078918457,0.18735399842262268,0.0051070000045001507,704405,0.10472699999809265,0.14045600593090057,0.46576800942420959,0.26799601316452026,0.021052999421954155,389724,0.11678799986839294,0.15958000719547272,0.48680099844932556,0.22297100722789764,0.01386099960654974,289427,0.12861299514770508,0.17065100371837616,0.48606699705123901,0.20453199744224548,0.010137000121176243,146263,0.11598999798297882,0.13307499885559082,0.49396601319313049,0.23613600432872772,0.0208320003002882
34001,5791566,3348966,0.1191679984331131,0.16299200057983398,0.49335101246833801,0.21424800157546997,0.010242000222206116,912850,0.12370999902486801,0.17034199833869934,0.51350301504135132,0.18733599781990051,0.0051079997792840004,704396,0.10471399873495102,0.14042399823665619,0.46578299999237061,0.2680169939994812,0.021061999723315239,389691,0.11678499728441238,0.15956699848175049,0.48687499761581421,0.22289200127124786,0.013880000449717045,289458,0.12861999869346619,0.17069099843502045,0.48601499199867249,0.20452700555324554,0.010146999731659889,146205,0.1159060001373291,0.13307300209999084,0.49404600262641907,0.23614099621772766,0.020834000781178474
34002,5791792,3349072,0.11916200071573257,0.16298200190067291,0.4933600127696991,0.21425099670886993,0.010246000252664089,912911,0.12369400262832642,0.17035700380802155,0.51351398229598999,0.18731799721717834,0.0051159998401999474,704459,0.10469699651002884,0.14046500623226166,0.46573498845100403,0.26803800463676453,0.021064000204205513,389729,0.1167450025677681,0.1596129983663559,0.48684099316596985,0.22289299964904785,0.013907000422477722,289490,0.12865400314331055,0.17068299651145935,0.48594799637794495,0.2045460045337677,0.010169999673962593,146131,0.11601199954748154,0.13299000263214111,0.49405699968338013,0.23609000444412231,0.020850999280810356
34003,5792019,3349211,0.11915499716997147,0.16296899318695068,0.49337500333786011,0.21424800157546997,0.010253000073134899,913006,0.12372899800539017,0.1703370064496994,0.51347702741622925,0.18734000623226166,0.0051159998401999474,704420,0.10471600294113159,0.14047999680042267,0.4656980037689209,0.26803299784660339,0.021073000505566597,389744,0.11672999709844589,0.15958200395107269,0.4868449866771698,0.2229280024766922,0.013914000242948532,289493,0.12867699563503265,0.17069800198078156,0.48591798543930054,0.20455099642276764,0.010156000033020973,146145,0.11596000194549561,0.13294999301433563,0.49416700005531311,0.23606699705123901,0.020856000483036041
34004,5792252,3349372,0.11915600299835205,0.16295599937438965,0.49338498711585999,0.21423900127410889,0.010263999924063683,912997,0.12373299896717072,0.17033199965953827,0.51345700025558472,0.18735200166702271,0.0051250001415610313,704524,0.10470300167798996,0.14048600196838379,0.46569600701332092,0.26802599430084229,0.021088000386953354,389686,0.11674299836158752,0.15963399410247803,0.48675099015235901,0.22296200692653656,0.013911000452935696,289547,0.12865300476551056,0.17064599692821503,0.48600101470947266,0.20455099642276764,0.0101500004529953,146126,0.11599600315093994,0.1328510046005249,0.49426499009132385,0.23604300618171692,0.020844999700784683
34005,5792497,3349547,0.11915799975395203,0.16294300556182861,0.49338999390602112,0.21423999965190887,0.01027000043541193,913021,0.12371499836444855,0.17032100260257721,0.51345497369766235,0.18738099932670593,0.0051279999315738678,704546,0.10472100228071213,0.14047899842262268,0.46568900346755981,0.26800400018692017,0.02110699936747551,389680,0.11675699800252914,0.15957200527191162,0.48673999309539795,0.22299599647521973,0.013934999704360962,289561,0.12869100272655487,0.17066499590873718,0.48603901267051697,0.20444400608539581,0.010160000063478947,146142,0.11599700152873993,0.13279600441455841,0.49432700872421265,0.23597599565982819,0.020904000848531723
34006,5792727,3349781,0.11915799975395203,0.16294999420642853,0.4933759868144989,0.21423900127410889,0.010277999565005302,913011,0.12370400130748749,0.17031799256801605,0.51344799995422363,0.18739299476146698,0.0051369997672736645,704570,0.10472899675369263,0.14043599367141724,0.46570199728012085,0.26801499724388123,0.021118000149726868,389664,0.11677200347185135,0.15958400070667267,0.48671901226043701,0.22298400104045868,0.013939999975264072,289559,0.12875799834728241,0.17063899338245392,0.4860289990901947,0.20440399646759033,0.01017099991440773,146142,0.11596900224685669,0.13276800513267517,0.4944159984588623,0.23597599565982819,0.020870000123977661
34007,5792957,3349871,0.11915100365877151,0.16295099258422852,0.49336901307106018,0.21424099802970886,0.010288000106811523,913077,0.12371599674224854,0.17028699815273285,0.5134739875793457,0.18738299608230591,0.005140999797731638,704565,0.10471300035715103,0.14042699337005615,0.46575799584388733,0.26797398924827576,0.021128000691533089,389730,0.116798996925354,0.15961599349975586,0.48664200305938721,0.22300300002098083,0.013939999975264072,289569,0.12877799570560455,0.1706089973449707,0.48601898550987244,0.20440399646759033,0.010191000066697598,146145,0.11589899659156799,0.13275900483131409,0.49452900886535645,0.2359510064125061,0.020863000303506851
34008,5793192,3349907,0.11914499849081039,0.1629440039396286,0.49336400628089905,0.21425500512123108,0.010293000377714634,913131,0.12370800226926804,0.17028999328613281,0.5134739875793457,0.18738199770450592,0.0051460000686347485,704585,0.10477799922227859,0.14041699469089508,0.46574199199676514,0.2679310142993927,0.021131999790668488,389795,0.11683099716901779,0.15953999757766724,0.48665100336074829,0.22301200032234192,0.013965999707579613,289583,0.12872999906539917,0.17065200209617615,0.4860369861125946,0.20438699424266815,0.010193999856710434,146191,0.11582800000905991,0.1329289972782135,0.49452400207519531,0.23582799732685089,0.020889999344944954
34009,5793388,3350052,0.11914099752902985,0.16294799745082855,0.49334898591041565,0.21426099538803101,0.010301000438630581,913152,0.12370400130748749,0.17026600241661072,0.51348400115966797,0.18739399313926697,0.0051509998738765717,704583,0.10479500144720078,0.14042200148105621,0.4657520055770874,0.26790300011634827,0.021127000451087952,389791,0.11676999926567078,0.15949299931526184,0.48673000931739807,0.22302199900150299,0.013984000310301781,289632,0.128711998462677,0.17064100503921509,0.48600998520851135,0.20442800223827362,0.010209999978542328,146178,0.11589299887418747,0.13278299570083618,0.49449300765991211,0.23595200479030609,0.020879000425338745
34010,5793598,3350173,0.11913199722766876,0.16294899582862854,0.49335199594497681,0.21426099538803101,0.01030499953776598,913192,0.12366800010204315,0.17027699947357178,0.51349097490310669,0.18740199506282806,0.0051609999500215054,704590,0.10479699820280075,0.14041799306869507,0.46576198935508728,0.26788198947906494,0.021141000092029572,389799,0.11683200299739838,0.15948699414730072,0.48668399453163147,0.22301499545574188,0.013981999829411507,289663,0.12876999378204346,0.17061200737953186,0.48599898815155029,0.20441700518131256,0.010201999917626381,146181,0.11581499874591827,0.13270500302314758,0.49457898736000061,0.23593999445438385,0.020959999412298203
34011,5793833,3350272,0.11913199722766876,0.16293799877166748,0.49335101246833801,0.21426600217819214,0.010312999598681927,913209,0.12368500232696533,0.1702439934015274,0.51351600885391235,0.187390998005867,0.0051649999804794788,704557,0.10476399958133698,0.1404229998588562,0.46577799320220947,0.26787599921226501,0.02115900069475174,389870,0.11683899909257889,0.15956099331378937,0.48662900924682617,0.22297899425029755,0.013992000371217728,289697,0.12872800230979919,0.17059899866580963,0.48602500557899475,0.20444799959659576,0.010200000368058681,146228,0.11586000025272369,0.1327040046453476,0.49459698796272278,0.23592600226402283,0.020912999287247658
34012,5794088,3350334,0.11913199722766876,0.1629360020160675,0.49333798885345459,0.21427300572395325,0.010320999659597874,913271,0.12370699644088745,0.17024500668048859,0.5134890079498291,0.187390998005867,0.0051669999957084656,704620,0.10477399826049805,0.1404149979352951,0.46581599116325378,0.26783201098442078,0.021162999793887138,389928,0.11683700233697891,0.15953999757766724,0.48665100336074829,0.22297999262809753,0.013992000371217728,289718,0.12869399785995483,0.17061799764633179,0.48603799939155579,0.20444400608539581,0.010205999948084354,146217,0.11590299755334854,0.13265199959278107,0.49453899264335632,0.23597100377082825,0.020935000851750374
34013,5794329,3350458,0.11914300173521042,0.16292700171470642,0.49333399534225464,0.21426700055599213,0.010328999720513821,913289,0.12370000034570694,0.17024299502372742,0.5135040283203125,0.18737399578094482,0.005177999846637249,704674,0.10479699820280075,0.14042000472545624,0.46579301357269287,0.26782700419425964,0.021162999793887138,389949,0.11682599782943726,0.15955400466918945,0.486642986536026,0.22297799587249756,0.013999000191688538,289743,0.12871100008487701,0.17056800425052643,0.48599299788475037,0.20451200008392334,0.010215999558568001,146216,0.11593800038099289,0.13257099688053131,0.49457699060440063,0.23598599433898926,0.020927999168634415
34014,5794542,3350507,0.11914300173521042,0.16291999816894531,0.49333998560905457,0.21425700187683105,0.010339999571442604,913303,0.12371800094842911,0.17025500535964966,0.51347702741622925,0.18736900389194489,0.0051810001023113728,704701,0.10482300072908401,0.14037999510765076,0.46578499674797058,0.26784700155258179,0.021165000274777412,389989,0.11674199998378754,0.15959900617599487,0.48667299747467041,0.22298300266265869,0.014003000222146511,289778,0.12869200110435486,0.17056900262832642,0.48600998520851135,0.20452199876308441,0.010208000428974628,146264,0.11583200097084045,0.13253399729728699,0.49466699361801147,0.23604600131511688,0.020920999348163605
34015,5794778,3350668,0.11914099752902985,0.16291099786758423,0.49334800243377686,0.21425600349903107,0.010344999842345715,913338,0.12371499836444855,0.17024999856948853,0.51348197460174561,0.18736200034618378,0.0051899999380111694,704692,0.10477200150489807,0.14036600291728973,0.46580600738525391,0.26787599921226501,0.021178999915719032,389951,0.11676300317049026,0.1595740020275116,0.48666900396347046,0.22297200560569763,0.014022000133991241,289812,0.12871399521827698,0.17058999836444855,0.48593899607658386,0.2045460045337677,0.010209999978542328,146317,0.11588499695062637,0.13260899484157562,0.49463200569152832,0.23593999445438385,0.020934000611305237
34016,5794981,3350750,0.11913800239562988,0.16289800405502319,0.49335500597953796,0.21425400674343109,0.010355000384151936,913346,0.12369199842214584,0.17025099694728851,0.51349198818206787,0.18737000226974487,0.0051939999684691429,704811,0.10478100180625916,0.14033100008964539,0.46579000353813171,0.26791301369667053,0.021183999255299568,389969,0.11671700328588486,0.15959499776363373,0.48668199777603149,0.22296899557113647,0.014037000015377998,289809,0.12879499793052673,0.17056800425052643,0.4859200119972229,0.20450000464916229,0.010216999799013138,146296,0.11596400290727615,0.1326490044593811,0.49466198682785034,0.23581600189208984,0.020910000428557396
34017,5795210,3350865,0.11914400011301041,0.16290499269962311,0.49333500862121582,0.21425400674343109,0.010362000204622746,913391,0.12370400130748749,0.17022199928760529,0.51351499557495117,0.18735800683498383,0.0052009997889399529,704863,0.10478299856185913,0.14029699563980103,0.46582499146461487,0.26790899038314819,0.021185999736189842,389946,0.11666999757289886,0.15956099331378937,0.48673400282859802,0.22300499677658081,0.014030000194907188,289832,0.12883999943733215,0.17058800160884857,0.48591300845146179,0.20444299280643463,0.010215999558568001,146313,0.1158749982714653,0.13255099952220917,0.49489098787307739,0.23576200008392334,0.020920999348163605
34018,5795456,3351087,0.11913599818944931,0.16290700435638428,0.49331900477409363,0.21426999568939209,0.010367999784648418,913379,0.12370199710130692,0.17019400000572205,0.5135200023651123,0.18737700581550598,0.0052069998346269131,704874,0.10480599850416183,0.14025799930095673,0.46585598587989807,0.26788601279258728,0.021193999797105789,389942,0.11666599661111832,0.15952900052070618,0.48675200343132019,0.2229820042848587,0.014070999808609486,289863,0.1288989931344986,0.17059800028800964,0.48588100075721741,0.20440000295639038,0.010222000069916248,146311,0.11595799773931503,0.13267600536346436,0.49477499723434448,0.23566900193691254,0.020920999348163605
34019,5795699,3351224,0.11914400011301041,0.16288700699806213,0.49332499504089355,0.21426500380039215,0.010378999635577202,913408,0.12370599806308746,0.170182004570961,0.51354497671127319,0.18735699355602264,0.0052100000903010368,704848,0.10479400306940079,0.14025300741195679,0.465829998254776,0.26794001460075378,0.02118300087749958,390006,0.1166440024971962,0.15954600274562836,0.48671799898147583,0.22298899292945862,0.014101999811828136,289868,0.12886899709701538,0.17067800462245941,0.48585900664329529,0.20439000427722931,0.010204999707639217,146345,0.11601399630308151,0.13269299268722534,0.49465298652648926,0.23566900193691254,0.020971000194549561
34020,5795943,3351370,0.11913999915122986,0.162882000207901,0.49333098530769348,0.21426400542259216,0.010382999666035175,913488,0.1236950010061264,0.17018400132656097,0.51352602243423462,0.18737700581550598,0.0052169999107718468,704927,0.104823999106884,0.14025099575519562,0.46579399704933167,0.26792401075363159,0.021206000819802284,390010,0.11663299798965454,0.15953700244426727,0.48667499423027039,0.22303800284862518,0.01411799993366003,289821,0.12883800268173218,0.17066699266433716,0.48594799637794495,0.20434699952602386,0.010199000127613544,146327,0.11617100238800049,0.13260699808597565,0.49469301104545593,0.23556800186634064,0.020959999412298203
34021,5796205,3351496,0.11914800107479095,0.16288100183010101,0.49332699179649353,0.21424999833106995,0.010394000448286533,913550,0.1236879974603653,0.17018699645996094,0.51349401473999023,0.18741300702095032,0.0052189999260008335,704988,0.10483299940824509,0.14022399485111237,0.46579200029373169,0.26792100071907043,0.021229999139904976,389991,0.11656899750232697,0.15960100293159485,0.48660099506378174,0.22312599420547485,0.014103000052273273,289833,0.12883299589157104,0.17067800462245941,0.48596599698066711,0.20431399345397949,0.010208999738097191,146347,0.11609400063753128,0.13253399729728699,0.49481698870658875,0.2356249988079071,0.020929999649524689
34022,5796435,3351713,0.11914999783039093,0.16286900639533997,0.49333599209785461,0.21424500644207001,0.010400000028312206,913570,0.1236879974603653,0.17016799747943878,0.51348602771759033,0.18743200600147247,0.0052269999869167805,704955,0.10483899712562561,0.14018499851226807,0.46582698822021484,0.26791900396347046,0.021229999139904976,390001,0.11658699810504913,0.15960699319839478,0.48655501008033752,0.22314800322055817,0.014103000052273273,289867,0.12888999283313751,0.17067800462245941,0.48593699932098389,0.20427599549293518,0.010218000039458275,146329,0.1161080002784729,0.13242100179195404,0.49480301141738892,0.23572200536727905,0.020945999771356583
34023,5796672,3351861,0.11914099752902985,0.16287000477313995,0.49333399534225464,0.21424500644207001,0.010409999638795853,913595,0.12367100268602371,0.17017500102519989,0.51347297430038452,0.18745100498199463,0.005231000017374754,705056,0.10487800091505051,0.14018499851226807,0.46581000089645386,0.26788899302482605,0.021237999200820923,389973,0.11656200140714645,0.15964700281620026,0.48654401302337646,0.22315399348735809,0.014093000441789627,289847,0.12888899445533752,0.17066900432109833,0.48592200875282288,0.20430099964141846,0.010219000279903412,146340,0.1159759983420372,0.13255399465560913,0.49480700492858887,0.23567000031471252,0.02099199965596199
34024,5796921,3351960,0.11914800107479095,0.16285000741481781,0.49332401156425476,0.21425500512123108,0.01042299997061491,913598,0.1236639991402626,0.17016999423503876,0.51348000764846802,0.18745799362659454,0.0052290000021457672,705164,0.10488999634981155,0.14018900692462921,0.46583300828933716,0.26785299181938171,0.021235000342130661,390031,0.11660400032997131,0.1596979945898056,0.48651298880577087,0.22306400537490845,0.014121999964118004,289819,0.12887400388717651,0.17071700096130371,0.48588898777961731,0.20429299771785736,0.010227000340819359,146349,0.11591500043869019,0.13262100517749786,0.4947969913482666,0.23569700121879578,0.020969999954104424
34025,5797155,3352077,0.1191520020365715,0.16284400224685669,0.49331700801849365,0.21426099538803101,0.010425000451505184,913638,0.12365899980068207,0.17016600072383881,0.51346999406814575,0.18746699392795563,0.0052370000630617142,705182,0.10486199706792831,0.14020800590515137,0.46584400534629822,0.26782700419425964,0.021258000284433365,390045,0.11656100302934647,0.15970000624656677,0.48648199439048767,0.22311800718307495,0.014139000326395035,289897,0.12886600196361542,0.17070199549198151,0.48588600754737854,0.20430999994277954,0.010235000401735306,146316,0.11593399941921234,0.13263800740242004,0.49479898810386658,0.23562699556350708,0.021002000197768211
34026,5797356,3352222,0.11915100365877151,0.16284200549125671,0.49330499768257141,0.21427400410175323,0.010428000241518021,913681,0.1236720010638237,0.17012800276279449,0.51347899436950684,0.18747800588607788,0.0052430001087486744,705238,0.10487800091505051,0.14020200073719025,0.46587499976158142,0.26777198910713196,0.021271999925374985,390018,0.11649499833583832,0.15974600613117218,0.48650598526000977,0.22307200729846954,0.014181000180542469,289900,0.12885500490665436,0.17073099315166473,0.48589199781417847,0.20428800582885742,0.010235000401735306,146297,0.1159219965338707,0.13262100517749786,0.49474000930786133,0.23569199442863464,0.021026000380516052
34027,5797580,3352376,0.11915499716997147,0.16282899677753448,0.49330601096153259,0.2142769992351532,0.010432999581098557,913723,0.12370199710130692,0.17007899284362793,0.51349598169326782,0.18747800588607788,0.0052459998987615108,705258,0.10485400259494781,0.14021399617195129,0.46586599946022034,0.2677760124206543,0.021290000528097153,390056,0.11651899665594101,0.15976400673389435,0.48647099733352661,0.22305500507354736,0.014189999550580978,289907,0.1288519948720932,0.17075499892234802,0.48593199253082275,0.2042279988527298,0.010234000161290169,146260,0.11577299982309341,0.1326880007982254,0.49465298652648926,0.23581999540328979,0.02106500044465065
34028,5797852,3352535,0.11917500197887421,0.16281400620937347,0.49329400062561035,0.21427500247955322,0.010443000122904778,913752,0.12367500364780426,0.17011000216007233,0.51347601413726807,0.1874919980764389,0.0052479999139904976,705193,0.10481999814510345,0.14024099707603455,0.46586701273918152,0.26777499914169312,0.0212980005890131,390089,0.11651699990034103,0.15977899730205536,0.48647600412368774,0.22302600741386414,0.014201999641954899,289972,0.12881200015544891,0.1707720011472702,0.48591199517250061,0.20425400137901306,0.010249000042676926,146311,0.11585599929094315,0.1327040046453476,0.49464499950408936,0.23573799431324005,0.02105800062417984
34029,5798077,3352642,0.11917600035667419,0.16279600560665131,0.49330499768257141,0.2142689973115921,0.010453999973833561,913782,0.12369800359010696,0.17010100185871124,0.51346397399902344,0.18748800456523895,0.0052499999292194843,705214,0.10483500361442566,0.14024700224399567,0.46581900119781494,0.2677919864654541,0.021307000890374184,390120,0.11653099954128265,0.15978400409221649,0.48647299408912659,0.22299300134181976,0.01421900000423193,290034,0.12883000075817108,0.17072500288486481,0.48594298958778381,0.204258993268013,0.010243999771773815,146285,0.11578100174665451,0.13263800740242004,0.49474701285362244,0.23577900230884552,0.021054999902844429
34030,5798344,3352712,0.11917199939489365,0.16279099881649017,0.49331998825073242,0.21425500512123108,0.010462000034749508,913821,0.12370099872350693,0.17009599506855011,0.51344102621078491,0.18750399351119995,0.0052579999901354313,705233,0.10484500229358673,0.14025700092315674,0.46576499938964844,0.26781898736953735,0.021314000710844994,390181,0.1165509968996048,0.15974099934101105,0.48644301295280457,0.22303800284862518,0.014227000065147877,290078,0.12885500490665436,0.17065800726413727,0.48596599698066711,0.20426599681377411,0.010255999863147736,146319,0.11581499874591827,0.13270300626754761,0.49466601014137268,0.23569700121879578,0.021118000149726868
34031,5798578,3352754,0.11917799711227417,0.16278299689292908,0.49333399534225464,0.21423399448394775,0.010471000336110592,913883,0.12369900196790695,0.17010200023651123,0.51340997219085693,0.18753300607204437,0.0052570002153515816,705223,0.10483799874782562,0.14023900032043457,0.4657289981842041,0.26787400245666504,0.021319000050425529,390204,0.11658299714326859,0.15970399975776672,0.48647099733352661,0.22301900386810303,0.014223000034689903,290119,0.12886400520801544,0.1706710010766983,0.48596999049186707,0.2042199969291687,0.010274999774992466,146395,0.11579599976539612,0.13268899917602539,0.49462801218032837,0.23578000068664551,0.02110699936747551
34032,5798788,3352917,0.11917900294065475,0.16278700530529022,0.49332699179649353,0.21422800421714783,0.010479000397026539,913873,0.1236879974603653,0.17009599506855011,0.51340597867965698,0.18754999339580536,0.005260000005364418,705317,0.10482200235128403,0.14022800326347351,0.46571999788284302,0.26789900660514832,0.021330999210476875,390198,0.116566002368927,0.15968300402164459,0.48645800352096558,0.22307600080966949,0.014216000214219093,290123,0.12883499264717102,0.17064100503921509,0.48604598641395569,0.20419299602508545,0.010285000316798687,146360,0.11585099995136261,0.13274799287319183,0.49452000856399536,0.23574699461460114,0.021133000031113625
34033,5799032,3353038,0.11917900294065475,0.16276699304580688,0.49334698915481567,0.21422299742698669,0.010483999736607075,913924,0.12367100268602371,0.17009100317955017,0.51342099905014038,0.1875469982624054,0.0052700000815093517,705294,0.10481899976730347,0.14021399617195129,0.4657059907913208,0.26791399717330933,0.021346999332308769,390241,0.11655899882316589,0.15968100726604462,0.48643499612808228,0.22309799492359161,0.014227000065147877,290116,0.12885500490665436,0.17065900564193726,0.48600900173187256,0.20417700707912445,0.010298999957740307,146419,0.11582499742507935,0.13278999924659729,0.49451899528503418,0.23569999635219574,0.021165000274777412
34034,5799293,3353192,0.11918599903583527,0.16275900602340698,0.4933440089225769,0.21421700716018677,0.010494000278413296,913957,0.12368399649858475,0.17005699872970581,0.5134199857711792,0.1875620037317276,0.005276000127196312,705272,0.10481499880552292,0.14020399749279022,0.46565300226211548,0.26797899603843689,0.021348999813199043,390322,0.11659300327301025,0.1597370058298111,0.48636800050735474,0.22307200729846954,0.014228999614715576,290139,0.12879699468612671,0.17069399356842041,0.48601201176643372,0.20420199632644653,0.010294999927282333,146411,0.11587200313806534,0.13291999697685242,0.49443700909614563,0.23560400307178497,0.021166000515222549
34035,5799523,3353270,0.11918299645185471,0.16275300085544586,0.49334898591041565,0.21421299874782562,0.010502000339329243,914040,0.1236950010061264,0.17004500329494476,0.51340502500534058,0.18757699429988861,0.0052780001424252987,705307,0.10481099784374237,0.14020699262619019,0.46564099192619324,0.26798400282859802,0.02135699987411499,390365,0.11653999984264374,0.15978400409221649,0.48637300729751587,0.22307099401950836,0.01423299964517355,290150,0.12878499925136566,0.17068800330162048,0.48601400852203369,0.20419800281524658,0.010315000079572201,146391,0.11588100343942642,0.13297900557518005,0.49436101317405701,0.23558099567890167,0.0211970005184412
34036,5799727,3353461,0.11917500197887421,0.16274499893188477,0.49336600303649902,0.21420300006866455,0.010511999949812889,914079,0.12367100268602371,0.17005999386310577,0.5134270191192627,0.18756499886512756,0.0052769999019801617,705320,0.10483299940824509,0.14021700620651245,0.46557599306106567,0.26800999045372009,0.021362999454140663,390314,0.11653999984264374,0.15973800420761108,0.48640799522399902,0.22306899726390839,0.01424499973654747,290162,0.12880000472068787,0.17067000269889832,0.48602500557899475,0.20418600738048553,0.010317999869585037,146391,0.11595699936151505,0.13303400576114655,0.49425199627876282,0.23552000522613525,0.021237999200820923
34037,5799926,3353569,0.11917500197887421,0.16274599730968475,0.49335598945617676,0.21420599520206451,0.010515999980270863,914120,0.12366899847984314,0.17006100714206696,0.51342499256134033,0.18756799399852753,0.0052769999019801617,705379,0.10479500144720078,0.14023099839687347,0.46556800603866577,0.26802501082420349,0.021381000056862831,390330,0.11649599671363831,0.15979599952697754,0.48644199967384338,0.22304999828338623,0.014216000214219093,290155,0.12883499264717102,0.17057399451732635,0.4860680103302002,0.20419099926948547,0.010332000441849232,146373,0.11606000363826752,0.13294099271297455,0.49421000480651855,0.23555600643157959,0.021232999861240387
34038,5800157,3353674,0.11917000263929367,0.16273899376392365,0.49336698651313782,0.21420100331306458,0.01052400004118681,914181,0.12367399781942368,0.17005899548530579,0.51339799165725708,0.18759000301361084,0.0052789999172091484,705433,0.10483600199222565,0.14015500247478485,0.46554100513458252,0.26808199286460876,0.02138499915599823,390323,0.11657500267028809,0.15979799628257751,0.48636099696159363,0.22304899990558624,0.014216000214219093,290134,0.12883700430393219,0.17052499949932098,0.48611998558044434,0.20417800545692444,0.010339999571442604,146412,0.11598099768161774,0.13309699296951294,0.49429699778556824,0.23539699614048004,0.021228000521659851
34039,5800382,3353775,0.11917799711227417,0.16273300349712372,0.49336498975753784,0.21419200301170349,0.010533000342547894,914188,0.12368699908256531,0.17006200551986694,0.51338100433349609,0.18759199976921082,0.0052780001424252987,705499,0.1048009991645813,0.14017899334430695,0.46550500392913818,0.26810500025749207,0.021409999579191208,390328,0.11657600104808807,0.15975800156593323,0.48637598752975464,0.22305899858474731,0.014232000336050987,290154,0.12877300381660461,0.17054399847984314,0.48618298768997192,0.20413599908351898,0.010363000445067883,146438,0.11597400158643723,0.13315500319004059,0.49424299597740173,0.23543800413608551,0.02119000069797039
34040,5800617,3353978,0.11918299645185471,0.16272300481796265,0.49335598945617676,0.21419200301170349,0.010545999743044376,914218,0.1236720010638237,0.170073002576828,0.51338100433349609,0.18760000169277191,0.0052740001119673252,705592,0.10478899627923965,0.14015999436378479,0.46551299095153809,0.26812198758125305,0.021415999159216881,390298,0.11661099642515182,0.1597059965133667,0.48636201024055481,0.22308599948883057,0.014235000126063824,290139,0.12880699336528778,0.1705079972743988,0.48623201251029968,0.20407800376415253,0.010374000295996666,146392,0.1159219965338707,0.13325199484825134,0.49425500631332397,0.23532700538635254,0.021244000643491745
34041,5800865,3354118,0.11919199675321579,0.16271199285984039,0.49335199594497681,0.21419300138950348,0.010552000254392624,914227,0.12363199889659882,0.17009000480175018,0.51339197158813477,0.18761399388313293,0.0052709998562932014,705609,0.10479000210762024,0.14019100368022919,0.46545699238777161,0.26812300086021423,0.021438000723719597,390362,0.11659699678421021,0.15975399315357208,0.48633098602294922,0.22308999300003052,0.014228000305593014,290127,0.12884700298309326,0.17049400508403778,0.48616001009941101,0.20412400364875793,0.010374999605119228,146422,0.11593200266361237,0.13323099911212921,0.49434500932693481,0.23523800075054169,0.021253999322652817
34042,5801077,3354270,0.11918800324201584,0.16270500421524048,0.49335700273513794,0.21419300138950348,0.010556000284850597,914242,0.12363500148057938,0.17008300125598907,0.5133969783782959,0.18761700391769409,0.0052689998410642147,705564,0.10477899760007858,0.14018599689006805,0.46543499827384949,0.26814401149749756,0.021456999704241753,390403,0.11659500002861023,0.15977799892425537,0.48629000782966614,0.22308699786663055,0.014248999767005444,290157,0.12881000339984894,0.1705390065908432,0.48617801070213318,0.20408600568771362,0.010386999696493149,146441,0.11598499864339828,0.13322800397872925,0.4943079948425293,0.23519399762153625,0.021284999325871468
34043,5801340,3354429,0.11918800324201584,0.16270500421524048,0.49335399270057678,0.21418799459934235,0.010564999654889107,914345,0.12364699691534042,0.17006300389766693,0.51339000463485718,0.18762800097465515,0.0052720000967383385,705614,0.1047699972987175,0.14018699526786804,0.46541899442672729,0.2681719958782196,0.021452000364661217,390446,0.11657699942588806,0.15973499417304993,0.48631799221038818,0.2230910062789917,0.014279000461101532,290115,0.12879699468612671,0.17055000364780426,0.48615899682044983,0.20409800112247467,0.010395999997854233,146391,0.1160999983549118,0.13328699767589569,0.49413600564002991,0.23516499996185303,0.021313000470399857
34044,5801576,3354481,0.11919599771499634,0.16270199418067932,0.49335399270057678,0.2141679972410202,0.010579999536275864,914385,0.12363699823617935,0.17005500197410583,0.51338100433349609,0.18765400350093842,0.0052720000967383385,705679,0.10481499880552292,0.14017799496650696,0.46536499261856079,0.26818299293518066,0.021459000185132027,390506,0.11653099954128265,0.15976999700069427,0.48634299635887146,0.22307500243186951,0.014281000010669231,290108,0.12877300381660461,0.17049899697303772,0.48624700307846069,0.20407600700855255,0.010405999608337879,146417,0.11601100116968155,0.13328400254249573,0.49406799674034119,0.23537600040435791,0.021260999143123627
34045,5801778,3354671,0.11918199807405472,0.16271300613880157,0.49335199594497681,0.21416600048542023,0.010587000288069248,914337,0.12363199889659882,0.1700340062379837,0.51339197158813477,0.18767000734806061,0.0052729998715221882,705674,0.10484900325536728,0.14015699923038483,0.46533799171447754,0.26818999648094177,0.021466000005602837,390550,0.11655899882316589,0.15972299873828888,0.48638099431991577,0.22305500507354736,0.014282000251114368,290115,0.12876999378204346,0.1705079972743988,0.48622098565101624,0.20409500598907471,0.010405999608337879,146431,0.11596599966287613,0.13321599364280701,0.49415099620819092,0.2354079931974411,0.021259000524878502
34046,5802013,3354839,0.11917900294065475,0.16269199550151825,0.49337300658226013,0.21415999531745911,0.010595999658107758,914378,0.1236329972743988,0.17003700137138367,0.51337200403213501,0.18767400085926056,0.0052840001881122589,705667,0.10487800091505051,0.14017100632190704,0.46531599760055542,0.26816898584365845,0.021466000005602837,390534,0.11660999804735184,0.15972000360488892,0.48630300164222717,0.22308400273323059,0.014282999560236931,290141,0.1286890059709549,0.17049999535083771,0.4862770140171051,0.20410799980163574,0.010425999760627747,146454,0.11596100032329559,0.13314099609851837,0.49412798881530762,0.23552100360393524,0.021248999983072281
34047,5802223,3354947,0.11919199675321579,0.16267199814319611,0.4933759868144989,0.21415999531745911,0.010600999929010868,914449,0.12363000214099884,0.17003500461578369,0.51336300373077393,0.18768000602722168,0.0052930000238120556,705632,0.10486900061368942,0.1401820033788681,0.46531099081039429,0.26817101240158081,0.021467000246047974,390569,0.11661200225353241,0.1597210019826889,0.48636499047279358,0.22303099930286407,0.014271000400185585,290189,0.12868200242519379,0.17044399678707123,0.48620399832725525,0.20422199368476868,0.010448000393807888,146437,0.11594700068235397,0.13311499357223511,0.49408999085426331,0.23554800450801849,0.021299000829458237
34048,5802435,3355023,0.1191990002989769,0.16266199946403503,0.49337300658226013,0.21415300667285919,0.010611999779939651,914517,0.1236099973320961,0.1700190007686615,0.51337599754333496,0.1877020001411438,0.0052939997985959053,705669,0.10485100001096725,0.14018300175666809,0.4653410017490387,0.26815098524093628,0.021472999826073647,390571,0.11657799780368805,0.15975600481033325,0.48638001084327698,0.22303499281406403,0.014251000247895718,290238,0.12870499491691589,0.17042599618434906,0.48613598942756653,0.20426000654697418,0.010474000126123428,146417,0.11606600135564804,0.13312000036239624,0.49396601319313049,0.23554599285125732,0.021301999688148499
34049,5802716,3355162,0.11921200156211853,0.16264599561691284,0.49336498975753784,0.21415899693965912,0.010618000291287899,914529,0.12362299859523773,0.17002199590206146,0.51336902379989624,0.18769000470638275,0.005295999813824892,705693,0.10482899844646454,0.14017699658870697,0.46536800265312195,0.26814201474189758,0.021484000608325005,390563,0.11657799780368805,0.15976899862289429,0.48639801144599915,0.22299599647521973,0.014259000308811665,290335,0.1287200003862381,0.17041000723838806,0.4860759973526001,0.20430199801921844,0.010490999557077885,146434,0.11601799726486206,0.13320000469684601,0.49381300806999207,0.23563499748706818,0.021333999931812286
34050,5802938,3355299,0.1191990002989769,0.16263900697231293,0.49336600303649902,0.21417400240898132,0.010622000321745872,914515,0.12362399697303772,0.1700190007686615,0.51335400342941284,0.18769900500774384,0.0053030000999569893,705755,0.10485699772834778,0.14018499851226807,0.46535000205039978,0.26812100410461426,0.021487999707460403,390594,0.11660400032997131,0.15971800684928894,0.4864409863948822,0.22294500470161438,0.014290999621152878,290350,0.12873800098896027,0.17040799558162689,0.48607200384140015,0.20428800582885742,0.010494000278413296,146425,0.11605300009250641,0.13322900235652924,0.49377501010894775,0.23561599850654602,0.021328000351786613
34051,5803175,3355387,0.11920300126075745,0.16263499855995178,0.49335101246833801,0.21418200433254242,0.010627999901771545,914498,0.12360899895429611,0.17002600431442261,0.51335501670837402,0.18770299851894379,0.0053079999051988125,705870,0.10484500229358673,0.14022800326347351,0.46530398726463318,0.26813000440597534,0.021493000909686089,390617,0.11659199744462967,0.15973399579524994,0.48648199439048767,0.22288599610328674,0.014306000433862209,290363,0.12870399653911591,0.1703999936580658,0.48608499765396118,0.20431700348854065,0.010494000278413296,146440,0.11604800075292587,0.13319399952888489,0.49392899870872498,0.23548200726509094,0.021346999332308769
34052,5803407,3355527,0.11920700222253799,0.16263100504875183,0.49334600567817688,0.21418100595474243,0.010634999722242355,914516,0.12362799793481827,0.17001299560070038,0.51336199045181274,0.18768599629402161,0.0053099999204277992,705848,0.10484299808740616,0.14023099839687347,0.46525201201438904,0.26818001270294189,0.021494999527931213,390644,0.11663000285625458,0.15973100066184998,0.48644301295280457,0.2228810042142868,0.014314999803900719,290396,0.12866599857807159,0.17036700248718262,0.48613598942756653,0.20430700480937958,0.01052400004118681,146476,0.11602599918842316,0.13318200409412384,0.49410799145698547,0.23535600304603577,0.021328000351786613
34053,5803664,3355761,0.11921100318431854,0.16262899339199066,0.49335500597953796,0.21416500210762024,0.010639999993145466,914573,0.12360399961471558,0.17002500593662262,0.51335400342941284,0.18770399689674377,0.005313000176101923,705722,0.10486699640750885,0.14023800194263458,0.4651699960231781,0.26820799708366394,0.02151699922978878,390661,0.11659000068902969,0.15967300534248352,0.48647800087928772,0.22294500470161438,0.014313999563455582,290464,0.12870399653911591,0.17033399641513824,0.48610499501228333,0.20431800186634064,0.010537999682128429,146483,0.11604800075292587,0.13317599892616272,0.49419400095939636,0.23521499335765839,0.021368000656366348
34054,5803883,3355896,0.11920200288295746,0.16262200474739075,0.493367999792099,0.21415999531745911,0.010648000054061413,914613,0.12360499799251556,0.1700109988451004,0.51336497068405151,0.18770299851894379,0.0053159999661147594,705748,0.10493800044059753,0.14022700488567352,0.46509400010108948,0.26821601390838623,0.021524999290704727,390689,0.11659099906682968,0.15968999266624451,0.4864639937877655,0.22293199598789215,0.014322999864816666,290454,0.12871600687503815,0.17034700512886047,0.48611798882484436,0.20428699254989624,0.010532000102102757,146483,0.11590400338172913,0.13315500319004059,0.49426200985908508,0.23530399799346924,0.021374000236392021
34055,5804123,3356029,0.11919300258159637,0.16263499855995178,0.49336299300193787,0.21415600180625916,0.010653000324964523,914649,0.12359900027513504,0.17001700401306152,0.51336401700973511,0.18770000338554382,0.0053190002217888832,705770,0.10493899881839752,0.14018000662326813,0.46506398916244507,0.26827999949455261,0.021537000313401222,390695,0.11661799997091293,0.15967699885368347,0.4864020049571991,0.22297699749469757,0.014325999654829502,290470,0.12871900200843811,0.17032100260257721,0.48614299297332764,0.20427599549293518,0.010541999712586403,146510,0.11597800254821777,0.13317899405956268,0.49423199892044067,0.23525400459766388,0.02135699987411499
34056,5804366,3356144,0.11918599903583527,0.16263499855995178,0.49335798621177673,0.21415799856185913,0.01066299993544817,914691,0.12358800321817398,0.1700340062379837,0.51334798336029053,0.18770499527454376,0.0053240000270307064,705824,0.10501600056886673,0.14015999436378479,0.46504101157188416,0.26825198531150818,0.021531000733375549,390704,0.1165739968419075,0.15963000059127808,0.48643699288368225,0.22301499545574188,0.014343000017106533,290464,0.12871499359607697,0.17029599845409393,0.48612600564956665,0.2042900025844574,0.010572999715805054,146539,0.11596900224685669,0.13320000469684601,0.49434599280357361,0.23518000543117523,0.02130500040948391
34057,5804629,3356330,0.11918500065803528,0.16262899339199066,0.49336099624633789,0.21415700018405914,0.01066800020635128,914726,0.12360899895429611,0.17000900208950043,0.51335000991821289,0.18770000338554382,0.0053320000879466534,705878,0.10503800213336945,0.14014500379562378,0.46503400802612305,0.2682499885559082,0.021532999351620674,390709,0.11658500134944916,0.15965299308300018,0.48638200759887695,0.22302499413490295,0.014352999627590179,290488,0.12875199317932129,0.17032399773597717,0.48605099320411682,0.20427300035953522,0.010599000379443169,146498,0.11587200313806534,0.13321000337600708,0.4944089949131012,0.23518399894237518,0.021324999630451202
34058,5804881,3356528,0.11918999999761581,0.16261400282382965,0.49336200952529907,0.21415700018405914,0.010676000267267227,914778,0.1236179992556572,0.16999900341033936,0.51335698366165161,0.18768900632858276,0.0053369998931884766,705902,0.10500700026750565,0.14013999700546265,0.46505901217460632,0.26824700832366943,0.021547000855207443,390696,0.11657900363206863,0.15966099500656128,0.48631700873374939,0.2231069952249527,0.014336000196635723,290471,0.12878699600696564,0.17029599845409393,0.48607298731803894,0.20424099266529083,0.010603000409901142,146506,0.11590699851512909,0.13323700428009033,0.49435499310493469,0.2351440042257309,0.02135699987411499
34059,5805122,3356637,0.11918999999761581,0.16260099411010742,0.49336901307106018,0.21415899693965912,0.0106819998472929,914816,0.12362200021743774,0.16999700665473938,0.51333200931549072,0.18769900500774384,0.0053509999997913837,705906,0.10501699894666672,0.14011399447917938,0.46510899066925049,0.26819700002670288,0.021563999354839325,390770,0.11655999720096588,0.1596820056438446,0.48624500632286072,0.22314900159835815,0.014364000409841537,290453,0.12876099348068237,0.17035800218582153,0.48609200119972229,0.20419800281524658,0.010590000078082085,146540,0.11600899696350098,0.13317200541496277,0.49430200457572937,0.2351440042257309,0.021372999995946884
34060,5805344,3356789,0.11918800324201584,0.16259300708770752,0.49336901307106018,0.21415899693965912,0.010691000148653984,914829,0.12361100316047668,0.16999499499797821,0.51332402229309082,0.18771499395370483,0.0053550000302493572,705942,0.10505799949169159,0.14009900391101837,0.46514299511909485,0.26811599731445312,0.021584000438451767,390774,0.11650200188159943,0.15972900390625,0.48619401454925537,0.22320599853992462,0.014368999749422073,290457,0.12875600159168243,0.1702830046415329,0.48615100979804993,0.20423300564289093,0.010576000437140465,146553,0.11598499864339828,0.13328300416469574,0.49425101280212402,0.23509599268436432,0.02138499915599823
34061,5805568,3356900,0.11918500065803528,0.16258099675178528,0.49336901307106018,0.21416300535202026,0.010701999999582767,914840,0.12359099835157394,0.16999499499797821,0.51334297657012939,0.18771299719810486,0.0053579998202621937,705984,0.10503199696540833,0.14009100198745728,0.46517500281333923,0.26811701059341431,0.021585000678896904,390810,0.11653000116348267,0.15980400145053864,0.48614400625228882,0.22313900291919708,0.014383000321686268,290479,0.12878699600696564,0.17027699947357178,0.48607999086380005,0.20426599681377411,0.010588999837636948,146555,0.11595000326633453,0.13330100476741791,0.49427899718284607,0.23506499826908112,0.021405000239610672
34062,5805784,3357038,0.11918999999761581,0.16257500648498535,0.49335798621177673,0.21416500210762024,0.010711000300943851,914895,0.12359099835157394,0.16999299824237823,0.51334601640701294,0.18771100044250488,0.0053579998202621937,705993,0.10501500219106674,0.14010299742221832,0.46519899368286133,0.26810300350189209,0.021579999476671219,390840,0.11652900278568268,0.15976400673389435,0.48618099093437195,0.22314000129699707,0.014387000352144241,290474,0.12876200675964355,0.17026999592781067,0.48608499765396118,0.20430399477481842,0.010579000227153301,146544,0.11599200218915939,0.13329100608825684,0.49425399303436279,0.23504899442195892,0.021413000300526619
34063,5805994,3357108,0.11918599903583527,0.1625789999961853,0.4933449923992157,0.21417200565338135,0.010718000121414661,914937,0.12361299991607666,0.16999100148677826,0.51332402229309082,0.18770700693130493,0.0053650001063942909,706050,0.10500399768352509,0.14011199772357941,0.46523100137710571,0.26805800199508667,0.021595999598503113,390855,0.1165039986371994,0.1597059965133667,0.48622599244117737,0.22317500412464142,0.014388999901711941,290497,0.12878599762916565,0.17024999856948853,0.48608100414276123,0.20431199669837952,0.010572000406682491,146547,0.11610600352287292,0.13322700560092926,0.4941830039024353,0.23509199917316437,0.021392000839114189
34064,5806196,3357275,0.11918199807405472,0.16258199512958527,0.49333301186561584,0.21417699754238129,0.010726000182330608,914965,0.12360800057649612,0.16996300220489502,0.51335102319717407,0.1877100020647049,0.0053690001368522644,706039,0.10497999936342239,0.14012099802494049,0.46525201201438904,0.26802301406860352,0.021623000502586365,390850,0.11649999767541885,0.15965700149536133,0.48625001311302185,0.22318500280380249,0.014406999573111534,290539,0.12873700261116028,0.17030100524425507,0.48606199026107788,0.20432700216770172,0.010572999715805054,146528,0.11616899818181992,0.13311399519443512,0.49421998858451843,0.23510199785232544,0.021394999697804451
34065,5806419,3357433,0.11917400360107422,0.16258400678634644,0.49332800507545471,0.21417799592018127,0.010734999552369118,914975,0.12359999865293503,0.1699489951133728,0.51335102319717407,0.18772499263286591,0.0053750001825392246,706106,0.10497599840164185,0.14006300270557404,0.4653249979019165,0.2679939866065979,0.021642999723553658,390838,0.11651899665594101,0.15969499945640564,0.48616299033164978,0.22318500280380249,0.014437999576330185,290537,0.12879300117492676,0.17030900716781616,0.48605901002883911,0.2042669951915741,0.010573999956250191,146530,0.11618100106716156,0.13304400444030762,0.4942609965801239,0.23512600362300873,0.021387999877333641
34066,5806664,3357662,0.11917600035667419,0.1625789999961853,0.49333000183105469,0.21417500078678131,0.010739999823272228,914966,0.12359800189733505,0.1699330061674118,0.51334297657012939,0.18773800134658813,0.0053880000486969948,706076,0.10499700158834457,0.14004400372505188,0.46531999111175537,0.26798498630523682,0.021653000265359879,390836,0.11651699990034103,0.15968599915504456,0.48617300391197205,0.22316800057888031,0.014456000179052353,290584,0.1288129985332489,0.17028099298477173,0.48602798581123352,0.20429499447345734,0.010582000017166138,146540,0.11621399968862534,0.13299399614334106,0.49417901039123535,0.23523999750614166,0.021372999995946884
34067,5806885,3357726,0.11917900294065475,0.16256999969482422,0.49331900477409363,0.21418799459934235,0.010743999853730202,914987,0.12360099703073502,0.16992500424385071,0.51335000991821289,0.18772800266742706,0.0053960001096129417,706143,0.10497599840164185,0.14010199904441833,0.46530699729919434,0.26795399188995361,0.021661000326275826,390863,0.11650600284337997,0.15964700281620026,0.48619100451469421,0.22317500412464142,0.014480999670922756,290621,0.12886899709701538,0.17020399868488312,0.48606300354003906,0.20430399477481842,0.010560000315308571,146545,0.11620300263166428,0.13299700617790222,0.49420300126075745,0.23523800075054169,0.021359000355005264
34068,5807100,3357811,0.11918000131845474,0.16254700720310211,0.49333098530769348,0.21418799459934235,0.010754000395536423,915019,0.12361499667167664,0.16991500556468964,0.51333498954772949,0.18773099780082703,0.0054049999453127384,706157,0.10494700074195862,0.14016999304294586,0.46528699994087219,0.26793199777603149,0.021663999184966087,390887,0.11650200188159943,0.15961100161075592,0.48624500632286072,0.22318699955940247,0.014453999698162079,290611,0.12889100611209869,0.17019300162792206,0.48605901002883911,0.2042900025844574,0.010567000135779381,146615,0.11616799980401993,0.13306300342082977,0.49418500065803528,0.23518699407577515,0.021395999938249588
34069,5807327,3357849,0.11916500329971313,0.16254499554634094,0.49333998560905457,0.21418599784374237,0.010764000006020069,915077,0.12362100183963776,0.16990199685096741,0.51332199573516846,0.18774199485778809,0.0054139997810125351,706198,0.1050029993057251,0.14021100103855133,0.46523800492286682,0.26787799596786499,0.021670000627636909,390933,0.11648300290107727,0.15961800515651703,0.48624399304389954,0.22320699691772461,0.014446999877691269,290620,0.12888699769973755,0.17019100487232208,0.48605400323867798,0.20429800450801849,0.010571000166237354,146650,0.11622899770736694,0.13294200599193573,0.49407398700714111,0.23538400232791901,0.02137099951505661
34070,5807585,3358013,0.11916200071573257,0.16254599392414093,0.49333098530769348,0.21418499946594238,0.01077600009739399,915121,0.12364300340414047,0.16988599300384521,0.51331102848052979,0.18773999810218811,0.0054199998266994953,706241,0.10501399636268616,0.14021599292755127,0.46522799134254456,0.26787200570106506,0.021671000868082047,390917,0.1164650022983551,0.15960399806499481,0.48627999424934387,0.22319099307060242,0.014461000449955463,290645,0.12888200581073761,0.17014899849891663,0.48608401417732239,0.20429399609565735,0.010590000078082085,146648,0.11623100191354752,0.13299199938774109,0.49397900700569153,0.23542800545692444,0.02137099951505661
34071,5807839,3358126,0.11916700005531311,0.16253800690174103,0.49332800507545471,0.2141840010881424,0.010782999917864799,915172,0.12365499883890152,0.16986100375652313,0.51330399513244629,0.1877560019493103,0.0054239998571574688,706295,0.10503499954938889,0.14020100235939026,0.46524500846862793,0.26784399151802063,0.021674999967217445,390936,0.11648999899625778,0.15958100557327271,0.48623800277709961,0.22321300208568573,0.01447799988090992,290669,0.12893000245094299,0.17010399699211121,0.48607200384140015,0.20430099964141846,0.010592999868094921,146641,0.1160999983549118,0.1331620067358017,0.49395498633384705,0.23543199896812439,0.021351000294089317
34072,5808045,3358314,0.11915600299835205,0.16253699362277985,0.49332600831985474,0.21419499814510345,0.010785999707877636,915182,0.12364000082015991,0.16985900700092316,0.51332199573516846,0.18774600327014923,0.0054330001585185528,706247,0.10501699894666672,0.14019599556922913,0.46524500846862793,0.26785200834274292,0.021688999608159065,390961,0.1165509968996048,0.15963199734687805,0.48614600300788879,0.22319899499416351,0.014472000300884247,290689,0.1289139986038208,0.17013399302959442,0.48607999086380005,0.20427300035953522,0.010599000379443169,146652,0.11607100069522858,0.13304300606250763,0.49408799409866333,0.23540100455284119,0.021398000419139862
34073,5808263,3358438,0.11915700137615204,0.16252200305461884,0.49331998825073242,0.2142069935798645,0.010793999768793583,915242,0.12363699823617935,0.16985900700092316,0.51334899663925171,0.18772000074386597,0.0054350001737475395,706237,0.10500399768352509,0.14019699394702911,0.4652479887008667,0.26784598827362061,0.021704999729990959,390998,0.11658599972724915,0.15956300497055054,0.48618200421333313,0.22318799793720245,0.014480999670922756,290726,0.1289529949426651,0.17014299333095551,0.48602798581123352,0.20427499711513519,0.010600999929010868,146622,0.11612900346517563,0.13300900161266327,0.49416199326515198,0.23533299565315247,0.021368000656366348
34074,5808469,3358565,0.11915700137615204,0.16251100599765778,0.49332201480865479,0.21420800685882568,0.01080199982970953,915317,0.12362899631261826,0.16987200081348419,0.51335000991821289,0.18771499395370483,0.0054330001585185528,706239,0.10497900098562241,0.14017100632190704,0.46524900197982788,0.26788198947906494,0.021718999370932579,390957,0.11660400032997131,0.15958499908447266,0.48615100979804993,0.22318600118160248,0.014475000090897083,290753,0.12894099950790405,0.17015500366687775,0.48605901002883911,0.204258993268013,0.010586000047624111,146638,0.11608199775218964,0.13306200504302979,0.49410098791122437,0.23534800112247467,0.021406000480055809
34075,5808688,3358639,0.11914499849081039,0.16251400113105774,0.49331799149513245,0.21421599388122559,0.010805999860167503,915358,0.12362299859523773,0.16987200081348419,0.51334899663925171,0.18772199749946594,0.0054339999333024025,706272,0.10497900098562241,0.14017300307750702,0.46524998545646667,0.26787298917770386,0.021725000813603401,391049,0.11660400032997131,0.15954799950122833,0.48622798919677734,0.22314600646495819,0.014473999850451946,290754,0.12899899482727051,0.17011299729347229,0.4860289990901947,0.20426900684833527,0.010590000078082085,146616,0.1161469966173172,0.13316400349140167,0.49399098753929138,0.2352679967880249,0.02143000066280365
34076,5808915,3358733,0.11913099884986877,0.16251200437545776,0.49332699179649353,0.21420800685882568,0.010823000222444534,915373,0.12363400310277939,0.16985499858856201,0.51335400342941284,0.18772700428962708,0.005431000143289566,706321,0.10497099906206131,0.14013299345970154,0.46524998545646667,0.26791799068450928,0.021727999672293663,391093,0.11664699763059616,0.15952199697494507,0.48616799712181091,0.22319500148296356,0.014467000029981136,290746,0.12904700636863708,0.17011100053787231,0.48608100414276123,0.2041890025138855,0.010572999715805054,146649,0.1161549985408783,0.13319599628448486,0.49396899342536926,0.23522800207138062,0.021453000605106354
34077,5809144,3358898,0.11913199722766876,0.16250599920749664,0.49333599209785461,0.2141990065574646,0.01082799956202507,915348,0.12362899631261826,0.16987399756908417,0.51334398984909058,0.18772099912166595,0.0054319999180734158,706400,0.10496699810028076,0.14012600481510162,0.4652169942855835,0.26795700192451477,0.021733000874519348,391087,0.11671099811792374,0.15950700640678406,0.48608899116516113,0.22320899367332458,0.01448499970138073,290747,0.12905000150203705,0.17011399567127228,0.48602700233459473,0.20422899723052979,0.010579999536275864,146664,0.11604800075292587,0.13309299945831299,0.49410900473594666,0.23528599739074707,0.021463999524712563
34078,5809349,3359067,0.11912699788808823,0.16251200437545776,0.49332499504089355,0.21419599652290344,0.010839999653398991,915420,0.1236409991979599,0.16983599960803986,0.51336199045181274,0.18772499263286591,0.0054370001889765263,706294,0.10494499653577805,0.14011199772357941,0.4652239978313446,0.26799499988555908,0.021725000813603401,391159,0.11670199781656265,0.15946699678897858,0.48608899116516113,0.22324199974536896,0.014499999582767487,290741,0.12903900444507599,0.17014099657535553,0.48603099584579468,0.20419199764728546,0.010596999898552895,146668,0.11607199907302856,0.1331309974193573,0.49423199892044067,0.23511600494384766,0.021449999883770943
34079,5809527,3359135,0.11911100149154663,0.16252000629901886,0.49333000183105469,0.21418599784374237,0.010852999985218048,915475,0.12363699823617935,0.16980800032615662,0.51337301731109619,0.18774199485778809,0.0054399999789893627,706285,0.1049249991774559,0.14005400240421295,0.46527799963951111,0.26801601052284241,0.021725999191403389,391198,0.11673100292682648,0.15956099331378937,0.48600199818611145,0.22319599986076355,0.014508999884128571,290773,0.12903200089931488,0.17017699778079987,0.48596999049186707,0.20423500239849091,0.010586000047624111,146661,0.11612500250339508,0.13302800059318542,0.49420800805091858,0.2351749986410141,0.021463999524712563
34080,5809755,3359248,0.11911299824714661,0.16251499950885773,0.49331900477409363,0.21419000625610352,0.010862000286579132,915548,0.12363900244235992,0.16980400681495667,0.51336002349853516,0.18774700164794922,0.0054500000551342964,706332,0.10491500049829483,0.14005599915981293,0.4653019905090332,0.26798298954963684,0.02174299955368042,391193,0.11675799638032913,0.15954500436782837,0.48598799109458923,0.22319400310516357,0.014515000395476818,290756,0.12898099422454834,0.17021800577640533,0.48597800731658936,0.20423699915409088,0.010586000047624111,146678,0.11615200340747833,0.13312199711799622,0.49410998821258545,0.23515500128269196,0.021462000906467438
34081,5809985,3359404,0.11911399662494659,0.16251200437545776,0.49332201480865479,0.21418200433254242,0.010869000107049942,915603,0.1236409991979599,0.1698019951581955,0.51333099603652954,0.18776600062847137,0.0054609999060630798,706346,0.10489500313997269,0.1400420069694519,0.46536698937416077,0.26794099807739258,0.021756000816822052,391215,0.11674699932336807,0.15953400731086731,0.48599898815155029,0.22318899631500244,0.014531999826431274,290761,0.12900599837303162,0.17021900415420532,0.48600399494171143,0.20418800413608551,0.010583000257611275,146656,0.11620400100946426,0.13315500319004059,0.4939039945602417,0.23529200255870819,0.021445000544190407
34082,5810238,3359499,0.11911699920892715,0.16250300407409668,0.4933139979839325,0.2141910046339035,0.010874999687075615,915652,0.12365300208330154,0.16979700326919556,0.51333898305892944,0.18774199485778809,0.0054689999669790268,706470,0.1048709973692894,0.14004600048065186,0.46538001298904419,0.26792898774147034,0.021773999556899071,391164,0.11675199866294861,0.15955999493598938,0.48596200346946716,0.22317199409008026,0.014554000459611416,290784,0.12898199260234833,0.17021900415420532,0.48603799939155579,0.20418199896812439,0.010577999986708164,146669,0.11626199632883072,0.13310199975967407,0.49391499161720276,0.23527100682258606,0.021449999883770943
34083,5810489,3359578,0.11911500245332718,0.16251200437545776,0.49330401420593262,0.2141840010881424,0.010885000228881836,915727,0.12365400046110153,0.16979700326919556,0.51333397626876831,0.18774299323558807,0.0054720002226531506,706569,0.10485599935054779,0.14001299440860748,0.46541199088096619,0.2679310142993927,0.021787000820040703,391159,0.11676300317049026,0.15951800346374512,0.48599401116371155,0.22317300736904144,0.014551999978721142,290801,0.12895099818706512,0.17023299634456635,0.4860369861125946,0.20419800281524658,0.010580999776721001,146655,0.1163410022854805,0.13309499621391296,0.49373000860214233,0.23538200557231903,0.021452000364661217
34084,5810708,3359672,0.11911199986934662,0.16250300407409668,0.49329999089241028,0.21419699490070343,0.010888000018894672,915733,0.12363599985837936,0.1698089987039566,0.51333200931549072,0.18774500489234924,0.0054779998026788235,706627,0.10482300072908401,0.14002999663352966,0.46545198559761047,0.26789098978042603,0.021803999319672585,391230,0.11676300317049026,0.15951000154018402,0.48604100942611694,0.22311399877071381,0.014572000131011009,290802,0.1289609968662262,0.17021499574184418,0.48601800203323364,0.20421500504016876,0.010591000318527222,146644,0.11639100313186646,0.1331930011510849,0.49360999464988708,0.23531800508499146,0.021486999467015266
34085,5810935,3359822,0.11911000311374664,0.16248099505901337,0.49331700801849365,0.21419499814510345,0.010896000079810619,915783,0.1236329972743988,0.16980700194835663,0.51333600282669067,0.18773800134658813,0.0054870001040399075,706599,0.10478899627923965,0.1400189995765686,0.46547099947929382,0.26791200041770935,0.021810000762343407,391253,0.11682199686765671,0.15953600406646729,0.48596900701522827,0.22310100495815277,0.014570999890565872,290834,0.12893599271774292,0.17025500535964966,0.48597100377082825,0.20423999428749084,0.010596999898552895,146644,0.11654800176620483,0.13323399424552917,0.49342599511146545,0.23528400063514709,0.021508000791072845
34086,5811186,3359901,0.11911299824714661,0.16247600317001343,0.4933139979839325,0.21419599652290344,0.010901999659836292,915836,0.12362100183963776,0.16981799900531769,0.51331597566604614,0.18775400519371033,0.0054910001344978809,706578,0.10482600331306458,0.1399960070848465,0.46542298793792725,0.26792499423027039,0.021828999742865562,391332,0.11682199686765671,0.1595350056886673,0.48599401116371155,0.22306099534034729,0.014588999561965466,290816,0.12886500358581543,0.1702210009098053,0.48605599999427795,0.20427300035953522,0.010583999566733837,146723,0.11663500219583511,0.1332239955663681,0.49343299865722656,0.23521900177001953,0.02148899994790554
34087,5811386,3359979,0.11910200119018555,0.16247099637985229,0.49331599473953247,0.21420399844646454,0.01090800017118454,915850,0.12361200153827667,0.1698250025510788,0.51331502199172974,0.18775199353694916,0.0054950001649558544,706569,0.10481400042772293,0.13999100029468536,0.46542701125144958,0.26791301369667053,0.021856000646948814,391392,0.11683399975299835,0.15950000286102295,0.48607000708580017,0.22298899292945862,0.014607000164687634,290864,0.12886799871921539,0.17025099694728851,0.486052006483078,0.20424699783325195,0.010582000017166138,146732,0.11670900136232376,0.13322900235652924,0.49330800771713257,0.23527200520038605,0.021480999886989594
34088,5811627,3360125,0.11909999698400497,0.16246199607849121,0.49331998825073242,0.21420300006866455,0.01091499999165535,915860,0.12361600250005722,0.16982099413871765,0.5133020281791687,0.18775500357151031,0.0055060000158846378,706660,0.10480000078678131,0.1400119960308075,0.46537899971008301,0.26793399453163147,0.02187499962747097,391381,0.11688400059938431,0.15948699414730072,0.48602500557899475,0.2229900062084198,0.01461500022560358,290913,0.12882499396800995,0.17019499838352203,0.48610401153564453,0.20429100096225739,0.010583999566733837,146688,0.11674399673938751,0.13328999280929565,0.49330601096153259,0.23517900705337524,0.021480999886989594
34089,5811871,3360387,0.11910899728536606,0.16245099902153015,0.49332499504089355,0.21419200301170349,0.010923000052571297,915896,0.12361399829387665,0.16981600224971771,0.51330101490020752,0.1877560019493103,0.0055129998363554478,706673,0.10479500144720078,0.1399800032377243,0.46542900800704956,0.26791998744010925,0.021875999867916107,391367,0.11684200167655945,0.15950800478458405,0.48605799674987793,0.22297200560569763,0.014620999805629253,290900,0.12881100177764893,0.17020300030708313,0.48608100414276123,0.20430399477481842,0.010602000169456005,146648,0.11693999916315079,0.13312099874019623,0.49315398931503296,0.23528400063514709,0.021500000730156898
34090,5812129,3360557,0.1191210001707077,0.16245700418949127,0.49330800771713257,0.2141840010881424,0.010929999873042107,915934,0.12363599985837936,0.16980500519275665,0.51328599452972412,0.18775799870491028,0.0055160000920295715,706707,0.10481400042772293,0.13997599482536316,0.46540600061416626,0.26791900396347046,0.021885000169277191,391354,0.11681199818849564,0.15947200357913971,0.48611998558044434,0.2229750007390976,0.014620999805629253,290915,0.12881100177764893,0.17015300691127777,0.48610401153564453,0.20430700480937958,0.010625000111758709,146662,0.116907998919487,0.13308799266815186,0.49318799376487732,0.235275998711586,0.021539000794291496
34091,5812336,3360734,0.11912500113248825,0.16244800388813019,0.4933139979839325,0.21418100595474243,0.010932000353932381,915923,0.12362899631261826,0.16978800296783447,0.5132870078086853,0.18776799738407135,0.005528000183403492,706673,0.10476700216531754,0.14002500474452972,0.46536499261856079,0.26794400811195374,0.021897999569773674,391362,0.1168380007147789,0.15943300724029541,0.4861299991607666,0.22295199334621429,0.014646000228822231,290964,0.1288439929485321,0.17012099921703339,0.48610100150108337,0.20430000126361847,0.010634000413119793,146680,0.11683899909257889,0.1330379992723465,0.4932439923286438,0.23534899950027466,0.021530000492930412
34092,5812547,3360937,0.11912400275468826,0.16244100034236908,0.49332600831985474,0.21416899561882019,0.010940000414848328,915955,0.12363199889659882,0.16976399719715118,0.51329600811004639,0.18777599930763245,0.0055329999886453152,706662,0.10476899892091751,0.14003700017929077,0.46533599495887756,0.26796001195907593,0.021898999810218811,391321,0.11682499945163727,0.15943700075149536,0.48614299297332764,0.22294500470161438,0.014650000259280205,290964,0.12883700430393219,0.17011700570583344,0.48603600263595581,0.204352006316185,0.010657999664545059,146708,0.11681699752807617,0.13299199938774109,0.49327901005744934,0.23536500334739685,0.021546000614762306
34093,5812774,3360995,0.11912599951028824,0.162432000041008,0.49332898855209351,0.21416400372982025,0.010948999784886837,915987,0.12361299991607666,0.16977499425411224,0.51328200101852417,0.18778899312019348,0.0055399998091161251,706736,0.10475999861955643,0.14003199338912964,0.46534299850463867,0.26796099543571472,0.021902000531554222,391361,0.11682599782943726,0.15940800309181213,0.4862079918384552,0.22289399802684784,0.014663999900221825,290949,0.12886799871921539,0.17012299597263336,0.48600998520851135,0.20434500277042389,0.010654999874532223,146746,0.11690299957990646,0.13299199938774109,0.49317198991775513,0.23536600172519684,0.021568000316619873
34094,5813033,3361036,0.11913199722766876,0.16241900622844696,0.49333399534225464,0.21416200697422028,0.01095299981534481,916038,0.1236250028014183,0.16978099942207336,0.51325100660324097,0.18779900670051575,0.0055450000800192356,706761,0.10476700216531754,0.14007799327373505,0.46528899669647217,0.26794499158859253,0.021920999512076378,391421,0.1168150007724762,0.15938100218772888,0.48626899719238281,0.22287000715732574,0.014665000140666962,290957,0.12877799570560455,0.17010399699211121,0.48605498671531677,0.20440499484539032,0.010657999664545059,146820,0.11691199988126755,0.13306799530982971,0.49312800168991089,0.23532199859619141,0.021570999175310135
34095,5813256,3361125,0.11913199722766876,0.16241100430488586,0.49334999918937683,0.21414600312709808,0.010960999876260757,916092,0.12364800274372101,0.16974000632762909,0.51326102018356323,0.18780800700187683,0.0055439998395740986,706794,0.10477299988269806,0.14004799723625183,0.46523898839950562,0.26802301406860352,0.021917000412940979,391456,0.11678999662399292,0.1593949943780899,0.48622599244117737,0.22291600704193115,0.014673000201582909,290969,0.12882800400257111,0.17010700702667236,0.48600700497627258,0.20439599454402924,0.01066100038588047,146820,0.11692500114440918,0.13302700221538544,0.49322998523712158,0.23517900705337524,0.021639000624418259
34096,5813486,3361327,0.11913900077342987,0.16241499781608582,0.49334600567817688,0.21413199603557587,0.010967999696731567,916118,0.12363699823617935,0.16975200176239014,0.51320499181747437,0.18785600364208221,0.0055510001257061958,706802,0.10477100312709808,0.13999100029468536,0.46529200673103333,0.26802301406860352,0.021924000233411789,391491,0.11676599830389023,0.15941399335861206,0.48624899983406067,0.22290700674057007,0.014663999900221825,290938,0.12877699732780457,0.17013899981975555,0.48599401116371155,0.2044219970703125,0.010669000446796417,146810,0.11693999916315079,0.13290600478649139,0.49316799640655518,0.2352910041809082,0.021694999188184738
34097,5813729,3361517,0.11913800239562988,0.16242499649524689,0.49333098530769348,0.214137002825737,0.010968999937176704,916155,0.12364199757575989,0.16973300278186798,0.51323401927947998,0.18783800303936005,0.0055530001409351826,706839,0.10480699688196182,0.13994100689888,0.46530699729919434,0.26799300312995911,0.021950999274849892,391489,0.11674399673938751,0.15944799780845642,0.48621499538421631,0.2229049950838089,0.014688000082969666,290957,0.12878499925136566,0.17011100053787231,0.48596900701522827,0.20446999371051788,0.010665000416338444,146772,0.11697699874639511,0.13274300098419189,0.49323400855064392,0.23537200689315796,0.021672999486327171
34098,5813925,3361648,0.11913900077342987,0.16242599487304688,0.49331799149513245,0.2141450047492981,0.010971999727189541,916173,0.12363599985837936,0.16973300278186798,0.5132330060005188,0.18783999979496002,0.0055579999461770058,706830,0.10478799790143967,0.13990199565887451,0.46531298756599426,0.26802200078964233,0.02197599969804287,391531,0.11671099811792374,0.15944099426269531,0.48630398511886597,0.22284600138664246,0.014698999933898449,290965,0.1287820041179657,0.17012999951839447,0.48591798543930054,0.20451900362968445,0.010650999844074249,146778,0.11702000349760056,0.13273799419403076,0.49326899647712708,0.23525300621986389,0.021719999611377716
34099,5814155,3361789,0.11912699788808823,0.16242900490760803,0.49332499504089355,0.21413800120353699,0.010982000268995762,916192,0.12361600250005722,0.16974000632762909,0.5132409930229187,0.18784399330615997,0.0055599999614059925,706870,0.10479599982500076,0.13984900712966919,0.46530801057815552,0.26805400848388672,0.021994000300765038,391544,0.11677400022745132,0.15941199660301208,0.48624899983406067,0.22286899387836456,0.014696000143885612,290979,0.12881700694561005,0.17016300559043884,0.48593199253082275,0.20444099605083466,0.010646999813616276,146781,0.11700399965047836,0.1327349990606308,0.49332699179649353,0.23523500561714172,0.021699000149965286
34100,5814425,3361989,0.11912299692630768,0.16242200136184692,0.49331599473953247,0.21414899826049805,0.010990000329911709,916252,0.12364699691534042,0.16972100734710693,0.5132259726524353,0.18783999979496002,0.0055660000070929527,706909,0.10478699952363968,0.13984300196170807,0.46533000469207764,0.26801601052284241,0.022024000063538551,391539,0.11678799986839294,0.15938100218772888,0.48630398511886597,0.22283899784088135,0.014688000082969666,290961,0.12883900105953217,0.17018100619316101,0.48592400550842285,0.20440199971199036,0.010653999634087086,146775,0.11713200062513351,0.13256999850273132,0.49328601360321045,0.2352990061044693,0.021714000031352043
34101,5814663,3362173,0.1191210001707077,0.16241799294948578,0.4933210015296936,0.21413600444793701,0.011003999970853329,916261,0.12364400178194046,0.16972100734710693,0.51322102546691895,0.18784600496292114,0.0055680000223219395,706974,0.10480000078678131,0.13982799649238586,0.46531999111175537,0.26801300048828125,0.022038999944925308,391506,0.11679299920797348,0.1593330055475235,0.48632699251174927,0.22285699844360352,0.014689000323414803,290997,0.1288599967956543,0.17015999555587769,0.48590898513793945,0.20439000427722931,0.010680999606847763,146752,0.11713600158691406,0.13259099423885345,0.49323299527168274,0.23538400232791901,0.02165599912405014
34102,5814892,3362393,0.11910799890756607,0.16242200136184692,0.49331000447273254,0.21415099501609802,0.011009999550879002,916237,0.12363500148057938,0.16971699893474579,0.51321697235107422,0.18786300718784332,0.0055680000223219395,707045,0.10485299676656723,0.13979700207710266,0.46533200144767761,0.26796698570251465,0.022050000727176666,391462,0.11681099981069565,0.1593330055475235,0.48630800843238831,0.22286500036716461,0.014682999812066555,291002,0.12885500490665436,0.17016699910163879,0.48589000105857849,0.20439699292182922,0.010691000148653984,146753,0.11714900285005569,0.13263800740242004,0.4932439923286438,0.23528000712394714,0.021689999848604202
34103,5815118,3362521,0.11912299692630768,0.16241200268268585,0.49329298734664917,0.21415600180625916,0.011016000062227249,916228,0.12360700219869614,0.16972200572490692,0.51323801279067993,0.18785899877548218,0.0055740000680088997,707052,0.10483799874782562,0.13979899883270264,0.46536499261856079,0.26795598864555359,0.022042000666260719,391531,0.11674399673938751,0.15935899317264557,0.48631700873374939,0.22287899255752563,0.014701000414788723,291020,0.12884999811649323,0.17013999819755554,0.48594298958778381,0.20438499748706818,0.010683000087738037,146766,0.11724100261926651,0.13270799815654755,0.4931659996509552,0.23514300584793091,0.021741999313235283
34104,5815347,3362686,0.11912000179290771,0.16239899396896362,0.49330499768257141,0.21415099501609802,0.011024000123143196,916278,0.12363199889659882,0.16970700025558472,0.51321399211883545,0.18786799907684326,0.0055789998732507229,707044,0.104823999106884,0.13980300724506378,0.46536698937416077,0.26794800162315369,0.022058000788092613,391504,0.11677300184965134,0.15933899581432343,0.48626101016998291,0.22290399670600891,0.01472300011664629,291046,0.12883499264717102,0.1701589971780777,0.4859510064125061,0.20434899628162384,0.010706000030040741,146789,0.11722899973392487,0.13266700506210327,0.49317699670791626,0.23518100380897522,0.021745000034570694
34105,5815571,3362850,0.11912400275468826,0.16239200532436371,0.49329599738121033,0.21415500342845917,0.011033999733626842,916301,0.12361299991607666,0.16970600187778473,0.51321697235107422,0.18787899613380432,0.0055840001441538334,707155,0.10486199706792831,0.1397940069437027,0.46533200144767761,0.26792898774147034,0.022082999348640442,391450,0.1167529970407486,0.15928499400615692,0.48630198836326599,0.22294500470161438,0.014715000055730343,291032,0.12880000472068787,0.1701740026473999,0.4859670102596283,0.20434500277042389,0.010714000090956688,146783,0.11720000207424164,0.13263100385665894,0.49320399761199951,0.2351980060338974,0.021766999736428261
34106,5815820,3362974,0.1191210001707077,0.16237199306488037,0.49329999089241028,0.21416500210762024,0.011041999794542789,916365,0.12361899763345718,0.16969799995422363,0.51321601867675781,0.18787600100040436,0.0055920002050697803,707108,0.10490600019693375,0.13973000645637512,0.46533799171447754,0.26792898774147034,0.022097000852227211,391532,0.11671099811792374,0.15933799743652344,0.48626399040222168,0.22296799719333649,0.014719000086188316,291053,0.12878100574016571,0.17017899453639984,0.48606300354003906,0.20425499975681305,0.010723000392317772,146788,0.11722999811172485,0.13278999924659729,0.49309200048446655,0.2351280003786087,0.021758999675512314
34107,5816045,3363169,0.11912400275468826,0.16234900057315826,0.49331900477409363,0.21415799856185913,0.011048999615013599,916357,0.12361600250005722,0.16968600451946259,0.51320797204971313,0.18789100646972656,0.0055990000255405903,707201,0.10493499785661697,0.13973100483417511,0.46529200673103333,0.26792499423027039,0.022117000073194504,391518,0.11672999709844589,0.15933400392532349,0.48623600602149963,0.22299599647521973,0.014704000204801559,291033,0.12882700562477112,0.17012499272823334,0.48606500029563904,0.20425499975681305,0.010727000422775745,146767,0.11718600243330002,0.13279600441455841,0.49304699897766113,0.23519599437713623,0.021776000037789345
34108,5816297,3363323,0.1191210001707077,0.16234800219535828,0.49332499504089355,0.21415099501609802,0.011055000126361847,916385,0.12364199757575989,0.16967299580574036,0.51318401098251343,0.18790100514888763,0.0055990000255405903,707198,0.10492700338363647,0.13977999985218048,0.46522200107574463,0.26794201135635376,0.022129999473690987,391555,0.11671700328588486,0.15927800536155701,0.4862000048160553,0.22307999432086945,0.014725999906659126,291052,0.12884600460529327,0.17006899416446686,0.48610898852348328,0.20421400666236877,0.010761000216007233,146784,0.11728800088167191,0.13278000056743622,0.4931190013885498,0.23498499393463135,0.021827999502420425
34109,5816545,3363524,0.11912400275468826,0.1623380035161972,0.49331501126289368,0.21416300535202026,0.011060000397264957,916454,0.12364199757575989,0.16966900229454041,0.51318097114562988,0.18790799379348755,0.00559999980032444,707149,0.10492300242185593,0.13976800441741943,0.46520900726318359,0.26795500516891479,0.022144999355077744,391590,0.11669900268316269,0.1592860072851181,0.48619499802589417,0.22308500111103058,0.01473500020802021,291066,0.12886099517345428,0.1700890064239502,0.48614400625228882,0.20415300130844116,0.010754000395536423,146762,0.11719699949026108,0.13286100327968597,0.49312499165534973,0.23497900366783142,0.021838000044226646
34110,5816781,3363588,0.11912400275468826,0.16233399510383606,0.4933139979839325,0.21415899693965912,0.011068999767303467,916530,0.12363799661397934,0.16966399550437927,0.51317101716995239,0.18792200088500977,0.0056050000712275505,707216,0.10492099821567535,0.13975900411605835,0.46519500017166138,0.26799601316452026,0.02212899923324585,391650,0.11666300147771835,0.15928299725055695,0.48623800277709961,0.22308200597763062,0.01473500020802021,291065,0.12886500358581543,0.17009599506855011,0.48614901304244995,0.2041189968585968,0.010770999826490879,146732,0.1172339990735054,0.13284100592136383,0.49323898553848267,0.23484300076961517,0.021842999383807182
34111,5817003,3363737,0.11912500113248825,0.16232800483703613,0.49331900477409363,0.21415099501609802,0.011076999828219414,916600,0.12362399697303772,0.16967299580574036,0.51317000389099121,0.1879190057516098,0.0056130001321434975,707168,0.10490699857473373,0.13977900147438049,0.46516001224517822,0.26802000403404236,0.022135000675916672,391658,0.11661999672651291,0.15925399959087372,0.48625800013542175,0.22312299907207489,0.014744999818503857,291092,0.12888400256633759,0.17015600204467773,0.48614200949668884,0.2040490061044693,0.010769999586045742,146748,0.11725500226020813,0.13284699618816376,0.49319198727607727,0.23483799397945404,0.021866999566555023
34112,5817248,3363988,0.11912599951028824,0.16231599450111389,0.4933130145072937,0.21416500210762024,0.01107999961823225,916596,0.12363500148057938,0.16964000463485718,0.51318800449371338,0.18792399764060974,0.0056139999069273472,707144,0.10492300242185593,0.13978099822998047,0.46515700221061707,0.26799601316452026,0.022143000736832619,391667,0.11659900099039078,0.15928299725055695,0.48625698685646057,0.22311300039291382,0.014747000299394131,291073,0.1288750022649765,0.17013299465179443,0.48614999651908875,0.20405200123786926,0.010790999978780746,146780,0.11724299937486649,0.13290600478649139,0.49324199557304382,0.23468500375747681,0.021924000233411789
34113,5817493,3364188,0.1191290020942688,0.16230599582195282,0.4933210015296936,0.21415300667285919,0.011091000400483608,916592,0.12363799661397934,0.16962699592113495,0.5132020115852356,0.18791499733924866,0.0056179999373853207,707179,0.10489799827337265,0.13979800045490265,0.46513000130653381,0.26802998781204224,0.022143999114632607,391632,0.11658599972724915,0.15930500626564026,0.48625001311302185,0.22312499582767487,0.014732999727129936,291117,0.12887899577617645,0.17013399302959442,0.4860759973526001,0.20409700274467468,0.01081399992108345,146785,0.11732800304889679,0.132874995470047,0.49316999316215515,0.23471699655056,0.021910000592470169
34114,5817724,3364303,0.11912800371646881,0.16231100261211395,0.49330198764801025,0.21415700018405914,0.011101000010967255,916623,0.12364999949932098,0.16961200535297394,0.5132179856300354,0.18790200352668762,0.0056199999526143074,707236,0.10487999767065048,0.13977499306201935,0.4651930034160614,0.26800099015235901,0.022151000797748566,391691,0.11666599661111832,0.1592629998922348,0.48620700836181641,0.223130002617836,0.014733999967575073,291093,0.12886600196361542,0.1701589971780777,0.48606100678443909,0.20407900214195251,0.010835000313818455,146778,0.11727199703454971,0.13279199600219727,0.49331000447273254,0.23470099270343781,0.021924000233411789
34115,5817929,3364485,0.11912299692630768,0.16230200231075287,0.49331098794937134,0.21415899693965912,0.011105000041425228,916652,0.12364800274372101,0.1695919930934906,0.51323199272155762,0.18790599703788757,0.0056230002082884312,707301,0.10485900193452835,0.13980899751186371,0.46521401405334473,0.26795199513435364,0.022166000679135323,391672,0.11667200177907944,0.15923300385475159,0.48616200685501099,0.22319400310516357,0.014739000238478184,291080,0.12886799871921539,0.1701350063085556,0.48611700534820557,0.20401999354362488,0.010859999805688858,146739,0.11725600063800812,0.132765993475914,0.49329099059104919,0.23473000526428223,0.021957000717520714
34116,5818167,3364615,0.11913099884986877,0.16230399906635284,0.49330401420593262,0.21415099501609802,0.011109000071883202,916706,0.12363500148057938,0.16958199441432953,0.51323097944259644,0.18792499601840973,0.0056269997730851173,707382,0.10486400127410889,0.13980700075626373,0.46520799398422241,0.26795598864555359,0.022165000438690186,391675,0.11664800345897675,0.15922099351882935,0.4861609935760498,0.2232079952955246,0.014762000180780888,291057,0.12881700694561005,0.17014199495315552,0.48609700798988342,0.20407700538635254,0.010866999626159668,146732,0.11729499697685242,0.13261599838733673,0.4933139979839325,0.2348019927740097,0.021972000598907471
34117,5818366,3364689,0.11911399662494659,0.16231100261211395,0.49330699443817139,0.21415400505065918,0.011114999651908875,916779,0.12360899895429611,0.16958500444889069,0.51325500011444092,0.18792299926280975,0.0056280000135302544,707317,0.10486099869012833,0.1397860050201416,0.46518701314926147,0.26799899339675903,0.02216700091958046,391747,0.11670000106096268,0.15924100577831268,0.48618900775909424,0.22310300171375275,0.014767000451683998,291053,0.12882199883460999,0.17014400660991669,0.48604199290275574,0.20410700142383575,0.010885000228881836,146781,0.11728399991989136,0.13260599970817566,0.49327901005744934,0.23487399518489838,0.021957999095320702
34118,5818567,3364777,0.119098000228405,0.16231000423431396,0.49330699443817139,0.21416099369525909,0.011122999712824821,916835,0.1236250028014183,0.16955900192260742,0.5132560133934021,0.18793000280857086,0.0056289997883141041,707347,0.10487800091505051,0.13977600634098053,0.46514499187469482,0.26802098751068115,0.022180000320076942,391800,0.11675599962472916,0.15920400619506836,0.48611998558044434,0.22313900291919708,0.014781000092625618,291043,0.12887400388717651,0.17010499536991119,0.48606899380683899,0.20407000184059143,0.010882000438868999,146765,0.11717399954795837,0.13265399634838104,0.49353000521659851,0.23472200334072113,0.021919000893831253
34119,5818809,3364880,0.11909899860620499,0.16229300200939178,0.4933139979839325,0.21416200697422028,0.011132000014185905,916878,0.12361399829387665,0.16954900324344635,0.51326298713684082,0.18793800473213196,0.0056349998340010643,707322,0.1048860028386116,0.13979500532150269,0.46514001488685608,0.26798498630523682,0.022193999961018562,391871,0.11675799638032913,0.1591850072145462,0.48613700270652771,0.22312699258327484,0.014793000183999538,291085,0.12882800400257111,0.17011900246143341,0.48610898852348328,0.20406800508499146,0.010877000167965889,146773,0.1173039972782135,0.13261300325393677,0.49345600605010986,0.23470300436019897,0.021925000473856926
34120,5819045,3365021,0.11909300088882446,0.16228500008583069,0.49331200122833252,0.21416699886322021,0.011142999865114689,916921,0.12361700087785721,0.16954100131988525,0.51326698064804077,0.18794099986553192,0.0056340000592172146,707401,0.10493499785661697,0.13973799347877502,0.46516498923301697,0.26796698570251465,0.022195000201463699,391877,0.11675900220870972,0.15919800102710724,0.4861299991607666,0.22311100363731384,0.014802999794483185,291095,0.12882399559020996,0.17010299861431122,0.48609200119972229,0.20409800112247467,0.010882999747991562,146730,0.11735799908638,0.1326649934053421,0.49340999126434326,0.23463499546051025,0.021931000053882599
34121,5819280,3365180,0.11909300088882446,0.1622689962387085,0.49330699443817139,0.21418100595474243,0.011149999685585499,916930,0.12361899763345718,0.16954499483108521,0.51326298713684082,0.18793399631977081,0.0056389998644590378,707459,0.10495699942111969,0.13970600068569183,0.46519199013710022,0.26791900396347046,0.02222600020468235,391894,0.11675900220870972,0.15921700000762939,0.48609799146652222,0.22311399877071381,0.014813000336289406,291096,0.12882299721240997,0.17009200155735016,0.48612099885940552,0.20406700670719147,0.010897000320255756,146721,0.11733199656009674,0.13271400332450867,0.49345999956130981,0.2345539927482605,0.021940000355243683
34122,5819526,3365374,0.11908800154924393,0.16226699948310852,0.49331000447273254,0.21417699754238129,0.011158999986946583,916959,0.12362100183963776,0.16955000162124634,0.51326102018356323,0.1879269927740097,0.0056429998949170113,707518,0.10496699810028076,0.13969099521636963,0.46518298983573914,0.26789999008178711,0.022260000929236412,391850,0.11676699668169022,0.15922200679779053,0.4860759973526001,0.22314199805259705,0.014794000424444675,291114,0.12884299457073212,0.17003600299358368,0.48611900210380554,0.20409500598907471,0.010905999690294266,146711,0.11734600365161896,0.13270999491214752,0.49352800846099854,0.23450900614261627,0.021906999871134758
34123,5819733,3365590,0.11909200251102448,0.16226400434970856,0.49330100417137146,0.21417500078678131,0.011168999597430229,916969,0.12360399961471558,0.16954599320888519,0.51327300071716309,0.18793000280857086,0.0056480001658201218,707524,0.10495799779891968,0.13965000212192535,0.46526899933815002,0.26787099242210388,0.022252000868320465,391872,0.11674000322818756,0.1591619998216629,0.48609501123428345,0.22319799661636353,0.014805999584496021,291132,0.12886600196361542,0.17003600299358368,0.48605799674987793,0.20413100719451904,0.010909000411629677,146646,0.11734399944543839,0.13271400332450867,0.49344700574874878,0.2345380038022995,0.021957999095320702
34124,5819962,3365660,0.11908700317144394,0.16225899755954742,0.49329298734664917,0.21418599784374237,0.011176000349223614,917024,0.12360499799251556,0.16954199969768524,0.51326698064804077,0.18793800473213196,0.0056480001658201218,707571,0.10494899749755859,0.13967199623584747,0.46529901027679443,0.26781100034713745,0.022268999367952347,391861,0.11674000322818756,0.15907900035381317,0.48619499802589417,0.22317899763584137,0.014805999584496021,291165,0.12885800004005432,0.17001399397850037,0.48602700233459473,0.20417299866676331,0.01092899963259697,146681,0.11741100251674652,0.13270999491214752,0.49338400363922119,0.23456299304962158,0.021932000294327736
34125,5820203,3365825,0.11907900124788284,0.1622450053691864,0.49328699707984924,0.21420499682426453,0.011184999719262123,917118,0.12359900027513504,0.16954100131988525,0.51329797506332397,0.18790599703788757,0.0056560002267360687,707541,0.10496199876070023,0.13972899317741394,0.46525400876998901,0.26778000593185425,0.022275999188423157,391805,0.11676699668169022,0.15902000665664673,0.4862389862537384,0.22314900159835815,0.014824000187218189,291186,0.12892100214958191,0.17002899944782257,0.48597800731658936,0.20411999523639679,0.010951999574899673,146728,0.11740099638700485,0.13274900615215302,0.49339601397514343,0.23455600440502167,0.021897999569773674
34126,5820430,3365990,0.11907300353050232,0.16222700476646423,0.49329900741577148,0.2142069935798645,0.01119299978017807,917172,0.12358800321817398,0.16953699290752411,0.51328098773956299,0.18793399631977081,0.0056599997915327549,707509,0.10492999851703644,0.13977600634098053,0.46522200107574463,0.26778298616409302,0.022288000211119652,391825,0.11678899824619293,0.15895099937915802,0.48626801371574402,0.2231689989566803,0.014822999946773052,291225,0.12892399728298187,0.16999199986457825,0.48602598905563354,0.20408600568771362,0.010971000418066978,146709,0.11745700240135193,0.13290299475193024,0.49339199066162109,0.23440299928188324,0.021846000105142593
34127,5820681,3366184,0.11908499896526337,0.16221100091934204,0.49329599738121033,0.21420000493526459,0.011207000352442265,917201,0.12358999997377396,0.16952799260616302,0.51327699422836304,0.18794099986553192,0.0056639998219907284,707503,0.10490799695253372,0.13979700207710266,0.46520701050758362,0.2678070068359375,0.022281000390648842,391823,0.11679299920797348,0.15899300575256348,0.48621198534965515,0.22317999601364136,0.014822999946773052,291294,0.12887999415397644,0.16997900605201721,0.48608300089836121,0.20408199727535248,0.010975000448524952,146676,0.11753100156784058,0.13280299305915833,0.49354401230812073,0.23428499698638916,0.021836999803781509
34128,5820937,3366352,0.11909099668264389,0.16220599412918091,0.49327799677848816,0.21420800685882568,0.011216999962925911,917259,0.12360399961471558,0.16952699422836304,0.51325398683547974,0.1879429966211319,0.0056719998829066753,707459,0.10491599887609482,0.13979199528694153,0.46521300077438354,0.26779100298881531,0.022288000211119652,391896,0.1167839989066124,0.15900899469852448,0.4862540066242218,0.22312800586223602,0.014825000427663326,291282,0.12885500490665436,0.16993799805641174,0.48611000180244446,0.20409399271011353,0.011002999730408192,146689,0.11750700324773788,0.13273000717163086,0.49371799826622009,0.23421700298786163,0.021827999502420425
34129,5821177,3366513,0.11909600347280502,0.16219800710678101,0.49327901005744934,0.21420300006866455,0.011223999783396721,917309,0.12359099835157394,0.16953699290752411,0.51326197385787964,0.1879269927740097,0.0056830001994967461,707402,0.10492800176143646,0.13977600634098053,0.46518701314926147,0.26780399680137634,0.02230600081384182,391926,0.11675699800252914,0.15900500118732452,0.48625999689102173,0.22314399480819702,0.014833999797701836,291324,0.12884999811649323,0.16990399360656738,0.48605999350547791,0.20417100191116333,0.011014999821782112,146703,0.1174279972910881,0.13278500735759735,0.49382099509239197,0.23410600423812866,0.021859999746084213
34130,5821393,3366595,0.11909600347280502,0.16217799484729767,0.49328601360321045,0.21420499682426453,0.011234999634325504,917362,0.12360899895429611,0.16953800618648529,0.51323902606964111,0.18792100250720978,0.0056920000351965427,707422,0.10494600236415863,0.13979099690914154,0.46520501375198364,0.26774001121520996,0.022319000214338303,391971,0.11673100292682648,0.15903200209140778,0.48624300956726074,0.22315199673175812,0.01484300009906292,291311,0.12881399691104889,0.1698870062828064,0.48609200119972229,0.20420800149440765,0.010998999699950218,146732,0.1174589991569519,0.13281999528408051,0.49378499388694763,0.23402500152587891,0.021911000832915306
34131,5821621,3366724,0.11909999698400497,0.16216899454593658,0.49329501390457153,0.21419000625610352,0.011245000176131725,917386,0.1235940009355545,0.16953399777412415,0.51323401927947998,0.18793599307537079,0.0057020001113414764,707404,0.10495299845933914,0.13976199924945831,0.46519100666046143,0.26776900887489319,0.022324999794363976,392046,0.1167289987206459,0.1590220034122467,0.48624899983406067,0.22314700484275818,0.014852999709546566,291319,0.12878300249576569,0.16989600658416748,0.48611700534820557,0.2041890025138855,0.011014999821782112,146742,0.11751200258731842,0.13281099498271942,0.49363499879837036,0.23414599895477295,0.0218959990888834
34132,5821859,3366887,0.11909099668264389,0.16216899454593658,0.49331200122833252,0.21417699754238129,0.011250000447034836,917416,0.12359199672937393,0.16951499879360199,0.51322698593139648,0.18795600533485413,0.0057100001722574234,707494,0.10497599840164185,0.13976700603961945,0.46515199542045593,0.2677609920501709,0.022345000877976418,391994,0.11677200347185135,0.15896700322628021,0.48622700572013855,0.22317199409008026,0.01486200001090765,291352,0.12881000339984894,0.169855996966362,0.4860990047454834,0.20420700311660767,0.01102800015360117,146716,0.11752600222826004,0.13271200656890869,0.49362701177597046,0.23427599668502808,0.021858999505639076
34133,5822069,3366989,0.11909200251102448,0.16216200590133667,0.49331098794937134,0.21417400240898132,0.011261000297963619,917436,0.12359700351953506,0.16949699819087982,0.51323097944259644,0.18796099722385406,0.0057140002027153969,707622,0.10498499870300293,0.13974000513553619,0.46514400839805603,0.2677839994430542,0.022346999496221542,391991,0.11675000190734863,0.15895499289035797,0.48627901077270508,0.22315800189971924,0.014856999740004539,291314,0.12877899408340454,0.16986499726772308,0.48607999086380005,0.20424699783325195,0.011029000394046307,146717,0.11754599958658218,0.13275900483131409,0.49356898665428162,0.23424699902534485,0.021879000589251518
34134,5822318,3367079,0.1190899983048439,0.1621440052986145,0.49331098794937134,0.2141840010881424,0.011270999908447266,917453,0.12358000129461288,0.16948600113391876,0.51324200630187988,0.18797299265861511,0.0057199997827410698,707702,0.1049719974398613,0.13972799479961395,0.46517699956893921,0.26778098940849304,0.022340999916195869,392043,0.11675199866294861,0.15903399884700775,0.48625800013542175,0.22307799756526947,0.014878000132739544,291329,0.12876899540424347,0.16989700496196747,0.48600700497627258,0.20428800582885742,0.011039000004529953,146712,0.11766599863767624,0.13272300362586975,0.49362000823020935,0.23411199450492859,0.021880000829696655
34135,5822562,3367183,0.11909399926662445,0.1621440052986145,0.49329200387001038,0.21418699622154236,0.011281999759376049,917492,0.12356899678707123,0.16947400569915771,0.51324999332427979,0.18798099458217621,0.0057250000536441803,707805,0.10498499870300293,0.13976700603961945,0.46514400839805603,0.26776400208473206,0.022338999435305595,392046,0.11677700281143188,0.15897400677204132,0.48630300164222717,0.22308599948883057,0.014860999770462513,291311,0.12876300513744354,0.16987699270248413,0.48603400588035583,0.20427300035953522,0.011052999645471573,146725,0.11766199767589569,0.13267700374126434,0.4936789870262146,0.23410500586032867,0.021878000348806381
34136,5822811,3367256,0.11909099668264389,0.16214899718761444,0.49327701330184937,0.21419000625610352,0.011292999610304832,917532,0.12359099835157394,0.16945700347423553,0.51324200630187988,0.18797500431537628,0.005735000129789114,707854,0.10494799911975861,0.13978399336338043,0.46518799662590027,0.2677370011806488,0.022342000156641006,392092,0.11674000322818756,0.15900599956512451,0.48625800013542175,0.22312100231647491,0.01487400010228157,291317,0.12878799438476562,0.16986000537872314,0.48600998520851135,0.20426900684833527,0.011074000038206577,146760,0.1176609992980957,0.13263800740242004,0.49375200271606445,0.23406200110912323,0.021886000409722328
34137,5823029,3367407,0.11909200251102448,0.16213400661945343,0.49326899647712708,0.21420800685882568,0.011297999881207943,917582,0.12359499931335449,0.16944199800491333,0.51323902606964111,0.18797899782657623,0.0057439999654889107,707881,0.104933001101017,0.13980899751186371,0.46519699692726135,0.26770898699760437,0.022352999076247215,392078,0.11676499992609024,0.15900400280952454,0.4862779974937439,0.22307600080966949,0.014876999892294407,291311,0.12878699600696564,0.16993500292301178,0.48596200346946716,0.20425200462341309,0.011064000427722931,146770,0.11755099892616272,0.1327040046453476,0.4937250018119812,0.23412799835205078,0.021890999749302864
34138,5823291,3367561,0.11909700185060501,0.1621209979057312,0.49327701330184937,0.21419699490070343,0.011308000423014164,917593,0.12359099835157394,0.16945600509643555,0.51323401927947998,0.18797099590301514,0.0057479999959468842,707937,0.10493899881839752,0.13978900015354156,0.46518799662590027,0.26773899793624878,0.022345000877976418,392116,0.11676900088787079,0.15897299349308014,0.4862619936466217,0.22308999300003052,0.014906000345945358,291319,0.12881800532341003,0.16993400454521179,0.48588299751281738,0.20428800582885742,0.011076999828219414,146765,0.11761000007390976,0.1325719952583313,0.49370801448822021,0.23419800400733948,0.021912999451160431
34139,5823529,3367698,0.11908199638128281,0.16213400661945343,0.49327099323272705,0.21419599652290344,0.011315999552607536,917631,0.1236020028591156,0.16943299770355225,0.51324999332427979,0.18796999752521515,0.0057450002059340477,707926,0.10498099774122238,0.1397629976272583,0.4652009904384613,0.2677139937877655,0.022339999675750732,392121,0.11679299920797348,0.15894599258899689,0.48622998595237732,0.22311699390411377,0.014914000406861305,291338,0.12880200147628784,0.1698949933052063,0.48590001463890076,0.20429900288581848,0.011103999800980091,146815,0.11761700361967087,0.13252100348472595,0.49366900324821472,0.2342199981212616,0.021973000839352608
34140,5823779,3367866,0.11908800154924393,0.16213099658489227,0.49326801300048828,0.21418899297714233,0.011323000304400921,917662,0.12360300123691559,0.16943399608135223,0.51324999332427979,0.18796899914741516,0.0057439999654889107,707911,0.10497599840164185,0.13973900675773621,0.46521499752998352,0.26771900057792664,0.022350000217556953,392166,0.1168150007724762,0.15897099673748016,0.48620998859405518,0.22309699654579163,0.014906999655067921,291324,0.1287740021944046,0.16984200477600098,0.485850989818573,0.20441800355911255,0.011114999651908875,146850,0.117576003074646,0.13248899579048157,0.49368101358413696,0.23429299890995026,0.021960999816656113
34141,5823970,3367889,0.11907599866390228,0.16213299334049225,0.49327600002288818,0.21417999267578125,0.011334000155329704,917731,0.12358400225639343,0.16944000124931335,0.51324999332427979,0.1879819929599762,0.0057450002059340477,707911,0.10494799911975861,0.13969799876213074,0.46529000997543335,0.26769599318504333,0.022367000579833984,392212,0.11686799675226212,0.15895499289035797,0.48615801334381104,0.22310400009155273,0.014914999715983868,291364,0.12874999642372131,0.16985300183296204,0.48577699065208435,0.20450699329376221,0.011113000102341175,146863,0.11761999875307083,0.13247700035572052,0.49362298846244812,0.23434099555015564,0.021939000114798546
34142,5824260,3368093,0.11908400058746338,0.16211999952793121,0.49327099323272705,0.21418499946594238,0.011339999735355377,917802,0.12357600033283234,0.16944700479507446,0.51323699951171875,0.18798999488353729,0.0057500000111758709,707863,0.10499899834394455,0.13970200717449188,0.46525201201438904,0.26767200231552124,0.022374000400304794,392254,0.11688899993896484,0.1589449942111969,0.48611399531364441,0.22309799492359161,0.014955000020563602,291362,0.12870199978351593,0.16987499594688416,0.4858660101890564,0.20444700121879578,0.011110000312328339,146886,0.11756099760532379,0.13245600461959839,0.49369600415229797,0.23436500132083893,0.021921999752521515
34143,5824472,3368244,0.11908300220966339,0.16211099922657013,0.49328300356864929,0.21417799592018127,0.011343999765813351,917809,0.12356600165367126,0.16943299770355225,0.51324701309204102,0.18800100684165955,0.0057529998011887074,707923,0.10500600188970566,0.13968600332736969,0.46520200371742249,0.26771599054336548,0.022391000762581825,392227,0.11686299741268158,0.15894100069999695,0.48618999123573303,0.2230370044708252,0.01496800035238266,291384,0.12874099612236023,0.16986900568008423,0.48580199480056763,0.2044689953327179,0.011118999682366848,146885,0.11758200079202652,0.13240300118923187,0.49363100528717041,0.23444199562072754,0.021942000836133957
34144,5824718,3368408,0.11908099800348282,0.16211199760437012,0.49327901005744934,0.21417799592018127,0.011350999586284161,917826,0.1235629990696907,0.1694130003452301,0.51326501369476318,0.18800300359725952,0.0057560000568628311,707914,0.10501799732446671,0.13968600332736969,0.46519199013710022,0.26769399642944336,0.022409999743103981,392266,0.11690499633550644,0.15891799330711365,0.48621898889541626,0.22299699485301971,0.014961999841034412,291400,0.12876099348068237,0.16986599564552307,0.48583400249481201,0.20442299544811249,0.011114999651908875,146904,0.11753900349140167,0.13232499361038208,0.493600994348526,0.23456799983978271,0.021966999396681786
34145,5824951,3368472,0.11907900124788284,0.16210399568080902,0.49326300621032715,0.21419699490070343,0.011358000338077545,917869,0.1235629990696907,0.16941200196743011,0.513264000415802,0.18800200521945953,0.0057589998468756676,707926,0.10500700026750565,0.13969500362873077,0.46517199277877808,0.26771700382232666,0.022408999502658844,392287,0.11691399663686752,0.1589139997959137,0.48621299862861633,0.22300000488758087,0.014957999810576439,291453,0.12874099612236023,0.16987299919128418,0.48594498634338379,0.20432500541210175,0.011117000132799149,146944,0.1175139993429184,0.13235700130462646,0.49375298619270325,0.23442299664020538,0.021953999996185303
34146,5825173,3368728,0.11907900124788284,0.16209299862384796,0.49327099323272705,0.21419399976730347,0.011363999918103218,917877,0.12355999648571014,0.16941399872303009,0.51326197385787964,0.18800200521945953,0.0057620001025497913,707976,0.10500200092792511,0.13975599408149719,0.46513199806213379,0.26769301295280457,0.022416999563574791,392234,0.11680299788713455,0.15891000628471375,0.48624798655509949,0.22307600080966949,0.014963000081479549,291462,0.12877500057220459,0.1698639988899231,0.48593300580978394,0.20430800318717957,0.011119999922811985,146896,0.11753900349140167,0.13229100406169891,0.4938260018825531,0.23430900275707245,0.022035999223589897
34147,5825392,3368856,0.1190899983048439,0.16209499537944794,0.49326398968696594,0.21417699754238129,0.011374000459909439,917896,0.12353699654340744,0.1694210022687912,0.513264000415802,0.18801300227642059,0.0057649998925626278,707972,0.10497300326824188,0.139724001288414,0.46514600515365601,0.26772201061248779,0.022435000166296959,392250,0.11682099848985672,0.15888799726963043,0.48626899719238281,0.22305700182914734,0.014964999631047249,291507,0.12874099612236023,0.16981400549411774,0.48596400022506714,0.20434500277042389,0.011134999804198742,146911,0.11754699796438217,0.1323390007019043,0.49378201365470886,0.23425100743770599,0.022081000730395317
34148,5825616,3369065,0.11909200251102448,0.16209100186824799,0.49326899647712708,0.21416400372982025,0.011384000070393085,917941,0.12355399876832962,0.16939100623130798,0.51326102018356323,0.18801799416542053,0.0057769999839365482,707974,0.10498499870300293,0.13969899713993073,0.46515101194381714,0.26771301031112671,0.022451000288128853,392221,0.11680900305509567,0.158843994140625,0.48625099658966064,0.22313199937343597,0.014964000321924686,291515,0.12876899540424347,0.16981300711631775,0.48594799637794495,0.20430900156497955,0.011161999776959419,146900,0.11738599836826324,0.13246400654315948,0.49373701214790344,0.23430900275707245,0.022103000432252884
34149,5825852,3369207,0.11909499764442444,0.16208599507808685,0.49325999617576599,0.21416200697422028,0.011397000402212143,917995,0.1235629990696907,0.16939599812030792,0.5132409930229187,0.18801499903202057,0.0057839998044073582,707940,0.10495200008153915,0.13975299894809723,0.46515700221061707,0.26768198609352112,0.022454999387264252,392279,0.11681000143289566,0.15877999365329742,0.48625299334526062,0.22319599986076355,0.014960999600589275,291516,0.12879900634288788,0.16981899738311768,0.48596999049186707,0.20425599813461304,0.011154999956488609,146915,0.11736699938774109,0.13238899409770966,0.49369999766349792,0.23442099988460541,0.02212199941277504
34150,5826112,3369358,0.11909600347280502,0.16208299994468689,0.49325600266456604,0.21416200697422028,0.011402999982237816,918060,0.12357600033283234,0.16939300298690796,0.51320701837539673,0.18803900480270386,0.0057850000448524952,707949,0.10494100302457809,0.13976399600505829,0.46514400839805603,0.26769700646400452,0.022453999146819115,392304,0.11683499813079834,0.15874400734901428,0.48627099394798279,0.2231689989566803,0.014980999752879143,291541,0.12878499925136566,0.16978399455547333,0.4860210120677948,0.20424200594425201,0.011168000288307667,146900,0.11739999800920486,0.13240300118923187,0.49359399080276489,0.2344450056552887,0.022158000618219376
34151,5826334,3369481,0.11909600347280502,0.16207799315452576,0.49324598908424377,0.2141679972410202,0.0114120002835989,918060,0.12357400357723236,0.16937999427318573,0.51320499181747437,0.1880510002374649,0.0057899998500943184,707904,0.10494899749755859,0.1397320032119751,0.46519699692726135,0.26766100525856018,0.022461000829935074,392379,0.11680000275373459,0.15875999629497528,0.4862619936466217,0.22317199409008026,0.015006000176072121,291597,0.12878400087356567,0.16978900134563446,0.48600998520851135,0.20422700047492981,0.011189999990165234,146913,0.1173819974064827,0.13247300684452057,0.49355098605155945,0.23442399501800537,0.022169999778270721
34152,5826578,3369668,0.11909999698400497,0.16206300258636475,0.4932360053062439,0.21417999267578125,0.011420999653637409,918120,0.12358599901199341,0.16935400664806366,0.51322197914123535,0.18804000318050385,0.0057990001514554024,707889,0.10495299845933914,0.13974100351333618,0.46510699391365051,0.26772299408912659,0.022476999089121819,392343,0.11679799854755402,0.15874099731445312,0.48630699515342712,0.22314399480819702,0.015010000206530094,291616,0.12877599895000458,0.16975699365139008,0.48610499501228333,0.20417299866676331,0.011188999749720097,146942,0.11729799956083298,0.13252800703048706,0.4937799870967865,0.23425599932670593,0.022137999534606934
34153,5826786,3369819,0.11910399794578552,0.16205400228500366,0.49322998523712158,0.21418300271034241,0.011428999714553356,918149,0.12358000129461288,0.16935999691486359,0.51319801807403564,0.18805199861526489,0.0058100000023841858,707976,0.10495299845933914,0.13972200453281403,0.4651469886302948,0.26768600940704346,0.022492000833153725,392343,0.11683099716901779,0.15875899791717529,0.48622998595237732,0.22313900291919708,0.015039999969303608,291579,0.12877100706100464,0.16977900266647339,0.48612600564956665,0.20414699614048004,0.011176999658346176,146920,0.11717899888753891,0.13250100612640381,0.4939349889755249,0.23424999415874481,0.022134000435471535
34154,5827024,3369965,0.11911799758672714,0.16205300390720367,0.49322500824928284,0.21416699886322021,0.011436999775469303,918142,0.12359900027513504,0.16931800544261932,0.51322799921035767,0.18804599344730377,0.0058100000023841858,708010,0.10492900013923645,0.13971599936485291,0.46512800455093384,0.2677290141582489,0.022498000413179398,392423,0.11680500209331512,0.15873199701309204,0.48620700836181641,0.2232079952955246,0.015048000030219555,291596,0.12870900332927704,0.16976599395275116,0.48618000745773315,0.20417299866676331,0.011172999627888203,146888,0.11717800050973892,0.13260400295257568,0.49381199479103088,0.23419199883937836,0.022213999181985855
34155,5827259,3370097,0.11912400275468826,0.16202600300312042,0.49324500560760498,0.21415799856185913,0.011447000317275524,918185,0.12360499799251556,0.16931599378585815,0.51321202516555786,0.18805399537086487,0.0058140000328421593,708043,0.10492199659347534,0.13971300423145294,0.46510300040245056,0.26775801181793213,0.02250399999320507,392473,0.11679500341415405,0.15877999365329742,0.48619899153709412,0.22316700220108032,0.015057999640703201,291601,0.12870299816131592,0.16984499990940094,0.48614698648452759,0.2041420042514801,0.011163000017404556,146860,0.11711200326681137,0.13259600102901459,0.49372199177742004,0.23432500660419464,0.022245999425649643
34156,5827482,3370203,0.11912800371646881,0.1620199978351593,0.49324899911880493,0.21415300667285919,0.011450000107288361,918231,0.1236250028014183,0.16932199895381927,0.51317399740219116,0.18806199729442596,0.0058180000633001328,708102,0.10496199876070023,0.1396930068731308,0.46511700749397278,0.26772299408912659,0.022505000233650208,392495,0.11671499907970428,0.15878699719905853,0.48618701100349426,0.22323299944400787,0.015077999792993069,291593,0.12872399389743805,0.16988100111484528,0.48611900210380554,0.20408900082111359,0.011187000200152397,146858,0.11703799664974213,0.13259099423885345,0.49369499087333679,0.23441000282764435,0.022266000509262085
34157,5827741,3370376,0.11913099884986877,0.16201299428939819,0.49324598908424377,0.21415400505065918,0.011455000378191471,918284,0.1236250028014183,0.16931700706481934,0.51317000389099121,0.1880670040845871,0.0058209998533129692,708150,0.10495000332593918,0.1397089958190918,0.46515598893165588,0.2676750123500824,0.02251099981367588,392486,0.11672300100326538,0.15873399376869202,0.48617500066757202,0.22326099872589111,0.015106000006198883,291623,0.12874799966812134,0.16988399624824524,0.48604500293731689,0.20414400100708008,0.01117900013923645,146822,0.11706700176000595,0.13265000283718109,0.49348899722099304,0.2344679981470108,0.022326000034809113
34158,5827995,3370460,0.11913099884986877,0.16200199723243713,0.49324899911880493,0.21415500342845917,0.011462000198662281,918335,0.12363900244235992,0.16931000351905823,0.51316201686859131,0.18806600570678711,0.0058220000937581062,708258,0.10494499653577805,0.13966900110244751,0.46520900726318359,0.26766100525856018,0.022515999153256416,392498,0.1167600005865097,0.1587270051240921,0.48611199855804443,0.22327199578285217,0.015128999948501587,291611,0.12879100441932678,0.16988399624824524,0.48602399230003357,0.20410099625587463,0.01119999960064888,146833,0.11703100055456161,0.1326880007982254,0.49349299073219299,0.23446999490261078,0.022317999973893166
34159,5828211,3370523,0.11912400275468826,0.16199900209903717,0.49324798583984375,0.21415500342845917,0.011474000290036201,918392,0.12362699955701828,0.16931399703025818,0.51315599679946899,0.18806500732898712,0.0058380002155900002,708300,0.10497099906206131,0.13964800536632538,0.4652239978313446,0.267628014087677,0.022529000416398048,392497,0.11681599915027618,0.15870200097560883,0.48608300089836121,0.22326800227165222,0.015131000429391861,291639,0.12879599630832672,0.16986800730228424,0.48603901267051697,0.20409099757671356,0.011206000111997128,146860,0.11703000217676163,0.13267099857330322,0.49345600605010986,0.23452900350093842,0.022314000874757767
34160,5828456,3370733,0.11912400275468826,0.16198399662971497,0.49324101209640503,0.21417100727558136,0.011479999870061874,918443,0.1236329972743988,0.16930900514125824,0.51315099000930786,0.18806399405002594,0.0058419997803866863,708279,0.10496900230646133,0.13968600332736969,0.4652400016784668,0.26756399869918823,0.022540999576449394,392463,0.11680100113153458,0.15871299803256989,0.48603799939155579,0.22330999374389648,0.015138000249862671,291690,0.1287979930639267,0.16984100639820099,0.48605400323867798,0.20409700274467468,0.011211000382900238,146848,0.11704599857330322,0.13262699544429779,0.4935309886932373,0.23450100421905518,0.022295000031590462
34161,5828693,3370781,0.11913599818944931,0.16197299957275391,0.49321800470352173,0.21418699622154236,0.011486000381410122,918504,0.12364000082015991,0.16929599642753601,0.51314300298690796,0.18807299435138702,0.0058479998260736465,708299,0.10493399947881699,0.13970699906349182,0.46531298756599426,0.26751101016998291,0.022533999755978584,392521,0.11680400371551514,0.15869000554084778,0.48603299260139465,0.22331799566745758,0.015155999921262264,291676,0.12877300381660461,0.1698250025510788,0.48606300354003906,0.20413100719451904,0.011207999661564827,146912,0.11706999689340591,0.1325560063123703,0.49366301298141479,0.23439900577068329,0.02231300063431263
34162,5828933,3371000,0.11913000047206879,0.16196699440479279,0.4932200014591217,0.21419200301170349,0.011491999961435795,918530,0.12361100316047668,0.16930499672889709,0.51314401626586914,0.18808500468730927,0.0058550001122057438,708197,0.10495399683713913,0.1396930068731308,0.46530601382255554,0.26750600337982178,0.022541999816894531,392577,0.11678999662399292,0.15870499610900879,0.48598599433898926,0.22335000336170197,0.015169000253081322,291718,0.12882600724697113,0.16982200741767883,0.486052006483078,0.20409399271011353,0.011206000111997128,146911,0.11712499707937241,0.13243399560451508,0.49384298920631409,0.23429800570011139,0.022298999130725861
34163,5829190,3371257,0.11913599818944931,0.16197000443935394,0.49320301413536072,0.21419499814510345,0.011495999991893768,918590,0.12361200153827667,0.16930599510669708,0.51313102245330811,0.18809400498867035,0.0058570001274347305,708122,0.10494499653577805,0.1396850049495697,0.4653170108795166,0.26749199628829956,0.022561000660061836,392602,0.11680299788713455,0.15865899622440338,0.48594498634338379,0.22341200709342957,0.015181000344455242,291729,0.1287740021944046,0.16981899738311768,0.48609200119972229,0.20410400629043579,0.0112119996920228,146890,0.11710800230503082,0.13242599368095398,0.49394801259040833,0.23420199751853943,0.022315999493002892
34164,5829442,3371450,0.11912800371646881,0.16196900606155396,0.49320098757743835,0.21420200169086456,0.011500000022351742,918623,0.12361899763345718,0.16927400231361389,0.51312702894210815,0.1881130039691925,0.0058670002035796642,708101,0.10494100302457809,0.13970200717449188,0.4653019905090332,0.26748299598693848,0.022571999579668045,392643,0.1168539971113205,0.15861000120639801,0.48594999313354492,0.22338099777698517,0.015204999595880508,291737,0.12874999642372131,0.16988599300384521,0.48605400323867798,0.20407800376415253,0.011233000084757805,146888,0.11721199750900269,0.13230499625205994,0.49399501085281372,0.23419900238513947,0.022289000451564789
34165,5829725,3371669,0.11913800239562988,0.16196699440479279,0.49318000674247742,0.2142069935798645,0.011508000083267689,918662,0.12361299991607666,0.1692579984664917,0.51313900947570801,0.1881210058927536,0.0058679999783635139,708120,0.10496000200510025,0.13968800008296967,0.46525698900222778,0.26750299334526062,0.022592000663280487,392610,0.11683599650859833,0.15861299633979797,0.48605000972747803,0.22328999638557434,0.015211000107228756,291754,0.12875199317932129,0.16989700496196747,0.4860529899597168,0.20407600700855255,0.011222000233829021,146910,0.11718700081110001,0.13244199752807617,0.49396899342536926,0.2341029942035675,0.022298999130725861
34166,5829982,3371759,0.1191290020942688,0.16196900606155396,0.49318501353263855,0.21420200169086456,0.011513999663293362,918694,0.12361499667167664,0.16925400495529175,0.5131080150604248,0.18815499544143677,0.0058679999783635139,708149,0.10501600056886673,0.13966700434684753,0.46522998809814453,0.26747500896453857,0.02261199988424778,392670,0.11685899645090103,0.15857799351215363,0.48609501123428345,0.22326600551605225,0.015200999565422535,291774,0.12873299419879913,0.16988499462604523,0.48605400323867798,0.20409999787807465,0.011227999813854694,146936,0.11715299636125565,0.13241800665855408,0.49391600489616394,0.23416300117969513,0.022350000217556953
34167,5830223,3371890,0.11912500113248825,0.16196499764919281,0.49318400025367737,0.21420599520206451,0.011520000174641609,918725,0.12361399829387665,0.16924299299716949,0.5131000280380249,0.188168004155159,0.0058740000240504742,708195,0.10504899919033051,0.1396850049495697,0.46520701050758362,0.26742801070213318,0.022631999105215073,392648,0.11680400371551514,0.15859200060367584,0.48607099056243896,0.22330400347709656,0.01522700022906065,291777,0.12873899936676025,0.16986300051212311,0.4860529899597168,0.20411799848079681,0.011227999813854694,146988,0.1171799972653389,0.13239200413227081,0.49391099810600281,0.23415499925613403,0.022361999377608299
34168,5830441,3372027,0.11913000047206879,0.1619420051574707,0.49318400025367737,0.21421900391578674,0.01152500044554472,918755,0.12360599637031555,0.16924199461936951,0.51309400796890259,0.18817199766635895,0.0058849998749792576,708260,0.10502400249242783,0.13970999419689178,0.46521499752998352,0.26739999651908875,0.022650999948382378,392646,0.11680799722671509,0.15861900150775909,0.48608198761940002,0.22325499355792999,0.015238000079989433,291785,0.12872800230979919,0.16993999481201172,0.48597800731658936,0.2041500061750412,0.011203000321984291,146968,0.11711400002241135,0.13246400654315948,0.49386298656463623,0.23419399559497833,0.02236500009894371
34169,5830678,3372120,0.11912599951028824,0.16193799674510956,0.49317899346351624,0.21422199904918671,0.011535000056028366,918772,0.12361700087785721,0.16921199858188629,0.51309502124786377,0.18818800151348114,0.0058880001306533813,708343,0.10501299798488617,0.13970500230789185,0.46523401141166687,0.26738899946212769,0.022660000249743462,392682,0.11680199950933456,0.15865799784660339,0.48599600791931152,0.22330300509929657,0.01524099987000227,291820,0.12870900332927704,0.16995400190353394,0.48605599999427795,0.20404399931430817,0.011235999874770641,146941,0.11715599894523621,0.13249500095844269,0.49382400512695312,0.23416200280189514,0.022362999618053436
34170,5830900,3372275,0.11912299692630768,0.16192600131034851,0.49318000674247742,0.21422800421714783,0.01154400035738945,918788,0.1235940009355545,0.16921399533748627,0.51309001445770264,0.18820400536060333,0.005896999966353178,708420,0.10506100207567215,0.13971799612045288,0.46516901254653931,0.26738700270652771,0.022665999829769135,392686,0.1167680025100708,0.1587039977312088,0.48598900437355042,0.22329799830913544,0.01524099987000227,291806,0.12872600555419922,0.16993500292301178,0.48609000444412231,0.20401200652122498,0.011237000115215778,146925,0.11710099875926971,0.13244199752807617,0.49395999312400818,0.23413300514221191,0.02236500009894371
34171,5831079,3372329,0.11911600083112717,0.1619269996881485,0.49318501353263855,0.21422000229358673,0.011552000418305397,918820,0.12357000261545181,0.16922099888324738,0.51308399438858032,0.18822500109672546,0.0058989999815821648,708485,0.10506899654865265,0.13967800140380859,0.46518298983573914,0.26738500595092773,0.02268500067293644,392726,0.11675599962472916,0.15871900320053101,0.48601800203323364,0.22327500581741333,0.015231999568641186,291821,0.12869499623775482,0.16994300484657288,0.48605099320411682,0.20406700670719147,0.011242999695241451,146898,0.11711499840021133,0.13242499530315399,0.4939349889755249,0.23414899408817291,0.022376000881195068
34172,5831283,3372437,0.11911500245332718,0.16191400587558746,0.4931890070438385,0.21421900391578674,0.01156300026923418,918858,0.12357600033283234,0.16919800639152527,0.51308602094650269,0.18823100626468658,0.0059079998172819614,708458,0.1050650030374527,0.13970200717449188,0.46517100930213928,0.26736000180244446,0.022702999413013458,392732,0.11676199734210968,0.15871399641036987,0.48598799109458923,0.22330999374389648,0.01522700022906065,291850,0.12865200638771057,0.16997399926185608,0.4860750138759613,0.20406399667263031,0.011234999634325504,146948,0.11706200242042542,0.13247500360012054,0.49397099018096924,0.23412400484085083,0.022368000820279121
34173,5831516,3372523,0.11911699920892715,0.16190800070762634,0.49318298697471619,0.21421700716018677,0.011575000360608101,918918,0.1235790029168129,0.16920700669288635,0.51307797431945801,0.18822599947452545,0.0059099998325109482,708502,0.10506100207567215,0.13966800272464752,0.46523800492286682,0.26733198761940002,0.022701000794768333,392723,0.11676199734210968,0.15873000025749207,0.48594799637794495,0.22330799698829651,0.015251999720931053,291901,0.12864300608634949,0.16996900737285614,0.48599401116371155,0.20415499806404114,0.011239999905228615,146949,0.11704099923372269,0.13252900540828705,0.49388599395751953,0.23418299853801727,0.022360999137163162
34174,5831725,3372765,0.11912000179290771,0.16189399361610413,0.4931890070438385,0.21421599388122559,0.011580999940633774,918942,0.12356899678707123,0.16921199858188629,0.51308399438858032,0.1882220059633255,0.0059130000881850719,708523,0.1050650030374527,0.13966800272464752,0.46525400876998901,0.26731699705123901,0.022696999832987785,392685,0.11676999926567078,0.15871499478816986,0.48590299487113953,0.22333900630474091,0.015271999873220921,291880,0.12861800193786621,0.16996400058269501,0.48593899607658386,0.20421700179576874,0.011261000297963619,146930,0.11697400361299515,0.13251200318336487,0.49394899606704712,0.23419299721717834,0.022370999678969383
34175,5831966,3372728,0.11911699920892715,0.16189999878406525,0.49318599700927734,0.21420900523662567,0.011587000451982021,918988,0.1235940009355545,0.16917499899864197,0.51307600736618042,0.18824000656604767,0.0059150001034140587,708612,0.10506200045347214,0.13963399827480316,0.46530500054359436,0.26728999614715576,0.02270900085568428,392716,0.11678899824619293,0.15870000422000885,0.48589101433753967,0.22334000468254089,0.015281000174582005,291904,0.12863799929618835,0.16993899643421173,0.48595398664474487,0.20417000353336334,0.011297999881207943,147018,0.11702000349760056,0.13256900012493134,0.4937489926815033,0.23431099951267242,0.02235100045800209
34176,5832166,3372816,0.11910299956798553,0.16188900172710419,0.49319100379943848,0.21422299742698669,0.011594000272452831,919042,0.1235710009932518,0.16917699575424194,0.51308798789978027,0.18824300169944763,0.0059210001491010189,708604,0.10507799685001373,0.13966299593448639,0.46526399254798889,0.26726898550987244,0.022724999114871025,392737,0.11676300317049026,0.15868900716304779,0.48591598868370056,0.22333799302577972,0.015294999815523624,291922,0.12866100668907166,0.17002099752426147,0.48593801259994507,0.20408500730991364,0.011293999850749969,147045,0.11710699647665024,0.1324629932641983,0.49377399682998657,0.23432299494743347,0.022332999855279922
34177,5832427,3372910,0.11910600215196609,0.16186900436878204,0.49318599700927734,0.21423399448394775,0.011605000123381615,919094,0.12358999997377396,0.16917400062084198,0.51308101415634155,0.18822599947452545,0.0059290002100169659,708661,0.10512199997901917,0.13968700170516968,0.46523100137710571,0.26724201440811157,0.022717000916600227,392739,0.11679299920797348,0.15870299935340881,0.48585200309753418,0.22334900498390198,0.015302999876439571,291935,0.12862500548362732,0.16997300088405609,0.48600500822067261,0.20410400629043579,0.011293999850749969,147088,0.11708000302314758,0.13239000737667084,0.49386799335479736,0.2343360036611557,0.02232700027525425
34178,5832629,3372986,0.11910200119018555,0.1618649959564209,0.49319800734519958,0.21422299742698669,0.011610999703407288,919124,0.1235869973897934,0.16916799545288086,0.51309299468994141,0.18821899592876434,0.005932999774813652,708656,0.10513699799776077,0.13961799442768097,0.46523401141166687,0.26728498935699463,0.022725999355316162,392755,0.11685899645090103,0.15868400037288666,0.4858500063419342,0.22330999374389648,0.015297000296413898,291982,0.12862099707126617,0.1699489951133728,0.48599600791931152,0.20413899421691895,0.011295000091195107,147126,0.1170630007982254,0.1324709951877594,0.49380800127983093,0.23434999585151672,0.022306999191641808
34179,5832879,3373101,0.11911199986934662,0.1618569940328598,0.49319198727607727,0.21421900391578674,0.011621000245213509,919163,0.12358500063419342,0.16915600001811981,0.51309102773666382,0.18822599947452545,0.005942000076174736,708693,0.10510899871587753,0.1396079957485199,0.46524900197982788,0.26729100942611694,0.022742999717593193,392781,0.1168690025806427,0.15869100391864777,0.48582300543785095,0.22330999374389648,0.015305999666452408,291981,0.12864199280738831,0.16998399794101715,0.48593199253082275,0.20413999259471893,0.011301999911665916,147160,0.11706999689340591,0.13249500095844269,0.49380901455879211,0.23434999585151672,0.022275000810623169
34180,5833101,3373264,0.11911699920892715,0.16184699535369873,0.49320098757743835,0.21420399844646454,0.011629999615252018,919238,0.12359499931335449,0.16914699971675873,0.51308900117874146,0.18822300434112549,0.0059460001066327095,708718,0.10512600094079971,0.13958899676799774,0.46520599722862244,0.26733800768852234,0.022740999236702919,392769,0.11684700101613998,0.1587119996547699,0.48578399419784546,0.22335000336170197,0.015306999906897545,291960,0.12865099310874939,0.16998200118541718,0.48593300580978394,0.20411400496959686,0.01131999958306551,147152,0.11703500151634216,0.13247500360012054,0.49380201101303101,0.23441100120544434,0.022275999188423157
34181,5833326,3373347,0.1191210001707077,0.1618410050868988,0.49320399761199951,0.21419799327850342,0.011636000126600266,919229,0.12359999865293503,0.16913299262523651,0.51306402683258057,0.18825800716876984,0.0059449998661875725,708777,0.10509499907493591,0.13960400223731995,0.46522200107574463,0.26732200384140015,0.022755999118089676,392807,0.11683300137519836,0.15870100259780884,0.48578301072120667,0.22337399423122406,0.015308000147342682,291987,0.12867400050163269,0.1699800044298172,0.48594298958778381,0.2040569931268692,0.011346000246703625,147179,0.11707500368356705,0.13236899673938751,0.49366399645805359,0.234592005610466,0.022298999130725861
34182,5833548,3373598,0.11912400275468826,0.16183699667453766,0.49320000410079956,0.21419599652290344,0.011644000187516212,919248,0.12357400357723236,0.16913500428199768,0.51307898759841919,0.18826299905776978,0.005948999896645546,708652,0.10511200129985809,0.13961200416088104,0.46516099572181702,0.26735499501228333,0.022760000079870224,392831,0.11678600311279297,0.15868100523948669,0.48588600754737854,0.22333499789237976,0.015312000177800655,292006,0.12864500284194946,0.16995899379253387,0.48600000143051147,0.20403300225734711,0.011362999677658081,147213,0.11714299768209457,0.13226400315761566,0.49359101057052612,0.23466700315475464,0.022335000336170197
34183,5833764,3373724,0.11911399662494659,0.16183200478553772,0.4931969940662384,0.21420499682426453,0.011652000248432159,919255,0.1235710009932518,0.16914500296115875,0.51304197311401367,0.18829399347305298,0.005948999896645546,708675,0.10514099895954132,0.1395840048789978,0.46517801284790039,0.26733401417732239,0.022762000560760498,392828,0.1168069988489151,0.15869799256324768,0.48586401343345642,0.22331100702285767,0.015320000238716602,292060,0.12862099707126617,0.16998900473117828,0.4860059916973114,0.20402300357818604,0.011361000128090382,147222,0.11716300249099731,0.13226300477981567,0.49361500144004822,0.23461200296878815,0.022346999496221542
34184,5834000,3373852,0.11911199986934662,0.16183599829673767,0.49319198727607727,0.21420100331306458,0.011657999828457832,919303,0.12355399876832962,0.16913600265979767,0.51304799318313599,0.18830199539661407,0.0059589999727904797,708664,0.10517700016498566,0.13955000042915344,0.46518400311470032,0.26731899380683899,0.022771000862121582,392834,0.11681800335645676,0.15867799520492554,0.48584601283073425,0.22332599759101868,0.015332000330090523,292113,0.1286109983921051,0.16992400586605072,0.48602399230003357,0.20405100286006927,0.011389000341296196,147234,0.11709900200366974,0.13219800591468811,0.49371099472045898,0.2346470057964325,0.022345000877976418
34185,5834258,3374061,0.11911199986934662,0.16182899475097656,0.49318501353263855,0.2142069935798645,0.011668000370264053,919337,0.12357199937105179,0.16911900043487549,0.51306402683258057,0.18828199803829193,0.0059630000032484531,708722,0.10516999661922455,0.13952900469303131,0.46516799926757812,0.26734700798988342,0.022786000743508339,392775,0.11685299873352051,0.15865099430084229,0.48585599660873413,0.22331100702285767,0.015328999608755112,292108,0.12864799797534943,0.16992700099945068,0.48599499464035034,0.20400699973106384,0.01142400037497282,147255,0.11712300032377243,0.13227400183677673,0.49373498558998108,0.23455899953842163,0.022307999432086945
34186,5834483,3374177,0.11910899728536606,0.16182899475097656,0.49317699670791626,0.21420900523662567,0.011675000190734863,919357,0.12358500063419342,0.16909399628639221,0.51308298110961914,0.18827299773693085,0.0059650000184774399,708744,0.10519500076770782,0.13948599994182587,0.46513399481773376,0.26739001274108887,0.022794999182224274,392802,0.11683200299739838,0.15863199532032013,0.48593699932098389,0.22327299416065216,0.015325999818742275,292117,0.12864400446414948,0.1699180006980896,0.48602399230003357,0.20398999750614166,0.01142400037497282,147286,0.11714600026607513,0.1322530061006546,0.49371299147605896,0.23457799851894379,0.022309999912977219
34187,5834731,3374323,0.11911000311374664,0.16181999444961548,0.49317499995231628,0.2142149955034256,0.011680999770760536,919433,0.12360099703073502,0.16904400289058685,0.51309800148010254,0.18828700482845306,0.0059699998237192631,708736,0.10522100329399109,0.139491006731987,0.46507701277732849,0.26739400625228882,0.02281700074672699,392800,0.11682300269603729,0.15863299369812012,0.48594701290130615,0.22326900064945221,0.015328000299632549,292144,0.12865599989891052,0.16984400153160095,0.48605498671531677,0.20398500561714172,0.011459999717772007,147295,0.11712499707937241,0.13223099708557129,0.49370300769805908,0.23459699749946594,0.022343000397086143
34188,5834974,3374466,0.11911100149154663,0.16181099414825439,0.49318799376487732,0.21420399844646454,0.011686000041663647,919468,0.1236179992556572,0.16905499994754791,0.51308298110961914,0.18827100098133087,0.0059730000793933868,708718,0.1051969975233078,0.13949799537658691,0.46502399444580078,0.26748201251029968,0.022799000144004822,392854,0.11681199818849564,0.15865199267864227,0.48591300845146179,0.22328400611877441,0.015339000150561333,292181,0.12865300476551056,0.16977499425411224,0.48609599471092224,0.20399999618530273,0.011475999839603901,147287,0.11715900152921677,0.13206200301647186,0.49381101131439209,0.23455600440502167,0.022412000223994255
34189,5835220,3374500,0.11911000311374664,0.16181999444961548,0.49318799376487732,0.21418899297714233,0.01169199962168932,919527,0.12361200153827667,0.1690479964017868,0.51308602094650269,0.18827299773693085,0.0059810001403093338,708768,0.10518699884414673,0.13946999609470367,0.46502900123596191,0.26750099658966064,0.022812999784946442,392902,0.11681299656629562,0.15863999724388123,0.48596298694610596,0.22324700653553009,0.015336999669671059,292198,0.12868300080299377,0.16974799335002899,0.48604699969291687,0.20405000448226929,0.011471999809145927,147325,0.11716999858617783,0.13205499947071075,0.49382698535919189,0.23449499905109406,0.022453999146819115
34190,5835469,3374633,0.11909899860620499,0.16181899607181549,0.4931969940662384,0.21419200301170349,0.011694000102579594,919594,0.1236250028014183,0.16906200349330902,0.51305502653121948,0.18827199935913086,0.005985999945551157,708794,0.10520400106906891,0.13947099447250366,0.46498998999595642,0.26751598715782166,0.022818999364972115,392922,0.11684300005435944,0.15860700607299805,0.48591101169586182,0.22329099476337433,0.015348999761044979,292212,0.12871100008487701,0.16975000500679016,0.48602700233459473,0.20401999354362488,0.011491999961435795,147314,0.11721199750900269,0.13211899995803833,0.493694007396698,0.23447899520397186,0.022495999932289124
34191,5835710,3374713,0.11909499764442444,0.1618259996175766,0.49319601058959961,0.21418599784374237,0.011695999652147293,919667,0.12365300208330154,0.16905100643634796,0.51303797960281372,0.18826699256896973,0.0059899999760091305,708873,0.10519900172948837,0.13944999873638153,0.46500399708747864,0.26752001047134399,0.022825999185442924,392908,0.11682900041341782,0.15861999988555908,0.48594599962234497,0.22324800491333008,0.015356999821960926,292208,0.12869599461555481,0.16967000067234039,0.4860369861125946,0.20407000184059143,0.011525999754667282,147341,0.11712300032377243,0.13223099708557129,0.49360999464988708,0.23454399406909943,0.022492000833153725
34192,5835914,3374838,0.11909300088882446,0.16181999444961548,0.49319800734519958,0.21418699622154236,0.011702000163495541,919661,0.12363100051879883,0.16908100247383118,0.51302599906921387,0.18826499581336975,0.0059969997964799404,708859,0.10521399974822998,0.13946199417114258,0.46496298909187317,0.26752901077270508,0.022832000628113747,392915,0.11683399975299835,0.15860700607299805,0.48598301410675049,0.22323399782180786,0.015341999940574169,292246,0.12867900729179382,0.16967900097370148,0.48607999086380005,0.20402699708938599,0.011535000056028366,147395,0.11704599857330322,0.13216899335384369,0.49348300695419312,0.23480400443077087,0.022497000172734261
34193,5836135,3374979,0.11909600347280502,0.16181300580501556,0.49318400025367737,0.21419000625610352,0.011717000044882298,919687,0.12363400310277939,0.16909299790859222,0.51300501823425293,0.18826800584793091,0.0059989998117089272,708926,0.1051969975233078,0.13946999609470367,0.46497499942779541,0.26751500368118286,0.022842999547719955,392873,0.11682700365781784,0.15864899754524231,0.48595300316810608,0.22322499752044678,0.015345999971032143,292268,0.12869000434875488,0.16962499916553497,0.48609200119972229,0.20406599342823029,0.011526999995112419,147402,0.11691799759864807,0.13226400315761566,0.49347400665283203,0.23483400046825409,0.022509999573230743
34194,5836343,3375075,0.11908199638128281,0.16181899607181549,0.49319601058959961,0.21418200433254242,0.011722000315785408,919720,0.12363000214099884,0.16909299790859222,0.51299202442169189,0.18827900290489197,0.0060060000978410244,708879,0.10518000274896622,0.13948099315166473,0.46499300003051758,0.26749700307846069,0.022848999127745628,392958,0.11687300354242325,0.15863500535488129,0.48584601283073425,0.22328099608421326,0.01536600012332201,292303,0.12864400446414948,0.16970700025558472,0.4860059916973114,0.20409299433231354,0.011549999937415123,147408,0.11696799844503403,0.13215699791908264,0.49342599511146545,0.2349260002374649,0.022523000836372375
34195,5836570,3375292,0.11908300220966339,0.16182099282741547,0.49318501353263855,0.21418499946594238,0.011725000105798244,919750,0.12362699955701828,0.16911199688911438,0.51296901702880859,0.18828299641609192,0.0060089998878538609,708886,0.10514499992132187,0.13947099447250366,0.4649989902973175,0.26752299070358276,0.022863000631332397,392936,0.11685100197792053,0.15866999328136444,0.48581999540328979,0.22327299416065216,0.01538699958473444,292296,0.12865400314331055,0.16969099640846252,0.48601400852203369,0.2040880024433136,0.011552999727427959,147410,0.11698699742555618,0.13212099671363831,0.49352800846099854,0.23485499620437622,0.022508999332785606
34196,5836844,3375412,0.11908300220966339,0.16181500256061554,0.49318701028823853,0.21418100595474243,0.011733000166714191,919816,0.1236250028014183,0.1691180020570755,0.51296597719192505,0.18828499317169189,0.0060069998726248741,708895,0.10518500208854675,0.13943399488925934,0.46495199203491211,0.26754298806190491,0.022886000573635101,392987,0.1168999969959259,0.15864600241184235,0.48584601283073425,0.22322399914264679,0.01538500003516674,292325,0.12856200337409973,0.1697079986333847,0.48606899380683899,0.20410199463367462,0.011559000238776207,147409,0.1169470027089119,0.13221700489521027,0.49349799752235413,0.23482300341129303,0.022515999153256416
34197,5837060,3375589,0.11906500160694122,0.16182200610637665,0.4931969940662384,0.21417500078678131,0.011741000227630138,919827,0.12362899631261826,0.16913199424743652,0.51293802261352539,0.18828800320625305,0.0060140001587569714,708899,0.10522100329399109,0.13941299915313721,0.46493598818778992,0.26753199100494385,0.02289699949324131,392958,0.11692900210618973,0.15861499309539795,0.48577699065208435,0.22328299283981323,0.015395999886095524,292346,0.1285569965839386,0.16965499520301819,0.48605400323867798,0.20415900647640228,0.011575000360608101,147441,0.11693499982357025,0.13217499852180481,0.493600994348526,0.2347790002822876,0.02251099981367588
34198,5837305,3375782,0.11905000358819962,0.16183200478553772,0.49319601058959961,0.2141759991645813,0.011748000048100948,919862,0.1236409991979599,0.16914099454879761,0.51292300224304199,0.18827700614929199,0.0060180001892149448,708906,0.10520400106906891,0.13943299651145935,0.46492800116539001,0.267535001039505,0.022900000214576721,392981,0.11686799675226212,0.1586260050535202,0.48580700159072876,0.22328799962997437,0.015410000458359718,292340,0.12859299778938293,0.16965200006961823,0.48601600527763367,0.20415300130844116,0.011586000211536884,147434,0.11702899634838104,0.13212700188159943,0.49346798658370972,0.23485800623893738,0.022518999874591827
34199,5837507,3375967,0.11904100328683853,0.16182699799537659,0.49320501089096069,0.21417400240898132,0.011752000078558922,919853,0.12363799661397934,0.16913199424743652,0.51292300224304199,0.18828700482845306,0.0060189999639987946,708853,0.10516300052404404,0.13941800594329834,0.46493399143218994,0.26757299900054932,0.022911999374628067,393022,0.11687900125980377,0.15862199664115906,0.48580500483512878,0.22327199578285217,0.015421999618411064,292357,0.12856499850749969,0.16970300674438477,0.48602199554443359,0.20409600436687469,0.011613000184297562,147455,0.11702600121498108,0.13216200470924377,0.49337100982666016,0.23493300378322601,0.022508999332785606
34200,5837761,3376148,0.11904399842023849,0.1618179976940155,0.49320599436759949,0.21417500078678131,0.011757000349462032,919883,0.12364400178194046,0.16910600662231445,0.5129389762878418,0.18828600645065308,0.0060250000096857548,708851,0.10519400238990784,0.1394059956073761,0.46492001414299011,0.26755699515342712,0.022923000156879425,393022,0.11687900125980377,0.15859900414943695,0.48579999804496765,0.22330300509929657,0.015418999828398228,292390,0.12856499850749969,0.16970500349998474,0.48599100112915039,0.20412099361419678,0.011618000455200672,147467,0.11698199808597565,0.13217200338840485,0.49333098530769348,0.23500199615955353,0.022514000535011292
34201,5837955,3376261,0.11904100328683853,0.1618259996175766,0.49318701028823853,0.21418200433254242,0.011762999929487705,919912,0.12362399697303772,0.16910399496555328,0.51295697689056396,0.188291996717453,0.006022999994456768,708823,0.10521099716424942,0.13939900696277618,0.4648900032043457,0.26757198572158813,0.022927999496459961,393097,0.1168539971113205,0.15862800180912018,0.48576799035072327,0.22328799962997437,0.015461999922990799,292428,0.12851700186729431,0.16970300674438477,0.48605799674987793,0.20408399403095245,0.011637000367045403,147434,0.11697400361299515,0.13212700188159943,0.49338001012802124,0.23496599495410919,0.022552000358700752
34202,5838197,3376441,0.11902900040149689,0.16182500123977661,0.49318599700927734,0.21419000625610352,0.011769999749958515,919927,0.1236329972743988,0.1691029965877533,0.5129619836807251,0.18827299773693085,0.006029999814927578,708833,0.10520999878644943,0.13943600654602051,0.46479201316833496,0.26761201024055481,0.022949999198317528,393125,0.11685299873352051,0.15856300294399261,0.48582300543785095,0.22327999770641327,0.015480999834835529,292416,0.12845699489116669,0.1697240024805069,0.48616701364517212,0.20403799414634705,0.011614000424742699,147455,0.11695100367069244,0.13216899335384369,0.49347299337387085,0.23483799397945404,0.022569999098777771
34203,5838432,3376568,0.11900600045919418,0.16183699667453766,0.49318298697471619,0.21419399976730347,0.011780000291764736,919942,0.12361899763345718,0.16910099983215332,0.51296097040176392,0.18828499317169189,0.0060350000858306885,708825,0.10522600263357162,0.13944500684738159,0.46477600932121277,0.26760300993919373,0.02294900082051754,393214,0.11689600348472595,0.15854200720787048,0.48585799336433411,0.22321900725364685,0.015484999865293503,292426,0.12842899560928345,0.16978299617767334,0.48613300919532776,0.20403100550174713,0.011622999794781208,147457,0.11687500029802322,0.13220100104808807,0.4934459924697876,0.23490199446678162,0.022576000541448593
34204,5838656,3376822,0.11900199949741364,0.16182899475097656,0.49317699670791626,0.21420100331306458,0.01179100014269352,919979,0.12360399961471558,0.16911399364471436,0.51295799016952515,0.18828600645065308,0.0060379998758435249,708718,0.10520999878644943,0.13944199681282043,0.46479400992393494,0.26759299635887146,0.022960999980568886,393274,0.11690100282430649,0.15855400264263153,0.48578301072120667,0.22327899932861328,0.015483000315725803,292432,0.12838900089263916,0.16982400417327881,0.48613399267196655,0.20404699444770813,0.011606000363826752,147431,0.11688899993896484,0.13217000663280487,0.49357300996780396,0.23479500412940979,0.022572999820113182
34205,5838890,3376966,0.11899899691343307,0.16182999312877655,0.49317899346351624,0.21419499814510345,0.01179799996316433,919981,0.12360899895429611,0.16910700500011444,0.51294398307800293,0.18830199539661407,0.0060379998758435249,708800,0.10517899692058563,0.13944099843502045,0.46480399370193481,0.26759999990463257,0.022974999621510506,393219,0.11690899729728699,0.15855799615383148,0.48577499389648438,0.22325199842453003,0.01550500001758337,292459,0.12838000059127808,0.16976700723171234,0.48618799448013306,0.20406299829483032,0.011602000333368778,147465,0.11677300184965134,0.13220800459384918,0.49362900853157043,0.23481500148773193,0.022575000301003456
34206,5839085,3377152,0.11900799721479416,0.16182999312877655,0.49316298961639404,0.2141910046339035,0.011807999573647976,919990,0.12357299774885178,0.16911700367927551,0.51294600963592529,0.1883230060338974,0.0060410001315176487,708793,0.10515999794006348,0.13940900564193726,0.46483498811721802,0.2676059901714325,0.022989999502897263,393262,0.11684300005435944,0.15858599543571472,0.48584398627281189,0.22321799397468567,0.015509000048041344,292453,0.12841400504112244,0.16972999274730682,0.48616999387741089,0.20406700670719147,0.011618999764323235,147435,0.11679700016975403,0.13228900730609894,0.49363398551940918,0.23471400141716003,0.022565999999642372
34207,5839313,3377282,0.11900100111961365,0.1618340015411377,0.4931580126285553,0.21419200301170349,0.01181500032544136,920020,0.12353900074958801,0.16910199820995331,0.5129619836807251,0.18834799528121948,0.0060499999672174454,708863,0.10516300052404404,0.13944900035858154,0.46479600667953491,0.2675819993019104,0.023010000586509705,393293,0.11677800118923187,0.15861999988555908,0.48584899306297302,0.22324599325656891,0.015507999807596207,292454,0.1284170001745224,0.16979099810123444,0.48614099621772766,0.20401500165462494,0.011636000126600266,147401,0.11690600216388702,0.1322380006313324,0.49366000294685364,0.23465900123119354,0.022537000477313995
34208,5839537,3377377,0.1190050020813942,0.16182400286197662,0.4931580126285553,0.21418899297714233,0.01182399969547987,920047,0.12352400273084641,0.16911900043487549,0.51296502351760864,0.18834400177001953,0.0060490001924335957,708899,0.10518299788236618,0.13946700096130371,0.46475899219512939,0.26756799221038818,0.023022999987006187,393313,0.11675199866294861,0.15859900414943695,0.48585501313209534,0.22327999770641327,0.015514000318944454,292504,0.12838500738143921,0.16980999708175659,0.48616400361061096,0.20399700105190277,0.011644000187516212,147397,0.11688800156116486,0.13224799931049347,0.49368700385093689,0.23462499678134918,0.022551000118255615
34209,5839757,3377472,0.11898999661207199,0.16182999312877655,0.49315100908279419,0.21419699490070343,0.011832999996840954,920096,0.12351799756288528,0.1691260039806366,0.51293498277664185,0.18837100267410278,0.0060519999824464321,708867,0.1051350012421608,0.13951699435710907,0.46480101346969604,0.26753300428390503,0.023013999685645103,393370,0.1167600005865097,0.15861700475215912,0.48578700423240662,0.22328299283981323,0.015553000383079052,292521,0.12837399542331696,0.1697860062122345,0.48616001009941101,0.20403000712394714,0.011649999767541885,147431,0.1169160008430481,0.13223099708557129,0.49368900060653687,0.23459799587726593,0.022565999999642372
34210,5840015,3377629,0.11898499727249146,0.16182099282741547,0.49315300583839417,0.21420000493526459,0.011841000057756901,920137,0.12351399660110474,0.16914400458335876,0.51292097568511963,0.18836100399494171,0.0060589998029172421,708862,0.1051499992609024,0.139491006731987,0.46480700373649597,0.26752299070358276,0.023027999326586723,393398,0.11675199866294861,0.15866899490356445,0.48575699329376221,0.22326500713825226,0.015557000413537025,292557,0.12835100293159485,0.16981999576091766,0.48608300089836121,0.20408999919891357,0.011656000278890133,147432,0.11680600047111511,0.1322299987077713,0.49388200044631958,0.23448100686073303,0.022600000724196434
34211,5840250,3377686,0.11897999793291092,0.16182200610637665,0.49315899610519409,0.2141910046339035,0.011847999878227711,920172,0.12353099882602692,0.1691419929265976,0.51289498805999756,0.18836499750614166,0.0060660000890493393,708985,0.10513799637556076,0.1394679993391037,0.46486499905586243,0.26748698949813843,0.02304299920797348,393467,0.1166829988360405,0.15873199701309204,0.4857029914855957,0.22333499789237976,0.015545999631285667,292580,0.12835100293159485,0.16984400153160095,0.48601698875427246,0.20412500202655792,0.011661999858915806,147360,0.11682300269603729,0.13227500021457672,0.49383100867271423,0.23446699976921082,0.02260500006377697
34212,5840477,3377890,0.118988998234272,0.16182300448417664,0.49314400553703308,0.21418899297714233,0.011854999698698521,920168,0.12352699786424637,0.16912999749183655,0.51292699575424194,0.18835300207138062,0.0060629998333752155,709012,0.10514300316572189,0.13944900035858154,0.46485000848770142,0.26749199628829956,0.023065999150276184,393451,0.11668000370264053,0.15875899791717529,0.48570498824119568,0.22330400347709656,0.015552000142633915,292578,0.12836900353431702,0.1698250025510788,0.48602798581123352,0.20412300527095795,0.011655000038444996,147378,0.1167680025100708,0.13221099972724915,0.4938800036907196,0.23452599346637726,0.022615000605583191
34213,5840728,3378065,0.11898999661207199,0.16181300580501556,0.49314200878143311,0.21418899297714233,0.011865000240504742,920197,0.12352400273084641,0.16912500560283661,0.51292502880096436,0.18835499882698059,0.0060720001347362995,709051,0.10512399673461914,0.13945800065994263,0.46485799551010132,0.26748299598693848,0.023076999932527542,393462,0.11671499907970428,0.15872199833393097,0.48569101095199585,0.22330999374389648,0.015561999753117561,292569,0.12843500077724457,0.16978900134563446,0.4859980046749115,0.20411600172519684,0.011661999858915806,147384,0.11676999926567078,0.13228699564933777,0.4938260018825531,0.23445600271224976,0.022662000730633736
34214,5840956,3378112,0.11898799985647202,0.16180099546909332,0.49315500259399414,0.21418300271034241,0.011873999610543251,920248,0.12351000308990479,0.16912899911403656,0.51289498805999756,0.18838199973106384,0.0060829999856650829,709037,0.10514099895954132,0.13944099843502045,0.4648280143737793,0.26751500368118286,0.023074999451637268,393575,0.11670999974012375,0.15880100429058075,0.48566100001335144,0.22323599457740784,0.015592999756336212,292597,0.12839800119400024,0.16973499953746796,0.48611199855804443,0.20410999655723572,0.011644000187516212,147387,0.11680799722671509,0.13230499625205994,0.4937480092048645,0.23446400463581085,0.022675000131130219
34215,5841182,3378184,0.11896900087594986,0.16178500652313232,0.49319100379943848,0.21417100727558136,0.011884000152349472,920285,0.12349999696016312,0.1691489964723587,0.51287001371383667,0.18839100003242493,0.0060910000465810299,709124,0.10516499727964401,0.13951200246810913,0.46472001075744629,0.26752600073814392,0.023078000172972679,393558,0.11672999709844589,0.15876899659633636,0.4856410026550293,0.22323000431060791,0.015628999099135399,292592,0.12840700149536133,0.1697240024805069,0.48609000444412231,0.20414100587368011,0.011637000367045403,147439,0.11682099848985672,0.13216300308704376,0.49375700950622559,0.23457799851894379,0.022680999711155891
34216,5841412,3378269,0.11896699666976929,0.16177299618721008,0.49318501353263855,0.21417699754238129,0.011896999552845955,920277,0.12349700182676315,0.16913899779319763,0.51286798715591431,0.18840299546718597,0.0060930000618100166,709197,0.10515400022268295,0.13954800367355347,0.46471101045608521,0.2675049901008606,0.02308100089430809,393602,0.11669699847698212,0.15877500176429749,0.48570400476455688,0.22318199276924133,0.015643000602722168,292606,0.12838800251483917,0.16966499388217926,0.48616901040077209,0.20415200293064117,0.011626999825239182,147461,0.11677700281143188,0.13225199282169342,0.49377098679542542,0.23454999923706055,0.022649999707937241
34217,5841665,3378476,0.11895699799060822,0.16176700592041016,0.49319100379943848,0.21418100595474243,0.011904000304639339,920324,0.12351100146770477,0.16912700235843658,0.51284801959991455,0.18841700255870819,0.0060970000922679901,709242,0.10515300184488297,0.13956600427627563,0.4647429883480072,0.26744198799133301,0.023096000775694847,393614,0.11670099943876266,0.15873700380325317,0.48570901155471802,0.22320100665092468,0.015652000904083252,292560,0.12835699319839478,0.16971200704574585,0.48614001274108887,0.20415599644184113,0.011634999886155128,147449,0.11673200130462646,0.1323779970407486,0.49363499879837036,0.23458999395370483,0.022664999589323997
34218,5841904,3378708,0.11895599961280823,0.16177000105381012,0.49318298697471619,0.21418100595474243,0.011909999884665012,920322,0.12348400056362152,0.16913600265979767,0.5128600001335144,0.18842199444770813,0.0060979998670518398,709238,0.10516099631786346,0.1395220011472702,0.46472999453544617,0.2674730122089386,0.023114999756217003,393606,0.11667300015687943,0.15872199833393097,0.48574501276016235,0.22319300472736359,0.015667999163269997,292552,0.12832200527191162,0.16978499293327332,0.48611500859260559,0.20413500070571899,0.011641999706625938,147478,0.11677700281143188,0.13240599632263184,0.49362599849700928,0.23451000452041626,0.022680999711155891
34219,5842149,3378936,0.11897300183773041,0.16175700724124908,0.49317100644111633,0.21417899429798126,0.011920000426471233,920317,0.12346599996089935,0.16914600133895874,0.51287299394607544,0.18841099739074707,0.0061030001379549503,709256,0.10513100028038025,0.13951399922370911,0.46474099159240723,0.2675040066242218,0.023110000416636467,393604,0.11665499955415726,0.15875299274921417,0.48579999804496765,0.22312000393867493,0.015670999884605408,292570,0.12833499908447266,0.16978800296783447,0.48608899116516113,0.20413200557231903,0.011655000038444996,147466,0.11660999804735184,0.13250499963760376,0.49356499314308167,0.23461000621318817,0.022709999233484268
34220,5842391,3379088,0.11897499859333038,0.16174399852752686,0.49317300319671631,0.21417899429798126,0.01193000003695488,920339,0.12347500026226044,0.16913999617099762,0.51285600662231445,0.18842500448226929,0.0061039999127388,709308,0.10510700196027756,0.1395220011472702,0.46473601460456848,0.26751700043678284,0.023118000477552414,393595,0.11665499955415726,0.15875500440597534,0.48576301336288452,0.22314600646495819,0.015681000426411629,292628,0.12830600142478943,0.16983300447463989,0.48608499765396118,0.20414300262928009,0.011633000336587429,147433,0.11658900231122971,0.13267000019550323,0.49349901080131531,0.23450000584125519,0.022742999717593193
34221,5842632,3379225,0.11897499859333038,0.16174200177192688,0.49316701292991638,0.21418100595474243,0.011935999616980553,920370,0.12345399707555771,0.16915799677371979,0.51285499334335327,0.18842999637126923,0.0061039999127388,709369,0.10511700063943863,0.13949400186538696,0.46476799249649048,0.26749700307846069,0.02312299981713295,393567,0.11662100255489349,0.15872800350189209,0.48573198914527893,0.22320500016212463,0.015714999288320541,292643,0.12830300629138947,0.16986900568008423,0.48602598905563354,0.20417000353336334,0.011632000096142292,147458,0.11667100340127945,0.13270199298858643,0.49354401230812073,0.23437200486660004,0.022711999714374542
34222,5842846,3379367,0.11896000057458878,0.16175200045108795,0.49316400289535522,0.21417999267578125,0.0119439996778965,920406,0.12344200164079666,0.16916300356388092,0.5128520131111145,0.18843300640583038,0.0061090001836419106,709322,0.10509900003671646,0.13948400318622589,0.46479299664497375,0.26751598715782166,0.023107999935746193,393604,0.11666800081729889,0.15870499610900879,0.48567599058151245,0.22323200106620789,0.015719000250101089,292672,0.12832500040531158,0.16983899474143982,0.48601499199867249,0.20417700707912445,0.011644000187516212,147475,0.11676599830389023,0.13269400596618652,0.49345299601554871,0.23433800041675568,0.022749999538064003
34223,5843047,3379524,0.11894699931144714,0.16175299882888794,0.49316099286079407,0.21418200433254242,0.011958000250160694,920406,0.12342099845409393,0.16918499767780304,0.51285701990127563,0.18842600286006927,0.0061110001988708973,709429,0.10509999841451645,0.13950000703334808,0.46478098630905151,0.26750200986862183,0.023117000237107277,393555,0.11665000021457672,0.15866099298000336,0.48576200008392334,0.22321100533008575,0.015715999528765678,292675,0.12835699319839478,0.16977499425411224,0.48607799410820007,0.20414799451828003,0.011641000397503376,147458,0.11676499992609024,0.13272300362586975,0.49327298998832703,0.2345069944858551,0.022732000797986984
34224,5843292,3379597,0.11894000321626663,0.16176299750804901,0.49314400553703308,0.21418799459934235,0.011965000070631504,920454,0.12341000139713287,0.16917799413204193,0.51288199424743652,0.18841899931430817,0.0061110001988708973,709492,0.10510200262069702,0.13950100541114807,0.46482101082801819,0.26744300127029419,0.023132000118494034,393604,0.11664500087499619,0.15866200625896454,0.4857499897480011,0.22320899367332458,0.015734000131487846,292712,0.12834499776363373,0.16976399719715118,0.48608899116516113,0.20414899289608002,0.011652999557554722,147433,0.11677800118923187,0.13274499773979187,0.49318701028823853,0.23457400500774384,0.022715000435709953
34225,5843512,3379738,0.11893299967050552,0.16176299750804901,0.49314099550247192,0.21419000625610352,0.011974000371992588,920476,0.12339200079441071,0.16916899383068085,0.51288902759552002,0.18842600286006927,0.0061240000650286674,709506,0.10505899786949158,0.13952699303627014,0.46485200524330139,0.2674260139465332,0.02313699945807457,393591,0.1166519969701767,0.15865199267864227,0.48573800921440125,0.22320899367332458,0.01575000025331974,292731,0.12833599746227264,0.1697939932346344,0.48608401417732239,0.20411199331283569,0.011672999709844589,147470,0.11671499907970428,0.13277299702167511,0.49311700463294983,0.2346780002117157,0.02271600067615509
34226,5843726,3379845,0.11893600225448608,0.16174699366092682,0.49314698576927185,0.21418799459934235,0.011982000432908535,920506,0.12338099628686905,0.16917499899864197,0.51289099454879761,0.18842600286006927,0.0061269998550415039,709556,0.10504200309514999,0.13955500721931458,0.46483400464057922,0.26741901040077209,0.023150000721216202,393631,0.11661399900913239,0.1587039977312088,0.48573398590087891,0.22317300736904144,0.015774000436067581,292708,0.12828099727630615,0.16980099678039551,0.4861530065536499,0.20407000184059143,0.011694000102579594,147480,0.11677499860525131,0.13284499943256378,0.49304300546646118,0.23464199900627136,0.022694999352097511
34227,5843949,3379999,0.1189349964261055,0.16175200045108795,0.49312898516654968,0.21419499814510345,0.011989999562501907,920512,0.12335299700498581,0.169187992811203,0.51290297508239746,0.1884240061044693,0.0061309998854994774,709575,0.10501500219106674,0.13958199322223663,0.46486100554466248,0.26738300919532776,0.023158999159932137,393652,0.11665099859237671,0.15863999724388123,0.48574098944664001,0.22319500148296356,0.015773000195622444,292713,0.12830300629138947,0.1697939932346344,0.48610401153564453,0.20409800112247467,0.011700999923050404,147498,0.11678799986839294,0.13281500339508057,0.49308499693870544,0.23460699617862701,0.022704999893903732
34228,5844164,3380104,0.11892899870872498,0.16175499558448792,0.49311000108718872,0.21421100199222565,0.011994999833405018,920579,0.12332999706268311,0.16916100680828094,0.51293200254440308,0.18844200670719147,0.0061349999159574509,709690,0.10503699630498886,0.13959799706935883,0.46491798758506775,0.26726999878883362,0.023175999522209167,393627,0.11662799865007401,0.15859200060367584,0.48576700687408447,0.22323900461196899,0.015774000436067581,292704,0.1282459944486618,0.16981999576091766,0.48608499765396118,0.20414799451828003,0.011700999923050404,147460,0.11671599745750427,0.13291099667549133,0.49309000372886658,0.23457899689674377,0.022703999653458595
34229,5844381,3380320,0.11893899738788605,0.16174399852752686,0.49309900403022766,0.21421399712562561,0.012004000134766102,920602,0.12333200126886368,0.16914699971675873,0.51293301582336426,0.18844500184059143,0.0061429999768733978,709714,0.1049719974398613,0.1395999938249588,0.46496498584747314,0.26727700233459473,0.023187000304460526,393625,0.11659599840641022,0.15861299633979797,0.4857490062713623,0.22324000298976898,0.015801999717950821,292656,0.12827299535274506,0.16983799636363983,0.48611000180244446,0.20406900346279144,0.011710000224411488,147464,0.11672700196504593,0.13288000226020813,0.49313700199127197,0.23457300662994385,0.022684000432491302
34230,5844595,3380512,0.11892899870872498,0.16175200045108795,0.49310299754142761,0.21420000493526459,0.012014999985694885,920600,0.12333299964666367,0.1691569983959198,0.51291197538375854,0.18845599889755249,0.0061420002020895481,709738,0.10496500134468079,0.1395920068025589,0.46498399972915649,0.26725399494171143,0.023204000666737556,393605,0.11656399816274643,0.15855699777603149,0.48578900098800659,0.22329699993133545,0.0157919991761446,292672,0.12831099331378937,0.16984899342060089,0.48598799109458923,0.20411199331283569,0.011739999987185001,147468,0.11678499728441238,0.13287599384784698,0.49307000637054443,0.23463399708271027,0.022634999826550484
34231,5844870,3380684,0.11893100291490555,0.16175100207328796,0.49309900403022766,0.21419799327850342,0.012020999565720558,920636,0.12331999838352203,0.16916899383068085,0.51289099454879761,0.18847100436687469,0.006149000022560358,709825,0.10490600019693375,0.13961300253868103,0.46505999565124512,0.2672019898891449,0.023218000307679176,393600,0.11654199659824371,0.15857499837875366,0.48580300807952881,0.22329999506473541,0.015780000016093254,292660,0.12835000455379486,0.16980500519275665,0.48597300052642822,0.20412099361419678,0.011750999838113785,147465,0.1169160008430481,0.13274300098419189,0.49301901459693909,0.2346390038728714,0.022683000192046165
34232,5845117,3380802,0.11893700063228607,0.16175399720668793,0.49309301376342773,0.21418699622154236,0.012028999626636505,920678,0.12331300228834152,0.16919100284576416,0.51286202669143677,0.18848000466823578,0.0061539998278021812,709868,0.10487899929285049,0.13960500061511993,0.46507000923156738,0.26718801259994507,0.023259000852704048,393611,0.11647800356149673,0.15867200493812561,0.48571598529815674,0.22335800528526306,0.015776999294757843,292711,0.12832799553871155,0.16978199779987335,0.48599100112915039,0.20414300262928009,0.011756000109016895,147447,0.11698400229215622,0.13270500302314758,0.4929639995098114,0.23469500243663788,0.022652000188827515
34233,5845349,3380889,0.11893600225448608,0.16173100471496582,0.4931119978427887,0.21418699622154236,0.012033999897539616,920709,0.12330400198698044,0.16918200254440308,0.51285398006439209,0.18849499523639679,0.0061659999191761017,709996,0.10488899797201157,0.13964900374412537,0.4649910032749176,0.26719200611114502,0.023279000073671341,393597,0.11647699773311615,0.1586340069770813,0.48577898740768433,0.22332000732421875,0.015790000557899475,292721,0.12829999625682831,0.16977900266647339,0.48599201440811157,0.20417700707912445,0.011752000078558922,147437,0.11692500114440918,0.13282999396324158,0.49291598796844482,0.23467700183391571,0.022654000669717789
34234,5845606,3381044,0.1189349964261055,0.16171999275684357,0.49311399459838867,0.21418200433254242,0.01205000001937151,920754,0.12332899868488312,0.16917300224304199,0.51283901929855347,0.18849100172519684,0.0061670001596212387,710004,0.10488399863243103,0.13967700302600861,0.46498200297355652,0.26717200875282288,0.023285999894142151,393692,0.11638999730348587,0.1586650013923645,0.48582398891448975,0.22331699728965759,0.015804000198841095,292729,0.12828899919986725,0.16982300579547882,0.48596099019050598,0.20416499674320221,0.011761999689042568,147383,0.11695399880409241,0.13290500640869141,0.49278399348258972,0.23473499715328217,0.022621000185608864
34235,5845860,3381179,0.11892300099134445,0.16172599792480469,0.49312201142311096,0.2141759991645813,0.012052999809384346,920780,0.1233379989862442,0.16916400194168091,0.51284897327423096,0.18847499787807465,0.0061739999800920486,710083,0.10491699725389481,0.13964700698852539,0.46493899822235107,0.26719799637794495,0.023298999294638634,393728,0.11644600331783295,0.15860399603843689,0.48579698801040649,0.2233240008354187,0.015828000381588936,292744,0.12825199961662292,0.16986900568008423,0.48594999313354492,0.20416800677776337,0.011761000379920006,147346,0.11693599820137024,0.1328980028629303,0.49280598759651184,0.23471300303936005,0.022647000849246979
34236,5846116,3381372,0.11891400068998337,0.16172400116920471,0.49312400817871094,0.21417200565338135,0.01206700038164854,920849,0.12332999706268311,0.16917900741100311,0.51283901929855347,0.18847799301147461,0.0061750002205371857,710087,0.10488200187683105,0.13966900110244751,0.46494200825691223,0.26721000671386719,0.023298999294638634,393725,0.11647000163793564,0.15858300030231476,0.48580899834632874,0.22329500317573547,0.01584400050342083,292726,0.12821899354457855,0.16991299390792847,0.48593598604202271,0.2041810005903244,0.011752000078558922,147357,0.11696100234985352,0.13289499282836914,0.4928709864616394,0.23463399708271027,0.022639000788331032
34237,5846318,3381534,0.11890000104904175,0.1617249995470047,0.49312800168991089,0.21417300403118134,0.01207400020211935,920884,0.12332300096750259,0.16918300092220306,0.5128290057182312,0.18848200142383575,0.0061829998157918453,710068,0.10487599670886993,0.13967099785804749,0.46495398879051208,0.26719298958778381,0.023305999115109444,393710,0.11649200320243835,0.15855300426483154,0.48582199215888977,0.22328099608421326,0.015852000564336777,292761,0.12826800346374512,0.16987599432468414,0.48590099811553955,0.20419000089168549,0.011764000169932842,147361,0.1169309988617897,0.13293899595737457,0.49281001091003418,0.23467500507831573,0.022645000368356705
34238,5846526,3381606,0.11888399720191956,0.16174699366092682,0.49310699105262756,0.21417699754238129,0.012085000053048134,920876,0.12332200258970261,0.16915200650691986,0.51283597946166992,0.18850000202655792,0.0061909998767077923,710171,0.10487300157546997,0.13966099917888641,0.46494299173355103,0.26720499992370605,0.023318000137805939,393705,0.11651100218296051,0.15851199626922607,0.48591700196266174,0.2231999933719635,0.015860000625252724,292777,0.12826499342918396,0.16990099847316742,0.48592299222946167,0.20414499938488007,0.011766999959945679,147391,0.11697500199079514,0.13298000395298004,0.49274399876594543,0.23463399708271027,0.022668000310659409
34239,5846755,3381739,0.11887899786233902,0.16173699498176575,0.49311599135398865,0.21417200565338135,0.012095999903976917,920946,0.12332899868488312,0.16911199688911438,0.51283001899719238,0.1885329931974411,0.0061960001476109028,710199,0.10486499965190887,0.13966800272464752,0.46489599347114563,0.26725700497627258,0.023313000798225403,393743,0.11651500314474106,0.15853999555110931,0.48592099547386169,0.22315800189971924,0.015866000205278397,292763,0.12825700640678406,0.16990900039672852,0.48592901229858398,0.20414799451828003,0.011757000349462032,147365,0.11707700043916702,0.13309100270271301,0.49264800548553467,0.23453299701213837,0.022650999948382378
34240,5846972,3381831,0.11886399984359741,0.16174300014972687,0.49310800433158875,0.21417500078678131,0.012109000235795975,920977,0.12328500300645828,0.16911999881267548,0.51286298036575317,0.18853199481964111,0.0061989999376237392,710288,0.1048550009727478,0.13969400525093079,0.46487799286842346,0.26725500822067261,0.023319000378251076,393683,0.11655800044536591,0.15845699608325958,0.48592901229858398,0.22317400574684143,0.015881000086665154,292784,0.12827900052070618,0.16986900568008423,0.48600301146507263,0.20407900214195251,0.011769999749958515,147409,0.11708199977874756,0.13310599327087402,0.49262899160385132,0.23451800644397736,0.022664999589323997
34241,5847206,3381884,0.11885499954223633,0.16174499690532684,0.49311399459838867,0.2141759991645813,0.012109999544918537,921044,0.12329299747943878,0.16912099719047546,0.51283001899719238,0.18855099380016327,0.0062049999833106995,710314,0.10484100133180618,0.13970600068569183,0.46485400199890137,0.26725900173187256,0.023339999839663506,393752,0.11656799912452698,0.15845799446105957,0.4859200119972229,0.22317300736904144,0.015881000086665154,292812,0.12829400599002838,0.16990399360656738,0.48593300580978394,0.2040800005197525,0.011788999661803246,147400,0.11709599941968918,0.13312800228595734,0.49272000789642334,0.23442299664020538,0.022631999105215073
34242,5847390,3382001,0.11883299797773361,0.16173699498176575,0.49312299489974976,0.21419200301170349,0.012114999815821648,921073,0.12329100072383881,0.16911999881267548,0.51283198595046997,0.18855099380016327,0.0062060002237558365,710320,0.10487700253725052,0.13972200453281403,0.46479201316833496,0.2672559916973114,0.023353999480605125,393763,0.11651399731636047,0.15852700173854828,0.48590898513793945,0.22315500676631927,0.015894999727606773,292816,0.12824399769306183,0.16989199817180634,0.48598799109458923,0.20409099757671356,0.011785999871790409,147417,0.11715699732303619,0.13310499489307404,0.49274501204490662,0.23437599837779999,0.022616000846028328
34243,5847609,3382164,0.11883100122213364,0.16174499690532684,0.49312600493431091,0.21418200433254242,0.012117000296711922,921107,0.12328799813985825,0.16909700632095337,0.51283502578735352,0.18856999278068542,0.0062110000289976597,710337,0.10485299676656723,0.1397009938955307,0.46479800343513489,0.26726299524307251,0.023384999483823776,393751,0.11651299893856049,0.15848299860954285,0.485944002866745,0.22315900027751923,0.015900999307632446,292806,0.12828600406646729,0.16993199288845062,0.48592901229858398,0.20406000316143036,0.011792999692261219,147444,0.11709500104188919,0.13317599892616272,0.49265500903129578,0.23444199562072754,0.022631999105215073
34244,5847869,3382315,0.11883100122213364,0.16173900663852692,0.49311301112174988,0.21419499814510345,0.012121999636292458,921141,0.12330400198698044,0.16907599568367004,0.51283401250839233,0.18857200443744659,0.0062150000594556332,710354,0.10483600199222565,0.13965900242328644,0.46484598517417908,0.26725500822067261,0.023404000326991081,393812,0.11652799695730209,0.15850700438022614,0.48595499992370605,0.22312699258327484,0.015883000567555428,292825,0.12826800346374512,0.16995100677013397,0.48597601056098938,0.20400199294090271,0.011801999993622303,147422,0.11709199845790863,0.13322299718856812,0.49261999130249023,0.23443600535392761,0.022629000246524811
34245,5848128,3382512,0.11882500350475311,0.1617559939622879,0.49309700727462769,0.2141990065574646,0.012122999876737595,921206,0.12331099808216095,0.16907300055027008,0.51281702518463135,0.18857699632644653,0.0062219998799264431,710374,0.10481499880552292,0.13962499797344208,0.46488198637962341,0.2672559916973114,0.023421000689268112,393798,0.11655499786138535,0.15843699872493744,0.48596200346946716,0.22315999865531921,0.015885999426245689,292810,0.1282850056886673,0.17000800371170044,0.48596000671386719,0.20393800735473633,0.01181000005453825,147428,0.11707399785518646,0.13321800529956818,0.49255898594856262,0.23452100157737732,0.022628000006079674
34246,5848350,3382612,0.11880999803543091,0.16175800561904907,0.49309799075126648,0.21420399844646454,0.012129999697208405,921243,0.12330300360918045,0.16907699406147003,0.51282697916030884,0.18856699764728546,0.0062259999103844166,710406,0.10483399778604507,0.13960699737071991,0.46487501263618469,0.26725998520851135,0.023422999307513237,393797,0.11658799648284912,0.15844200551509857,0.48595300316810608,0.22311699390411377,0.015899000689387321,292836,0.12825299799442291,0.17001000046730042,0.48597198724746704,0.20395399630069733,0.011811999604105949,147456,0.11715400218963623,0.13323299586772919,0.49243199825286865,0.23451699316501617,0.02266399934887886
34247,5848579,3382699,0.11879999935626984,0.16174499690532684,0.49311700463294983,0.21420100331306458,0.012137999758124352,921271,0.12330000102519989,0.16907200217247009,0.51282697916030884,0.18856899440288544,0.0062319999560713768,710472,0.10482300072908401,0.13962499797344208,0.46487501263618469,0.26725900173187256,0.023416999727487564,393828,0.11661399900913239,0.1584630012512207,0.48587200045585632,0.22315099835395813,0.015900000929832458,292868,0.12826600670814514,0.17000499367713928,0.48599699139595032,0.20391400158405304,0.011818000115454197,147441,0.11711800098419189,0.13316500186920166,0.49239999055862427,0.23464299738407135,0.022672999650239944
34248,5848780,3382782,0.1187869980931282,0.161748006939888,0.4931190013885498,0.21420000493526459,0.012145999819040298,921284,0.12328100204467773,0.16908499598503113,0.51281100511550903,0.1885869950056076,0.0062359999865293503,710454,0.10484699904918671,0.13963200151920319,0.46487700939178467,0.26721501350402832,0.023429000750184059,393898,0.11661600321531296,0.15840600430965424,0.48589000105857849,0.2231920063495636,0.015894999727606773,292890,0.12819500267505646,0.17003700137138367,0.48601499199867249,0.20394299924373627,0.01181000005453825,147472,0.11718799918889999,0.13311000168323517,0.49244600534439087,0.23458699882030487,0.022669000551104546
34249,5848996,3382910,0.11878000199794769,0.16173900663852692,0.49313101172447205,0.21419799327850342,0.012152000330388546,921338,0.12327700108289719,0.16908200085163116,0.51283198595046997,0.18856799602508545,0.0062400000169873238,710443,0.1048400029540062,0.13964700698852539,0.46487599611282349,0.26720899343490601,0.023428000509738922,393943,0.11660300195217133,0.1584320068359375,0.48585999011993408,0.22319500148296356,0.015910999849438667,292854,0.12816600501537323,0.17002999782562256,0.48601698875427246,0.20395100116729736,0.011834999546408653,147508,0.1172339990735054,0.13306400179862976,0.49237999320030212,0.23466500639915466,0.022655999287962914
34250,5849282,3383063,0.11878500133752823,0.16174100339412689,0.49310600757598877,0.21420800685882568,0.012159000150859356,921427,0.12329400330781937,0.16906499862670898,0.51280897855758667,0.18858599662780762,0.0062469998374581337,710420,0.10481099784374237,0.13966700434684753,0.4648900032043457,0.2672019898891449,0.023429999127984047,394013,0.11662100255489349,0.15842099487781525,0.48585200309753418,0.22318600118160248,0.015921000391244888,292850,0.12815399467945099,0.17003600299358368,0.48599600791931152,0.20396800339221954,0.011846000328660011,147509,0.11726699769496918,0.13306300342082977,0.49230900406837463,0.23464299738407135,0.022717000916600227
34251,5849491,3383251,0.11877299845218658,0.161748006939888,0.49310401082038879,0.21421200037002563,0.012163000181317329,921449,0.12328200042247772,0.16905499994754791,0.51280099153518677,0.18861199915409088,0.0062500000931322575,710446,0.10484100133180618,0.13966000080108643,0.46489399671554565,0.26717200875282288,0.023432999849319458,393979,0.11654400080442429,0.15845300257205963,0.48583799600601196,0.22321200370788574,0.015953000634908676,292836,0.12808899581432343,0.17009900510311127,0.48597800731658936,0.20398400723934174,0.011850000359117985,147530,0.11725100129842758,0.13311199843883514,0.49223899841308594,0.23465099930763245,0.022748000919818878
34252,5849748,3383436,0.11876899749040604,0.16173900663852692,0.49310201406478882,0.21422299742698669,0.012167000211775303,921468,0.12327799946069717,0.16903999447822571,0.512798011302948,0.18863500654697418,0.0062489998526871204,710479,0.10486900061368942,0.13963499665260315,0.46486100554466248,0.267194002866745,0.023440999910235405,393963,0.11656899750232697,0.15851999819278717,0.48574399948120117,0.22320400178432465,0.015962999314069748,292877,0.12807099521160126,0.17013600468635559,0.48594099283218384,0.20399700105190277,0.011854999698698521,147525,0.11726099997758865,0.13311000168323517,0.49243199825286865,0.23439399898052216,0.022802999243140221
34253,5849989,3383582,0.11875300109386444,0.16174300014972687,0.49310401082038879,0.21422700583934784,0.012172999791800976,921538,0.12329000234603882,0.16902199387550354,0.51277899742126465,0.18865199387073517,0.0062580001540482044,710479,0.10484500229358673,0.13965499401092529,0.46484699845314026,0.26722800731658936,0.023424999788403511,393950,0.11660899966955185,0.15851800143718719,0.48563501238822937,0.22324399650096893,0.015993999317288399,292878,0.12804999947547913,0.17012499272823334,0.4860210120677948,0.20394499599933624,0.011858000420033932,147562,0.11723200231790543,0.1330689936876297,0.49249100685119629,0.23436899483203888,0.02283800020813942
34254,5850189,3383711,0.11873599886894226,0.16175800561904907,0.4930889904499054,0.2142380028963089,0.012179999612271786,921582,0.12328000366687775,0.16903699934482574,0.51277601718902588,0.18865199387073517,0.0062560001388192177,710468,0.10482200235128403,0.13965399563312531,0.46485400199890137,0.26723900437355042,0.023429999127984047,394025,0.1165430024266243,0.15854799747467041,0.48565700650215149,0.22325499355792999,0.015995999798178673,292900,0.12810200452804565,0.17007499933242798,0.4859510064125061,0.20399099588394165,0.011881000362336636,147503,0.11725900322198868,0.13300099968910217,0.49268200993537903,0.2342119961977005,0.022847000509500504
34255,5850396,3383852,0.11873199790716171,0.16175399720668793,0.49309000372886658,0.21423999965190887,0.012183999642729759,921655,0.12327300012111664,0.16902999579906464,0.5127750039100647,0.18866699934005737,0.0062549998983740807,710421,0.10476599633693695,0.13965000212192535,0.46485498547554016,0.26728099584579468,0.023447999730706215,394066,0.11654099822044373,0.15852400660514832,0.48568999767303467,0.22325399518013,0.015990000218153,292915,0.12811200320720673,0.170073002576828,0.48595699667930603,0.20397700369358063,0.011881000362336636,147487,0.11728499829769135,0.13306300342082977,0.4925520122051239,0.23422400653362274,0.022877000272274017
34256,5850626,3384047,0.11872400343418121,0.16174300014972687,0.49309098720550537,0.21424999833106995,0.012192999944090843,921681,0.12326700240373611,0.16903799772262573,0.51275700330734253,0.18867500126361847,0.0062640001997351646,710417,0.10479100048542023,0.13964100182056427,0.46480399370193481,0.26730799674987793,0.023457000032067299,394040,0.11655200272798538,0.15854999423027039,0.48569700121879578,0.22323399782180786,0.015968000516295433,292940,0.12807400524616241,0.17012700438499451,0.48596000671386719,0.20393599569797516,0.011903000064194202,147501,0.11721999943256378,0.13314500451087952,0.49243101477622986,0.23432399332523346,0.022880999371409416
34257,5850859,3384195,0.11871799826622009,0.16174499690532684,0.49308198690414429,0.21425400674343109,0.012199999764561653,921705,0.12329000234603882,0.1690170019865036,0.51276099681854248,0.18866699934005737,0.0062660002149641514,710443,0.10476399958133698,0.13964800536632538,0.46476098895072937,0.26736098527908325,0.023466000333428383,394078,0.11655800044536591,0.15852400660514832,0.48570099472999573,0.22324499487876892,0.015970999374985695,292944,0.1280830055475235,0.17012800276279449,0.48599699139595032,0.20386500656604767,0.011927000246942043,147494,0.11717099696397781,0.1330769956111908,0.49245399236679077,0.23434899747371674,0.022949999198317528
34258,5851127,3384208,0.1187020018696785,0.161748006939888,0.49307900667190552,0.21426600217819214,0.012205000035464764,921760,0.12329199910163879,0.16901500523090363,0.51274001598358154,0.18868499994277954,0.0062680002301931381,710519,0.10479199886322021,0.13968899846076965,0.464711993932724,0.26732000708580017,0.023485999554395676,394126,0.1165819987654686,0.15849199891090393,0.48564401268959045,0.22331699728965759,0.015963999554514885,293012,0.12805299460887909,0.17015999555587769,0.48597699403762817,0.20387899875640869,0.011931000277400017,147502,0.11723200231790543,0.13300800323486328,0.49253600835800171,0.23424799740314484,0.022975999861955643
34259,5851351,3384269,0.11869700253009796,0.16173599660396576,0.49307501316070557,0.21428500115871429,0.012206000275909901,921818,0.12330000102519989,0.16901099681854248,0.51273500919342041,0.18868300318717957,0.0062719997949898243,710576,0.10474900156259537,0.13971300423145294,0.46471700072288513,0.26730400323867798,0.023515999317169189,394172,0.11663399636745453,0.15845400094985962,0.48562300205230713,0.22331100702285767,0.015977999195456505,293000,0.12804800271987915,0.17018799483776093,0.48598301410675049,0.20386700332164764,0.011915000155568123,147516,0.11726199835538864,0.13305699825286865,0.49252998828887939,0.23417100310325623,0.022980999201536179
34260,5851574,3384429,0.11868300288915634,0.16174100339412689,0.49305999279022217,0.21429599821567535,0.012218999676406384,921893,0.12330599874258041,0.16898499429225922,0.51274698972702026,0.18869100511074066,0.0062710000202059746,710530,0.1047390028834343,0.13971400260925293,0.46469700336456299,0.26731899380683899,0.023531999439001083,394216,0.11663900315761566,0.15846599638462067,0.48565301299095154,0.22326800227165222,0.015972999855875969,293015,0.12804099917411804,0.1701589971780777,0.48599898815155029,0.20387700200080872,0.011924000456929207,147491,0.1171799972653389,0.13328300416469574,0.49245700240135193,0.23415000736713409,0.022929999977350235
34261,5851815,3384537,0.11866600066423416,0.16174599528312683,0.49305900931358337,0.21430300176143646,0.012225000187754631,921951,0.12331800162792206,0.16898399591445923,0.51274597644805908,0.18867599964141846,0.0062759998254477978,710542,0.10471300035715103,0.13974499702453613,0.46466198563575745,0.26735401153564453,0.02352599985897541,394245,0.11666099727153778,0.15837100148200989,0.48567000031471252,0.22331500053405762,0.015982000157237053,293002,0.1280909925699234,0.17017999291419983,0.48595899343490601,0.20383800566196442,0.011931999586522579,147538,0.11716300249099731,0.13337600231170654,0.49244299530982971,0.23406900465488434,0.022949999198317528
34262,5852079,3384751,0.11866900324821472,0.16174300014972687,0.49304699897766113,0.21430599689483643,0.012234999798238277,921984,0.12331700325012207,0.16896599531173706,0.51277601718902588,0.18867099285125732,0.0062699997797608376,710549,0.1046919971704483,0.139724001288414,0.46470499038696289,0.26735898852348328,0.023517999798059464,394214,0.1166979968547821,0.15835300087928772,0.48564198613166809,0.22331500053405762,0.015991000458598137,293061,0.12802800536155701,0.17021700739860535,0.48594000935554504,0.20386900007724762,0.011946000158786774,147520,0.11720400303602219,0.13331100344657898,0.49246901273727417,0.23406299948692322,0.022952999919652939
34263,5852289,3384852,0.11866100132465363,0.16174699366092682,0.4930419921875,0.21431000530719757,0.012240000069141388,922015,0.12328799813985825,0.16895900666713715,0.51279401779174805,0.18867899477481842,0.0062799998559057713,710551,0.1046919971704483,0.13972699642181396,0.46468999981880188,0.26736199855804443,0.023530000820755959,394237,0.11669400334358215,0.15836699306964874,0.48559600114822388,0.22335299849510193,0.015990000218153,293068,0.12801800668239594,0.17025400698184967,0.48593199253082275,0.20384000241756439,0.01195599976927042,147566,0.11727599799633026,0.13317400217056274,0.49245798587799072,0.23412600159645081,0.022965999320149422
34264,5852529,3384966,0.11865600198507309,0.16173799335956573,0.49303999543190002,0.21431399881839752,0.012252000160515308,922049,0.12329299747943878,0.16895399987697601,0.51276898384094238,0.18869900703430176,0.0062850001268088818,710559,0.10469099879264832,0.13974100351333618,0.46470999717712402,0.2673259973526001,0.023531999439001083,394231,0.11664699763059616,0.15838900208473206,0.48564198613166809,0.22334599494934082,0.015975000336766243,293098,0.12801499664783478,0.17021599411964417,0.48598799109458923,0.20379899442195892,0.011982000432908535,147626,0.11727599799633026,0.1332080066204071,0.49245399236679077,0.23411199450492859,0.022949999198317528
34265,5852784,3385114,0.11865899711847305,0.16172100603580475,0.49303799867630005,0.21432399749755859,0.012257999740540981,922054,0.12328500300645828,0.16894799470901489,0.51276999711990356,0.18871000409126282,0.0062870001420378685,710592,0.10471100360155106,0.13972599804401398,0.4647350013256073,0.26728400588035583,0.023544000461697578,394207,0.11661399900913239,0.15842199325561523,0.48565301299095154,0.22331699728965759,0.015993999317288399,293173,0.12805399298667908,0.17023399472236633,0.48591399192810059,0.20380799472332001,0.011989999562501907,147644,0.11730200052261353,0.13321900367736816,0.49237999320030212,0.23414400219917297,0.022954000160098076
34266,5853021,3385212,0.11865399777889252,0.16172200441360474,0.49303099513053894,0.2143310010433197,0.012263000011444092,922114,0.12329100072383881,0.16893599927425385,0.51277101039886475,0.18871599435806274,0.0062870001420378685,710673,0.10473199933767319,0.13971300423145294,0.46470999717712402,0.26729699969291687,0.023547999560832977,394215,0.11655600368976593,0.15846200287342072,0.48566600680351257,0.22329699993133545,0.016018999740481377,293176,0.12804299592971802,0.17024199664592743,0.48589599132537842,0.20383700728416443,0.011982999742031097,147631,0.1172650009393692,0.13315600156784058,0.49256598949432373,0.23402300477027893,0.022989999502897263
34267,5853271,3385372,0.11865200102329254,0.16170200705528259,0.49305200576782227,0.21432599425315857,0.012268000282347202,922174,0.12329600006341934,0.16895000636577606,0.51273298263549805,0.18873099982738495,0.006291000172495842,710682,0.10474400222301483,0.1397320032119751,0.46467998623847961,0.26728099584579468,0.023561999201774597,394244,0.11654700338840485,0.15850800275802612,0.48553401231765747,0.22337700426578522,0.016032999381422997,293207,0.12801499664783478,0.17023099958896637,0.48592600226402283,0.20381499826908112,0.012012000195682049,147592,0.11720799654722214,0.13314400613307953,0.49266201257705688,0.23400300741195679,0.022981999441981316
34268,5853547,3385611,0.11865100264549255,0.16170600056648254,0.49304598569869995,0.21432699263095856,0.012271000072360039,922186,0.12333200126886368,0.16892699897289276,0.51273101568222046,0.18871499598026276,0.0062959999777376652,710665,0.10476499795913696,0.13971099257469177,0.46468299627304077,0.26726400852203369,0.023576999083161354,394256,0.11654900014400482,0.15846799314022064,0.4855400025844574,0.22340300679206848,0.016039999201893806,293203,0.12800300121307373,0.17020300030708313,0.48591199517250061,0.2038549929857254,0.012025999836623669,147626,0.11712700128555298,0.13316799700260162,0.49259600043296814,0.23407800495624542,0.023031000047922134
34269,5853807,3385902,0.1186629980802536,0.16169500350952148,0.49304300546646118,0.21432000398635864,0.012280000373721123,922213,0.12332800030708313,0.16891099512577057,0.51271897554397583,0.188742995262146,0.0062989997677505016,710594,0.10477200150489807,0.13971099257469177,0.4646579921245575,0.26728600263595581,0.023572999984025955,394265,0.11651799827814102,0.15851800143718719,0.48551100492477417,0.22337800264358521,0.016075000166893005,293174,0.12795799970626831,0.17019900679588318,0.48588898777961731,0.20391599833965302,0.012036999687552452,147659,0.11716199666261673,0.13316500186920166,0.49264198541641235,0.23397199809551239,0.023059999570250511
34270,5854028,3386042,0.11864999681711197,0.16168799996376038,0.49303999543190002,0.21433000266551971,0.012292999774217606,922251,0.12330300360918045,0.16893799602985382,0.512736976146698,0.18872399628162384,0.0062989997677505016,710611,0.10481300204992294,0.1397009938955307,0.46463501453399658,0.26726999878883362,0.023581000044941902,394245,0.11645799875259399,0.15855099260807037,0.48546698689460754,0.22343200445175171,0.016092000529170036,293199,0.1279509961605072,0.17014400660991669,0.4859980046749115,0.20387899875640869,0.012028999626636505,147680,0.11723300069570541,0.13317300379276276,0.49241599440574646,0.23411400616168976,0.023063000291585922
34271,5854264,3386095,0.11864099651575089,0.16169300675392151,0.49302899837493896,0.21433499455451965,0.01230200007557869,922315,0.12329400330781937,0.16893699765205383,0.51274698972702026,0.18872100114822388,0.0063020000234246254,710701,0.10481300204992294,0.13966099917888641,0.4646649956703186,0.26727399230003357,0.023586999624967575,394255,0.11649800091981888,0.15851399302482605,0.48546800017356873,0.22344399988651276,0.016076000407338142,293197,0.12794800102710724,0.17016200721263885,0.48595699667930603,0.2038940042257309,0.012040000408887863,147701,0.11714199930429459,0.13322900235652924,0.49237298965454102,0.2341960072517395,0.023059999570250511
34272,5854499,3386266,0.1186399981379509,0.16168299317359924,0.49301499128341675,0.21435299515724182,0.0123089998960495,922355,0.12329400330781937,0.16895100474357605,0.51275897026062012,0.18869100511074066,0.0063049998134374619,710757,0.10480800271034241,0.13967500627040863,0.464711993932724,0.26720899343490601,0.023595999926328659,394236,0.11655200272798538,0.15851199626922607,0.48542198538780212,0.22340899705886841,0.016104999929666519,293211,0.12797300517559052,0.1701509952545166,0.48589199781417847,0.20392100512981415,0.012063000351190567,147674,0.11709599941968918,0.13326700031757355,0.49237498641014099,0.23423199355602264,0.023029999807476997
34273,5854741,3386450,0.1186320036649704,0.16169300675392151,0.49300399422645569,0.21435800194740295,0.012312999926507473,922433,0.12328899651765823,0.16894499957561493,0.51274502277374268,0.18870599567890167,0.0063149998895823956,710721,0.10483899712562561,0.13966700434684753,0.46472001075744629,0.26717099547386169,0.023603999987244606,394222,0.116566002368927,0.15848700702190399,0.4853610098361969,0.22348600625991821,0.016100000590085983,293246,0.12799200415611267,0.17005200684070587,0.48589900135993958,0.20398199558258057,0.012075000442564487,147669,0.11706600338220596,0.13328500092029572,0.49247300624847412,0.23413899540901184,0.023037999868392944
34274,5854953,3386565,0.11862999945878983,0.16167299449443817,0.49299100041389465,0.21438199281692505,0.012322999536991119,922449,0.12327100336551666,0.16895599663257599,0.512736976146698,0.18871299922466278,0.0063229999504983425,710736,0.10486599802970886,0.13966900110244751,0.4647040069103241,0.26713401079177856,0.023625999689102173,394270,0.11651399731636047,0.15852099657058716,0.48535299301147461,0.22351899743080139,0.016093000769615173,293280,0.12796600162982941,0.17004199326038361,0.48594200611114502,0.2039480060338974,0.012101000174880028,147653,0.11706499755382538,0.13334600627422333,0.49252000451087952,0.23403500020503998,0.023034000769257545
34275,5855139,3386687,0.11862699687480927,0.16168099641799927,0.49296900629997253,0.21439400315284729,0.012330000288784504,922453,0.12323399633169174,0.16898499429225922,0.51273000240325928,0.18872299790382385,0.006328000221401453,710739,0.10484600067138672,0.13967899978160858,0.46467098593711853,0.26715999841690063,0.023644000291824341,394332,0.11650799959897995,0.15844300389289856,0.4854159951210022,0.22354799509048462,0.016085000708699226,293295,0.12795600295066833,0.17007100582122803,0.48596099019050598,0.20389699935913086,0.012113999575376511,147633,0.1169859990477562,0.13332399725914001,0.49276900291442871,0.23393100500106812,0.022988999262452126
34276,5855351,3386829,0.11862599849700928,0.16168199479579926,0.49295800924301147,0.2144010066986084,0.012334000319242477,922503,0.12322600185871124,0.16896399855613708,0.51275599002838135,0.18872100114822388,0.0063330000266432762,710743,0.1047929972410202,0.13971200585365295,0.46468600630760193,0.26715001463890076,0.023660000413656235,394330,0.11650899797677994,0.158378005027771,0.48546400666236877,0.22355599701404572,0.016093000769615173,293308,0.12794099748134613,0.17005999386310577,0.48596000671386719,0.20390899479389191,0.012130999937653542,147638,0.11704300343990326,0.13336700201034546,0.49273198843002319,0.23386299610137939,0.022995000705122948
34277,5855550,3386920,0.11861100047826767,0.16166600584983826,0.49297699332237244,0.21440599858760834,0.01233999989926815,922588,0.12321300059556961,0.16897599399089813,0.51273202896118164,0.188742995262146,0.0063370000571012497,710776,0.10479799658060074,0.13972499966621399,0.46465000510215759,0.26715600490570068,0.023670999333262444,394352,0.11648499965667725,0.15839700400829315,0.48538601398468018,0.22361500561237335,0.016117999330163002,293328,0.12788799405097961,0.17006599903106689,0.48601898550987244,0.20390099287033081,0.012125999666750431,147586,0.1170710027217865,0.13342699408531189,0.49266898632049561,0.23385700583457947,0.022975999861955643
34278,5855788,3387042,0.11859600245952606,0.16166900098323822,0.49298301339149475,0.21440699696540833,0.012345000170171261,922617,0.12320899963378906,0.16897700726985931,0.51271998882293701,0.18875199556350708,0.0063419998623430729,710795,0.10481800138950348,0.13971400260925293,0.46459800004959106,0.2671779990196228,0.023692000657320023,394387,0.11650999635457993,0.15839299559593201,0.48534300923347473,0.22361999750137329,0.016133999451994896,293340,0.1278579980134964,0.17009299993515015,0.48603001236915588,0.20392000675201416,0.012098999693989754,147607,0.11708799749612808,0.13337400555610657,0.49274799227714539,0.23380300402641296,0.022987000644207001
34279,5856015,3387262,0.11859499663114548,0.16166399419307709,0.49297499656677246,0.21441499888896942,0.012350999750196934,922623,0.12319900095462799,0.16894100606441498,0.51274800300598145,0.1887660026550293,0.0063459998928010464,710829,0.10477299988269806,0.13973699510097504,0.46459800004959106,0.2671779990196228,0.023713000118732452,394350,0.11647800356149673,0.15843799710273743,0.48538601398468018,0.2235729992389679,0.016124999150633812,293350,0.12782999873161316,0.17011800408363342,0.48602700233459473,0.20392400026321411,0.012102000415325165,147601,0.11715400218963623,0.13335999846458435,0.49255800247192383,0.23392799496650696,0.023001000285148621
34280,5856272,3387286,0.11857999861240387,0.161654993891716,0.49299100041389465,0.21440799534320831,0.012365999631583691,922703,0.12319199740886688,0.16897100210189819,0.51273101568222046,0.1887580007314682,0.0063479999080300331,710861,0.10475199669599533,0.13973499834537506,0.46455800533294678,0.26721501350402832,0.023739999160170555,394429,0.11648199707269669,0.15846699476242065,0.48538801074028015,0.22357100248336792,0.016092000529170036,293415,0.12785600125789642,0.17009000480175018,0.48596400022506714,0.20396700501441956,0.012122999876737595,147578,0.11727999895811081,0.13335999846458435,0.49251198768615723,0.23388299345970154,0.022964000701904297
34281,5856515,3387355,0.11858899891376495,0.16165600717067719,0.49297600984573364,0.21440400183200836,0.012373999692499638,922762,0.12320099771022797,0.16897100210189819,0.51269298791885376,0.18878400325775146,0.0063499999232590199,710864,0.10471799969673157,0.13976000249385834,0.46456000208854675,0.26721000671386719,0.023753000423312187,394516,0.11646199971437454,0.15840199589729309,0.48542800545692444,0.22360600531101227,0.016102999448776245,293429,0.12786400318145752,0.17003099620342255,0.48598799109458923,0.20399099588394165,0.012125999666750431,147589,0.11722400039434433,0.13341799378395081,0.49244898557662964,0.23392699658870697,0.022982999682426453
34282,5856767,3387540,0.11859700083732605,0.16165299713611603,0.4929639995098114,0.21440300345420837,0.012381999753415585,922783,0.12321700155735016,0.16897100210189819,0.51266300678253174,0.18879500031471252,0.0063530001789331436,710832,0.10469599813222885,0.13974000513553619,0.46454301476478577,0.26722800731658936,0.023793000727891922,394533,0.11640899628400803,0.15838499367237091,0.48556399345397949,0.22357100248336792,0.016071999445557594,293479,0.12783899903297424,0.17007699608802795,0.48591598868370056,0.20403799414634705,0.012129999697208405,147600,0.11721500009298325,0.13346199691295624,0.49247300624847412,0.23384100198745728,0.023008000105619431
34283,5856982,3387631,0.11857999861240387,0.16165100038051605,0.49296700954437256,0.21441400051116943,0.012388000264763832,922824,0.12320700287818909,0.16898700594902039,0.51264899969100952,0.18880300223827362,0.0063539999537169933,710911,0.10469900071620941,0.13976700603961945,0.46453198790550232,0.26720398664474487,0.023798000067472458,394519,0.11638700217008591,0.1583700031042099,0.48559600114822388,0.22356800734996796,0.016078000888228416,293479,0.12785199284553528,0.17008399963378906,0.48593300580978394,0.20401500165462494,0.012117000296711922,147618,0.11718100309371948,0.13361500203609467,0.49221000075340271,0.23392799496650696,0.023065999150276184
34284,5857198,3387744,0.11856400221586227,0.1616629958152771,0.49294900894165039,0.21442900598049164,0.012395000085234642,922809,0.12320300191640854,0.16897399723529816,0.5126420259475708,0.18881799280643463,0.0063620000146329403,710936,0.10470400005578995,0.1397860050201416,0.4645569920539856,0.26715600490570068,0.023796999827027321,394566,0.11640600115060806,0.15832099318504333,0.48557400703430176,0.22359800338745117,0.01610100083053112,293504,0.12782099843025208,0.17011700570583344,0.4859519898891449,0.20398400723934174,0.012125999666750431,147639,0.11718399822711945,0.1335889995098114,0.49224799871444702,0.23388099670410156,0.023096999153494835
34285,5857385,3387793,0.11855299770832062,0.16165600717067719,0.49295300245285034,0.2144320011138916,0.012405999936163425,922884,0.12320499867200851,0.16896900534629822,0.51263600587844849,0.18882499635219574,0.006364000029861927,710933,0.10467199981212616,0.13979500532150269,0.46457499265670776,0.26714798808097839,0.023809999227523804,394592,0.11641900241374969,0.1582999974489212,0.48552700877189636,0.22363099455833435,0.016123000532388687,293543,0.12777000665664673,0.17016200721263885,0.48592901229858398,0.20401099324226379,0.012128000147640705,147640,0.11727199703454971,0.13362200558185577,0.49217700958251953,0.23381899297237396,0.023110000416636467
34286,5857601,3387895,0.11854100227355957,0.16165299713611603,0.49296298623085022,0.21442799270153046,0.012415000237524509,922916,0.12320499867200851,0.16897599399089813,0.5126349925994873,0.18881599605083466,0.0063680000603199005,710956,0.10467600077390671,0.13978900015354156,0.46453100442886353,0.2671700119972229,0.023833999410271645,394581,0.11640399694442749,0.15835300087928772,0.48542100191116333,0.22367000579833984,0.016150999814271927,293559,0.1277489960193634,0.17019699513912201,0.48594298958778381,0.2039790004491806,0.012129999697208405,147694,0.11729700118303299,0.13365499675273895,0.49210500717163086,0.23386900126934052,0.023074999451637268
34287,5857814,3388152,0.11854299902915955,0.16164000332355499,0.4929560124874115,0.21443900465965271,0.012420999817550182,922924,0.12318100035190582,0.16898100078105927,0.51264899969100952,0.18881599605083466,0.006372000090777874,710976,0.10468299686908722,0.13974699378013611,0.46456098556518555,0.2671779990196228,0.023831000551581383,394563,0.11634600162506104,0.15833699703216553,0.48547598719596863,0.22367300093173981,0.016166999936103821,293524,0.1277649998664856,0.17017300426959991,0.48591899871826172,0.20401699841022491,0.012125000357627869,147675,0.11725699901580811,0.13387499749660492,0.49195900559425354,0.23379699885845184,0.023112000897526741
34288,5858015,3388308,0.11853700131177902,0.16163800656795502,0.49295100569725037,0.21444399654865265,0.012430000118911266,922950,0.12318000197410583,0.16899700462818146,0.51261597871780396,0.18882900476455688,0.0063769998960196972,710997,0.10471899807453156,0.13977000117301941,0.46450400352478027,0.26716399192810059,0.023842999711632729,394516,0.11624900251626968,0.15838900208473206,0.48553401231765747,0.22366400063037872,0.01616399921476841,293539,0.12771700322628021,0.17014099657535553,0.48599299788475037,0.20401699841022491,0.012130999937653542,147705,0.11715900152921677,0.13384799659252167,0.49196699261665344,0.23390500247478485,0.023119999095797539
34289,5858252,3388357,0.11852599680423737,0.16165000200271606,0.49294701218605042,0.21444399654865265,0.012432999908924103,922986,0.12317299842834473,0.16899499297142029,0.51262497901916504,0.1888280063867569,0.0063780001364648342,711060,0.10473500192165375,0.13976199924945831,0.46450099349021912,0.26714101433753967,0.023862000554800034,394543,0.11628399789333344,0.15839800238609314,0.48539999127388,0.22374700009822845,0.016171000897884369,293553,0.12768399715423584,0.17011900246143341,0.48597699403762817,0.20406900346279144,0.012151000089943409,147753,0.11722899973392487,0.13364900648593903,0.49206399917602539,0.23390400409698486,0.023153999820351601
34290,5858489,3388510,0.1185310035943985,0.16165000200271606,0.49292701482772827,0.21445000171661377,0.012442000210285187,923003,0.12316399812698364,0.16898100078105927,0.51262599229812622,0.18885000050067902,0.0063789999112486839,711104,0.10474299639463425,0.13971200585365295,0.46455100178718567,0.26712700724601746,0.023866999894380569,394538,0.11630299687385559,0.15842300653457642,0.48541098833084106,0.2236970067024231,0.016165999695658684,293582,0.12765400111675262,0.17015300691127777,0.48594298958778381,0.20406199991703033,0.01218700036406517,147752,0.11725699901580811,0.13366299867630005,0.49200001358985901,0.23393900692462921,0.023140000179409981
34291,5858693,3388647,0.11852200329303741,0.161654993891716,0.49292001128196716,0.21445299685001373,0.012450000271201134,923025,0.12315999716520309,0.16898100078105927,0.51262402534484863,0.18885199725627899,0.0063820001669228077,711131,0.10476399958133698,0.13967600464820862,0.46454998850822449,0.26713499426841736,0.023874999955296516,394537,0.1162479966878891,0.1584240049123764,0.48544999957084656,0.22369499504566193,0.016184000298380852,293576,0.12766699492931366,0.17016699910163879,0.48591500520706177,0.20406299829483032,0.012187999673187733,147777,0.11721000075340271,0.13366800546646118,0.49203899502754211,0.23390600085258484,0.023176999762654305
34292,5858931,3388841,0.1185230016708374,0.1616470068693161,0.49291199445724487,0.21446099877357483,0.012458000332117081,923025,0.12315999716520309,0.16899000108242035,0.51260697841644287,0.18886199593544006,0.0063809999264776707,711169,0.10476399958133698,0.13963599503040314,0.46457299590110779,0.2671470046043396,0.023879000917077065,394551,0.11623100191354752,0.1584710031747818,0.48544299602508545,0.22365699708461761,0.016197999939322472,293559,0.12770199775695801,0.17011900246143341,0.48588499426841736,0.20408500730991364,0.012209000065922737,147786,0.11707500368356705,0.13379499316215515,0.49205601215362549,0.23389199376106262,0.02318199910223484
34293,5859162,3388970,0.11851099878549576,0.16165000200271606,0.49292001128196716,0.21445299685001373,0.012466000393033028,923057,0.12318400293588638,0.16897100210189819,0.51258498430252075,0.18888400495052338,0.0063760001212358475,711249,0.10477200150489807,0.13960100710391998,0.4645560085773468,0.26716500520706177,0.023905999958515167,394557,0.11625699698925018,0.15846599638462067,0.48542800545692444,0.22366100549697876,0.016187999397516251,293577,0.12770800292491913,0.17010900378227234,0.48589301109313965,0.20407600700855255,0.01221499964594841,147752,0.11704699695110321,0.13387300074100494,0.49192601442337036,0.23401400446891785,0.023140000179409981
34294,5859366,3389064,0.11850599944591522,0.16164900362491608,0.49292400479316711,0.21445000171661377,0.012470000423491001,923121,0.12314700335264206,0.16898299753665924,0.51259201765060425,0.18889099359512329,0.0063869999721646309,711301,0.10475499927997589,0.13962200284004211,0.4645330011844635,0.26716798543930054,0.023922000080347061,394595,0.1162709966301918,0.15842799842357635,0.48539400100708008,0.22372600436210632,0.016180999577045441,293556,0.12767599523067474,0.17012099921703339,0.4858730137348175,0.20411099493503571,0.012218999676406384,147729,0.11701799929141998,0.13400200009346008,0.49195501208305359,0.23388800024986267,0.02313699945807457
34295,5859584,3389189,0.11849600076675415,0.16164399683475494,0.4929099977016449,0.21447299420833588,0.012476000003516674,923122,0.12313900142908096,0.16898299753665924,0.51260602474212646,0.18888500332832336,0.0063869999721646309,711265,0.10472600162029266,0.1396619975566864,0.46452999114990234,0.26713499426841736,0.023946000263094902,394698,0.11628399789333344,0.15842500329017639,0.48538899421691895,0.2237280011177063,0.016173999756574631,293538,0.12766300141811371,0.17015199363231659,0.48582801222801208,0.20412300527095795,0.01223399955779314,147772,0.11714000254869461,0.13395600020885468,0.49181801080703735,0.23390799760818481,0.023178000003099442
34296,5859793,3389358,0.11850100010633469,0.16164200007915497,0.49289599061012268,0.21447700262069702,0.012482999823987484,923130,0.12312199920415878,0.16899099946022034,0.51259499788284302,0.18890300393104553,0.0063880002126097679,711283,0.10471899807453156,0.13966900110244751,0.46452799439430237,0.2671230137348175,0.023961000144481659,394681,0.1162789985537529,0.15832799673080444,0.48547801375389099,0.22373299300670624,0.016183000057935715,293530,0.12763899564743042,0.17018699645996094,0.48579400777816772,0.20415300130844116,0.01222699973732233,147811,0.11724399775266647,0.13387399911880493,0.49170899391174316,0.23400199413299561,0.023171000182628632
34297,5860014,3389456,0.11848600208759308,0.16164000332355499,0.49290001392364502,0.21448199450969696,0.012493000365793705,923165,0.12310799956321716,0.16899499297142029,0.51259100437164307,0.18891400098800659,0.0063919997774064541,711334,0.1047310009598732,0.13964499533176422,0.46453699469566345,0.26711198687553406,0.023974999785423279,394705,0.11629699915647507,0.15835900604724884,0.48541098833084106,0.22372899949550629,0.016204999759793282,293544,0.12764999270439148,0.17020300030708313,0.48578101396560669,0.20412999391555786,0.012237000279128551,147810,0.11732000112533569,0.13383400440216064,0.49156299233436584,0.23413799703121185,0.023144999518990517
34298,5860238,3389559,0.11847899854183197,0.16164499521255493,0.4928860068321228,0.21448999643325806,0.012500000186264515,923218,0.12311799824237823,0.16900299489498138,0.51258301734924316,0.18889600038528442,0.0063990000635385513,711366,0.10472699999809265,0.1395840048789978,0.46453899145126343,0.26714798808097839,0.024003000929951668,394779,0.11628500372171402,0.15835900604724884,0.48542100191116333,0.22372500598430634,0.01620900072157383,293552,0.1276639997959137,0.17024600505828857,0.48582199215888977,0.20402200520038605,0.012246999889612198,147764,0.11726099997758865,0.13379399478435516,0.49158099293708801,0.23423199355602264,0.023130999878048897
34299,5860464,3389676,0.11848200112581253,0.16163800656795502,0.49287799000740051,0.21449500322341919,0.012507000006735325,923237,0.12310100346803665,0.16899700462818146,0.51256901025772095,0.18893100321292877,0.0064019998535513878,711433,0.10470599681138992,0.13956999778747559,0.46452200412750244,0.26717999577522278,0.024021999910473824,394810,0.11632400006055832,0.15832400321960449,0.48549899458885193,0.22367000579833984,0.016181999817490578,293546,0.12771099805831909,0.17025299370288849,0.48578101396560669,0.20399899780750275,0.012257000431418419,147762,0.11723600327968597,0.13376200199127197,0.49168300628662109,0.23416000604629517,0.023158999159932137
34300,5860700,3389810,0.11848700046539307,0.16164900362491608,0.4928550124168396,0.2144940048456192,0.012515000067651272,923256,0.12308499962091446,0.16899000108242035,0.5125659704208374,0.18895399570465088,0.0064050001092255116,711399,0.10469099879264832,0.13959699869155884,0.46451899409294128,0.2671549916267395,0.024039000272750854,394885,0.1162789985537529,0.15830199420452118,0.48551899194717407,0.22370600700378418,0.016194999217987061,293578,0.12773799896240234,0.17022399604320526,0.48575800657272339,0.20401400327682495,0.012265999801456928,147772,0.11721400171518326,0.13372600078582764,0.49165600538253784,0.23423899710178375,0.023164000362157822
34301,5860916,3389964,0.11848100274801254,0.16164599359035492,0.49284699559211731,0.21450099349021912,0.012525999918580055,923307,0.12307699769735336,0.1689780056476593,0.51254498958587646,0.18899199366569519,0.0064070001244544983,711344,0.1046919971704483,0.13957099616527557,0.46455898880958557,0.2671239972114563,0.024054000154137611,394910,0.11627200245857239,0.15833500027656555,0.485493004322052,0.22373700141906738,0.016163000836968422,293607,0.12767699360847473,0.17025800049304962,0.48573100566864014,0.20407600700855255,0.012257999740540981,147784,0.11721800267696381,0.13366100192070007,0.49161601066589355,0.23432199656963348,0.02318199910223484
34302,5861117,3390128,0.11847800016403198,0.16165100038051605,0.49283400177955627,0.2145020067691803,0.012536000460386276,923322,0.12307299673557281,0.16896699368953705,0.51252299547195435,0.18903200328350067,0.0064050001092255116,711421,0.10466200113296509,0.13956299424171448,0.46453499794006348,0.26718500256538391,0.024055000394582748,394881,0.11625000089406967,0.15834100544452667,0.4855009913444519,0.2237360030412674,0.016171999275684357,293580,0.12761099636554718,0.17029100656509399,0.48582300543785095,0.20401899516582489,0.012256000190973282,147785,0.11718399822711945,0.13366000354290009,0.49162000417709351,0.23433400690555573,0.023203000426292419
34303,5861378,3390277,0.1184609979391098,0.16166199743747711,0.49283498525619507,0.21450300514698029,0.012539999559521675,923377,0.12307299673557281,0.16896200180053711,0.51250797510147095,0.18905100226402283,0.0064059998840093613,711440,0.10463699698448181,0.13957600295543671,0.46455800533294678,0.26715698838233948,0.024072000756859779,394867,0.11627700179815292,0.15829099714756012,0.48548999428749084,0.22375400364398956,0.016187999397516251,293634,0.12760399281978607,0.17030400037765503,0.48577100038528442,0.20405299961566925,0.012267000041902065,147783,0.11733400076627731,0.13353399932384491,0.49147701263427734,0.2343980073928833,0.023257000371813774
34304,5861624,3390440,0.11845199763774872,0.16165000200271606,0.49284398555755615,0.21450600028038025,0.012547999620437622,923437,0.12307000160217285,0.16895000636577606,0.51251101493835449,0.18906299769878387,0.0064050001092255116,711438,0.10465099662542343,0.1395689994096756,0.46455800533294678,0.26712501049041748,0.024095999076962471,394819,0.11632200330495834,0.15834900736808777,0.4853920042514801,0.22373799979686737,0.016200000420212746,293667,0.12757299840450287,0.17027799785137177,0.4858430027961731,0.20403699576854706,0.012268999591469765,147823,0.11732300370931625,0.13359899818897247,0.49123600125312805,0.23453700542449951,0.023305000737309456
34305,5861839,3390645,0.11844199895858765,0.16165000200271606,0.49283000826835632,0.21451899409294128,0.012558000162243843,923447,0.12306100130081177,0.168954998254776,0.512503981590271,0.18907299637794495,0.006407999899238348,711445,0.10465200245380402,0.13955099880695343,0.46456199884414673,0.26711800694465637,0.02411700040102005,394821,0.11632099747657776,0.15838299691677094,0.48538500070571899,0.22371399402618408,0.016196999698877335,293672,0.12763200700283051,0.17023099958896637,0.48585200309753418,0.20401699841022491,0.012268999591469765,147809,0.11732000112533569,0.13360500335693359,0.49126899242401123,0.23451200127601624,0.023293999955058098
34306,5862072,3390827,0.11843100190162659,0.161654993891716,0.49281001091003418,0.21454000473022461,0.012563999742269516,923457,0.12307000160217285,0.16894300282001495,0.512503981590271,0.18907999992370605,0.0064030000939965248,711475,0.10459499806165695,0.13959300518035889,0.46458300948143005,0.267100989818573,0.024126999080181122,394835,0.11638999730348587,0.1583469957113266,0.48538500070571899,0.22369100153446198,0.016186999157071114,293643,0.12769199907779694,0.17021000385284424,0.48585200309753418,0.20397600531578064,0.012269999831914902,147835,0.11725199967622757,0.13362899422645569,0.49123001098632812,0.23453900218009949,0.023350000381469727
34307,5862316,3390966,0.11842100322246552,0.16166399419307709,0.49279001355171204,0.21455599367618561,0.012569000013172626,923489,0.123089998960495,0.16891899704933167,0.51250201463699341,0.18907999992370605,0.006409000139683485,711509,0.10456900298595428,0.13958099484443665,0.46464300155639648,0.26706600189208984,0.024140000343322754,394829,0.11642500013113022,0.15832400321960449,0.48539999127388,0.22367399930953979,0.016177000477910042,293680,0.12768000364303589,0.1702360063791275,0.48579099774360657,0.20400400459766388,0.012288999743759632,147843,0.11711099743843079,0.13370899856090546,0.49119699001312256,0.23461399972438812,0.023368999361991882
34308,5862532,3391038,0.11841399967670441,0.16165199875831604,0.49279400706291199,0.21456900238990784,0.012571999803185463,923554,0.12309200316667557,0.16892799735069275,0.51248300075531006,0.1890760064125061,0.0064210002310574055,711547,0.10454799979925156,0.13956399261951447,0.46467599272727966,0.26706498861312866,0.024147000163793564,394877,0.11646399646997452,0.15835300087928772,0.48530599474906921,0.22368499636650085,0.016192000359296799,293686,0.12767399847507477,0.17020200192928314,0.48578399419784546,0.20403799414634705,0.01230200007557869,147830,0.1169859990477562,0.13378199934959412,0.49137499928474426,0.23448599874973297,0.023370999842882156
34309,5862767,3391205,0.11840800195932388,0.16165700554847717,0.49278399348258972,0.2145719975233078,0.01257800031453371,923578,0.12308699637651443,0.16890400648117065,0.51247799396514893,0.18910799920558929,0.0064240000210702419,711590,0.10458099842071533,0.13958300650119781,0.4646579921245575,0.26703000068664551,0.024147000163793564,394859,0.11645399779081345,0.15830999612808228,0.48539599776268005,0.22363899648189545,0.016201000660657883,293653,0.12768499553203583,0.17018400132656097,0.48581799864768982,0.20400600135326385,0.0123070003464818,147882,0.11682300269603729,0.13386300206184387,0.491364985704422,0.23453199863433838,0.023416999727487564
34310,5863003,3391311,0.11840000003576279,0.16164200007915497,0.49277698993682861,0.21459299325942993,0.012587999925017357,923630,0.12308000028133392,0.16888600587844849,0.51249700784683228,0.18910999596118927,0.0064269998110830784,711633,0.10458800196647644,0.13961100578308105,0.4646570086479187,0.26699599623680115,0.024149000644683838,394867,0.11643200367689133,0.15837700664997101,0.4853610098361969,0.2236039936542511,0.016225999221205711,293644,0.12770900130271912,0.17013099789619446,0.48588401079177856,0.20397800207138062,0.012296999804675579,147918,0.11685500293970108,0.1338919997215271,0.49137398600578308,0.23447500169277191,0.023405000567436218
34311,5863257,3391460,0.11838699877262115,0.16163599491119385,0.49279299378395081,0.21458500623703003,0.01259899977594614,923689,0.12307199835777283,0.16887800395488739,0.51248502731323242,0.18913500010967255,0.0064300000667572021,711704,0.10461000353097916,0.13963800668716431,0.46460899710655212,0.26698899269104004,0.024155000224709511,394891,0.1164420023560524,0.15839099884033203,0.4852910041809082,0.22362099587917328,0.016255000606179237,293606,0.1276949942111969,0.17015700042247772,0.48588898777961731,0.20395700633525848,0.01230200007557869,147907,0.11691100150346756,0.13383400440216064,0.49124100804328918,0.23461399972438812,0.023399999365210533
34312,5863492,3391677,0.11838299781084061,0.16163499653339386,0.49277600646018982,0.2146030068397522,0.012602999806404114,923689,0.12307000160217285,0.16887900233268738,0.5124809741973877,0.18914200365543365,0.0064289998263120651,711659,0.10461200028657913,0.1396079957485199,0.46464100480079651,0.26697999238967896,0.02415899932384491,394938,0.11645600199699402,0.15840500593185425,0.48519501090049744,0.22367100417613983,0.016272999346256256,293617,0.12767300009727478,0.17020499706268311,0.48593598604202271,0.20389099419116974,0.01229500025510788,147912,0.11693400144577026,0.13375499844551086,0.49144798517227173,0.2344370037317276,0.023426000028848648
34313,5863700,3391864,0.11837500333786011,0.16163299977779388,0.49278301000595093,0.21459800004959106,0.012610999867320061,923751,0.1230589970946312,0.1688929945230484,0.51246100664138794,0.18915499746799469,0.0064320000819861889,711694,0.10465499758720398,0.13957500457763672,0.46459299325942993,0.26701200008392334,0.024165000766515732,394850,0.11641900241374969,0.1584479957818985,0.48516899347305298,0.22367200255393982,0.016292000189423561,293634,0.12769000232219696,0.17019499838352203,0.48592099547386169,0.2038860023021698,0.012307999655604362,147907,0.11685699969530106,0.13375300168991089,0.4916130006313324,0.23438400030136108,0.023392999544739723
34314,5863942,3392050,0.11836600303649902,0.16163699328899384,0.49276599287986755,0.21461200714111328,0.012620000168681145,923764,0.12306900322437286,0.16886900365352631,0.51247102022171021,0.18915699422359467,0.0064349998719990253,711775,0.1046999990940094,0.13952000439167023,0.46460199356079102,0.2669990062713623,0.024179000407457352,394861,0.11638499796390533,0.15847299993038177,0.48522099852561951,0.22363099455833435,0.01628899946808815,293593,0.12772400677204132,0.17020200192928314,0.48589399456977844,0.20386399328708649,0.012315999716520309,147899,0.11678899824619293,0.13369299471378326,0.49168699979782104,0.23442299664020538,0.02340799942612648
34315,5864179,3392167,0.11836100369691849,0.161654993891716,0.49272799491882324,0.21463100612163544,0.012625999748706818,923790,0.12306900322437286,0.1688620001077652,0.51246201992034912,0.18917399644851685,0.0064329998567700386,711764,0.10472899675369263,0.13946999609470367,0.46461701393127441,0.2669990062713623,0.024184999987483025,394935,0.11632499843835831,0.15843600034713745,0.48542198538780212,0.22352799773216248,0.01628899946808815,293620,0.12766499817371368,0.17021000385284424,0.48588299751281738,0.20389999449253082,0.012342000380158424,147903,0.11668500304222107,0.13387200236320496,0.49162599444389343,0.23439699411392212,0.023421000689268112
34316,5864392,3392175,0.11835700273513794,0.1616629958152771,0.49271500110626221,0.21462999284267426,0.012635000050067902,923837,0.12307000160217285,0.16884399950504303,0.51246201992034912,0.18919099867343903,0.0064329998567700386,711818,0.10467000305652618,0.13951699435710907,0.46459099650382996,0.26701599359512329,0.024205999448895454,394956,0.11631400138139725,0.15844500064849854,0.48545899987220764,0.22349099814891815,0.016289999708533287,293664,0.12766300141811371,0.17014700174331665,0.48592600226402283,0.20390300452709198,0.012361000292003155,147942,0.11674799770116806,0.1338769942522049,0.49153700470924377,0.23444299399852753,0.02339399978518486
34317,5864599,3392243,0.11834000051021576,0.16165900230407715,0.49270901083946228,0.21464699506759644,0.012644999660551548,923874,0.12306900322437286,0.16884300112724304,0.51245599985122681,0.18919800221920013,0.0064340000972151756,711828,0.10462799668312073,0.1395220011472702,0.46465000510215759,0.26699000597000122,0.024210000410676003,395034,0.11636199802160263,0.15847699344158173,0.4854390025138855,0.22342599928379059,0.016295000910758972,293687,0.12768399715423584,0.1701509952545166,0.48594298958778381,0.20385000109672546,0.012373999692499638,147933,0.11689800024032593,0.13387100398540497,0.49132400751113892,0.23446400463581085,0.023443000391125679
34318,5864820,3392429,0.11833000183105469,0.1616709977388382,0.49270600080490112,0.2146420031785965,0.012651000171899796,923877,0.12307699769735336,0.16882200539112091,0.51246100664138794,0.18919500708580017,0.006444999948143959,711855,0.10464400053024292,0.13954900205135345,0.46459200978279114,0.26700401306152344,0.02421100065112114,395048,0.11629699915647507,0.15841400623321533,0.48551800847053528,0.22344399988651276,0.016326999291777611,293703,0.12767699360847473,0.170182004570961,0.48597699403762817,0.20379100739955902,0.012373000383377075,147908,0.1168769970536232,0.13388100266456604,0.49125099182128906,0.23453100025653839,0.023460999131202698
34319,5865023,3392627,0.11832000315189362,0.16166999936103821,0.4927079975605011,0.21464300155639648,0.012659000232815742,923926,0.12306100130081177,0.16883499920368195,0.51245200634002686,0.18920500576496124,0.0064469999633729458,711824,0.1046380028128624,0.13955399394035339,0.46456301212310791,0.26702499389648438,0.024219000712037086,395061,0.11628299951553345,0.15842899680137634,0.48547199368476868,0.22346900403499603,0.016347000375390053,293672,0.12765300273895264,0.17010499536991119,0.48606601357460022,0.20381900668144226,0.012357000261545181,147913,0.11679799854755402,0.13393700122833252,0.49131599068641663,0.2344760000705719,0.023473000153899193
34320,5865261,3392739,0.11831499636173248,0.16166399419307709,0.49271300435066223,0.21464399993419647,0.012663999572396278,923975,0.1230740025639534,0.16879700124263763,0.51245802640914917,0.18921700119972229,0.0064550000242888927,711846,0.10461299866437912,0.13958500325679779,0.4645020067691803,0.26705899834632874,0.024241000413894653,395071,0.11627800017595291,0.15845499932765961,0.48542898893356323,0.22349399328231812,0.016343999654054642,293662,0.12763300538063049,0.1700969934463501,0.48608601093292236,0.20381900668144226,0.012365000322461128,147968,0.11685000360012054,0.13386000692844391,0.49136999249458313,0.23451699316501617,0.023404000326991081
34321,5865521,3392905,0.11830899864435196,0.16166099905967712,0.49270999431610107,0.21465300023555756,0.012667000293731689,924044,0.12306900322437286,0.16877900063991547,0.51246500015258789,0.18921999633312225,0.0064670001156628132,711815,0.10462699830532074,0.13961200416088104,0.46445098519325256,0.26704001426696777,0.02426999993622303,395054,0.11623699963092804,0.15844400227069855,0.48543700575828552,0.22353699803352356,0.016344999894499779,293734,0.12764999270439148,0.1700890064239502,0.48611998558044434,0.20377600193023682,0.012365000322461128,147969,0.1169160008430481,0.13385200500488281,0.49126499891281128,0.23455600440502167,0.023409999907016754
34322,5865752,3393081,0.11831200122833252,0.16165600717067719,0.49268901348114014,0.21466900408267975,0.012674000114202499,924081,0.12303999811410904,0.16879700124263763,0.51246899366378784,0.1892240047454834,0.0064699999056756496,711764,0.10464700311422348,0.13961499929428101,0.46443599462509155,0.26702201366424561,0.024279000237584114,395035,0.11619000136852264,0.15846200287342072,0.48547899723052979,0.22349700331687927,0.016372999176383018,293769,0.12765499949455261,0.17005500197410583,0.48611998558044434,0.20381000638008118,0.012360000051558018,148022,0.11693499982357025,0.13377699255943298,0.49126499891281128,0.23460699617862701,0.02341499924659729
34323,5865981,3393221,0.11830499768257141,0.16165000200271606,0.49268901348114014,0.21467000246047974,0.012687000446021557,924076,0.12303999811410904,0.16880099475383759,0.51245999336242676,0.18923300504684448,0.0064659998752176762,711798,0.10466600209474564,0.13960599899291992,0.46437999606132507,0.26705899834632874,0.024289000779390335,395045,0.11614400148391724,0.15846799314022064,0.48549899458885193,0.22350400686264038,0.016385000199079514,293806,0.12764500081539154,0.17007499933242798,0.48617500066757202,0.20372599363327026,0.012378999963402748,148035,0.1169930025935173,0.133651003241539,0.49129599332809448,0.23468099534511566,0.02338000014424324
34324,5866205,3393443,0.11831600219011307,0.16165399551391602,0.49266499280929565,0.21466800570487976,0.01269800029695034,924115,0.12302599847316742,0.16880999505519867,0.51244401931762695,0.18925100564956665,0.0064690001308917999,711813,0.10466500371694565,0.1395380049943924,0.46442800760269165,0.26706498861312866,0.024304000660777092,394968,0.11610300093889236,0.15849900245666504,0.48549801111221313,0.22349900007247925,0.016401000320911407,293827,0.12761299312114716,0.17003199458122253,0.48628300428390503,0.20370499789714813,0.012368000112473965,148039,0.11689499765634537,0.13366100192070007,0.4913100004196167,0.23482300341129303,0.023311000317335129
34325,5866411,3393559,0.11830700188875198,0.16165299713611603,0.49265199899673462,0.21468000113964081,0.012707999907433987,924159,0.12302800267934799,0.16882200539112091,0.51243698596954346,0.18924200534820557,0.0064719999209046364,711832,0.10469499975442886,0.13947099447250366,0.46442800760269165,0.2671000063419342,0.024305999279022217,394983,0.11613400280475616,0.15852299332618713,0.48552501201629639,0.22341999411582947,0.016397999599575996,293844,0.12758800387382507,0.17000900208950043,0.48635300993919373,0.20368599891662598,0.012364000082015991,148034,0.11682499945163727,0.13362500071525574,0.4913330078125,0.23485800623893738,0.023359000682830811
34326,5866626,3393617,0.11829999834299088,0.16164100170135498,0.49263700842857361,0.21470700204372406,0.012714000418782234,924220,0.12302199751138687,0.16882799565792084,0.51242101192474365,0.1892549991607666,0.0064750001765787601,711928,0.10469300299882889,0.13951100409030914,0.46443900465965271,0.26705500483512878,0.024302000179886818,394976,0.11609599739313126,0.15851600468158722,0.48562198877334595,0.22335800528526306,0.016409000381827354,293865,0.12762700021266937,0.17002999782562256,0.48630198836326599,0.20364099740982056,0.012400000356137753,148020,0.11672700196504593,0.13363699615001678,0.49142700433731079,0.2348330020904541,0.023375000804662704
34327,5866846,3393754,0.11829899996519089,0.1616320013999939,0.4926300048828125,0.21471799910068512,0.012719999998807907,924210,0.12302500009536743,0.16881999373435974,0.5123940110206604,0.1892859935760498,0.0064750001765787601,711914,0.10468500107526779,0.13952499628067017,0.46446600556373596,0.26701399683952332,0.024309000000357628,394975,0.11611399799585342,0.15847800672054291,0.48564600944519043,0.22334100306034088,0.0164209995418787,293931,0.12763200700283051,0.17002999782562256,0.48625001311302185,0.20368699729442596,0.012400999665260315,148062,0.11672800034284592,0.13369399309158325,0.49130800366401672,0.23488099873065948,0.023389000445604324
34328,5867076,3393936,0.11828400194644928,0.16163299977779388,0.4926300048828125,0.21472500264644623,0.012729000300168991,924266,0.1230510026216507,0.16881200671195984,0.5123860239982605,0.18927100300788879,0.0064799999818205833,711930,0.10470099747180939,0.13949400186538696,0.46450400352478027,0.26700198650360107,0.024298999458551407,394960,0.11610300093889236,0.15850499272346497,0.48557600378990173,0.22335900366306305,0.016457000747323036,293952,0.1276019960641861,0.17002800107002258,0.48620501160621643,0.20375800132751465,0.012407000176608562,148032,0.11671099811792374,0.13374100625514984,0.49129900336265564,0.23486800491809845,0.02338000014424324
34329,5867284,3394002,0.11826899647712708,0.16162000596523285,0.49265000224113464,0.21472300589084625,0.012738999910652637,924297,0.12303899973630905,0.16882500052452087,0.51236999034881592,0.18928200006484985,0.0064840000122785568,712027,0.10472500324249268,0.13948899507522583,0.4644629955291748,0.26702600717544556,0.024297000840306282,394981,0.11612699925899506,0.15852400660514832,0.48549199104309082,0.22337800264358521,0.016479000449180603,293940,0.127593994140625,0.17009599506855011,0.48621800541877747,0.20367799699306488,0.012413999997079372,148037,0.11670699715614319,0.13370299339294434,0.49134299159049988,0.23486000299453735,0.023385999724268913
34330,5867525,3394149,0.11825799942016602,0.16162300109863281,0.49264699220657349,0.2147269994020462,0.012745000422000885,924350,0.12304099649190903,0.16881699860095978,0.51235699653625488,0.18929299712181091,0.0064920000731945038,712066,0.1047229990363121,0.13954499363899231,0.4644089937210083,0.26701700687408447,0.024305000901222229,394992,0.11610399931669235,0.15841299295425415,0.48556900024414062,0.2234169989824295,0.016496999189257622,293919,0.12754499912261963,0.17005999386310577,0.48633098602294922,0.20364800095558167,0.012415000237524509,148049,0.11676499992609024,0.1338140070438385,0.49122899770736694,0.23476000130176544,0.023430999368429184
34331,5867745,3394253,0.1182510033249855,0.16161799430847168,0.49264401197433472,0.21474100649356842,0.012746999971568584,924357,0.1230349987745285,0.16880799829959869,0.5123559832572937,0.189301997423172,0.0064989998936653137,712053,0.10473199933767319,0.13955999910831451,0.46438500285148621,0.26700401306152344,0.024318000301718712,395047,0.11606699973344803,0.15843400359153748,0.48557999730110168,0.22342899441719055,0.016488999128341675,293961,0.12758199870586395,0.17007400095462799,0.48622098565101624,0.20370000600814819,0.012423000298440456,148074,0.11682700365781784,0.13375699520111084,0.49116000533103943,0.23480799794197083,0.023447999730706215
34332,5867949,3394409,0.11825499683618546,0.16161200404167175,0.49264499545097351,0.21473400294780731,0.012753999792039394,924394,0.12302699685096741,0.16883100569248199,0.51233601570129395,0.18930600583553314,0.0065020001493394375,712085,0.10474299639463425,0.13954700529575348,0.46431100368499756,0.26708298921585083,0.024315999820828438,395048,0.11597300320863724,0.15849700570106506,0.48560699820518494,0.22340799868106842,0.016513999551534653,293933,0.12762799859046936,0.17003199458122253,0.48622998595237732,0.20368200540542603,0.012427999638020992,148080,0.11674100160598755,0.13381299376487732,0.49109899997711182,0.23488700389862061,0.02346000075340271
34333,5868190,3394528,0.11825799942016602,0.16161300241947174,0.49263599514961243,0.21472899615764618,0.012763000093400478,924428,0.1230119988322258,0.16883200407028198,0.51232200860977173,0.18932700157165527,0.0065069999545812607,712150,0.10470099747180939,0.13957199454307556,0.46429398655891418,0.26709499955177307,0.024337999522686005,395097,0.11594899743795395,0.15851800143718719,0.48556399345397949,0.22344599664211273,0.016522999852895737,293947,0.12763500213623047,0.17004799842834473,0.48616901040077209,0.20370000600814819,0.01244799979031086,148040,0.11677899956703186,0.13383500277996063,0.4911310076713562,0.23482799530029297,0.023426000028848648
34334,5868432,3394633,0.11826100200414658,0.16162000596523285,0.49263098835945129,0.21471500396728516,0.012772999703884125,924475,0.12300600111484528,0.16882400214672089,0.51230800151824951,0.18934999406337738,0.0065120002254843712,712194,0.10471700131893158,0.13955500721931458,0.46427801251411438,0.26711401343345642,0.02433600090444088,395137,0.11590400338172913,0.15856300294399261,0.48554599285125732,0.22344399988651276,0.016543999314308167,293951,0.12757599353790283,0.17006899416446686,0.48615598678588867,0.20375500619411469,0.012443999759852886,148042,0.1167910024523735,0.13382700085639954,0.49100899696350098,0.23493300378322601,0.023438999429345131
34335,5868658,3394776,0.11825799942016602,0.16161499917507172,0.49262601137161255,0.2147199958562851,0.012780999764800072,924518,0.12301000207662582,0.16881699860095978,0.51231098175048828,0.18934500217437744,0.0065170000307261944,712207,0.10470300167798996,0.13952100276947021,0.46429800987243652,0.26713699102401733,0.024341000244021416,395123,0.11588799953460693,0.15862399339675903,0.48557499051094055,0.2233709990978241,0.016542000696063042,293971,0.12755699455738068,0.17004700005054474,0.48612299561500549,0.20383299887180328,0.012439999729394913,148063,0.11680199950933456,0.13373999297618866,0.49104800820350647,0.23500800132751465,0.023401999846100807
34336,5868931,3394964,0.11825799942016602,0.16161100566387177,0.49261298775672913,0.2147269994020462,0.012791000306606293,924589,0.1230200007557869,0.16879799962043762,0.51229900121688843,0.18936799466609955,0.0065139997750520706,712152,0.10467299818992615,0.13952900469303131,0.46430501341819763,0.26714000105857849,0.024352999404072762,395133,0.11586999893188477,0.15866099298000336,0.48555299639701843,0.22335800528526306,0.016558999195694923,294018,0.12757700681686401,0.17004400491714478,0.48610600829124451,0.20383100211620331,0.01244099996984005,148075,0.1169470027089119,0.13367600739002228,0.49105501174926758,0.23490799963474274,0.023414000868797302
34337,5869165,3395168,0.11824200302362442,0.16162900626659393,0.49259999394416809,0.21473200619220734,0.012795999646186829,924568,0.12298499792814255,0.16880600154399872,0.51231402158737183,0.18937699496746063,0.0065179998055100441,712190,0.10470400005578995,0.13954100012779236,0.46428200602531433,0.2671160101890564,0.02435700036585331,395116,0.11585500091314316,0.15860399603843689,0.48558101058006287,0.22339500486850739,0.016565000638365746,294027,0.12759700417518616,0.17006899416446686,0.48605400323867798,0.20382499694824219,0.01245499961078167,148096,0.11694400012493134,0.13372400403022766,0.49095898866653442,0.23496900498867035,0.023404000326991081
34338,5869392,3395309,0.11823999881744385,0.16162200272083282,0.49260100722312927,0.21473099291324615,0.012807000428438187,924606,0.12298999726772308,0.16879299283027649,0.51234102249145508,0.18934999406337738,0.0065259998664259911,712181,0.10464499890804291,0.13956299424171448,0.46426001191139221,0.26716500520706177,0.024367000907659531,395154,0.11587399989366531,0.15862399339675903,0.48548701405525208,0.22344699501991272,0.016567999497056007,294041,0.12758399546146393,0.17011600732803345,0.48603400588035583,0.20380799472332001,0.012457000091671944,148101,0.11702799797058105,0.13359799981117249,0.4910300076007843,0.23492099344730377,0.023422999307513237
34339,5869588,3395504,0.11823199689388275,0.16161899268627167,0.49260398745536804,0.21472799777984619,0.012817000038921833,924615,0.122980996966362,0.16880099475383759,0.5123400092124939,0.18934699892997742,0.0065310001373291016,712189,0.10467299818992615,0.13950799405574799,0.46424901485443115,0.26719701290130615,0.024373000487685204,395142,0.11579100042581558,0.15865899622440338,0.4855169951915741,0.22347700595855713,0.016556000337004662,294051,0.1275629997253418,0.1701509952545166,0.48601800203323364,0.20379100739955902,0.012477000243961811,148087,0.11697900295257568,0.1335500031709671,0.49111700057983398,0.23493599891662598,0.023419000208377838
34340,5869802,3395575,0.11822199821472168,0.16161000728607178,0.49260300397872925,0.21473899483680725,0.012826000340282917,924635,0.12298599630594254,0.16878299415111542,0.51234298944473267,0.18934899568557739,0.0065390001982450485,712169,0.10464499890804291,0.13951300084590912,0.4643000066280365,0.26717099547386169,0.02437100000679493,395175,0.11580699682235718,0.15862800180912018,0.48547598719596863,0.22350099682807922,0.016588000580668449,294118,0.12758499383926392,0.17010499536991119,0.48605000972747803,0.20376899838447571,0.012492000125348568,148130,0.11697199940681458,0.13373400270938873,0.49099400639533997,0.23486800491809845,0.023431999608874321
34341,5870085,3395698,0.11822400242090225,0.16159899532794952,0.49260199069976807,0.21473799645900726,0.012835999950766563,924698,0.12298700213432312,0.16878899931907654,0.51231902837753296,0.18936100602149963,0.0065440000034868717,712214,0.10463599860668182,0.1395380049943924,0.46426498889923096,0.26716300845146179,0.024398999288678169,395159,0.11579599976539612,0.1586650013923645,0.48548799753189087,0.22348499298095703,0.016565000638365746,294131,0.12756200134754181,0.17009399831295013,0.48608300089836121,0.20376299321651459,0.012497999705374241,148185,0.1169549971818924,0.13377200067043304,0.49094000458717346,0.23495000600814819,0.023383000865578651
34342,5870341,3395754,0.11821699887514114,0.16159200668334961,0.49260601401329041,0.21473999321460724,0.01284599956125021,924730,0.12299499660730362,0.16877700388431549,0.51232802867889404,0.18935500085353851,0.0065460000187158585,712233,0.10461200028657913,0.13955000042915344,0.46427801251411438,0.26714301109313965,0.024418000131845474,395221,0.11582899838685989,0.15865300595760345,0.48547500371932983,0.22347700595855713,0.016565000638365746,294190,0.12758800387382507,0.17003299295902252,0.48612499237060547,0.20375299453735352,0.012501999735832214,148213,0.11702799797058105,0.13377399742603302,0.49070599675178528,0.2350739985704422,0.023419000208377838
34343,5870544,3395811,0.11821600049734116,0.16158199310302734,0.49261000752449036,0.21473999321460724,0.012852000072598457,924738,0.12297800183296204,0.16879500448703766,0.51232099533081055,0.18936200439929962,0.0065449997782707214,712212,0.1045759990811348,0.13957400619983673,0.46427199244499207,0.26715201139450073,0.024427000433206558,395301,0.11585900187492371,0.15859299898147583,0.48541000485420227,0.22357399761676788,0.016565000638365746,294210,0.12754799425601959,0.17002500593662262,0.48615598678588867,0.20376899838447571,0.012501000426709652,148272,0.11707500368356705,0.13387599587440491,0.49055799841880798,0.23504799604415894,0.023443000391125679
34344,5870757,3396012,0.11819999665021896,0.16158199310302734,0.4926069974899292,0.2147500067949295,0.012861999683082104,924803,0.12297400087118149,0.16878500580787659,0.51230597496032715,0.18938800692558289,0.0065460000187158585,712208,0.10452300310134888,0.13959500193595886,0.46432098746299744,0.26713299751281738,0.024428000673651695,395259,0.11589100211858749,0.15860700607299805,0.485291987657547,0.22363600134849548,0.01657399907708168,294225,0.12758299708366394,0.16999900341033936,0.48616901040077209,0.20374499261379242,0.012504000216722488,148250,0.11726099997758865,0.13382799923419952,0.49047601222991943,0.23497499525547028,0.02346000075340271
34345,5870998,3396222,0.11819499731063843,0.16157899796962738,0.49259498715400696,0.21476399898529053,0.012866999953985214,924841,0.12296299636363983,0.16881400346755981,0.51227098703384399,0.18940599262714386,0.0065469997934997082,712189,0.10452699661254883,0.13956999778747559,0.46433299779891968,0.26713699102401733,0.024433000013232231,395261,0.11595600098371506,0.15856899321079254,0.48523399233818054,0.22365200519561768,0.016589000821113586,294242,0.12755100429058075,0.17001000046730042,0.48619800806045532,0.20370300114154816,0.012536999769508839,148243,0.1171720027923584,0.1338140070438385,0.49055299162864685,0.23495200276374817,0.02350899949669838
34346,5871204,3396407,0.11819399893283844,0.16157500445842743,0.49259799718856812,0.21476000547409058,0.012873000465333462,924855,0.12294299900531769,0.16880300641059875,0.51227599382400513,0.1894260048866272,0.0065520000644028187,712253,0.10451199859380722,0.13958899676799774,0.46426200866699219,0.26717999577522278,0.024455999955534935,395247,0.11599300056695938,0.1585409939289093,0.48515999317169189,0.22369800508022308,0.016606999561190605,294232,0.12753200531005859,0.17001199722290039,0.48619100451469421,0.20373000204563141,0.012533999979496002,148210,0.11713100224733353,0.13382400572299957,0.49079000949859619,0.23472799360752106,0.023527000099420547
34347,5871460,3396592,0.11820600181818008,0.16157600283622742,0.49257400631904602,0.21476200222969055,0.012881999835371971,924886,0.12293700128793716,0.16879799962043762,0.51225799322128296,0.18945099413394928,0.0065549998544156551,712236,0.10447099804878235,0.13954900205135345,0.46428400278091431,0.26721999049186707,0.02447500079870224,395253,0.11605700105428696,0.15851099789142609,0.48517298698425293,0.22364699840545654,0.01661200076341629,294249,0.12749099731445312,0.17001600563526154,0.48625099658966064,0.20369799435138702,0.012543999589979649,148244,0.11703699827194214,0.13386000692844391,0.49085301160812378,0.23474800586700439,0.02350199967622757
34348,5871716,3396685,0.11820799857378006,0.16156600415706635,0.49257200956344604,0.21476300060749054,0.012889999896287918,924929,0.12294500321149826,0.16877500712871552,0.51225799322128296,0.18946099281311035,0.0065620001405477524,712303,0.10446500033140182,0.13957299292087555,0.46426698565483093,0.26719200611114502,0.024501999840140343,395231,0.11603599786758423,0.15851700305938721,0.48520499467849731,0.2236189991235733,0.016622999683022499,294313,0.12750400602817535,0.17003999650478363,0.48624101281166077,0.20367799699306488,0.012538000009953976,148255,0.11700800061225891,0.13382300734519958,0.49084299802780151,0.2348179966211319,0.023507000878453255
34349,5871967,3396853,0.11821100115776062,0.16155700385570526,0.49255898594856262,0.21477100253105164,0.012900999747216702,924944,0.12294899672269821,0.16877500712871552,0.51223498582839966,0.18947100639343262,0.0065700002014636993,712322,0.10450799763202667,0.13955199718475342,0.46428000926971436,0.26717299222946167,0.024488000199198723,395250,0.1160150021314621,0.15851700305938721,0.48524001240730286,0.22359800338745117,0.016629999503493309,294331,0.12752600014209747,0.17004300653934479,0.48619100451469421,0.20370300114154816,0.012536999769508839,148267,0.11698500066995621,0.13386000692844391,0.49075698852539062,0.23484000563621521,0.023559000343084335
34350,5872205,3396964,0.11820600181818008,0.16155299544334412,0.49254700541496277,0.21478499472141266,0.012908999808132648,925008,0.12295500189065933,0.16877800226211548,0.51223200559616089,0.18945799767971039,0.0065770000219345093,712387,0.10447700321674347,0.1395689994096756,0.46427899599075317,0.26718899607658386,0.024486999958753586,395226,0.11608000099658966,0.15848900377750397,0.48517799377441406,0.22362600266933441,0.01662600040435791,294329,0.12750400602817535,0.1700270026922226,0.48621100187301636,0.20372100174427032,0.012536999769508839,148291,0.11697900295257568,0.1339389979839325,0.49079200625419617,0.23470699787139893,0.023582000285387039
34351,5872462,3397061,0.11820200085639954,0.16155199706554413,0.49254700541496277,0.21477900445461273,0.012919000349938869,925036,0.1229420006275177,0.16878199577331543,0.51223498582839966,0.1894569993019104,0.0065839998424053192,712492,0.10449899733066559,0.1395999938249588,0.46424001455307007,0.26717200875282288,0.02448900043964386,395240,0.11607900261878967,0.1584479957818985,0.48517900705337524,0.22366699576377869,0.016628000885248184,294339,0.12754000723361969,0.16999100148677826,0.48618099093437195,0.20374099910259247,0.01254700031131506,148294,0.11699700355529785,0.13391000032424927,0.49076798558235168,0.23471599817276001,0.023608999326825142
34352,5872705,3397230,0.11819999665021896,0.16156299412250519,0.49253201484680176,0.21477900445461273,0.012926000170409679,925096,0.12293899804353714,0.16878500580787659,0.51221299171447754,0.18947799503803253,0.006585999857634306,712478,0.10447599738836288,0.13959699869155884,0.46426001191139221,0.2671700119972229,0.02449600026011467,395267,0.11604800075292587,0.15842700004577637,0.48519399762153625,0.2236970067024231,0.016634000465273857,294323,0.12750600278377533,0.17001399397850037,0.48618400096893311,0.2037460058927536,0.012551000341773033,148311,0.11699099838733673,0.13393500447273254,0.49077999591827393,0.23466199636459351,0.023632999509572983
34353,5872934,3397329,0.11818599700927734,0.16155999898910522,0.49253800511360168,0.21477900445461273,0.012935999780893326,925105,0.12291800230741501,0.16880699992179871,0.51218801736831665,0.18950100243091583,0.006585999857634306,712531,0.10450199991464615,0.13963699340820312,0.46420300006866455,0.2671700119972229,0.024486999958753586,395362,0.11607600003480911,0.15835599601268768,0.48520100116729736,0.22372899949550629,0.016637999564409256,294334,0.12754200398921967,0.17004199326038361,0.48607999086380005,0.2037619948387146,0.012574000284075737,148273,0.11691900342702866,0.13385400176048279,0.49087798595428467,0.2346549928188324,0.02369300089776516
34354,5873146,3397464,0.11817499995231628,0.16154800355434418,0.49254700541496277,0.21478499472141266,0.01294500008225441,925106,0.12290500104427338,0.16879099607467651,0.51220697164535522,0.18950900435447693,0.006587000098079443,712555,0.10452400147914886,0.1396310031414032,0.4641759991645813,0.26716101169586182,0.024507999420166016,395378,0.11603599786758423,0.15839800238609314,0.48513099551200867,0.22379599511623383,0.01664000004529953,294342,0.12754899263381958,0.17007100582122803,0.4860369861125946,0.2037699967622757,0.012574000284075737,148301,0.11698500066995621,0.13397100567817688,0.49079200625419617,0.23460400104522705,0.02364799939095974
34355,5873376,3397614,0.11817199736833572,0.16155500710010529,0.49253898859024048,0.21477699279785156,0.012955999933183193,925144,0.12290199846029282,0.16878600418567657,0.51221901178359985,0.18949800729751587,0.0065959999337792397,712572,0.1044979989528656,0.13963499665260315,0.4641680121421814,0.26716500520706177,0.024535000324249268,395364,0.11604999750852585,0.1584240049123764,0.48502600193023682,0.22385700047016144,0.016643000766634941,294366,0.12751799821853638,0.17002600431442261,0.48613300919532776,0.20375299453735352,0.012569000013172626,148316,0.11695999652147293,0.13396400213241577,0.49081000685691833,0.23462699353694916,0.023638999089598656
34356,5873622,3397724,0.11815299838781357,0.16155800223350525,0.49253898859024048,0.21478599309921265,0.01296399999409914,925247,0.12289900332689285,0.16878999769687653,0.51223301887512207,0.18947699666023254,0.0066010002046823502,712603,0.10453200340270996,0.13960400223731995,0.46414101123809814,0.2671700119972229,0.024553999304771423,395349,0.11602699756622314,0.15850800275802612,0.48493900895118713,0.22389300167560577,0.01663300022482872,294361,0.12750299274921417,0.16998499631881714,0.48612800240516663,0.20380100607872009,0.012582999654114246,148338,0.11700300127267838,0.13396400213241577,0.49074399471282959,0.23469999432563782,0.023587999865412712
34357,5873848,3397867,0.11813099682331085,0.16156899929046631,0.49254700541496277,0.21477599442005157,0.012977000325918198,925270,0.12291499972343445,0.16877000033855438,0.51220601797103882,0.18950699269771576,0.0066010002046823502,712568,0.10451799631118774,0.13962900638580322,0.4640670120716095,0.26720800995826721,0.024578999727964401,395355,0.11603999882936478,0.15848800539970398,0.48495098948478699,0.22390499711036682,0.016614999622106552,294397,0.12747800350189209,0.17000199854373932,0.4860990047454834,0.20383700728416443,0.01258500013500452,148391,0.11697500199079514,0.13395699858665466,0.4907509982585907,0.23475100100040436,0.023566000163555145
34358,5874072,3398013,0.11812400072813034,0.16157899796962738,0.49253299832344055,0.21478299796581268,0.012981000356376171,925274,0.12291300296783447,0.16875399649143219,0.51221197843551636,0.18951499462127686,0.0066069997847080231,712620,0.10449600219726562,0.13964000344276428,0.46406900882720947,0.26718300580978394,0.024612000212073326,395310,0.11603599786758423,0.1584630012512207,0.48497900366783142,0.22390499711036682,0.016617000102996826,294472,0.12747199833393097,0.16994500160217285,0.48609700798988342,0.20387700200080872,0.012609000317752361,148383,0.11698099970817566,0.13399800658226013,0.49085798859596252,0.23460899293422699,0.02355399914085865
34359,5874319,3398080,0.11812499910593033,0.16157400608062744,0.49252799153327942,0.2147819995880127,0.012990999966859818,925296,0.1229109987616539,0.16875100135803223,0.51219600439071655,0.18953199684619904,0.0066100000403821468,712671,0.10447899997234344,0.13960300385951996,0.46408200263977051,0.26721400022506714,0.02462100051343441,395332,0.11601900309324265,0.1585250049829483,0.48496699333190918,0.22387300431728363,0.016615999862551689,294520,0.12745800614356995,0.16999900341033936,0.48597699403762817,0.2039249986410141,0.012640999630093575,148420,0.11697199940681458,0.13405199348926544,0.49083700776100159,0.23459799587726593,0.023540999740362167
34360,5874551,3398208,0.11813200265169144,0.16157400608062744,0.49251401424407959,0.2147819995880127,0.012997999787330627,925321,0.12290699779987335,0.16872499883174896,0.51223397254943848,0.189519003033638,0.00661499984562397,712663,0.10442899912595749,0.13960899412631989,0.46412798762321472,0.26720601320266724,0.024627000093460083,395324,0.116068996489048,0.15845699608325958,0.48495900630950928,0.22386999428272247,0.016644999384880066,294570,0.12747399508953094,0.1699800044298172,0.48593199253082275,0.20396499335765839,0.012648999691009521,148465,0.11684899777173996,0.13421300053596497,0.49080300331115723,0.23456700146198273,0.023568000644445419
34361,5874764,3398309,0.11813300102949142,0.16156400740146637,0.49250501394271851,0.2147970050573349,0.013000999577343464,925336,0.1228950023651123,0.16872900724411011,0.51225501298904419,0.18950800597667694,0.0066129998303949833,712693,0.10441700369119644,0.13961100578308105,0.46418198943138123,0.26715400815010071,0.024636000394821167,395364,0.11609599739313126,0.15848700702190399,0.4849030077457428,0.2238599956035614,0.016656000167131424,294573,0.12740500271320343,0.17000499367713928,0.48594701290130615,0.2039870023727417,0.012656000442802906,148489,0.11678999662399292,0.13417799770832062,0.49089199304580688,0.23454299569129944,0.023598000407218933
34362,5875009,3398412,0.11814100295305252,0.16155800223350525,0.49248999357223511,0.21480399370193481,0.013008000329136848,925367,0.12290199846029282,0.16872100532054901,0.51225799322128296,0.18949200212955475,0.0066269999369978905,712732,0.10442099720239639,0.1396079957485199,0.46418601274490356,0.26714399456977844,0.02464199997484684,395389,0.11605300009250641,0.15849499404430389,0.48494499921798706,0.22382800281047821,0.016680000349879265,294587,0.127360999584198,0.16997699439525604,0.48599201440811157,0.20401400327682495,0.012655000202357769,148522,0.11676400154829025,0.13418200612068176,0.49087700247764587,0.23462499678134918,0.023552000522613525
34363,5875265,3398575,0.11814700067043304,0.16155199706554413,0.49247398972511292,0.21481199562549591,0.013013999909162521,925408,0.12289199978113174,0.1687140017747879,0.51226997375488281,0.18949300050735474,0.006632000207901001,712757,0.10443399846553802,0.13958500325679779,0.46417400240898132,0.26714900135993958,0.024659000337123871,395376,0.11605899780988693,0.15847699344158173,0.48496100306510925,0.22383299469947815,0.016669999808073044,294565,0.12735000252723694,0.17000299692153931,0.4859670102596283,0.20403000712394714,0.012648999691009521,148584,0.11670800298452377,0.13415999710559845,0.49094098806381226,0.23464800417423248,0.023541999980807304
34364,5875539,3398722,0.1181429997086525,0.16154399514198303,0.4924750030040741,0.21481700241565704,0.013020999729633331,925431,0.12287800014019012,0.16870500147342682,0.51226997375488281,0.18951000273227692,0.0066370000131428242,712827,0.10445000231266022,0.13958500325679779,0.464121013879776,0.26718699932098389,0.024656999856233597,395407,0.11606799811124802,0.15844400227069855,0.48491299152374268,0.22387799620628357,0.016697000712156296,294571,0.12733100354671478,0.1699959933757782,0.48603901267051697,0.20397800207138062,0.012656000442802906,148581,0.11677099764347076,0.13433100283145905,0.49087700247764587,0.23441800475120544,0.023602999746799469
34365,5875759,3398820,0.11812999844551086,0.16154499351978302,0.49248600006103516,0.21480800211429596,0.013031000271439552,925465,0.12289199978113174,0.16870999336242676,0.51222497224807739,0.18953199684619904,0.0066419998183846474,712923,0.10448499768972397,0.13956299424171448,0.46409499645233154,0.26717999577522278,0.024676000699400902,395408,0.11602699756622314,0.15842099487781525,0.48497799038887024,0.22386999428272247,0.016704000532627106,294559,0.12732599675655365,0.17005400359630585,0.48593699932098389,0.20400699973106384,0.012676999904215336,148584,0.11670199781656265,0.13432100415229797,0.49081999063491821,0.23456099629402161,0.023595999926328659
34366,5876015,3398911,0.11812599748373032,0.16154100000858307,0.49248000979423523,0.21481400728225708,0.013039000332355499,925516,0.12291000038385391,0.1686909943819046,0.51220297813415527,0.18954800069332123,0.0066479998640716076,712908,0.10449600219726562,0.13958600163459778,0.46405300498008728,0.26718598604202271,0.024678999558091164,395503,0.11602699756622314,0.15843899548053741,0.48494699597358704,0.22385400533676147,0.016733000054955482,294600,0.1272909939289093,0.16999299824237823,0.48605901002883911,0.20398800075054169,0.012667999602854252,148577,0.11664699763059616,0.13444200158119202,0.49074900150299072,0.23451100289821625,0.023651000112295151
34367,5876248,3399155,0.11811500042676926,0.16153299808502197,0.49247398972511292,0.21482999622821808,0.013047000393271446,925477,0.12289799749851227,0.16871599853038788,0.51219898462295532,0.18953900039196014,0.0066479998640716076,712931,0.10450399667024612,0.13957199454307556,0.46404200792312622,0.26719701290130615,0.024684999138116837,395526,0.11598200350999832,0.15847499668598175,0.48500999808311462,0.22378599643707275,0.016746999695897102,294611,0.12730699777603149,0.16997000575065613,0.4860750138759613,0.2039639949798584,0.012684999965131283,148548,0.11672300100326538,0.13446800410747528,0.49059599637985229,0.23450300097465515,0.023709999397397041
34368,5876478,3399314,0.1181040033698082,0.16154100000858307,0.49246799945831299,0.21483199298381805,0.013054000213742256,925524,0.12288500368595123,0.16869799792766571,0.51219701766967773,0.18956999480724335,0.0066490001045167446,712908,0.10447899997234344,0.13959600031375885,0.46404999494552612,0.26718598604202271,0.024689000099897385,395536,0.11596699804067612,0.15849600732326508,0.48501798510551453,0.22375699877738953,0.016761999577283859,294653,0.12725499272346497,0.16995200514793396,0.48607298731803894,0.20399199426174164,0.012726999819278717,148543,0.1167680025100708,0.13441899418830872,0.4905250072479248,0.23454500734806061,0.023744000121951103
34369,5876753,3399474,0.11810600012540817,0.16153900325298309,0.49244400858879089,0.2148510068655014,0.013059999793767929,925556,0.12288100272417068,0.16866700351238251,0.51221197843551636,0.18959499895572662,0.0066450000740587711,713068,0.10452400147914886,0.13957899808883667,0.46403101086616516,0.26715099811553955,0.024714000523090363,395508,0.11597000062465668,0.15855099260807037,0.48501700162887573,0.22371000051498413,0.016752999275922775,294659,0.12728999555110931,0.16993899643421173,0.48608401417732239,0.20394399762153625,0.012744000181555748,148488,0.11659500002861023,0.13442200422286987,0.49069300293922424,0.23453100025653839,0.02375900000333786
34370,5876934,3399572,0.11810299754142761,0.16153299808502197,0.492451012134552,0.21484999358654022,0.013063999824225903,925589,0.1228490024805069,0.16868199408054352,0.51223200559616089,0.18959200382232666,0.0066450000740587711,713207,0.10454899817705154,0.1395840048789978,0.46398299932479858,0.26716399192810059,0.024721000343561172,395475,0.11594700068235397,0.15853600203990936,0.48502400517463684,0.22372099757194519,0.01677200011909008,294648,0.12725399434566498,0.1699180006980896,0.48608499765396118,0.20400600135326385,0.012737000361084938,148443,0.11661700159311295,0.13443499803543091,0.49064001441001892,0.23454099893569946,0.023767000064253807
34371,5877171,3399715,0.11810600012540817,0.16152599453926086,0.49244499206542969,0.2148510068655014,0.013073000125586987,925611,0.12286499887704849,0.16866700351238251,0.51221299171447754,0.18960799276828766,0.0066479998640716076,713301,0.1045600026845932,0.13956800103187561,0.4639739990234375,0.26716598868370056,0.024731000885367393,395449,0.11587599664926529,0.15857400000095367,0.48503100872039795,0.2237430065870285,0.016775999218225479,294637,0.12723800539970398,0.16994500160217285,0.48606300354003906,0.20399999618530273,0.012755000032484531,148458,0.11659900099039078,0.1344819962978363,0.49073100090026855,0.23441599309444427,0.023770999163389206
34372,5877384,3399890,0.11809899657964706,0.16153299808502197,0.4924289882183075,0.21486000716686249,0.013079999946057796,925636,0.12284699827432632,0.1686680018901825,0.51218801736831665,0.18964199721813202,0.0066550001502037048,713332,0.10456400364637375,0.13956199586391449,0.46397298574447632,0.26716199517250061,0.024738999083638191,395464,0.1158209964632988,0.15860599279403687,0.48504799604415894,0.22372999787330627,0.016795000061392784,294647,0.12723700702190399,0.16992899775505066,0.48609700798988342,0.20397600531578064,0.012760999612510204,148415,0.11652500182390213,0.13450799882411957,0.49079298973083496,0.23439699411392212,0.023778000846505165
34373,5877610,3399935,0.11810000240802765,0.16152200102806091,0.49243301153182983,0.21485799551010132,0.013088000006973743,925655,0.12284599989652634,0.16866199672222137,0.51217597723007202,0.18965600430965424,0.006659999955445528,713450,0.10458499938249588,0.13955299556255341,0.46393701434135437,0.26717400550842285,0.024752000346779823,395445,0.11581599712371826,0.15867400169372559,0.48502799868583679,0.22367699444293976,0.016804000362753868,294658,0.12726600468158722,0.16989900171756744,0.48606500029563904,0.20401300489902496,0.012756999582052231,148467,0.11635600030422211,0.13454200327396393,0.49085700511932373,0.23446999490261078,0.023776000365614891
34374,5877853,3400144,0.11810100078582764,0.16150900721549988,0.4924289882183075,0.21486200392246246,0.013098999857902527,925640,0.12285300344228745,0.16864499449729919,0.51217097043991089,0.18965999782085419,0.0066700000315904617,713430,0.10458199679851532,0.13954399526119232,0.46392598748207092,0.26716798543930054,0.024778999388217926,395448,0.11579500138759613,0.15869100391864777,0.48505499958992004,0.22366499900817871,0.016793999820947647,294684,0.1272989958524704,0.16993799805641174,0.48598200082778931,0.20402500033378601,0.012756000272929668,148507,0.1163719967007637,0.13455900549888611,0.49089300632476807,0.23445999622344971,0.023716000840067863
34375,5878066,3400291,0.11808899790048599,0.16151100397109985,0.49241501092910767,0.2148749977350235,0.013109000399708748,925666,0.1228490024805069,0.16865399479866028,0.5121539831161499,0.18966600298881531,0.0066769998520612717,713475,0.10458099842071533,0.139506995677948,0.46398299932479858,0.26715201139450073,0.024777000769972801,395442,0.11582999676465988,0.15868799388408661,0.48505699634552002,0.22360299527645111,0.016821999102830887,294675,0.12725900113582611,0.16993600130081177,0.48600700497627258,0.20404200255870819,0.012756000272929668,148517,0.11637700349092484,0.13463799655437469,0.49073201417922974,0.23453199863433838,0.023721000179648399
34376,5878254,3400417,0.11807700246572495,0.16149899363517761,0.49242499470710754,0.21488100290298462,0.013119000010192394,925705,0.12283500283956528,0.1686519980430603,0.51216697692871094,0.18966099619865417,0.0066849999129772186,713468,0.10457900166511536,0.13952800631523132,0.46396800875663757,0.26714399456977844,0.024779999628663063,395488,0.11582700163125992,0.15872499346733093,0.48500299453735352,0.22359700500965118,0.016847999766469002,294681,0.12722599506378174,0.16990900039672852,0.48597601056098938,0.20412200689315796,0.012765999883413315,148495,0.11646199971437454,0.13467100262641907,0.49066999554634094,0.23447899520397186,0.023717999458312988
34377,5878472,3400539,0.1180730015039444,0.16150100529193878,0.49240401387214661,0.21489700675010681,0.013124000281095505,925739,0.12281399965286255,0.16864100098609924,0.51217800378799438,0.18968099355697632,0.0066849999129772186,713456,0.10454600304365158,0.13953100144863129,0.46398800611495972,0.26715600490570068,0.024778999388217926,395579,0.11586300283670425,0.15872900187969208,0.48495200276374817,0.22359099984169006,0.016863999888300896,294685,0.12723800539970398,0.16986300051212311,0.48597300052642822,0.20413999259471893,0.012787000276148319,148474,0.11647800356149673,0.1347309947013855,0.49079298973083496,0.23424999415874481,0.023747999221086502
34378,5878722,3400769,0.11806699633598328,0.16148999333381653,0.49239999055862427,0.2149139940738678,0.013129999861121178,925769,0.1228019967675209,0.16863599419593811,0.51218599081039429,0.18968400359153748,0.0066920001991093159,713426,0.10457699745893478,0.13950200378894806,0.46397000551223755,0.26714199781417847,0.024809999391436577,395639,0.11585800349712372,0.15876799821853638,0.48490899801254272,0.22360299527645111,0.016860999166965485,294704,0.12720899283885956,0.16984499990940094,0.4860059916973114,0.20413699746131897,0.012803000397980213,148415,0.11642999947071075,0.13477100431919098,0.49074599146842957,0.23428900539875031,0.023763999342918396
34379,5878972,3400955,0.11807999759912491,0.16148300468921661,0.49238300323486328,0.21491900086402893,0.013133999891579151,925781,0.12278600037097931,0.16865700483322144,0.51217097043991089,0.18969599902629852,0.0066909999586641788,713450,0.1045600026845932,0.13947600126266479,0.46400600671768188,0.26713299751281738,0.024825999513268471,395684,0.11586000025272369,0.15875299274921417,0.48491498827934265,0.22359299659729004,0.01688000001013279,294692,0.12724499404430389,0.16982799768447876,0.48595499992370605,0.20414499938488007,0.012826999649405479,148410,0.11637400090694427,0.13470099866390228,0.49089699983596802,0.23431000113487244,0.023717999458312988
34380,5879217,3401102,0.11808700114488602,0.16147699952125549,0.49235698580741882,0.21493899822235107,0.013140000402927399,925816,0.12278100103139877,0.16863299906253815,0.51217597723007202,0.18972299993038177,0.0066860001534223557,713431,0.10452199727296829,0.13947400450706482,0.46400400996208191,0.26715400815010071,0.024846000596880913,395750,0.11586599797010422,0.15877699851989746,0.48497000336647034,0.2234950065612793,0.016891999170184135,294701,0.12725800275802612,0.16990399360656738,0.48593300580978394,0.20407499372959137,0.012830000370740891,148417,0.11636800318956375,0.13468800485134125,0.49093401432037354,0.23430599272251129,0.023702999576926231
34381,5879455,3401237,0.11807899922132492,0.16146999597549438,0.49235400557518005,0.21494899690151215,0.013148000463843346,925869,0.12277500331401825,0.16865000128746033,0.51215201616287231,0.18973200023174286,0.0066900001838803291,713456,0.10453599691390991,0.13946300745010376,0.46400201320648193,0.26715999841690063,0.024838000535964966,395752,0.11588600277900696,0.15879100561141968,0.4849649965763092,0.22345800697803497,0.016899000853300095,294729,0.12722499668598175,0.16993199288845062,0.48594498634338379,0.20406199991703033,0.012835999950766563,148412,0.11633799970149994,0.13463899493217468,0.49076199531555176,0.23451599478721619,0.02374500036239624
34382,5879710,3401366,0.11807599663734436,0.16147099435329437,0.49234700202941895,0.21495500206947327,0.013151999562978745,925928,0.12277500331401825,0.16865000128746033,0.51213699579238892,0.18974700570106506,0.0066909999586641788,713494,0.10450000315904617,0.13945299386978149,0.46397998929023743,0.26720300316810608,0.024863999336957932,395750,0.11587599664926529,0.1588049978017807,0.4849649965763092,0.22345200181007385,0.016901999711990356,294742,0.12718899548053741,0.16993799805641174,0.48599100112915039,0.20405599474906921,0.01282500009983778,148430,0.11644499748945236,0.13470999896526337,0.49065598845481873,0.23439300060272217,0.023795999586582184
34383,5879939,3401551,0.11807599663734436,0.16147300601005554,0.49233999848365784,0.21495400369167328,0.013158000074326992,925983,0.12276100367307663,0.16864900290966034,0.5121309757232666,0.18976399302482605,0.0066949999891221523,713485,0.10445500165224075,0.13943099975585938,0.46399301290512085,0.26724898815155029,0.024871999397873878,395734,0.11588100343942642,0.15883100032806396,0.4849649965763092,0.22339500486850739,0.016928000375628471,294766,0.12715199589729309,0.16991400718688965,0.48599201440811157,0.20411400496959686,0.012826999649405479,148420,0.11643999814987183,0.13473300635814667,0.49068900942802429,0.23432199656963348,0.023817999288439751
34384,5880194,3401758,0.11807700246572495,0.16146199405193329,0.49234500527381897,0.21495099365711212,0.013166000135242939,926022,0.12276600301265717,0.16863900423049927,0.51210099458694458,0.18979400396347046,0.0067010000348091125,713469,0.10443300008773804,0.13946899771690369,0.46392101049423218,0.26729500293731689,0.024880999699234962,395741,0.11587599664926529,0.15874999761581421,0.48511499166488647,0.22331300377845764,0.016945000737905502,294746,0.12715700268745422,0.16993999481201172,0.48598098754882812,0.20409800112247467,0.01282500009983778,148458,0.11651100218296051,0.13483299314975739,0.49054300785064697,0.23427499830722809,0.023838000372052193
34385,5880403,3401878,0.11807399988174438,0.16144800186157227,0.49234798550605774,0.21495500206947327,0.013175999745726585,926038,0.12275300174951553,0.1686519980430603,0.51209902763366699,0.18979400396347046,0.0067030000500380993,713486,0.10441099852323532,0.13953199982643127,0.46385401487350464,0.26730999350547791,0.024893000721931458,395763,0.1158519983291626,0.15870599448680878,0.48514899611473083,0.22335599362850189,0.016937000676989555,294781,0.12716899812221527,0.1699569970369339,0.48598501086235046,0.20407700538635254,0.01281300000846386,148457,0.1165120005607605,0.13480700552463531,0.49053299427032471,0.23424999415874481,0.023899000138044357
34386,5880608,3401964,0.1180569976568222,0.16145999729633331,0.49232301115989685,0.21497899293899536,0.013181000016629696,926065,0.12272900342941284,0.16863200068473816,0.51212501525878906,0.18980999290943146,0.006705000065267086,713561,0.10441599786281586,0.13953100144863129,0.46391400694847107,0.26725798845291138,0.024880999699234962,395801,0.11583100259304047,0.15869300067424774,0.48509699106216431,0.22341300547122955,0.016966000199317932,294758,0.12714500725269318,0.17000399529933929,0.48602199554443359,0.20402500033378601,0.012803999707102776,148459,0.11653000116348267,0.13485200703144073,0.49043801426887512,0.23422600328922272,0.023953000083565712
34387,5880827,3402173,0.11804399639368057,0.16145500540733337,0.49232599139213562,0.21498900651931763,0.013186000287532806,926102,0.12272600084543228,0.16861000657081604,0.51213699579238892,0.18981300294399261,0.0067139999009668827,713498,0.10442200303077698,0.13952699303627014,0.46386098861694336,0.26730000972747803,0.024890000000596046,395825,0.11583700031042099,0.15869599580764771,0.48511800169944763,0.22337600588798523,0.016971999779343605,294748,0.1271120011806488,0.17010800540447235,0.48602500557899475,0.20392699539661407,0.012827999889850616,148481,0.11653299629688263,0.13486599922180176,0.49037298560142517,0.23427200317382812,0.023956000804901123
34388,5881068,3402310,0.11803500354290009,0.16145199537277222,0.4923270046710968,0.21498699486255646,0.013198000378906727,926132,0.12273699790239334,0.16857500374317169,0.5121309757232666,0.18984200060367584,0.0067139999009668827,713547,0.10443700104951859,0.1395300030708313,0.46385601162910461,0.26726999878883362,0.024907000362873077,395855,0.11586300283670425,0.15866899490356445,0.48508399724960327,0.22340799868106842,0.016976000741124153,294749,0.12718300521373749,0.17002299427986145,0.48608800768852234,0.20388899743556976,0.01281800027936697,148475,0.11643700301647186,0.13476300239562988,0.49053400754928589,0.2342820018529892,0.023984000086784363
34389,5881313,3402485,0.11802300065755844,0.16145800054073334,0.49230799078941345,0.21500299870967865,0.013206999748945236,926210,0.12274999916553497,0.16854199767112732,0.51212900876998901,0.18986700475215912,0.006711999885737896,713590,0.10446500033140182,0.13953100144863129,0.46383500099182129,0.26723501086235046,0.02493399940431118,395858,0.11580699682235718,0.15863800048828125,0.4851439893245697,0.22344100475311279,0.016970999538898468,294738,0.12715999782085419,0.17004300653934479,0.48611000180244446,0.20388999581336975,0.012798000127077103,148432,0.11643700301647186,0.1348160058259964,0.49051401019096375,0.23427599668502808,0.023956999182701111
34390,5881578,3402712,0.11801999807357788,0.16145500540733337,0.49230599403381348,0.21500100195407867,0.01321799959987402,926232,0.12276200205087662,0.16854000091552734,0.51209801435470581,0.18987900018692017,0.0067210001870989799,713616,0.10444299876689911,0.13953199982643127,0.46382901072502136,0.26723301410675049,0.024963000789284706,395839,0.11580199748277664,0.15867100656032562,0.48508399724960327,0.223471999168396,0.016971999779343605,294745,0.12721499800682068,0.16997699439525604,0.48615199327468872,0.20384100079536438,0.012814000248908997,148434,0.11650999635457993,0.13480100035667419,0.49050799012184143,0.23427200317382812,0.023910000920295715
34391,5881784,3402897,0.11800699681043625,0.16144800186157227,0.49230599403381348,0.21501100063323975,0.013229000382125378,926260,0.12275300174951553,0.16855299472808838,0.51207798719406128,0.18989400565624237,0.0067230002023279667,713591,0.10442999750375748,0.13952399790287018,0.46386098861694336,0.26720499992370605,0.024980999529361725,395846,0.1158830001950264,0.15864799916744232,0.48504498600959778,0.22347800433635712,0.01694599911570549,294746,0.12720100581645966,0.17000700533390045,0.48613700270652771,0.20384299755096436,0.01281100045889616,148444,0.11652199923992157,0.13473799824714661,0.4904949963092804,0.2342970073223114,0.023948000743985176
34392,5882002,3403056,0.1180030032992363,0.16142900288105011,0.4923039972782135,0.21502800285816193,0.013236000202596188,926255,0.12274300307035446,0.16854800283908844,0.51209002733230591,0.18988899886608124,0.0067300000227987766,713580,0.10444200038909912,0.13953299820423126,0.46383699774742126,0.26720300316810608,0.024984000250697136,395926,0.11586000025272369,0.15865799784660339,0.48509800434112549,0.22341300547122955,0.016969999298453331,294780,0.12720000743865967,0.16999499499797821,0.48614901304244995,0.20382000505924225,0.0128370001912117,148405,0.11654599756002426,0.13481999933719635,0.4904009997844696,0.23424400389194489,0.023987999185919762
34393,5882286,3403168,0.11800800263881683,0.161421999335289,0.49230098724365234,0.21502499282360077,0.013244000263512135,926335,0.12273500114679337,0.16856400668621063,0.51205998659133911,0.18991200625896454,0.0067289997823536396,713554,0.10442099720239639,0.13952699303627014,0.46383899450302124,0.26719200611114502,0.02502099983394146,395960,0.11584799736738205,0.15864500403404236,0.48511999845504761,0.22340099513530731,0.016986999660730362,294818,0.12723399698734283,0.1700270026922226,0.4860759973526001,0.20382100343704224,0.012842000462114811,148451,0.11652299761772156,0.13475200533866882,0.49045100808143616,0.2343129962682724,0.023961000144481659
34394,5882518,3403272,0.1180109977722168,0.16142000257968903,0.49228000640869141,0.21503700315952301,0.013252000324428082,926390,0.12272000312805176,0.16853499412536621,0.51209098100662231,0.1899230033159256,0.0067300000227987766,713603,0.10443100333213806,0.1395380049943924,0.46384501457214355,0.26715698838233948,0.025028999894857407,395999,0.11583100259304047,0.15868699550628662,0.48508501052856445,0.22342200577259064,0.016975000500679016,294787,0.12722399830818176,0.16998399794101715,0.48616799712181091,0.2037539929151535,0.012869999743998051,148467,0.11644300073385239,0.13477699458599091,0.49040499329566956,0.23439599573612213,0.02397800050675869
34395,5882743,3403438,0.11800000071525574,0.16142800450325012,0.49226900935173035,0.21504199504852295,0.013260999694466591,926422,0.12271600216627121,0.16854499280452728,0.51208102703094482,0.18992500007152557,0.0067320000380277634,713599,0.10442099720239639,0.13952000439167023,0.46381101012229919,0.26719799637794495,0.025049999356269836,395975,0.11584100127220154,0.15870200097560883,0.48510900139808655,0.22338299453258514,0.016966000199317932,294816,0.12721799314022064,0.16996400058269501,0.48619499802589417,0.20372700691223145,0.012896000407636166,148493,0.11641599982976913,0.1347540020942688,0.49043399095535278,0.23444199562072754,0.023954000324010849
34396,5882968,3403456,0.11799900233745575,0.16142100095748901,0.49227198958396912,0.21504099667072296,0.013267000205814838,926511,0.12271799892187119,0.16852599382400513,0.51206099987030029,0.18995900452136993,0.0067360000684857368,713644,0.10438100248575211,0.13956500589847565,0.46382400393486023,0.26715600490570068,0.025073999539017677,395998,0.11587399989366531,0.15865500271320343,0.48508599400520325,0.22340799868106842,0.016976999118924141,294834,0.1271899938583374,0.16997000575065613,0.48614099621772766,0.20378200709819794,0.012915999628603458,148525,0.11639799922704697,0.13481900095939636,0.49048998951911926,0.23437799513339996,0.023915000259876251
34397,5883207,3403692,0.11800099909305573,0.16140599548816681,0.49226999282836914,0.21504800021648407,0.013275000266730785,926543,0.12270300090312958,0.16853800415992737,0.51205897331237793,0.18995900452136993,0.0067400000989437103,713628,0.10438100248575211,0.13957700133323669,0.46382701396942139,0.26713401079177856,0.025081999599933624,396004,0.1158749982714653,0.15862199664115906,0.48502498865127563,0.22349299490451813,0.016984999179840088,294809,0.12716400623321533,0.1700190007686615,0.4861760139465332,0.20373199880123138,0.012910000048577785,148531,0.11646699905395508,0.13493500649929047,0.49033498764038086,0.23436200618743896,0.023901000618934631
34398,5883410,3403883,0.11799199879169464,0.16140300035476685,0.49227699637413025,0.21504600346088409,0.013282000087201595,926557,0.12270200252532959,0.16853700578212738,0.51205801963806152,0.18995900452136993,0.0067440001294016838,713539,0.10436700284481049,0.13959899544715881,0.46380901336669922,0.26713201403617859,0.025093000382184982,396086,0.11583799868822098,0.15860900282859802,0.48501300811767578,0.22354499995708466,0.016993999481201172,294817,0.12710599601268768,0.17004400491714478,0.48616600036621094,0.20374999940395355,0.012932999990880489,148528,0.11656399816274643,0.13485699892044067,0.49029800295829773,0.23435300588607788,0.023927999660372734
34399,5883618,3404030,0.11799400299787521,0.16139499843120575,0.49227198958396912,0.21504600346088409,0.013292999938130379,926596,0.12269999831914902,0.16853800415992737,0.51204097270965576,0.18996599316596985,0.0067549999803304672,713517,0.10434599965810776,0.13960300385951996,0.46379798650741577,0.26715698838233948,0.025095000863075256,396149,0.11582999676465988,0.15863700211048126,0.48497900366783142,0.2235649973154068,0.016989000141620636,294784,0.12711699306964874,0.17008399963378906,0.4861220121383667,0.2037460058927536,0.012931999750435352,148542,0.11653299629688263,0.13472999632358551,0.49050799012184143,0.23432399332523346,0.023905999958515167
34400,5883833,3404209,0.11798600107431412,0.16140000522136688,0.49225100874900818,0.21505899727344513,0.013303999789059162,926631,0.12267199903726578,0.16855999827384949,0.51201897859573364,0.18998700380325317,0.0067610000260174274,713458,0.10433699935674667,0.13954600691795349,0.46386998891830444,0.26715099811553955,0.025095999240875244,396244,0.11582300066947937,0.15868799388408661,0.48497399687767029,0.22353099286556244,0.0169840008020401,294777,0.12711299955844879,0.17007799446582794,0.48617801070213318,0.20371000468730927,0.012922000139951706,148514,0.11656799912452698,0.1347620040178299,0.49047198891639709,0.23429399728775024,0.023902999237179756
34401,5884063,3404315,0.11798600107431412,0.16141399741172791,0.49223798513412476,0.21505400538444519,0.013307999819517136,926650,0.12265600264072418,0.16857500374317169,0.51200801134109497,0.1899929940700531,0.0067679998464882374,713522,0.10435300320386887,0.13950799405574799,0.46385401487350464,0.26717999577522278,0.025104999542236328,396213,0.11580400168895721,0.15866999328136444,0.48496600985527039,0.22358199954032898,0.016977999359369278,294829,0.12711399793624878,0.17003099620342255,0.48620399832725525,0.20371100306510925,0.012939999811351299,148534,0.11651899665594101,0.13479100167751312,0.49046701192855835,0.23429000377655029,0.023933999240398407
34402,5884283,3404500,0.11798200011253357,0.16141499578952789,0.49222099781036377,0.21506500244140625,0.01331700012087822,926694,0.12266200035810471,0.16857300698757172,0.5120130181312561,0.18997900187969208,0.0067739998921751976,713463,0.10432899743318558,0.13952900469303131,0.46387100219726562,0.26715800166130066,0.025112999603152275,396262,0.11584299802780151,0.15854200720787048,0.48502799868583679,0.22361700236797333,0.016970999538898468,294863,0.12706199288368225,0.17003500461578369,0.48622599244117737,0.20371800661087036,0.01295899972319603,148501,0.11657799780368805,0.13470600545406342,0.4905019998550415,0.23428100347518921,0.023932000622153282
34403,5884522,3404614,0.11797799915075302,0.161421999335289,0.49221500754356384,0.21506500244140625,0.013321000151336193,926749,0.12264599651098251,0.16858300566673279,0.51197898387908936,0.19001799821853638,0.0067739998921751976,713517,0.10431399941444397,0.13953700661659241,0.4638729989528656,0.26716500520706177,0.025110999122262001,396298,0.11586699634790421,0.15846399962902069,0.48504200577735901,0.2236420065164566,0.016984999179840088,294868,0.12704700231552124,0.16999499499797821,0.48626500368118286,0.20372200012207031,0.012972000055015087,148476,0.11658400297164917,0.13468800485134125,0.49040201306343079,0.23434799909591675,0.023977000266313553
34404,5884779,3404769,0.11797899752855301,0.16141499578952789,0.49220898747444153,0.21506699919700623,0.013330000452697277,926813,0.12263199687004089,0.16859300434589386,0.51198101043701172,0.19002099335193634,0.0067730001173913479,713454,0.10436400026082993,0.1395300030708313,0.4638180136680603,0.26715001463890076,0.025138000026345253,396372,0.11586099863052368,0.15840199589729309,0.48510000109672546,0.22366400063037872,0.016974000260233879,294906,0.12704400718212128,0.17002999782562256,0.48624598979949951,0.20369499921798706,0.012984000146389008,148465,0.11641799658536911,0.13465799391269684,0.4905259907245636,0.23440499603748322,0.02399200014770031
34405,5884977,3404963,0.11796499788761139,0.16141200065612793,0.49220800399780273,0.2150769978761673,0.013337000273168087,926776,0.12261900305747986,0.16858699917793274,0.51197701692581177,0.19003899395465851,0.0067779999226331711,713446,0.10435300320386887,0.13958300650119781,0.4637799859046936,0.26713898777961731,0.0251460000872612,396383,0.11590299755334854,0.15831899642944336,0.48516499996185303,0.22365200519561768,0.016961000859737396,294935,0.12713000178337097,0.17003700137138367,0.48617801070213318,0.20364800095558167,0.013005999848246574,148474,0.11628299951553345,0.13465000689029694,0.49061799049377441,0.23442499339580536,0.024024000391364098
34406,5885232,3405151,0.11796200275421143,0.16140800714492798,0.49220898747444153,0.21508100628852844,0.01334100030362606,926806,0.12264800071716309,0.1685820072889328,0.51195597648620605,0.19002600014209747,0.0067879999987781048,713480,0.10436200350522995,0.13955500721931458,0.46377301216125488,0.26714301109313965,0.02516699954867363,396368,0.11589200049638748,0.15831999480724335,0.48518800735473633,0.22364300489425659,0.016955999657511711,294934,0.12707899510860443,0.17010599374771118,0.48618298768997192,0.20362900197505951,0.013003000058233738,148493,0.11625500023365021,0.13469299674034119,0.49036699533462524,0.23465099930763245,0.024034999310970306
34407,5885495,3405292,0.11796800047159195,0.16140399873256683,0.49219799041748047,0.2150769978761673,0.013353000394999981,926831,0.122639000415802,0.16855199635028839,0.51197898387908936,0.19004100561141968,0.0067889997735619545,713524,0.10430800169706345,0.1395609974861145,0.46381101012229919,0.26714199781417847,0.025179000571370125,396399,0.11598200350999832,0.1582929939031601,0.48510700464248657,0.22365599870681763,0.016962999477982521,294941,0.12711000442504883,0.17012900114059448,0.48611098527908325,0.20363700389862061,0.013012999668717384,148508,0.11625000089406967,0.13466599583625793,0.49039098620414734,0.23467400670051575,0.024018999189138412
34408,5885713,3405445,0.11795999854803085,0.16139799356460571,0.49221000075340271,0.21507400274276733,0.013357000425457954,926863,0.12263099849224091,0.16854199767112732,0.5119749903678894,0.19005799293518066,0.006794000044465065,713551,0.1043350026011467,0.13958099484443665,0.46375700831413269,0.26715999841690063,0.025167999789118767,396409,0.11596599966287613,0.15826800465583801,0.48510000109672546,0.22368599474430084,0.016979999840259552,294950,0.12703500688076019,0.17014400660991669,0.48619401454925537,0.20357699692249298,0.013050000183284283,148495,0.1162400022149086,0.13475899398326874,0.49025198817253113,0.23465399444103241,0.024095000699162483
34409,5885934,3405570,0.11794800311326981,0.16139499843120575,0.49222299456596375,0.2150689959526062,0.013364999555051327,926859,0.12263499945402145,0.16853000223636627,0.51197201013565063,0.19006599485874176,0.0067969998344779015,713614,0.10436700284481049,0.13955999910831451,0.46376198530197144,0.26712900400161743,0.025181999430060387,396460,0.1159840002655983,0.1582379937171936,0.4850119948387146,0.223798006772995,0.016968000680208206,294976,0.12702399492263794,0.1701119989156723,0.48616200685501099,0.20364999771118164,0.013051999732851982,148455,0.11628399789333344,0.13483500480651855,0.49017500877380371,0.23456299304962158,0.024142000824213028
34410,5886174,3405680,0.11793699860572815,0.16139400005340576,0.49222001433372498,0.21507599949836731,0.013373999856412411,926874,0.12262500077486038,0.16852700710296631,0.51196300983428955,0.19008199870586395,0.0068040001206099987,713667,0.1043429970741272,0.13958799839019775,0.46373900771141052,0.2671230137348175,0.025208000093698502,396476,0.11599700152873993,0.15826399624347687,0.48499301075935364,0.22377899289131165,0.016967000439763069,294985,0.12701299786567688,0.17008699476718903,0.48609599471092224,0.20374299585819244,0.013062000274658203,148492,0.11631599813699722,0.13488900661468506,0.49024200439453125,0.2344370037317276,0.024116000160574913
34411,5886445,3405888,0.11793600022792816,0.16139499843120575,0.49221101403236389,0.21507099270820618,0.013387000188231468,926905,0.12263400107622147,0.16854499280452728,0.51192599534988403,0.19009199738502502,0.0068029998801648617,713705,0.1043429970741272,0.1395840048789978,0.46374601125717163,0.26710999011993408,0.025216000154614449,396447,0.11595000326633453,0.15830400586128235,0.48497301340103149,0.22381299734115601,0.016961000859737396,295000,0.12697599828243256,0.17013199627399445,0.48608499765396118,0.20372900366783142,0.013078000396490097,148500,0.11622899770736694,0.1348080039024353,0.4902690052986145,0.23457899689674377,0.024113999679684639
34412,5886667,3405988,0.11793600022792816,0.16139300167560577,0.49220401048660278,0.2150689959526062,0.013398000039160252,926928,0.12263000011444092,0.16854999959468842,0.51190197467803955,0.19010999798774719,0.0068089999258518219,713760,0.1043350026011467,0.13965100049972534,0.46372699737548828,0.267069011926651,0.02521900087594986,396550,0.11589500308036804,0.15827800333499908,0.4850659966468811,0.22381299734115601,0.016948999837040901,294979,0.12697499990463257,0.17012099921703339,0.48608198761940002,0.20374000072479248,0.013082000426948071,148462,0.11617100238800049,0.13479499518871307,0.49022600054740906,0.23471300303936005,0.024094000458717346
34413,5886883,3406102,0.11794000118970871,0.16137999296188354,0.49219599366188049,0.21508200466632843,0.013402000069618225,926958,0.12260600179433823,0.16855199635028839,0.51189500093460083,0.19013400375843048,0.0068129999563097954,713792,0.10437799990177155,0.13959400355815887,0.46377500891685486,0.26701599359512329,0.025236999616026878,396552,0.11586599797010422,0.1583549976348877,0.4849880039691925,0.22383899986743927,0.016951000317931175,295027,0.12697100639343262,0.17010299861431122,0.48607099056243896,0.20376400649547577,0.013089999556541443,148452,0.11607799679040909,0.13489200174808502,0.49019899964332581,0.23469500243663788,0.024135999381542206
34414,5887113,3406280,0.11793000251054764,0.1613910049200058,0.4921799898147583,0.21509100496768951,0.013407999649643898,926982,0.1226079985499382,0.16854700446128845,0.51187998056411743,0.19014599919319153,0.0068190000019967556,713824,0.10439299792051315,0.1395609974861145,0.46381500363349915,0.26698699593544006,0.025243999436497688,396526,0.11586099863052368,0.15835300087928772,0.48502698540687561,0.22378100454807281,0.016976999118924141,295034,0.12695799767971039,0.17012600600719452,0.48604199290275574,0.20378300547599792,0.013089999556541443,148467,0.1160999983549118,0.13496600091457367,0.49006900191307068,0.23473900556564331,0.024126999080181122
34415,5887310,3406408,0.1179250031709671,0.16139599680900574,0.49218401312828064,0.21508200466632843,0.013412999920547009,927037,0.12260399758815765,0.16855299472808838,0.51185297966003418,0.19016300141811371,0.0068270000629127026,713792,0.10438299924135208,0.13955900073051453,0.46378600597381592,0.26701799035072327,0.025253999978303909,396547,0.11582700163125992,0.15840999782085419,0.48497700691223145,0.22381700575351715,0.016969000920653343,295069,0.12688599526882172,0.17010299861431122,0.48603200912475586,0.20387400686740875,0.013105000369250774,148457,0.11614099889993668,0.13490100204944611,0.49007499217987061,0.23478899896144867,0.024095000699162483
34416,5887556,3406452,0.11792600154876709,0.16139499843120575,0.49217399954795837,0.21508400142192841,0.013420999981462955,927080,0.12258899956941605,0.16857700049877167,0.51183599233627319,0.1901710033416748,0.0068270000629127026,713878,0.10439199954271317,0.13955000042915344,0.46382600069046021,0.26695498824119568,0.025276999920606613,396595,0.11582300066947937,0.15836100280284882,0.48496600985527039,0.22387799620628357,0.016971999779343605,295087,0.1268640011548996,0.1700890064239502,0.4859749972820282,0.20396000146865845,0.013110999949276447,148464,0.116116002202034,0.13488100469112396,0.49013200402259827,0.23480400443077087,0.024065999314188957
34417,5887788,3406584,0.1179250031709671,0.16138400137424469,0.49217298626899719,0.21508899331092834,0.013429000042378902,927134,0.12258099764585495,0.16858500242233276,0.51182401180267334,0.19017200171947479,0.006837999913841486,713908,0.10439199954271317,0.13953900337219238,0.46380901336669922,0.26697400212287903,0.025286000221967697,396587,0.11580300331115723,0.1584170013666153,0.48493498563766479,0.22384700179100037,0.01699800044298172,295094,0.12682400643825531,0.17012199759483337,0.48595699667930603,0.20397600531578064,0.013120999559760094,148481,0.11616300046443939,0.13484600186347961,0.490090012550354,0.23483100533485413,0.024070000275969505
34418,5888010,3406705,0.11792699992656708,0.16137200593948364,0.4921720027923584,0.21509000658988953,0.013438000343739986,927148,0.12259300053119659,0.16858400404453278,0.51179397106170654,0.19018000364303589,0.0068490002304315567,713929,0.10440000146627426,0.13950499892234802,0.46379399299621582,0.26700699329376221,0.025294000282883644,396637,0.11578600108623505,0.15844500064849854,0.48492699861526489,0.2238290011882782,0.017013000324368477,295092,0.12674400210380554,0.17014700174331665,0.48596000671386719,0.20399700105190277,0.013151999562978745,148499,0.11612900346517563,0.13487599790096283,0.49016499519348145,0.23478899896144867,0.024041000753641129
34419,5888250,3406830,0.11792799830436707,0.16137799620628357,0.49216300249099731,0.21509000658988953,0.01344200037419796,927195,0.12260200083255768,0.16856899857521057,0.51177901029586792,0.19019199907779694,0.0068580000661313534,713929,0.10441700369119644,0.13953100144863129,0.46373099088668823,0.26703101396560669,0.025290999561548233,396664,0.11576800048351288,0.15840600430965424,0.48497998714447021,0.22382700443267822,0.01701899990439415,295145,0.12671700119972229,0.17013700306415558,0.48598501086235046,0.20398800075054169,0.013172999955713749,148487,0.11613799631595612,0.13480600714683533,0.49016401171684265,0.23478800058364868,0.02410300076007843
34420,5888501,3406963,0.11792299896478653,0.16138699650764465,0.49215400218963623,0.21509000658988953,0.013446000404655933,927228,0.12259999662637711,0.16855600476264954,0.51179498434066772,0.19018499553203583,0.0068629998713731766,713905,0.10443499684333801,0.13953399658203125,0.46367499232292175,0.26705500483512878,0.025299999862909317,396728,0.11576200276613235,0.15840800106525421,0.48495200276374817,0.22383600473403931,0.017041999846696854,295167,0.12668800354003906,0.17010700702667236,0.48598900437355042,0.20402699708938599,0.013189000077545643,148510,0.11603900045156479,0.13492700457572937,0.49005499482154846,0.23484599590301514,0.024133000522851944
34421,5888728,3407076,0.11791300028562546,0.1613830029964447,0.49216398596763611,0.21508699655532837,0.013453000225126743,927257,0.12258200347423553,0.16855500638484955,0.51177901029586792,0.19021700322628021,0.0068660001270473003,713976,0.1044360026717186,0.13957799971103668,0.46367698907852173,0.26700100302696228,0.025309000164270401,396718,0.1158050000667572,0.15835699439048767,0.48484599590301514,0.22395800054073334,0.017035000026226044,295167,0.1266539990901947,0.17008000612258911,0.48599600791931152,0.20407100021839142,0.013198999688029289,148534,0.1160539984703064,0.13493199646472931,0.49002900719642639,0.23485499620437622,0.024128999561071396
34422,5888945,3407201,0.11790499836206436,0.16137699782848358,0.49215799570083618,0.21509599685668945,0.013464000076055527,927291,0.1225769966840744,0.16853499412536621,0.51179802417755127,0.19021899998188019,0.0068709999322891235,714058,0.10448700189590454,0.13960200548171997,0.46364399790763855,0.2669529914855957,0.0253129992634058,396696,0.11579100042581558,0.15834499895572662,0.48488500714302063,0.22392499446868896,0.017053000628948212,295181,0.12659700214862823,0.17008499801158905,0.48601999878883362,0.20410500466823578,0.013191999867558479,148518,0.11604700237512589,0.13495999574661255,0.48989298939704895,0.23498199880123138,0.024118000641465187
34423,5889195,3407388,0.11790599673986435,0.16135799884796143,0.49215599894523621,0.21511299908161163,0.013466999866068363,927323,0.12256000190973282,0.16856600344181061,0.51177698373794556,0.19022400677204132,0.0068720001727342606,714033,0.10446199774742126,0.13961400091648102,0.46361199021339417,0.26698300242424011,0.025328999385237694,396728,0.11584500223398209,0.15828500688076019,0.48491400480270386,0.22387400269508362,0.017082000151276588,295230,0.12657299637794495,0.17010499536991119,0.48602798581123352,0.20411500334739685,0.013179999776184559,148493,0.1160459965467453,0.13510400056838989,0.48982098698616028,0.2348800003528595,0.024149000644683838
34424,5889447,3407551,0.11790599673986435,0.16136099398136139,0.49214598536491394,0.21511299908161163,0.013473999686539173,927386,0.12257999926805496,0.16855399310588837,0.51175898313522339,0.1902330070734024,0.0068740001879632473,714046,0.10444699972867966,0.13957799971103668,0.46366098523139954,0.26695498824119568,0.025359999388456345,396744,0.11587300151586533,0.15829899907112122,0.48479899764060974,0.22394800186157227,0.017082000151276588,295234,0.12655700743198395,0.17014600336551666,0.48602500557899475,0.20408600568771362,0.013186000287532806,148486,0.11602400243282318,0.13500300049781799,0.48992499709129333,0.23489099740982056,0.024157000705599785
34425,5889685,3407724,0.11790700256824493,0.16135799884796143,0.49213099479675293,0.21512100100517273,0.013482999987900257,927419,0.12255199998617172,0.16856099665164948,0.51176798343658447,0.19024300575256348,0.006876000203192234,714055,0.10447700321674347,0.13957600295543671,0.46363499760627747,0.26694598793983459,0.025366000831127167,396756,0.11591000109910965,0.15824800729751587,0.48482400178909302,0.22394600510597229,0.01707099936902523,295257,0.12656800448894501,0.17012299597263336,0.4860750138759613,0.20405299961566925,0.013182000257074833,148474,0.11592599749565125,0.13495300710201263,0.49001199007034302,0.23492300510406494,0.024186000227928162
34426,5889889,3407758,0.11790899932384491,0.16135300695896149,0.49212700128555298,0.21512399613857269,0.013487000018358231,927427,0.12255000323057175,0.16855199635028839,0.51176202297210693,0.19025899469852448,0.0068769999779760838,714140,0.10445699840784073,0.13956800103187561,0.46362200379371643,0.26695701479911804,0.025396000593900681,396798,0.11588999629020691,0.15830199420452118,0.484840989112854,0.2239069938659668,0.017059000208973885,295261,0.12655599415302277,0.17007000744342804,0.48612600564956665,0.20406000316143036,0.013187999837100506,148505,0.1159219965338707,0.13495199382305145,0.49003100395202637,0.23488099873065948,0.024214999750256538
34427,5890102,3407912,0.11790899932384491,0.16135700047016144,0.49211201071739197,0.21512800455093384,0.013493999838829041,927441,0.12253600358963013,0.16854800283908844,0.51176202297210693,0.19027100503444672,0.006883000023663044,714168,0.10441199690103531,0.13954100012779236,0.46358999609947205,0.26704400777816772,0.025412999093532562,396765,0.11586000025272369,0.15828299522399902,0.48493900895118713,0.22386600077152252,0.017053000628948212,295285,0.12653200328350067,0.1701200008392334,0.48612400889396667,0.20403300225734711,0.013190999627113342,148531,0.11595600098371506,0.13492099940776825,0.49008598923683167,0.23481999337673187,0.024217000231146812
34428,5890342,3408068,0.11789800226688385,0.16136600077152252,0.49209600687026978,0.21514199674129486,0.013499000109732151,927484,0.1225150004029274,0.16855299472808838,0.51179802417755127,0.19024600088596344,0.0068890000693500042,714127,0.10444100201129913,0.13951399922370911,0.46356898546218872,0.26704800128936768,0.025428000837564468,396813,0.11580300331115723,0.15828099846839905,0.48496899008750916,0.22387400269508362,0.017074000090360641,295326,0.12657199800014496,0.170073002576828,0.48613700270652771,0.20402899384498596,0.013189000077545643,148524,0.1159140020608902,0.13504199683666229,0.48990699648857117,0.23487800359725952,0.024258999153971672
34429,5890629,3408190,0.11790800094604492,0.16137300431728363,0.49208500981330872,0.2151309996843338,0.013503000140190125,927517,0.12253099679946899,0.16853000223636627,0.511788010597229,0.19025500118732452,0.0068959998898208141,714164,0.10440299659967422,0.13953199982643127,0.46357598900794983,0.26705101132392883,0.02543799951672554,396813,0.11581499874591827,0.15825299918651581,0.48498401045799255,0.22388400137424469,0.017062999308109283,295364,0.12656599283218384,0.17006799578666687,0.48605799674987793,0.20410700142383575,0.013201000168919563,148581,0.11592300236225128,0.13498400151729584,0.48984700441360474,0.23495599627494812,0.024289999157190323
34430,5890867,3408403,0.11790099740028381,0.1613679975271225,0.49208399653434753,0.21513199806213379,0.013515000231564045,927531,0.12252099812030792,0.16851300001144409,0.51180201768875122,0.19026899337768555,0.0068959998898208141,714149,0.10441700369119644,0.13950900733470917,0.46363699436187744,0.2669990062713623,0.025438999757170677,396873,0.11586099863052368,0.15828999876976013,0.48487600684165955,0.22390000522136688,0.017072999849915504,295338,0.12649199366569519,0.17012999951839447,0.48603299260139465,0.20413200557231903,0.013212000019848347,148573,0.11598300188779831,0.13495700061321259,0.48980000615119934,0.23498900234699249,0.024271000176668167
34431,5891136,3408532,0.11789999902248383,0.16135700047016144,0.49208399653434753,0.21513700485229492,0.013522000052034855,927556,0.12251300364732742,0.16852900385856628,0.51179301738739014,0.19027300179004669,0.0068910000845789909,714142,0.10441900044679642,0.13948899507522583,0.46360099315643311,0.26703399419784546,0.025457000359892845,396909,0.11580999940633774,0.15835100412368774,0.48481899499893188,0.22393499314785004,0.017085000872612,295357,0.12652100622653961,0.1701200008392334,0.48604598641395569,0.20409899950027466,0.013214999809861183,148640,0.11595799773931503,0.13503800332546234,0.48977398872375488,0.23492300510406494,0.024306999519467354
34432,5891380,3408712,0.11789599806070328,0.16135300695896149,0.49207600951194763,0.2151540070772171,0.013522000052034855,927609,0.12251000106334686,0.16853299736976624,0.51179897785186768,0.19026300311088562,0.0068950001150369644,714168,0.10441800206899643,0.13948799669742584,0.46358799934387207,0.26702800393104553,0.025476999580860138,396899,0.11578299850225449,0.15839800238609314,0.48479101061820984,0.22394399344921112,0.017085000872612,295354,0.12650600075721741,0.17014500498771667,0.48604699969291687,0.20409700274467468,0.0132039999589324,148638,0.11588600277900696,0.13508699834346771,0.48984101414680481,0.23484599590301514,0.024341000244021416
34433,5891601,3408806,0.11788100004196167,0.16136400401592255,0.49207800626754761,0.21515199542045593,0.013524999842047691,927661,0.12250400334596634,0.16853000223636627,0.51179498434066772,0.19026599824428558,0.0069059999659657478,714244,0.10439799726009369,0.13945199549198151,0.46361500024795532,0.26703500747680664,0.025499999523162842,396880,0.11581599712371826,0.15839800238609314,0.48470300436019897,0.22397999465465546,0.017102999612689018,295366,0.12648400664329529,0.17012499272823334,0.48608800768852234,0.20409299433231354,0.01321099977940321,148644,0.11600200086832047,0.13516899943351746,0.48961299657821655,0.23492400348186493,0.024292999878525734
34434,5891832,3408890,0.11787299811840057,0.16138100624084473,0.49205699563026428,0.21515099704265594,0.013538000173866749,927710,0.12248499691486359,0.16853399574756622,0.51179897785186768,0.19027100503444672,0.006910999771207571,714244,0.10438399761915207,0.13939100503921509,0.46367800235748291,0.26703301072120667,0.025513999164104462,396936,0.11582200229167938,0.15843600034713745,0.4846319854259491,0.22401100397109985,0.017098000273108482,295369,0.12643200159072876,0.17012600600719452,0.48615100979804993,0.20406700670719147,0.013224000111222267,148683,0.11601900309324265,0.13512599468231201,0.48964598774909973,0.23493599891662598,0.024273000657558441
34435,5892074,3409077,0.11787900328636169,0.16136899590492249,0.49204999208450317,0.21515700221061707,0.013544999994337559,927713,0.12246699631214142,0.16852599382400513,0.51182198524475098,0.19027100503444672,0.0069140000268816948,714224,0.10438500344753265,0.13940399885177612,0.46365699172019958,0.26702499389648438,0.025528000667691231,396962,0.11579699814319611,0.15840600430965424,0.48466899991035461,0.22401900589466095,0.017109999433159828,295414,0.12644599378108978,0.17012399435043335,0.48608699440956116,0.20409999787807465,0.013241999782621861,148684,0.1159840002655983,0.13517899811267853,0.48966300487518311,0.23489400744438171,0.024280000478029251
34436,5892323,3409147,0.11787199974060059,0.16136600077152252,0.49204999208450317,0.21515899896621704,0.013553000055253506,927762,0.12246599793434143,0.16853600740432739,0.51181197166442871,0.1902720034122467,0.0069140000268816948,714306,0.10440299659967422,0.13943600654602051,0.46358600258827209,0.26704698801040649,0.025528000667691231,396967,0.11578000336885452,0.15833799540996552,0.48473799228668213,0.22400599718093872,0.01713700033724308,295441,0.12641400098800659,0.17012499272823334,0.48611399531364441,0.20410199463367462,0.013244999572634697,148700,0.11597800254821777,0.13517799973487854,0.48963001370429993,0.23488900065422058,0.024323999881744385
34437,5892559,3409225,0.11786500364542007,0.16137799620628357,0.49202999472618103,0.21516500413417816,0.01356200035661459,927789,0.122468002140522,0.16851800680160522,0.51181602478027344,0.19028499722480774,0.0069140000268816948,714347,0.10438600182533264,0.13945600390434265,0.46358799934387207,0.26703399419784546,0.025535000488162041,396994,0.11571700125932693,0.15831699967384338,0.48481601476669312,0.2240079939365387,0.017140999436378479,295478,0.12642599642276764,0.17012800276279449,0.48605599999427795,0.20413699746131897,0.013252999633550644,148726,0.1159449964761734,0.13510100543498993,0.48967200517654419,0.23498199880123138,0.024299999698996544
34438,5892771,3409326,0.11786100268363953,0.16138200461864471,0.49201598763465881,0.21516899764537811,0.013571999967098236,927872,0.12248700112104416,0.16850399971008301,0.51179897785186768,0.1902880072593689,0.0069220000877976418,714367,0.10436499863862991,0.13944399356842041,0.46359500288963318,0.26705899834632874,0.025536999106407166,396975,0.11571300029754639,0.15833699703216553,0.48482400178909302,0.22396400570869446,0.017162000760436058,295493,0.12644000351428986,0.17013299465179443,0.48605599999427795,0.20410600304603577,0.013265999965369701,148738,0.1158749982714653,0.13515700399875641,0.48976099491119385,0.23491600155830383,0.02429099939763546
34439,5892977,3409528,0.11785300076007843,0.16137300431728363,0.49201700091362,0.21517699956893921,0.013580000028014183,927873,0.122468002140522,0.16851699352264404,0.51179099082946777,0.19030199944972992,0.0069220000877976418,714298,0.10437899827957153,0.13939100503921509,0.4636479914188385,0.26703000068664551,0.025551000609993935,397036,0.1157120019197464,0.15834100544452667,0.48474401235580444,0.22403299808502197,0.017170000821352005,295485,0.12643299996852875,0.17016099393367767,0.48604500293731689,0.2040880024433136,0.013272999785840511,148757,0.11574599891901016,0.13527399301528931,0.48967099189758301,0.23499399423599243,0.024314999580383301
34440,5893205,3409656,0.11784899979829788,0.16136200726032257,0.49201899766921997,0.21517999470233917,0.013589999638497829,927891,0.12241999804973602,0.16852399706840515,0.51182097196578979,0.19030599296092987,0.0069300001487135887,714339,0.10437999665737152,0.13937599956989288,0.46364998817443848,0.26702401041984558,0.025568999350070953,397058,0.11573900282382965,0.15829700231552124,0.48476800322532654,0.2240149974822998,0.017180999740958214,295481,0.12646199762821198,0.17014299333095551,0.48595699667930603,0.20416900515556335,0.013269999995827675,148780,0.11569400131702423,0.1354680061340332,0.48966899514198303,0.23488399386405945,0.02428399957716465
34441,5893417,3409787,0.11782299727201462,0.16136600077152252,0.4920249879360199,0.21518699824810028,0.013598999939858913,927933,0.12243399769067764,0.16850799322128296,0.51181501150131226,0.19030499458312988,0.0069380002096295357,714421,0.10439199954271317,0.13934199512004852,0.46365898847579956,0.2670539915561676,0.025552000850439072,396981,0.11578100174665451,0.1582539975643158,0.4847790002822876,0.22398300468921661,0.017201999202370644,295469,0.12646700441837311,0.17018699645996094,0.4859049916267395,0.20414699614048004,0.013294000178575516,148826,0.11572600156068802,0.135453000664711,0.48965901136398315,0.23484499752521515,0.024317000061273575
34442,5893664,3410000,0.11781500279903412,0.1613599956035614,0.49202901124954224,0.21518400311470032,0.013612000271677971,927962,0.12245400249958038,0.168504998087883,0.51178902387619019,0.19030599296092987,0.0069450000301003456,714442,0.10441599786281586,0.13934099674224854,0.46361199021339417,0.26708400249481201,0.025546999648213387,396972,0.11575400084257126,0.15827099978923798,0.48478001356124878,0.22400100529193878,0.017194999381899834,295473,0.12645100057125092,0.17021499574184418,0.48582100868225098,0.20419800281524658,0.013314000330865383,148815,0.11572100222110748,0.13533599674701691,0.48978900909423828,0.23484900593757629,0.024305000901222229
34443,5893945,3410085,0.11781600117683411,0.16136899590492249,0.49201300740242004,0.21518400311470032,0.013619000092148781,928020,0.12246300280094147,0.16851399838924408,0.51177698373794556,0.19030100107192993,0.0069459998048841953,714428,0.10440099984407425,0.13933700323104858,0.46359199285507202,0.26710700988769531,0.02556299977004528,397070,0.11577299982309341,0.15827399492263794,0.48475301265716553,0.22400100529193878,0.017198000103235245,295516,0.12644700706005096,0.17023800313472748,0.48579400777816772,0.20417200028896332,0.01334999967366457,148826,0.11565899848937988,0.13529199361801147,0.48990100622177124,0.23485100269317627,0.024297000840306282
34444,5894191,3410235,0.11780799925327301,0.16137099266052246,0.49200201034545898,0.21518999338150024,0.013628999702632427,928084,0.12247899919748306,0.16849799454212189,0.5117490291595459,0.1903190016746521,0.0069550001062452793,714456,0.10436300188302994,0.13934899866580963,0.46358999609947205,0.26711899042129517,0.025577999651432037,397073,0.11579699814319611,0.15822300314903259,0.48479500412940979,0.22398699820041656,0.017198000103235245,295508,0.12648099660873413,0.17023900151252747,0.48581799864768982,0.20411600172519684,0.013346999883651733,148835,0.1156110018491745,0.13533100485801697,0.48989799618721008,0.23484399914741516,0.024315999820828438
34445,5894443,3410491,0.11780399829149246,0.16136600077152252,0.4919779896736145,0.21521200239658356,0.013639999553561211,928096,0.12247999757528305,0.16848300397396088,0.5117499828338623,0.19032900035381317,0.0069579998962581158,714449,0.10437700152397156,0.13931900262832642,0.4636160135269165,0.26709398627281189,0.025595000013709068,397065,0.11576700210571289,0.15827600657939911,0.48478499054908752,0.22396300733089447,0.017209000885486603,295524,0.12653499841690063,0.17027400434017181,0.48580801486968994,0.20404399931430817,0.013338999822735786,148818,0.11561799794435501,0.13535299897193909,0.48994699120521545,0.23473000526428223,0.024351999163627625
34446,5894649,3410721,0.11779499799013138,0.16136999428272247,0.49197301268577576,0.21521499752998352,0.013647000305354595,928108,0.12247800081968307,0.16847400367259979,0.51175600290298462,0.19033199548721313,0.0069590001367032528,714379,0.10436200350522995,0.13934299349784851,0.463593989610672,0.26709800958633423,0.025603000074625015,397095,0.11571799963712692,0.15821699798107147,0.48486098647117615,0.22400200366973877,0.017201999202370644,295552,0.12653900682926178,0.1702439934015274,0.48580598831176758,0.20404499769210815,0.013364999555051327,148794,0.11570999771356583,0.13538900017738342,0.48981800675392151,0.23473399877548218,0.024349000304937363
34447,5894909,3410899,0.11779800057411194,0.1613599956035614,0.49196800589561462,0.21522000432014465,0.013655000366270542,928098,0.12246300280094147,0.16848799586296082,0.51175498962402344,0.19033299386501312,0.0069599999114871025,714439,0.10435000061988831,0.13935700058937073,0.46359598636627197,0.26709100604057312,0.025606000795960426,397084,0.11571600288152695,0.15820600092411041,0.48484200239181519,0.22403599321842194,0.017200000584125519,295588,0.12657499313354492,0.17024700343608856,0.48574000597000122,0.20407100021839142,0.013367000035941601,148801,0.115665003657341,0.13543599843978882,0.48977500200271606,0.23473000526428223,0.02439500018954277
34448,5895122,3411037,0.11778499931097031,0.16135199368000031,0.49198099970817566,0.21522100269794464,0.013660999946296215,928119,0.12243899703025818,0.16851000487804413,0.51173698902130127,0.19034500420093536,0.0069690002128481865,714449,0.10437600314617157,0.1393200010061264,0.46358001232147217,0.26710200309753418,0.025622999295592308,397132,0.11569199711084366,0.15821899473667145,0.48483601212501526,0.22404900193214417,0.017202999442815781,295581,0.1266150027513504,0.17029500007629395,0.48564699292182922,0.20407900214195251,0.013364000245928764,148804,0.11561500281095505,0.13552699983119965,0.48973101377487183,0.23473800718784332,0.02438800036907196
34449,5895327,3411243,0.11776900291442871,0.16135400533676147,0.49197900295257568,0.21522800624370575,0.013670999556779861,928133,0.12240400165319443,0.16851699352264404,0.51174598932266235,0.19036500155925751,0.0069690002128481865,714486,0.10435900092124939,0.13934800028800964,0.4635469913482666,0.26710501313209534,0.025640999898314476,397062,0.11570999771356583,0.15817700326442719,0.4848639965057373,0.22404299676418304,0.017206000164151192,295583,0.12659700214862823,0.17037500441074371,0.48565000295639038,0.20401699841022491,0.013360000215470791,148820,0.11563000082969666,0.13549900054931641,0.48987400531768799,0.2345850020647049,0.024412000551819801
34450,5895547,3411420,0.1177619993686676,0.16135099530220032,0.49197998642921448,0.21522900462150574,0.013678000308573246,928181,0.12238900363445282,0.16852399706840515,0.51175498962402344,0.19036099314689636,0.0069720000028610229,714435,0.10433399677276611,0.13931100070476532,0.46355500817298889,0.26713800430297852,0.025660999119281769,397093,0.11572100222110748,0.15822699666023254,0.48478600382804871,0.22404100000858307,0.017224999144673347,295607,0.12658999860286713,0.17040200531482697,0.48570200800895691,0.20395299792289734,0.013352000154554844,148811,0.11559599637985229,0.13551400601863861,0.48988300561904907,0.23457899689674377,0.024427000433206558
34451,5895760,3411492,0.11776299774646759,0.16134500503540039,0.49197301268577576,0.21523800492286682,0.013681000098586082,928264,0.12239599972963333,0.16850799322128296,0.5117570161819458,0.19035699963569641,0.0069809998385608196,714348,0.10428500175476074,0.13932700455188751,0.46359100937843323,0.26713201403617859,0.025665000081062317,397157,0.11570499837398529,0.15824699401855469,0.4847710132598877,0.22405000030994415,0.017226999625563622,295652,0.12656399607658386,0.17040599882602692,0.48570999503135681,0.20393900573253632,0.013380999676883221,148847,0.11557500064373016,0.13557499647140503,0.48979198932647705,0.23458999395370483,0.024467999115586281
34452,5895949,3411695,0.11774100363254547,0.16136500239372253,0.49195998907089233,0.21524399518966675,0.013690000399947166,928267,0.12239799648523331,0.16849200427532196,0.51177197694778442,0.19035500288009644,0.0069829998537898064,714356,0.10431099683046341,0.13930200040340424,0.46360799670219421,0.26712501049041748,0.025654999539256096,397105,0.11572799831628799,0.15820999443531036,0.48476099967956543,0.22405900061130524,0.017241999506950378,295684,0.12654399871826172,0.17038099467754364,0.48569101095199585,0.20400799810886383,0.013376000337302685,148842,0.11549799889326096,0.13556699454784393,0.4897879958152771,0.23467199504375458,0.024475999176502228
34453,5896174,3411849,0.11774100363254547,0.16136600077152252,0.49195501208305359,0.21523299813270569,0.013705000281333923,928305,0.1224059984087944,0.16847400367259979,0.51177901029586792,0.19035899639129639,0.0069829998537898064,714410,0.10430599749088287,0.13930900394916534,0.46358400583267212,0.2671549916267395,0.025645999237895012,397095,0.11569300293922424,0.15820400416851044,0.4848339855670929,0.22399899363517761,0.017270000651478767,295681,0.12653499841690063,0.17032499611377716,0.48565199971199036,0.20410799980163574,0.013379000127315521,148834,0.11535699665546417,0.13562099635601044,0.48984798789024353,0.23469099402427673,0.024483999237418175
34454,5896377,3411987,0.11773300170898438,0.16136999428272247,0.49196401238441467,0.21521900594234467,0.013713999651372433,928360,0.12243100255727768,0.16846099495887756,0.51175200939178467,0.19036300480365753,0.0069940001703798771,714430,0.10431499779224396,0.13927499949932098,0.4635930061340332,0.26716798543930054,0.025647999718785286,397074,0.11561299860477448,0.1582300066947937,0.48484399914741516,0.22402900457382202,0.017284000292420387,295666,0.12649700045585632,0.17032699286937714,0.48562899231910706,0.20415599644184113,0.013389999978244305,148860,0.11537700146436691,0.13566400110721588,0.48968800902366638,0.23480500280857086,0.024466000497341156
34455,5896654,3412091,0.1177389994263649,0.1613679975271225,0.49194499850273132,0.21522299945354462,0.013725000433623791,928459,0.1224450021982193,0.1684730052947998,0.51172000169754028,0.19036899507045746,0.0069929999299347401,714439,0.10430800169706345,0.13924899697303772,0.46362501382827759,0.26717600226402283,0.025640999898314476,397080,0.11562199890613556,0.15822300314903259,0.48481398820877075,0.22403499484062195,0.017305999994277954,295710,0.12653599679470062,0.17028500139713287,0.48558700084686279,0.20420700311660767,0.013384999707341194,148875,0.11529800295829773,0.13563700020313263,0.48977300524711609,0.23481400310993195,0.024476999416947365
34456,5896872,3412192,0.11772400140762329,0.16136899590492249,0.49193501472473145,0.21523900330066681,0.013732999563217163,928506,0.12242600321769714,0.16846799850463867,0.51173698902130127,0.19036999344825745,0.0069980002008378506,714456,0.10434400290250778,0.13922299444675446,0.46366500854492188,0.26711198687553406,0.025655999779701233,397094,0.11563000082969666,0.15822499990463257,0.4848020076751709,0.22403299808502197,0.01731099933385849,295726,0.12657299637794495,0.1702519953250885,0.48552399873733521,0.20427000522613525,0.013380999676883221,148898,0.11532100290060043,0.13566300272941589,0.48972499370574951,0.23480500280857086,0.024486999958753586
34457,5897153,3412306,0.1177230030298233,0.1613679975271225,0.49192801117897034,0.2152400016784668,0.013740000315010548,928539,0.12243600189685822,0.16846099495887756,0.51170700788497925,0.19039000570774078,0.0070050000213086605,714598,0.10431300103664398,0.13923400640487671,0.46366998553276062,0.26712501049041748,0.025658000260591507,397081,0.11564400047063828,0.15818700194358826,0.48485100269317627,0.2240149974822998,0.01730399951338768,295751,0.12653200328350067,0.17024800181388855,0.48555400967597961,0.20428299903869629,0.013383000157773495,148878,0.11541000008583069,0.13564099371433258,0.48970299959182739,0.23471599817276001,0.024529999122023582
34458,5897347,3412417,0.11770600080490112,0.16135799884796143,0.49195000529289246,0.21524199843406677,0.013744000345468521,928551,0.12242099642753601,0.16845600306987762,0.51172101497650146,0.19039799273014069,0.0070039997808635235,714699,0.10434500128030777,0.13921000063419342,0.46363300085067749,0.2671470046043396,0.025665000081062317,397061,0.11562199890613556,0.15826299786567688,0.48478201031684875,0.22401300072669983,0.017319999635219574,295749,0.12657999992370605,0.17021499574184418,0.4855709969997406,0.20425400137901306,0.013380000367760658,148870,0.11536200344562531,0.13572199642658234,0.48958799242973328,0.23479500412940979,0.024530999362468719
34459,5897581,3412577,0.11769799888134003,0.16135199368000031,0.49195098876953125,0.21524900197982788,0.013749999925494194,928646,0.12243399769067764,0.16844800114631653,0.51172202825546265,0.19039200246334076,0.0070030000060796738,714662,0.10432600229978561,0.1392350047826767,0.46360799670219421,0.26716101169586182,0.025668999180197716,397047,0.11565899848937988,0.15828099846839905,0.48479899764060974,0.22392800450325012,0.017333000898361206,295775,0.12659299373626709,0.17018699645996094,0.48554098606109619,0.20430399477481842,0.013375000096857548,148874,0.1153390035033226,0.13569900393486023,0.48954799771308899,0.23482300341129303,0.024591000750660896
34460,5897812,3412715,0.11768800020217896,0.16135300695896149,0.49194499850273132,0.21525999903678894,0.013753999955952168,928683,0.12238799780607224,0.16846199333667755,0.51174598932266235,0.19039399921894073,0.007009000051766634,714737,0.10431499779224396,0.13925500214099884,0.46361199021339417,0.26714199781417847,0.025675000622868538,397076,0.11571799963712692,0.15825699269771576,0.4847710132598877,0.22388899326324463,0.017364000901579857,295779,0.12659500539302826,0.17020100355148315,0.48546400666236877,0.204352006316185,0.013388000428676605,148822,0.11537300050258636,0.13565899431705475,0.48956501483917236,0.23481699824333191,0.024585999548435211
34461,5898054,3412804,0.11768700182437897,0.16135300695896149,0.49192601442337036,0.21527199447154999,0.013760999776422977,928726,0.12238600105047226,0.16845700144767761,0.51177299022674561,0.19037400186061859,0.0070110000669956207,714741,0.1043270006775856,0.13926300406455994,0.46360000967979431,0.2671230137348175,0.025685999542474747,397114,0.11570700258016586,0.15824399888515472,0.48481500148773193,0.22384999692440033,0.017382999882102013,295812,0.12661099433898926,0.17020900547504425,0.48541998863220215,0.20434899628162384,0.013411000370979309,148857,0.11527200043201447,0.13567399978637695,0.48957699537277222,0.23489700257778168,0.024581000208854675
34462,5898276,3412946,0.11769299954175949,0.1613440066576004,0.49191001057624817,0.21528300642967224,0.013770000077784061,928742,0.12236200273036957,0.16847500205039978,0.51175498962402344,0.19039300084114075,0.0070150000974535942,714755,0.10429999977350235,0.13930599391460419,0.46358299255371094,0.26713299751281738,0.025676999241113663,397144,0.11566100269556046,0.15822499990463257,0.48489201068878174,0.22383099794387817,0.017392000183463097,295817,0.12663200497627258,0.17021700739860535,0.48539099097251892,0.20435599982738495,0.013403999619185925,148872,0.11518599838018417,0.13572700321674347,0.48973599076271057,0.23471799492835999,0.024631999433040619
34463,5898512,3413098,0.11768800020217896,0.16132999956607819,0.49191400408744812,0.21528899669647217,0.013779000379145145,928781,0.12235499918460846,0.16847999393939972,0.51174402236938477,0.19039799273014069,0.0070230001583695412,714909,0.10431800037622452,0.13933199644088745,0.46352300047874451,0.26713299751281738,0.025692999362945557,397094,0.11563500016927719,0.15824200212955475,0.48486799001693726,0.22385600209236145,0.017399000003933907,295820,0.12656700611114502,0.17020499706268311,0.48546400666236877,0.20436400175094604,0.013399999588727951,148810,0.1152539998292923,0.13570299744606018,0.48969200253486633,0.23472200334072113,0.024629000574350357
34464,5898761,3413246,0.11768499761819839,0.1613290011882782,0.49190899729728699,0.21529200673103333,0.013784999959170818,928830,0.12235099822282791,0.16846099495887756,0.5117490291595459,0.19040699303150177,0.0070310002192854881,714956,0.10430700331926346,0.13933399319648743,0.46352601051330566,0.26712098717689514,0.025710999965667725,397074,0.11565899848937988,0.1582069993019104,0.48479101061820984,0.22394099831581116,0.017402000725269318,295832,0.12652499973773956,0.17020499706268311,0.48547500371932983,0.20439000427722931,0.013406000100076199,148823,0.11529800295829773,0.13564400374889374,0.48978999257087708,0.23466800153255463,0.024599999189376831
34465,5898993,3413457,0.11768800020217896,0.16132299602031708,0.49190700054168701,0.21528799831867218,0.013794000260531902,928848,0.12235400080680847,0.16843800246715546,0.51175099611282349,0.19042499363422394,0.0070319999940693378,714963,0.10429099947214127,0.13935300707817078,0.46352300047874451,0.26711300015449524,0.025720000267028809,397086,0.11568299680948257,0.15826299786567688,0.48471400141716003,0.22392599284648895,0.017413999885320663,295815,0.12654900550842285,0.17016699910163879,0.4854620099067688,0.20437799394130707,0.013443999923765659,148824,0.11524400115013123,0.13569700717926025,0.48970600962638855,0.23478099703788757,0.024573000147938728
34466,5899262,3413677,0.11767999827861786,0.16131399571895599,0.49190801382064819,0.21529600024223328,0.013801000081002712,928890,0.12234599888324738,0.16843700408935547,0.5117570161819458,0.19041900336742401,0.0070420000702142715,714959,0.10430499911308289,0.13935300707817078,0.46346199512481689,0.26713299751281738,0.025746999308466911,397073,0.11574699729681015,0.15825299918651581,0.48469701409339905,0.22388599812984467,0.017417000606656075,295838,0.12650500237941742,0.17016400396823883,0.48548498749732971,0.20441299676895142,0.013433000072836876,148825,0.1152229979634285,0.13583099842071533,0.489656001329422,0.23471899330615997,0.024571999907493591
34467,5899516,3413938,0.11767400056123734,0.16130800545215607,0.49191200733184814,0.21529500186443329,0.013810999691486359,928918,0.12232200056314468,0.16843500733375549,0.5117499828338623,0.19044399261474609,0.0070489998906850815,714931,0.10431099683046341,0.13941299915313721,0.4633919894695282,0.26712799072265625,0.025755999609827995,397054,0.11578500270843506,0.15818500518798828,0.48476800322532654,0.22381800413131714,0.01744299940764904,295827,0.12653300166130066,0.17011000216007233,0.48548001050949097,0.20443999767303467,0.013437000103294849,148848,0.11529900133609772,0.13579599559307098,0.48952001333236694,0.23484399914741516,0.024542000144720078
34468,5899718,3413997,0.11767400056123734,0.16130200028419495,0.49191999435424805,0.21528999507427216,0.013814999721944332,928967,0.12229699641466141,0.1684429943561554,0.51175600290298462,0.19044999778270721,0.007054000161588192,715041,0.10430199652910233,0.13945099711418152,0.46332600712776184,0.26714798808097839,0.025772999972105026,397044,0.11573799699544907,0.15817399322986603,0.48479801416397095,0.22380900382995605,0.017481999471783638,295845,0.1265529990196228,0.17009200155735016,0.48546400666236877,0.20444799959659576,0.013442999683320522,148824,0.1153779998421669,0.13573099672794342,0.48948401212692261,0.23490199446678162,0.024505000561475754
34469,5899986,3414193,0.11767599731683731,0.16130200028419495,0.49191701412200928,0.2152860015630722,0.013819999992847443,929025,0.12229900062084198,0.1684499979019165,0.51171797513961792,0.19047799706459045,0.0070549999363720417,715012,0.10430599749088287,0.13947999477386475,0.46325799822807312,0.26717698574066162,0.025778999552130699,397086,0.11569800227880478,0.15813499689102173,0.48483699560165405,0.22382800281047821,0.017503000795841217,295842,0.12655700743198395,0.17014099657535553,0.48545798659324646,0.20437900722026825,0.01346299983561039,148828,0.11543499678373337,0.1355459988117218,0.48954498767852783,0.23492200672626495,0.024552000686526299
34470,5900226,3414317,0.11767400056123734,0.16128100454807281,0.49192500114440918,0.2152940034866333,0.013825000263750553,929056,0.12228599935770035,0.16845099627971649,0.51171398162841797,0.19049300253391266,0.0070560001768171787,715048,0.10430099815130234,0.13949699699878693,0.46324598789215088,0.26715999841690063,0.025797000154852867,397105,0.11568699777126312,0.15811699628829956,0.48481899499893188,0.22387300431728363,0.017503999173641205,295891,0.12655000388622284,0.17015700042247772,0.4854390025138855,0.20438599586486816,0.0134680001065135,148809,0.11549700051546097,0.13563700020313263,0.48956000804901123,0.23475100100040436,0.02455499954521656
34471,5900444,3414342,0.11767499893903732,0.16128100454807281,0.4919230043888092,0.21529099345207214,0.013830999843776226,929091,0.12227699905633926,0.16845999658107758,0.5116959810256958,0.19051200151443481,0.0070549999363720417,715076,0.10429199784994125,0.13951799273490906,0.46322301030158997,0.26715299487113953,0.025813000276684761,397224,0.11565300077199936,0.15806399285793304,0.48486998677253723,0.22389900684356689,0.017513999715447426,295910,0.12652799487113953,0.17017300426959991,0.48547500371932983,0.20436300337314606,0.013460000045597553,148801,0.11554999649524689,0.13569100201129913,0.48937198519706726,0.23478999733924866,0.024597000330686569
34472,5900690,3414559,0.11767400056123734,0.16128300130367279,0.49191200733184814,0.21529500186443329,0.013836000114679337,929110,0.12226799875497818,0.16845400631427765,0.5116879940032959,0.19052599370479584,0.0070650000125169754,715095,0.10428000241518021,0.13954000174999237,0.46322000026702881,0.26713401079177856,0.025826999917626381,397188,0.11563500016927719,0.15804100036621094,0.48490399122238159,0.22391399741172791,0.017505999654531479,295917,0.12654900550842285,0.17017899453639984,0.48540300130844116,0.20440499484539032,0.01346299983561039,148821,0.11552099883556366,0.13575999438762665,0.48926600813865662,0.23481899499893188,0.024633999913930893
34473,5900940,3414685,0.11767499893903732,0.16127200424671173,0.49191200733184814,0.21529699862003326,0.013842999935150146,929119,0.12223699688911438,0.16848200559616089,0.51167100667953491,0.19054000079631805,0.0070699998177587986,715118,0.104264996945858,0.13954900205135345,0.46323499083518982,0.26710799336433411,0.025841999799013138,397224,0.11558199673891068,0.15804900228977203,0.48493298888206482,0.22393399477005005,0.017501000314950943,295948,0.12657999992370605,0.17014099657535553,0.48535600304603577,0.20442399382591248,0.013499000109732151,148846,0.11564300209283829,0.13576400279998779,0.48916301131248474,0.23479999601840973,0.024629000574350357
34474,5901175,3414784,0.11765299737453461,0.16128599643707275,0.49191400408744812,0.21529799699783325,0.013849000446498394,929161,0.1222589984536171,0.16846799850463867,0.51166701316833496,0.19053499400615692,0.0070710000582039356,715196,0.10427399724721909,0.13950000703334808,0.46322101354598999,0.26714900135993958,0.025855999439954758,397251,0.11558700352907181,0.15803900361061096,0.48496800661087036,0.22388400137424469,0.01752300001680851,295917,0.1265760064125061,0.17012499272823334,0.4853149950504303,0.20448300242424011,0.013500000350177288,148866,0.11568800359964371,0.13580699265003204,0.48901000618934631,0.23484900593757629,0.024645999073982239
34475,5901376,3414835,0.11765299737453461,0.16128000617027283,0.49191099405288696,0.21530400216579437,0.01385200023651123,929208,0.12225600332021713,0.16846999526023865,0.51168501377105713,0.1905129998922348,0.0070759998634457588,715273,0.10424800217151642,0.13952699303627014,0.46317800879478455,0.26718500256538391,0.025861000642180443,397302,0.11563999950885773,0.15795800089836121,0.48494601249694824,0.22390800714492798,0.017548000440001488,295914,0.12655000388622284,0.17019100487232208,0.48534399271011353,0.20442399382591248,0.013489999808371067,148844,0.11560399830341339,0.13584700226783752,0.48907598853111267,0.23480300605297089,0.02466999925673008
34476,5901583,3415002,0.1176460012793541,0.16128000617027283,0.49189600348472595,0.21531599760055542,0.01386099960654974,929289,0.12225399911403656,0.16845700144767761,0.51167798042297363,0.19053299725055695,0.0070790001191198826,715227,0.10424000024795532,0.13952399790287018,0.46318298578262329,0.26718398928642273,0.025869999080896378,397305,0.11563699692487717,0.15797699987888336,0.48495501279830933,0.22386600077152252,0.017565999180078506,295908,0.12654599547386169,0.17016799747943878,0.48535400629043579,0.20443199574947357,0.01350099965929985,148852,0.11560499668121338,0.13586600124835968,0.48902300000190735,0.23478999733924866,0.024715999141335487
34477,5901809,3415080,0.11764200031757355,0.16127100586891174,0.49188101291656494,0.21533399820327759,0.013872000388801098,929333,0.12224499881267548,0.16845299303531647,0.51170402765274048,0.19051800668239594,0.0070799998939037323,715296,0.10421600192785263,0.13954199850559235,0.46322500705718994,0.26715001463890076,0.025868000462651253,397287,0.11563900113105774,0.1579660028219223,0.48498699069023132,0.22381800413131714,0.01758899912238121,295944,0.12659500539302826,0.17011299729347229,0.48532798886299133,0.20447100698947906,0.013492000289261341,148869,0.11561799794435501,0.13583800196647644,0.48903399705886841,0.23482400178909302,0.024685999378561974
34478,5902052,3415178,0.11764899641275406,0.1612669974565506,0.49187800288200378,0.21532799303531647,0.013876999728381634,929356,0.12223699688911438,0.16845099627971649,0.51170098781585693,0.19053100049495697,0.0070799998939037323,715372,0.10417100042104721,0.13953900337219238,0.46325099468231201,0.26716598868370056,0.025872999802231789,397371,0.11556500196456909,0.15802900493144989,0.48496198654174805,0.22383600473403931,0.017607999965548515,295963,0.12662400305271149,0.17007899284362793,0.4853380024433136,0.20446500182151794,0.013495000079274178,148812,0.11562199890613556,0.13583600521087646,0.4890730082988739,0.2347790002822876,0.024689000099897385
34479,5902286,3415281,0.11765500158071518,0.16126200556755066,0.49186599254608154,0.2153329998254776,0.013884999789297581,929382,0.12223000079393387,0.16844199597835541,0.51170200109481812,0.19054199755191803,0.0070839999243617058,715422,0.10414600372314453,0.13954600691795349,0.46327298879623413,0.26715400815010071,0.025880999863147736,397377,0.11557800322771072,0.15801399946212769,0.48499301075935364,0.22379499673843384,0.017620999366044998,296012,0.12664000689983368,0.17005400359630585,0.48529800772666931,0.20450900495052338,0.013499000109732151,148812,0.11562900245189667,0.13576200604438782,0.4889729917049408,0.23492099344730377,0.024715999141335487
34480,5902495,3415431,0.11764100193977356,0.16125799715518951,0.49187800288200378,0.21532399952411652,0.013899000361561775,929375,0.1222039982676506,0.16845500469207764,0.51170700788497925,0.19055099785327911,0.0070830001495778561,715524,0.10413599759340286,0.13955099880695343,0.46322798728942871,0.26718300580978394,0.025900999084115028,397387,0.1156029999256134,0.15808500349521637,0.48491498827934265,0.22379399836063385,0.017602000385522842,295994,0.12665799260139465,0.17004700005054474,0.48527300357818604,0.20451800525188446,0.013504000380635262,148784,0.11567799746990204,0.13573400676250458,0.48898398876190186,0.23489099740982056,0.024714000523090363
34481,5902704,3415504,0.11763300001621246,0.16125699877738953,0.49188500642776489,0.2153179943561554,0.013907999731600285,929406,0.12217999994754791,0.1684889942407608,0.51167201995849609,0.19057099521160126,0.0070870001800358295,715553,0.10410500317811966,0.13955500721931458,0.46321201324462891,0.26720899343490601,0.025917999446392059,397491,0.11557500064373016,0.15808400511741638,0.48493900895118713,0.22380100190639496,0.017599999904632568,295983,0.12671700119972229,0.17006400227546692,0.48524698615074158,0.20445099472999573,0.013520999811589718,148767,0.11579900234937668,0.13566200435161591,0.48895901441574097,0.23490400612354279,0.024676000699400902
34482,5902931,3415564,0.11762599647045135,0.16125200688838959,0.49189099669456482,0.21531699597835541,0.013914000242948532,929446,0.12214899808168411,0.16851699352264404,0.51164799928665161,0.19059200584888458,0.0070949997752904892,715601,0.10410399734973907,0.13958099484443665,0.46318799257278442,0.26718500256538391,0.0259419996291399,397522,0.1155410036444664,0.15812200307846069,0.48489400744438171,0.22384700179100037,0.017596999183297157,296019,0.12674500048160553,0.17005999386310577,0.48520898818969727,0.20448000729084015,0.013505999930202961,148779,0.11589699983596802,0.13568399846553802,0.48884600400924683,0.23489899933338165,0.024674000218510628
34483,5903159,3415798,0.11762700229883194,0.16124400496482849,0.49188598990440369,0.21532200276851654,0.013919999822974205,929442,0.1221269965171814,0.16851499676704407,0.51166599988937378,0.19059300422668457,0.0070989998057484627,715552,0.10408200323581696,0.13959400355815887,0.46317499876022339,0.26719799637794495,0.025950999930500984,397575,0.11557800322771072,0.15810100734233856,0.48482701182365417,0.22390499711036682,0.01758899912238121,296039,0.12675699591636658,0.17003500461578369,0.4852060079574585,0.20451000332832336,0.013491000048816204,148753,0.11587700247764587,0.13570100069046021,0.48886400461196899,0.23487299680709839,0.024684999138116837
34484,5903373,3415985,0.11761900037527084,0.16123400628566742,0.49189001321792603,0.21533000469207764,0.013926999643445015,929441,0.12210799753665924,0.16851800680160522,0.51166802644729614,0.19060300290584564,0.0071029998362064362,715561,0.10406500101089478,0.13959799706935883,0.46317398548126221,0.26720699667930603,0.02595599927008152,397575,0.11555600166320801,0.15812599658966064,0.48486199975013733,0.22386200726032257,0.017594000324606895,296035,0.12677200138568878,0.17005400359630585,0.48518198728561401,0.20448300242424011,0.013508999720215797,148776,0.1159060001373291,0.13578799366950989,0.48871499300003052,0.23488299548625946,0.02470799908041954
34485,5903647,3416127,0.11762099713087082,0.16121600568294525,0.49189901351928711,0.21532900631427765,0.013935999944806099,929486,0.12212999910116196,0.16851399838924408,0.51162797212600708,0.19062499701976776,0.0071040000766515732,715634,0.10403899848461151,0.13961699604988098,0.4631820023059845,0.26718801259994507,0.025972999632358551,397587,0.11558199673891068,0.15812399983406067,0.4848099946975708,0.22387300431728363,0.017611000686883926,296027,0.12674500048160553,0.17007599771022797,0.48516899347305298,0.20449499785900116,0.013515999540686607,148786,0.11589100211858749,0.13585999608039856,0.48855400085449219,0.23496800661087036,0.024726999923586845
34486,5903850,3416240,0.11760400235652924,0.16121299564838409,0.49190899729728699,0.21533000469207764,0.013942999765276909,929534,0.12212400138378143,0.16852100193500519,0.51161700487136841,0.19063299894332886,0.0071060000918805599,715599,0.10406500101089478,0.13958899676799774,0.46319898962974548,0.26715698838233948,0.025988999754190445,397612,0.11558300256729126,0.15818899869918823,0.48472100496292114,0.22388200461864471,0.017625000327825546,296052,0.12675100564956665,0.17008799314498901,0.48514100909233093,0.20450100302696228,0.013518000021576881,148813,0.11575599759817123,0.13581499457359314,0.48858600854873657,0.23510000109672546,0.024741999804973602
34487,5904095,3416430,0.11761199682950974,0.16120600700378418,0.49188899993896484,0.21534299850463867,0.013950999826192856,929618,0.1221110001206398,0.16853800415992737,0.51161599159240723,0.19062499701976776,0.0071100001223385334,715528,0.10405199974775314,0.13959099352359772,0.46321201324462891,0.26715099811553955,0.025994999334216118,397645,0.11556500196456909,0.15816399455070496,0.48474100232124329,0.22390300035476685,0.017626000568270683,296076,0.12672099471092224,0.17010800540447235,0.48510900139808655,0.20452499389648438,0.013536999933421612,148798,0.11574800312519073,0.13577499985694885,0.48870301246643066,0.23503699898719788,0.024738000705838203
34488,5904328,3416559,0.11762300133705139,0.16120199859142303,0.49188199639320374,0.21533399820327759,0.013957999646663666,929650,0.12209799885749817,0.16855500638484955,0.51159501075744629,0.19063499569892883,0.0071180001832544804,715588,0.10401800274848938,0.13959400355815887,0.46321201324462891,0.2671549916267395,0.026020999997854233,397625,0.11548300087451935,0.15810400247573853,0.48482099175453186,0.2239450067281723,0.017647000029683113,296107,0.12669700384140015,0.17011399567127228,0.48514199256896973,0.20450399816036224,0.013542000204324722,148799,0.11578699946403503,0.13578000664710999,0.48865899443626404,0.23510199785232544,0.024670999497175217
34489,5904561,3416731,0.11762499809265137,0.16120100021362305,0.49188300967216492,0.21531599760055542,0.013975000008940697,929702,0.1221029981970787,0.16855700314044952,0.51156902313232422,0.19064199924468994,0.0071290000341832638,715568,0.10399899631738663,0.13961100578308105,0.46317300200462341,0.26717901229858398,0.026038000360131264,397658,0.11546599864959717,0.15808099508285522,0.48481899499893188,0.22400400042533875,0.017630999907851219,296114,0.12665699422359467,0.17012999951839447,0.48517501354217529,0.20450599491596222,0.013531999662518501,148788,0.11578900367021561,0.13579100370407104,0.48857399821281433,0.23520000278949738,0.024645999073982239
34490,5904825,3416931,0.11761599779129028,0.16121199727058411,0.49188101291656494,0.21530799567699432,0.013983000069856644,929727,0.12209100276231766,0.16854700446128845,0.51154899597167969,0.1906760036945343,0.0071370000950992107,715616,0.10400299727916718,0.13960400223731995,0.46316000819206238,0.26719900965690613,0.026033999398350716,397658,0.11549399793148041,0.15805299580097198,0.48480099439620972,0.22401900589466095,0.017633000388741493,296147,0.1267009973526001,0.17002999782562256,0.48519501090049744,0.20453399419784546,0.013540999963879585,148746,0.11582200229167938,0.13582199811935425,0.48848998546600342,0.23521299660205841,0.024653000757098198
34491,5905064,3417114,0.11760500073432922,0.16121900081634521,0.49188101291656494,0.21530899405479431,0.01398599985986948,929736,0.12209100276231766,0.16855500638484955,0.51153701543807983,0.1906840056180954,0.0071330000646412373,715680,0.10398399829864502,0.13960400223731995,0.4631359875202179,0.26720699667930603,0.026069000363349915,397661,0.1155330017209053,0.15805700421333313,0.48483800888061523,0.22391700744628906,0.017656000331044197,296141,0.12669999897480011,0.17001399397850037,0.48519799113273621,0.20454399287700653,0.013543999753892422,148732,0.11582600325345993,0.13565300405025482,0.48846900463104248,0.23538300395011902,0.024669000878930092
34492,5905282,3417287,0.11759799718856812,0.16122099757194519,0.4918690025806427,0.21531699597835541,0.013995000161230564,929781,0.12208899855613708,0.16853100061416626,0.51153898239135742,0.19070599973201752,0.007135000079870224,715580,0.1039619967341423,0.13959600031375885,0.46319800615310669,0.26716399192810059,0.02608099952340126,397701,0.11550399661064148,0.15806299448013306,0.48483198881149292,0.22393499314785004,0.017666999250650406,296182,0.12676000595092773,0.16999000310897827,0.48507300019264221,0.20461699366569519,0.013558999635279179,148751,0.11578399688005447,0.13573700189590454,0.48842000961303711,0.23535999655723572,0.024699000641703606
34493,5905492,3417364,0.11759600043296814,0.16121500730514526,0.49185100197792053,0.21533200144767761,0.014006000012159348,929798,0.12210399657487869,0.16851300001144409,0.51152300834655762,0.19071899354457855,0.0071410001255571842,715673,0.10393200069665909,0.13956800103187561,0.46327900886535645,0.26715001463890076,0.026071999222040176,397769,0.11545900255441666,0.15812200307846069,0.48486199975013733,0.22390100359916687,0.017656000331044197,296176,0.12675200402736664,0.1699260026216507,0.48511001467704773,0.20464199781417847,0.013570000417530537,148712,0.11580099910497665,0.13579300045967102,0.48829299211502075,0.23537400364875793,0.024738999083638191
34494,5905739,3417416,0.1175910010933876,0.16121500730514526,0.49182900786399841,0.21534599363803864,0.014019000343978405,929837,0.12210600078105927,0.16851900517940521,0.51151001453399658,0.19071899354457855,0.0071450001560151577,715705,0.10395599901676178,0.13952699303627014,0.46330699324607849,0.26712700724601746,0.026083000004291534,397834,0.11546500027179718,0.15808099508285522,0.48491799831390381,0.22387500107288361,0.017660999670624733,296221,0.12670899927616119,0.16990700364112854,0.48513799905776978,0.2046779990196228,0.013567999936640263,148726,0.11587099730968475,0.13583999872207642,0.48830699920654297,0.23527799546718597,0.024702999740839005
34495,5905996,3417540,0.11758500337600708,0.16120700538158417,0.4918220043182373,0.21536099910736084,0.014024999924004078,929870,0.12210399657487869,0.16851599514484406,0.51149499416351318,0.19072699546813965,0.0071580000221729279,715780,0.10395900160074234,0.1395220011472702,0.46334299445152283,0.26708298921585083,0.026092000305652618,397837,0.11549700051546097,0.15804199874401093,0.48487898707389832,0.22391299903392792,0.017667999491095543,296225,0.12676200270652771,0.16992799937725067,0.48504999279975891,0.20466500520706177,0.013593999668955803,148744,0.11588399857282639,0.13592499494552612,0.48826798796653748,0.23515599966049194,0.02476700022816658
34496,5906208,3417578,0.11757799983024597,0.16119399666786194,0.49182099103927612,0.21537299454212189,0.014034000225365162,929873,0.12210799753665924,0.16851399838924408,0.51148200035095215,0.1907380074262619,0.0071580000221729279,715866,0.10395699739456177,0.1395300030708313,0.46331700682640076,0.26707899570465088,0.026117000728845596,397928,0.1154559999704361,0.15800799429416656,0.484934002161026,0.22393499314785004,0.017666999250650406,296237,0.12675300240516663,0.16996900737285614,0.48505100607872009,0.20462700724601746,0.013601000420749187,148726,0.11593800038099289,0.13592100143432617,0.48815900087356567,0.23518399894237518,0.024796999990940094
34497,5906423,3417771,0.11758600175380707,0.16118499636650085,0.49181100726127625,0.21537600457668304,0.014042000286281109,929913,0.12211699783802032,0.16850599646568298,0.51147198677062988,0.19074800610542297,0.0071580000221729279,715855,0.10392700135707855,0.13954600691795349,0.4633449912071228,0.2670539915561676,0.026126999408006668,397910,0.115447998046875,0.15797799825668335,0.48493599891662598,0.22397500276565552,0.01766199991106987,296234,0.12673099339008331,0.16995300352573395,0.48505899310112,0.20465199649333954,0.013604000210762024,148740,0.11590000241994858,0.13588100671768188,0.48824799060821533,0.23508100211620331,0.024888999760150909
34498,5906650,3417986,0.1175839975476265,0.16116400063037872,0.49181199073791504,0.21539199352264404,0.014047999866306782,929935,0.12210600078105927,0.16850000619888306,0.5114859938621521,0.19074000418186188,0.0071669998578727245,715833,0.10391400009393692,0.13958600163459778,0.46336901187896729,0.26700600981712341,0.026125000789761543,397919,0.11545299738645554,0.15805499255657196,0.48482498526573181,0.22398999333381653,0.017676999792456627,296242,0.12672699987888336,0.16989199817180634,0.48504900932312012,0.20471799373626709,0.01361399982124567,148735,0.11589699983596802,0.13594000041484833,0.48824399709701538,0.23500199615955353,0.024917000904679298
34499,5906917,3418208,0.11758100241422653,0.16116900742053986,0.49181300401687622,0.21538600325584412,0.014051999896764755,929966,0.1220880001783371,0.1685120016336441,0.51147699356079102,0.19075100123882294,0.007172000128775835,715803,0.10391099750995636,0.13956500589847565,0.46333798766136169,0.26703599095344543,0.026149999350309372,397952,0.11548099666833878,0.15808199346065521,0.48476698994636536,0.22399400174617767,0.017674999311566353,296257,0.12673099339008331,0.16988299787044525,0.48504498600959778,0.20471100509166718,0.013629999943077564,148731,0.11587399989366531,0.13580900430679321,0.48822999000549316,0.23516300320625305,0.024924000725150108
34500,5907152,3418400,0.11757499724626541,0.16116300225257874,0.49181300401687622,0.21538899838924408,0.014059999957680702,930000,0.12208499759435654,0.16851100325584412,0.51146501302719116,0.190761998295784,0.0071769999340176582,715821,0.10390900075435638,0.13955999910831451,0.46331799030303955,0.26705101132392883,0.026162000373005867,397903,0.11552800238132477,0.15814900398254395,0.48465099930763245,0.22398200631141663,0.01768999919295311,296282,0.12670400738716125,0.16987499594688416,0.48507499694824219,0.20469699800014496,0.013648999854922295,148746,0.11589600145816803,0.13580900430679321,0.48831599950790405,0.23509199917316437,0.024887999519705772
34501,5907405,3418491,0.11756300181150436,0.16116799414157867,0.491798996925354,0.21540400385856628,0.014065999537706375,930059,0.12207300215959549,0.16850799322128296,0.51147198677062988,0.19076700508594513,0.007180000189691782,715955,0.10390300303697586,0.13955500721931458,0.46329298615455627,0.26707100868225098,0.026178000494837761,397926,0.1155489981174469,0.15820300579071045,0.4845849871635437,0.22395400702953339,0.017709000036120415,296242,0.12668399512767792,0.16987499594688416,0.48513400554656982,0.20465399324893951,0.013654000125825405,148732,0.11592700332403183,0.13586199283599854,0.48835501074790955,0.23496000468730927,0.024896999821066856
34502,5907657,3418667,0.11756099760532379,0.16115400195121765,0.49178698658943176,0.21542200446128845,0.014076000079512596,930100,0.12207300215959549,0.16851599514484406,0.51146900653839111,0.19075900316238403,0.0071829999797046185,715997,0.10392200201749802,0.13955800235271454,0.46326899528503418,0.26707500219345093,0.026176000013947487,397905,0.11556500196456909,0.15821899473667145,0.48456498980522156,0.22393499314785004,0.017714999616146088,296245,0.12664900720119476,0.16987599432468414,0.48517298698425293,0.20466500520706177,0.013636999763548374,148743,0.11587800085544586,0.1358720064163208,0.48837301135063171,0.2349420040845871,0.024935999885201454
34503,5907876,3418779,0.11755499988794327,0.1611420065164566,0.49178299307823181,0.21543599665164948,0.014082999899983406,930158,0.12206400185823441,0.16853399574756622,0.51143401861190796,0.19078600406646729,0.0071829999797046185,715985,0.10396599769592285,0.13958500325679779,0.46324700117111206,0.26702898740768433,0.026172000914812088,397915,0.1154949963092804,0.15828500688076019,0.48449999094009399,0.22400000691413879,0.017720000818371773,296337,0.12663599848747253,0.16985699534416199,0.48522499203681946,0.2046319991350174,0.013650000095367432,148702,0.11576800048351288,0.13573500514030457,0.48849400877952576,0.23504100739955902,0.024963000789284706
34504,5908111,3418972,0.11755699664354324,0.16113400459289551,0.49177399277687073,0.2154420018196106,0.014093000441789627,930214,0.12204500287771225,0.16854600608348846,0.51142501831054688,0.19079400599002838,0.0071899998001754284,715939,0.10397399961948395,0.13957899808883667,0.46325498819351196,0.26700299978256226,0.02618899941444397,397893,0.11545799672603607,0.15832599997520447,0.48450198769569397,0.22400699555873871,0.017705999314785004,296388,0.12660400569438934,0.16985200345516205,0.48523199558258057,0.20464399456977844,0.013667999766767025,148705,0.11575900018215179,0.1357789933681488,0.48846399784088135,0.23499499261379242,0.025002999231219292
34505,5908365,3419110,0.11756400018930435,0.16111999750137329,0.49176698923110962,0.21545100212097168,0.014097999781370163,930240,0.12203700095415115,0.16855299472808838,0.51143401861190796,0.19078199565410614,0.0071939998306334019,716008,0.10398499667644501,0.13957700133323669,0.46321699023246765,0.26701200008392334,0.026209000498056412,397964,0.11544500291347504,0.15834799408912659,0.4844990074634552,0.22398999333381653,0.017718000337481499,296371,0.12657099962234497,0.16991500556468964,0.48519900441169739,0.20463499426841736,0.013678999617695808,148672,0.11574500054121017,0.13576200604438782,0.48845800757408142,0.23506799340248108,0.024968000128865242
34506,5908580,3419281,0.11755699664354324,0.16111500561237335,0.49177399277687073,0.21545100212097168,0.014101999811828136,930261,0.12202800065279007,0.16857799887657166,0.51138699054718018,0.19081200659275055,0.0071950000710785389,715970,0.10395500063896179,0.13959500193595886,0.46319499611854553,0.26703101396560669,0.026223000138998032,397996,0.11543300002813339,0.1583310067653656,0.48447498679161072,0.22404199838638306,0.017719000577926636,296395,0.12657399475574493,0.16991199553012848,0.48521700501441956,0.20459200441837311,0.013705000281333923,148677,0.11579500138759613,0.13576400279998779,0.48840099573135376,0.23504599928855896,0.024994000792503357
34507,5908819,3419423,0.11755099892616272,0.16111400723457336,0.49177101254463196,0.21545100212097168,0.01411299966275692,930306,0.12201999872922897,0.16857899725437164,0.51139801740646362,0.19080400466918945,0.0071990001015365124,715983,0.10394799709320068,0.13960500061511993,0.46321201324462891,0.26700401306152344,0.026231000199913979,397968,0.11545100063085556,0.15831199288368225,0.48449599742889404,0.2240149974822998,0.017725000157952309,296413,0.12657700479030609,0.16990800201892853,0.48517799377441406,0.20463000237941742,0.013706999830901623,148726,0.11573000252246857,0.13571299612522125,0.48840799927711487,0.23515099287033081,0.024999000132083893
34508,5909054,3419541,0.11754199862480164,0.16111099720001221,0.4917759895324707,0.21545100212097168,0.014120000414550304,930328,0.12201999872922897,0.16856999695301056,0.51137697696685791,0.19082599878311157,0.0072070001624524593,716038,0.103923000395298,0.13963599503040314,0.46318599581718445,0.26701000332832336,0.026243999600410461,397981,0.11545000225305557,0.15828099846839905,0.48452600836753845,0.2240079939365387,0.01773500069975853,296425,0.12658199667930603,0.16989800333976746,0.48515498638153076,0.20462499558925629,0.013740000315010548,148741,0.11575800180435181,0.13581299781799316,0.48830500245094299,0.23513999581336975,0.024983000010251999
34509,5909270,3419754,0.11753199994564056,0.16112299263477325,0.49175199866294861,0.2154649943113327,0.014128999784588814,930369,0.12200500071048737,0.16859699785709381,0.5113760232925415,0.19080500304698944,0.0072180000133812428,715997,0.10392899811267853,0.13963499665260315,0.46323099732398987,0.26695799827575684,0.026247000321745872,398010,0.11542200297117233,0.15820999443531036,0.48452299833297729,0.2240770012140274,0.017767999321222305,296418,0.12655800580978394,0.16990900039672852,0.48513901233673096,0.2046470046043396,0.013747000135481358,148722,0.11573900282382965,0.13585099577903748,0.48827999830245972,0.23515699803829193,0.024972999468445778
34510,5909514,3419887,0.11752700060606003,0.1611189991235733,0.49174600839614868,0.21547000110149384,0.014136999845504761,930425,0.12200199812650681,0.16858400404453278,0.51138097047805786,0.19081300497055054,0.0072189997881650925,715964,0.10392600297927856,0.13964700698852539,0.46323800086975098,0.26693800091743469,0.026250999420881271,398003,0.115386001765728,0.1582379937171936,0.48454201221466064,0.22405900061130524,0.017775999382138252,296445,0.12654599547386169,0.16994400322437286,0.48512199521064758,0.20464800298213959,0.013739000074565411,148790,0.11569999903440475,0.13589000701904297,0.48819100856781006,0.23519699275493622,0.025022000074386597
34511,5909737,3420136,0.11752299964427948,0.16111800074577332,0.4917370080947876,0.2154809981584549,0.014140999875962734,930404,0.12199600040912628,0.16856299340724945,0.51140701770782471,0.19080899655818939,0.0072249998338520527,715958,0.10392600297927856,0.13965199887752533,0.46322399377822876,0.26693600416183472,0.026260999962687492,398018,0.11535400152206421,0.15827399492263794,0.48458400368690491,0.2240149974822998,0.01777300052344799,296453,0.12653599679470062,0.16990600526332855,0.48517599701881409,0.20462900400161743,0.01375299971550703,148768,0.11569000035524368,0.135903000831604,0.48802798986434937,0.23531900346279144,0.02505899965763092
34512,5909965,3420207,0.11752200126647949,0.16111700236797333,0.4917140007019043,0.21549999713897705,0.014147999696433544,930446,0.12197300046682358,0.16855800151824951,0.51138901710510254,0.1908549964427948,0.0072260000742971897,716040,0.10395900160074234,0.13965800404548645,0.46323800086975098,0.26688599586486816,0.026257999241352081,398049,0.11532499641180038,0.15829500555992126,0.4846310019493103,0.22396199405193329,0.01778700016438961,296467,0.12657099962234497,0.16988399624824524,0.48515999317169189,0.20462000370025635,0.013764999806880951,148756,0.115618996322155,0.13583999872207642,0.48812800645828247,0.23530499637126923,0.025108000263571739
34513,5910212,3420406,0.11750800162553787,0.16112500429153442,0.49169999361038208,0.21550899744033813,0.014156999997794628,930477,0.12196300178766251,0.1685509979724884,0.51139801740646362,0.19086100161075592,0.0072260000742971897,716036,0.10398899763822556,0.13966800272464752,0.46318098902702332,0.26689299941062927,0.026270000264048576,398086,0.11532200127840042,0.15826000273227692,0.48460599780082703,0.22399899363517761,0.017813000828027725,296490,0.12657099962234497,0.16989099979400635,0.48522400856018066,0.20456300675868988,0.013751000165939331,148717,0.11562199890613556,0.13584199547767639,0.48815500736236572,0.23528599739074707,0.025095000863075256
34514,5910426,3420600,0.1174980029463768,0.16112500429153442,0.49169701337814331,0.21551600098609924,0.014163999818265438,930493,0.12194100022315979,0.16856999695301056,0.51140797138214111,0.1908469945192337,0.0072340001352131367,716000,0.10399699956178665,0.13965600728988647,0.46317601203918457,0.26688799262046814,0.026281999424099922,398117,0.11533500254154205,0.1582300066947937,0.48462098836898804,0.22397899627685547,0.017834000289440155,296493,0.12658999860286713,0.16989900171756744,0.48519200086593628,0.20456099510192871,0.013756999745965004,148723,0.11565099656581879,0.13587699830532074,0.48806801438331604,0.23532299697399139,0.02507999911904335
34515,5910660,3420770,0.11749099940061569,0.16112899780273438,0.49168699979782104,0.21552200615406036,0.014170999638736248,930521,0.12194100022315979,0.16855500638484955,0.51139801740646362,0.19086700677871704,0.0072380001656711102,715961,0.10398600250482559,0.13965800404548645,0.46319699287414551,0.26686099171638489,0.026297999545931816,398137,0.1153549998998642,0.1582220047712326,0.48461699485778809,0.22396300733089447,0.017843000590801239,296512,0.1265379935503006,0.16990900039672852,0.48518800735473633,0.20457500219345093,0.013790000230073929,148759,0.11565700173377991,0.1359650045633316,0.48801100254058838,0.23527300357818604,0.025094000622630119
34516,5910878,3420839,0.11748100072145462,0.16112799942493439,0.49168699979782104,0.21552899479866028,0.014174999669194221,930541,0.12193299829959869,0.16853900253772736,0.51139301061630249,0.19089299440383911,0.0072420001961290836,716044,0.10400199890136719,0.13968999683856964,0.46314099431037903,0.26686999201774597,0.026296999305486679,398153,0.11534299701452255,0.15815800428390503,0.48466500639915466,0.22396700084209442,0.017867999151349068,296525,0.12658999860286713,0.16989099979400635,0.4851830005645752,0.20454899966716766,0.013786000199615955,148776,0.11576499789953232,0.13603700697422028,0.48791500926017761,0.23521900177001953,0.025064999237656593
34517,5911141,3420992,0.1174750030040741,0.16111800074577332,0.49168699979782104,0.21553899347782135,0.014181000180542469,930583,0.12195400148630142,0.16852599382400513,0.51136797666549683,0.19090799987316132,0.0072449999861419201,716050,0.1039929986000061,0.13973599672317505,0.46313899755477905,0.26683101058006287,0.026301000267267227,398209,0.1153239980340004,0.15813800692558289,0.48464998602867126,0.22400499880313873,0.017883000895380974,296532,0.1266310065984726,0.16988399624824524,0.48512500524520874,0.20457200706005096,0.013788999989628792,148775,0.11567799746990204,0.13607800006866455,0.48793798685073853,0.23517400026321411,0.02513200044631958
34518,5911331,3420987,0.1174750030040741,0.16111700236797333,0.49165698885917664,0.21556499600410461,0.014185000211000443,930594,0.12194699794054031,0.16853900253772736,0.51134997606277466,0.19092200696468353,0.0072429999709129333,716209,0.10398600250482559,0.13973300158977509,0.46321800351142883,0.26674199104309082,0.02632099948823452,398184,0.11523599922657013,0.15815599262714386,0.484732985496521,0.22398699820041656,0.017889000475406647,296570,0.12663500010967255,0.16984499990940094,0.48513001203536987,0.20458599925041199,0.013803999871015549,148787,0.1155410036444664,0.1360740065574646,0.48800000548362732,0.23521499335765839,0.025170000270009041
34519,5911605,3421135,0.11747699975967407,0.1611039936542511,0.49164199829101562,0.21558700501918793,0.014189000241458416,930646,0.12193100154399872,0.16854099929332733,0.51136201620101929,0.19091999530792236,0.0072460002265870571,716248,0.10400299727916718,0.13970200717449188,0.46325200796127319,0.26671299338340759,0.026329999789595604,398178,0.11525200307369232,0.15819099545478821,0.48470801115036011,0.22395500540733337,0.017893999814987183,296577,0.12659099698066711,0.16992899775505066,0.48510199785232544,0.20455099642276764,0.01382800005376339,148821,0.11560899764299393,0.13600200414657593,0.48794201016426086,0.23520199954509735,0.025244999676942825
34520,5911850,3421246,0.11747399717569351,0.16109900176525116,0.49164101481437683,0.21559199690818787,0.014194999821484089,930695,0.12190999835729599,0.16854199767112732,0.51134401559829712,0.19095200300216675,0.0072530000470578671,716271,0.10403499752283096,0.13968999683856964,0.46331301331520081,0.26662498712539673,0.026335999369621277,398161,0.11522000283002853,0.15821699798107147,0.48461800813674927,0.22405800223350525,0.017886999994516373,296605,0.12658199667930603,0.1699029952287674,0.48510599136352539,0.20457200706005096,0.013837000355124474,148872,0.11558900028467178,0.13613000512123108,0.48792299628257751,0.23511500656604767,0.025242999196052551
34521,5912073,3421367,0.117467001080513,0.16110500693321228,0.49163401126861572,0.21559000015258789,0.014204000122845173,930705,0.12191600352525711,0.16853499412536621,0.51133900880813599,0.19096100330352783,0.0072490000165998936,716370,0.10400199890136719,0.13968999683856964,0.46329599618911743,0.26666799187660217,0.026343999430537224,398162,0.11519200354814529,0.15823499858379364,0.48461401462554932,0.22406500577926636,0.01789500005543232,296578,0.12662099301815033,0.1698710024356842,0.48516398668289185,0.20450299978256226,0.013841000385582447,148891,0.11561500281095505,0.13607299327850342,0.48798799514770508,0.23509100079536438,0.025233000516891479
34522,5912318,3421533,0.11745599657297134,0.16109800338745117,0.49163898825645447,0.21559600532054901,0.014210999943315983,930731,0.12188500165939331,0.16853199899196625,0.51134198904037476,0.19098800420761108,0.0072530000470578671,716364,0.10405199974775314,0.13969899713993073,0.46323099732398987,0.26665601134300232,0.026362000033259392,398140,0.11521299928426743,0.15821300446987152,0.48458600044250488,0.22405700385570526,0.017930999398231506,296605,0.12660899758338928,0.16986900568008423,0.48518401384353638,0.20450800657272339,0.013829999603331089,148945,0.11559300124645233,0.13606999814510345,0.48796498775482178,0.23511399328708649,0.025257999077439308
34523,5912567,3421739,0.11745300143957138,0.16109499335289001,0.49164000153541565,0.215597003698349,0.014214999973773956,930815,0.12190999835729599,0.16852200031280518,0.51131302118301392,0.19100299477577209,0.00725199980661273,716331,0.104032002389431,0.13971500098705292,0.46322000026702881,0.26667600870132446,0.026357999071478844,398100,0.11517500132322311,0.15817900002002716,0.48455700278282166,0.22412200272083282,0.017968000844120979,296621,0.12659299373626709,0.16987699270248413,0.48518100380897522,0.20451000332832336,0.013838999904692173,148961,0.1156340017914772,0.13593499362468719,0.48790600895881653,0.23520299792289734,0.025321999564766884
34524,5912802,3421879,0.11744700372219086,0.16110199689865112,0.49162998795509338,0.215597003698349,0.014223000034689903,930892,0.12191399931907654,0.16852299869060516,0.51129299402236938,0.19101899862289429,0.0072499997913837433,716261,0.10402599722146988,0.13971300423145294,0.46321699023246765,0.26668098568916321,0.026363000273704529,398182,0.11510799825191498,0.15825699269771576,0.4845220148563385,0.22413599491119385,0.017976999282836914,296620,0.12654599547386169,0.1698170006275177,0.48528099060058594,0.20451800525188446,0.013838999904692173,148968,0.11569599807262421,0.13585500419139862,0.48770201206207275,0.23541299998760223,0.025334000587463379
34525,5913040,3422060,0.11744599789381027,0.16111400723457336,0.49161198735237122,0.21559800207614899,0.014229999855160713,930929,0.12190499901771545,0.16853100061416626,0.51127398014068604,0.19103600084781647,0.0072539998218417168,716253,0.10399699956178665,0.13968700170516968,0.46325001120567322,0.26670500636100769,0.026362000033259392,398166,0.11511799693107605,0.15830299258232117,0.48441100120544434,0.22417299449443817,0.017994999885559082,296648,0.12649700045585632,0.16986499726772308,0.48520800471305847,0.20456899702548981,0.013861999846994877,148984,0.11567699909210205,0.13581299781799316,0.4877839982509613,0.2354079931974411,0.025318000465631485
34526,5913243,3422133,0.1174359992146492,0.16110199689865112,0.49161401391029358,0.21560700237751007,0.014241999946534634,930926,0.12188799679279327,0.16854099929332733,0.51127201318740845,0.19104300439357758,0.0072559998370707035,716261,0.10401000082492828,0.13968199491500854,0.463236004114151,0.26669999957084656,0.026372000575065613,398179,0.11517400294542313,0.1583079993724823,0.4843829870223999,0.22413299977779388,0.018001999706029892,296723,0.12644499540328979,0.16989900171756744,0.48522400856018066,0.20457099378108978,0.01386099960654974,149021,0.1155880019068718,0.13586699962615967,0.4877769947052002,0.23545700311660767,0.025312000885605812
34527,5913487,3422245,0.11744300276041031,0.16109399497509003,0.49160400032997131,0.2156050056219101,0.014252999797463417,930966,0.12189400196075439,0.16852200031280518,0.51128000020980835,0.19104799628257751,0.0072570000775158405,716287,0.10398600250482559,0.1397089958190918,0.46317300200462341,0.26675298810005188,0.026378000155091286,398148,0.11520600318908691,0.15827000141143799,0.48442500829696655,0.22409799695014954,0.018000999465584755,296793,0.12644200026988983,0.16990000009536743,0.4852370023727417,0.20455999672412872,0.013861999846994877,149048,0.11554700136184692,0.13581499457359314,0.48793700337409973,0.23537400364875793,0.025327000766992569
34528,5913726,3422370,0.11743000149726868,0.16109000146389008,0.49159899353981018,0.21561799943447113,0.014262000098824501,931019,0.12191600352525711,0.1684969961643219,0.51127302646636963,0.19105200469493866,0.0072619998827576637,716318,0.10399699956178665,0.13973799347877502,0.4631659984588623,0.26671400666236877,0.026384999975562096,398143,0.11517500132322311,0.15829500555992126,0.48444399237632751,0.22407500445842743,0.018011000007390976,296831,0.12638799846172333,0.16988800466060638,0.48529601097106934,0.20457799732685089,0.013849999755620956,149045,0.11553599685430527,0.13585799932479858,0.48789998888969421,0.23537200689315796,0.025335000827908516
34529,5913951,3422605,0.1174279972910881,0.16109299659729004,0.49158599972724915,0.21562600135803223,0.014267000369727612,931036,0.12191399931907654,0.16849400103092194,0.51127701997756958,0.19104999303817749,0.0072659999132156372,716333,0.10393799841403961,0.13974599540233612,0.46320900321006775,0.26669400930404663,0.026412000879645348,398101,0.1151840016245842,0.15827900171279907,0.48447999358177185,0.22403599321842194,0.018021000549197197,296808,0.1263979971408844,0.16992099583148956,0.48522999882698059,0.20460399985313416,0.01384699996560812,149068,0.11559800058603287,0.13575699925422668,0.4878849983215332,0.23540300130844116,0.02535800077021122
34530,5914194,3422810,0.11742600053548813,0.16109099984169006,0.49158400297164917,0.21561999619007111,0.014279000461101532,931067,0.12190300226211548,0.16851399838924408,0.51125401258468628,0.19106000661849976,0.0072679999284446239,716300,0.10395800322294235,0.13974499702453613,0.46322900056838989,0.26665100455284119,0.026418000459671021,398106,0.11513999849557877,0.15825699269771576,0.48445901274681091,0.22412900626659393,0.018014999106526375,296850,0.12643399834632874,0.16991400718688965,0.48517400026321411,0.2046390026807785,0.013838999904692173,149061,0.11552999913692474,0.13574300706386566,0.4878000020980835,0.23554800450801849,0.02537900023162365
34531,5914418,3422877,0.11742299795150757,0.16108900308609009,0.49157899618148804,0.21562300622463226,0.014286000281572342,931106,0.12189300358295441,0.16850200295448303,0.51126402616500854,0.1910720020532608,0.0072699999436736107,716387,0.10395199805498123,0.13978500664234161,0.46319699287414551,0.26664099097251892,0.026426000520586967,398164,0.11510299891233444,0.15821599960327148,0.48450601100921631,0.22414399683475494,0.018030000850558281,296851,0.12640999257564545,0.16994699835777283,0.48512199521064758,0.20466199517250061,0.01385900005698204,149033,0.11551100015640259,0.13564799726009369,0.48790499567985535,0.23558500409126282,0.025350000709295273
34532,5914627,3422940,0.11742199957370758,0.16109199821949005,0.4915669858455658,0.21562400460243225,0.014294999651610851,931090,0.12188500165939331,0.16847999393939972,0.51127201318740845,0.19108699262142181,0.0072759999893605709,716494,0.10392600297927856,0.13976800441741943,0.46325701475143433,0.26660099625587463,0.026448000222444534,398178,0.11511199921369553,0.15813800692558289,0.48448899388313293,0.22421400249004364,0.018046999350190163,296845,0.12634900212287903,0.16997100412845612,0.48510798811912537,0.20469899475574493,0.01387299969792366,149080,0.11554200202226639,0.13578599691390991,0.48786601424217224,0.2354779988527298,0.025328999385237694
34533,5914880,3423052,0.11741200089454651,0.16111099720001221,0.49154600501060486,0.21562999486923218,0.014299999922513962,931080,0.12189099937677383,0.1684730052947998,0.5112529993057251,0.19110099971294403,0.0072829998098313808,716612,0.10393600165843964,0.13977199792861938,0.46328100562095642,0.26656299829483032,0.026448000222444534,398206,0.11512099951505661,0.15811200439929962,0.484468013048172,0.22423599660396576,0.018063999712467194,296825,0.1263200044631958,0.1699959933757782,0.48507699370384216,0.20473699271678925,0.013869999907910824,149105,0.11554300040006638,0.13572299480438232,0.48779699206352234,0.2356330007314682,0.025304000824689865
34534,5915094,3423177,0.11740700155496597,0.16110700368881226,0.49155199527740479,0.21562400460243225,0.014310000464320183,931123,0.12188400328159332,0.16848300397396088,0.51123100519180298,0.19111800193786621,0.0072849998250603676,716579,0.10391499847173691,0.13978099822998047,0.46330100297927856,0.26654601097106934,0.026458000764250755,398206,0.11513099819421768,0.15808400511741638,0.48441800475120544,0.22429299354553223,0.018074000254273415,296864,0.12630400061607361,0.16998699307441711,0.48510798811912537,0.20472300052642822,0.013877999968826771,149145,0.11555200070142746,0.13572700321674347,0.4878000020980835,0.23559600114822388,0.025324000045657158
34535,5915352,3423295,0.1173970028758049,0.16111099720001221,0.49154800176620483,0.21562400460243225,0.014318999834358692,931141,0.12187200039625168,0.16850699484348297,0.51120799779891968,0.19112400710582733,0.0072889998555183411,716702,0.10393600165843964,0.13977900147438049,0.46329399943351746,0.26653501391410828,0.026456000283360481,398204,0.11516200006008148,0.15805999934673309,0.48436498641967773,0.22433200478553772,0.018081000074744225,296878,0.12632100284099579,0.16995500028133392,0.48508799076080322,0.20472699403762817,0.013907999731600285,149132,0.11554200202226639,0.13573899865150452,0.4878770112991333,0.23553000390529633,0.0253129992634058
34536,5915583,3423374,0.11738000065088272,0.16111299395561218,0.49154999852180481,0.21563300490379333,0.01432500034570694,931180,0.12185899913311005,0.16849799454212189,0.51121801137924194,0.19113300740718842,0.0072920001111924648,716664,0.10394100099802017,0.13975299894809723,0.46327999234199524,0.26655000448226929,0.026474999263882637,398333,0.11519499868154526,0.15806600451469421,0.48428601026535034,0.22437299787998199,0.018079999834299088,296866,0.12632599472999573,0.16998200118541718,0.48510798811912537,0.20467099547386169,0.013911999762058258,149166,0.11570300161838531,0.135794997215271,0.48771798610687256,0.23546299338340759,0.025320999324321747
34537,5915835,3423646,0.11738099902868271,0.16110700368881226,0.49153599143028259,0.21564100682735443,0.014334999956190586,931239,0.12185800075531006,0.16848400235176086,0.51122498512268066,0.19113700091838837,0.0072960001416504383,716574,0.10392899811267853,0.13975000381469727,0.4632590115070343,0.2665570080280304,0.0265050008893013,398374,0.11521299928426743,0.15813300013542175,0.48426100611686707,0.22433200478553772,0.018061000853776932,296854,0.12627799808979034,0.16998900473117828,0.48509401082992554,0.20471300184726715,0.013926000334322453,149148,0.11561000347137451,0.13575799763202667,0.48789799213409424,0.23539699614048004,0.025336999446153641
34538,5916061,3423710,0.1173740029335022,0.16110800206661224,0.49153101444244385,0.21564300358295441,0.01434400025755167,931251,0.12184800207614899,0.16847899556159973,0.51122802495956421,0.19114400446414948,0.0073009999468922615,716708,0.10390300303697586,0.13975800573825836,0.46324598789215088,0.26658698916435242,0.026505999267101288,398367,0.11525300145149231,0.15818099677562714,0.48420700430870056,0.22428600490093231,0.018074000254273415,296857,0.12629300355911255,0.17000800371170044,0.48507899045944214,0.20470799505710602,0.013911999762058258,149168,0.11558099836111069,0.13575300574302673,0.48791998624801636,0.23536500334739685,0.025381000712513924
34539,5916283,3423837,0.11736900359392166,0.1611039936542511,0.49152600765228271,0.2156510055065155,0.014348999597132206,931268,0.1218390017747879,0.16848200559616089,0.51122802495956421,0.19114600121974945,0.007304999977350235,716797,0.10389400273561478,0.13976499438285828,0.46327200531959534,0.2665570080280304,0.02651200070977211,398378,0.11525700241327286,0.15815900266170502,0.48417100310325623,0.22432200610637665,0.018091000616550446,296875,0.12631599605083466,0.16993999481201172,0.48510000109672546,0.20472900569438934,0.013914999552071095,149128,0.11554499715566635,0.13578300178050995,0.48794999718666077,0.2353149950504303,0.025407999753952026
34540,5916523,3423864,0.1173660010099411,0.16110900044441223,0.49153000116348267,0.21563899517059326,0.014355000108480453,931316,0.12184199690818787,0.16847799718379974,0.51120001077651978,0.19117200374603271,0.0073079997673630714,716814,0.10388299822807312,0.13973799347877502,0.46328198909759521,0.26655501127243042,0.026542000472545624,398431,0.11525200307369232,0.1581449955701828,0.48413199186325073,0.2243880033493042,0.018083000555634499,296898,0.12630900740623474,0.16995400190353394,0.48501798510551453,0.20479099452495575,0.013926999643445015,149200,0.11558999866247177,0.13589100539684296,0.48794901371002197,0.23516100645065308,0.025408999994397163
34541,5916751,3423922,0.11736399680376053,0.16110600531101227,0.49152800440788269,0.21564400196075439,0.014359000138938427,931387,0.12185399979352951,0.16847500205039978,0.51120299100875854,0.19115999341011047,0.0073079997673630714,716869,0.10386600345373154,0.13971500098705292,0.4632900059223175,0.26655900478363037,0.026570999994874001,398456,0.11525499820709229,0.15807799994945526,0.48413100838661194,0.22445400059223175,0.018082000315189362,296921,0.12625600397586823,0.16998499631881714,0.48501798510551453,0.20481200516223907,0.013930000364780426,149196,0.11556600034236908,0.13606899976730347,0.48781499266624451,0.23514699935913086,0.02540300041437149
34542,5917015,3423924,0.11737000197172165,0.16110199689865112,0.49151900410652161,0.21564300358295441,0.014367000199854374,931453,0.12185300141572952,0.16845700144767761,0.51119202375411987,0.19119299948215485,0.007306000217795372,716905,0.1038300022482872,0.13972699642181396,0.46328499913215637,0.26657098531723022,0.026588000357151031,398526,0.11526700109243393,0.15810500085353851,0.48411598801612854,0.2244269996881485,0.018084000796079636,296961,0.12624199688434601,0.16994500160217285,0.48504701256752014,0.20483799278736115,0.013927999883890152,149246,0.11560100317001343,0.13588300347328186,0.48792600631713867,0.23518200218677521,0.025407999753952026
34543,5917226,3423964,0.11737699806690216,0.16109499335289001,0.49151399731636047,0.21563999354839325,0.014375000260770321,931490,0.12185300141572952,0.16844399273395538,0.51116800308227539,0.19122199714183807,0.0073130000382661819,717060,0.10382699966430664,0.13973900675773621,0.4632599949836731,0.26657900214195251,0.026596000418066978,398556,0.1152459979057312,0.15808600187301636,0.48412799835205078,0.22444799542427063,0.01809299923479557,296956,0.12617400288581848,0.16996799409389496,0.4850890040397644,0.20482799410820007,0.013941000215709209,149200,0.11552900075912476,0.13583800196647644,0.48807600140571594,0.23510700464248657,0.025449000298976898
34544,5917459,3424155,0.11737299710512161,0.1610880047082901,0.49150300025939941,0.21565000712871552,0.014384999871253967,931505,0.12186100333929062,0.16844099760055542,0.51115798950195312,0.19122500717639923,0.0073150000534951687,717107,0.10382600128650665,0.13975700736045837,0.46323901414871216,0.26656600832939148,0.026612000539898872,398556,0.11524400115013123,0.15806299448013306,0.48412999510765076,0.22444500029087067,0.018117999657988548,296929,0.12610100209712982,0.16998299956321716,0.48515999317169189,0.20481300354003906,0.013942999765276909,149207,0.11561799794435501,0.13582499325275421,0.48807999491691589,0.23500899970531464,0.025467999279499054
34545,5917685,3424315,0.11736200004816055,0.1610880047082901,0.4915040135383606,0.21565000712871552,0.014395999722182751,931549,0.12189199775457382,0.16842800378799438,0.51113700866699219,0.19122999906539917,0.0073139998130500317,717091,0.10383299738168716,0.13976700603961945,0.46323099732398987,0.26655501127243042,0.026613000780344009,398593,0.11524800211191177,0.15804299712181091,0.48414000868797302,0.22445699572563171,0.018110999837517738,296958,0.12610200047492981,0.1699800044298172,0.48512899875640869,0.20484699308872223,0.013941000215709209,149179,0.11553899943828583,0.13580299913883209,0.48807799816131592,0.23509299755096436,0.025485999882221222
34546,5917908,3424475,0.11736200004816055,0.16108199954032898,0.49150198698043823,0.21564699709415436,0.014406999573111534,931533,0.12189599871635437,0.1684110015630722,0.51114100217819214,0.1912350058555603,0.0073170000687241554,717169,0.10381799936294556,0.13976599276065826,0.46318098902702332,0.26661598682403564,0.026619000360369682,398585,0.11526799947023392,0.15801900625228882,0.48417499661445618,0.22442099452018738,0.018116999417543411,296945,0.12612099945545197,0.17001800239086151,0.48509299755096436,0.20481200516223907,0.013954999856650829,149201,0.11558199673891068,0.13584400713443756,0.48804599046707153,0.23506499826908112,0.025461999699473381
34547,5918142,3424718,0.11735200136899948,0.16107900440692902,0.4915120005607605,0.21564300358295441,0.014414999634027481,931573,0.12189999967813492,0.16839399933815002,0.51114201545715332,0.1912350058555603,0.0073299999348819256,717121,0.10382899641990662,0.13972699642181396,0.46317699551582336,0.2666429877281189,0.026624999940395355,398601,0.11529800295829773,0.15801499783992767,0.48408299684524536,0.22447299957275391,0.01813100092113018,296907,0.12605999410152435,0.17008399963378906,0.48507800698280334,0.20481500029563904,0.013964000158011913,149222,0.11565300077199936,0.13583800196647644,0.48794400691986084,0.23513300716876984,0.025431999936699867
34548,5918383,3424858,0.11733700335025787,0.16108599305152893,0.4915120005607605,0.21563799679279327,0.014426999725401402,931628,0.12189599871635437,0.16840100288391113,0.51113301515579224,0.19124299287796021,0.0073270001448690891,717120,0.10377199947834015,0.13975800573825836,0.46316799521446228,0.26666200160980225,0.026639999821782112,398642,0.1152459979057312,0.15805399417877197,0.48401600122451782,0.22455200552940369,0.018131999298930168,296909,0.12609300017356873,0.17007599771022797,0.48507100343704224,0.20479699969291687,0.013964000158011913,149226,0.11567699909210205,0.13586099445819855,0.4879240095615387,0.23512700200080872,0.025411000475287437
34549,5918606,3425009,0.11733800172805786,0.161080002784729,0.49149399995803833,0.21565499901771545,0.014433000236749649,931608,0.12188900262117386,0.16839599609375,0.51114499568939209,0.19124099612236023,0.0073279999196529388,717130,0.10378199815750122,0.13977399468421936,0.46309998631477356,0.26668500900268555,0.026659000664949417,398722,0.11526600271463394,0.15801000595092773,0.48407700657844543,0.22452500462532043,0.018123000860214233,296932,0.12604600191116333,0.17011600732803345,0.48513799905776978,0.20472399890422821,0.013976000249385834,149205,0.11559300124645233,0.13585300743579865,0.48794600367546082,0.23518599569797516,0.025420999154448509
34550,5918836,3425141,0.11733199656009674,0.16107499599456787,0.49148499965667725,0.21566900610923767,0.014438999816775322,931651,0.12189000099897385,0.16842800378799438,0.51112198829650879,0.19123099744319916,0.0073290001600980759,717179,0.10379800200462341,0.13974300026893616,0.46312299370765686,0.26665401458740234,0.026681000366806984,398746,0.11529400199651718,0.15800000727176666,0.4840799868106842,0.22450399398803711,0.018122000619769096,296934,0.1260250061750412,0.17013199627399445,0.48512500524520874,0.20474599301815033,0.013973000459372997,149185,0.11559499800205231,0.13585799932479858,0.48784399032592773,0.23521099984645844,0.025491999462246895
34551,5919066,3425333,0.11731600016355515,0.16108399629592896,0.49148499965667725,0.2156669944524765,0.014448000118136406,931708,0.121908999979496,0.1684190034866333,0.51111102104187012,0.19123099744319916,0.0073310001753270626,717195,0.10377500206232071,0.13974200189113617,0.46311700344085693,0.26667100191116333,0.026696000248193741,398727,0.11530900001525879,0.15798300504684448,0.48405799269676208,0.22453500330448151,0.018115000799298286,296928,0.12603400647640228,0.17013600468635559,0.48507401347160339,0.20476999878883362,0.013987000100314617,149175,0.11557599902153015,0.13587400317192078,0.48781600594520569,0.23518699407577515,0.025546999648213387
34552,5919296,3425487,0.11730500310659409,0.16108100116252899,0.49148499965667725,0.21567200124263763,0.01445700041949749,931711,0.12188900262117386,0.16841599345207214,0.51112097501754761,0.19124199450016022,0.0073330001905560493,717227,0.10378199815750122,0.13973100483417511,0.46312400698661804,0.26665800809860229,0.026706000789999962,398794,0.11535000056028366,0.1579740047454834,0.48401400446891785,0.22455999255180359,0.018101999536156654,296919,0.12604400515556335,0.17010000348091125,0.48509898781776428,0.20474900305271149,0.014007000252604485,149158,0.11553499847650528,0.13598300516605377,0.48775100708007812,0.235166996717453,0.02556299977004528
34553,5919515,3425625,0.11730200052261353,0.1610649973154068,0.49149000644683838,0.21567699313163757,0.014467000029981136,931709,0.1218779981136322,0.16842499375343323,0.51111197471618652,0.19124899804592133,0.0073359999805688858,717308,0.10373900085687637,0.13978099822998047,0.46307399868965149,0.26669400930404663,0.026711000129580498,398781,0.11539699882268906,0.15789599716663361,0.48406299948692322,0.22454400360584259,0.01810000091791153,296912,0.12606799602508545,0.17013800144195557,0.48508000373840332,0.20469999313354492,0.014014000073075294,149180,0.11559899896383286,0.13597699999809265,0.48784700036048889,0.23500500619411469,0.025573000311851501
34554,5919750,3425777,0.11729899793863297,0.1610729992389679,0.4914659857749939,0.21568800508975983,0.014473999850451946,931767,0.1218700036406517,0.1684270054101944,0.51110398769378662,0.19126500189304352,0.0073339999653398991,717236,0.10373599827289581,0.13977399468421936,0.46309199929237366,0.26667198538780212,0.026726000010967255,398815,0.11538200080394745,0.15788300335407257,0.48408401012420654,0.22456499934196472,0.01808599941432476,296936,0.12607100605964661,0.17007000744342804,0.48511499166488647,0.20470400154590607,0.014039999805390835,149219,0.11546099931001663,0.13606800138950348,0.48789998888969421,0.23496299982070923,0.025606999173760414
34555,5920001,3425991,0.11729499697685242,0.16108199954032898,0.49145799875259399,0.21568700671195984,0.014479000121355057,931810,0.12187200039625168,0.16841700673103333,0.51108598709106445,0.19128599762916565,0.0073379999957978725,717258,0.10371600091457367,0.13969999551773071,0.46311798691749573,0.26670899987220764,0.026757000014185905,398814,0.11535699665546417,0.15788599848747253,0.48413801193237305,0.22452600300312042,0.018093999475240707,296927,0.12605500221252441,0.1700890064239502,0.48507899045944214,0.20472399890422821,0.014054000377655029,149201,0.1154949963092804,0.13612499833106995,0.48787900805473328,0.23489099740982056,0.025609999895095825
34556,5920251,3426148,0.11729200184345245,0.16108399629592896,0.49144300818443298,0.2156980037689209,0.014484000392258167,931860,0.12187500298023224,0.1684190034866333,0.51109099388122559,0.19126999378204346,0.0073460000567138195,717280,0.10369700193405151,0.13968899846076965,0.46316799521446228,0.26666700839996338,0.026778999716043472,398891,0.11536499857902527,0.1578650027513504,0.48414000868797302,0.22451199591159821,0.018117999657988548,296925,0.12607899308204651,0.17006300389766693,0.48505899310112,0.20472800731658936,0.014070999808609486,149147,0.11542300134897232,0.13616099953651428,0.48771300911903381,0.23512999713420868,0.025572000071406364
34557,5920454,3426256,0.11728700250387192,0.16107900440692902,0.49143499135971069,0.21570999920368195,0.014488999731838703,931904,0.12186899781227112,0.16843000054359436,0.51108300685882568,0.19126400351524353,0.0073540001176297665,717305,0.10369399935007095,0.13969199359416962,0.4631589949131012,0.26666998863220215,0.026784999296069145,398933,0.11533500254154205,0.15783099830150604,0.48414900898933411,0.22457399964332581,0.018110999837517738,296875,0.12606699764728546,0.17004099488258362,0.48507300019264221,0.20471599698066711,0.01410400029271841,149181,0.11542999744415283,0.13613000512123108,0.48780998587608337,0.23502999544143677,0.025599999353289604
34558,5920694,3426414,0.117296002805233,0.16107000410556793,0.49142301082611084,0.21571299433708191,0.014499000273644924,931935,0.12186899781227112,0.16842499375343323,0.51108801364898682,0.1912589967250824,0.0073589999228715897,717315,0.10372599959373474,0.13967600464820862,0.46314901113510132,0.26667100191116333,0.026777999475598335,398992,0.11531800031661987,0.15780000388622284,0.48416998982429504,0.22457599639892578,0.018136000260710716,296908,0.12602199614048004,0.17005600035190582,0.48507601022720337,0.2047400027513504,0.014104999601840973,149130,0.11530900001525879,0.13620999455451965,0.48785600066184998,0.23497599363327026,0.025648999959230423
34559,5920954,3426557,0.11729899793863297,0.16105400025844574,0.49142000079154968,0.21572099626064301,0.014504999853670597,931975,0.12188000231981277,0.16840800642967224,0.51107299327850342,0.19126799702644348,0.0073710000142455101,717351,0.10371100157499313,0.13971699774265289,0.46308699250221252,0.26667800545692444,0.026807000860571861,399012,0.11533699929714203,0.15783700346946716,0.4841960072517395,0.2244890034198761,0.018139999359846115,296923,0.12594500184059143,0.17007400095462799,0.48510599136352539,0.20475700497627258,0.01411799993366003,149136,0.11539799720048904,0.13615800440311432,0.48783001303672791,0.23498700559139252,0.025628000497817993
34560,5921194,3426724,0.11728599667549133,0.16106000542640686,0.49143001437187195,0.21571600437164307,0.014507999643683434,932016,0.12189500033855438,0.16840100288391113,0.51104497909545898,0.19128599762916565,0.0073730000294744968,717357,0.10372000187635422,0.13970400393009186,0.46307501196861267,0.26667898893356323,0.026822000741958618,398990,0.11534599959850311,0.15780599415302277,0.48419299721717834,0.22449700534343719,0.018157999962568283,296955,0.12591800093650818,0.16999900341033936,0.48517099022865295,0.204802006483078,0.014109999872744083,149152,0.11543899774551392,0.13618999719619751,0.48764300346374512,0.23506200313568115,0.025665000081062317
34561,5921453,3426972,0.11727000027894974,0.16106300055980682,0.49142000079154968,0.21572799980640411,0.014519999735057354,932129,0.12188400328159332,0.16838200390338898,0.51104497909545898,0.19130599498748779,0.0073819998651742935,717276,0.10373099893331528,0.13969400525093079,0.463034987449646,0.26671698689460754,0.026822000741958618,398964,0.11533100157976151,0.157819002866745,0.48423698544502258,0.22444899380207062,0.018164999783039093,296935,0.1259160041809082,0.1700340062379837,0.48514300584793091,0.20478600263595581,0.014120999723672867,149177,0.11551400274038315,0.13623400032520294,0.48765599727630615,0.23493599891662598,0.025660999119281769
34562,5921692,3427176,0.11727499961853027,0.16106200218200684,0.49141401052474976,0.21571700274944305,0.014531999826431274,932179,0.12188500165939331,0.16838599741458893,0.51102399826049805,0.19132700562477112,0.0073770000599324703,717212,0.10368599742650986,0.13971899449825287,0.46301800012588501,0.26674100756645203,0.026836000382900238,398976,0.11534500122070312,0.15781700611114502,0.48420000076293945,0.22446699440479279,0.018171999603509903,296919,0.12587299942970276,0.17002299427986145,0.48517599701881409,0.20479999482631683,0.014127999544143677,149230,0.11555299907922745,0.13619899749755859,0.48770999908447266,0.23485200107097626,0.02568499930202961
34563,5921950,3427326,0.11727699637413025,0.16106000542640686,0.49139600992202759,0.21572600305080414,0.014539999887347221,932229,0.12187899649143219,0.16838900744915009,0.51102101802825928,0.19133000075817108,0.0073810000903904438,717244,0.10368400067090988,0.139724001288414,0.46302199363708496,0.26673299074172974,0.026836000382900238,398986,0.11534500122070312,0.15782499313354492,0.48418501019477844,0.22445599734783173,0.018188999965786934,296936,0.12584200501441956,0.16997900605201721,0.48524901270866394,0.20479500293731689,0.014134000055491924,149229,0.11556699872016907,0.1361130028963089,0.48768699169158936,0.23492799699306488,0.025705000385642052
34564,5922165,3427479,0.11726599931716919,0.16105499863624573,0.49139499664306641,0.21573999524116516,0.014545000158250332,932276,0.12186300009489059,0.16836999356746674,0.51102197170257568,0.19135700166225433,0.007387000136077404,717232,0.10366900265216827,0.13973399996757507,0.46301499009132385,0.26671800017356873,0.026862999424338341,399047,0.11534500122070312,0.15787599980831146,0.4841809868812561,0.22442199289798737,0.018176000565290451,296909,0.12583300471305847,0.16999100148677826,0.48528000712394714,0.20476600527763367,0.014128999784588814,149222,0.11557299643754959,0.13608600199222565,0.48760899901390076,0.2350119948387146,0.025720000267028809
34565,5922388,3427647,0.11726800352334976,0.16105200350284576,0.4913879930973053,0.21573899686336517,0.014553000219166279,932346,0.12185300141572952,0.16838499903678894,0.51101201772689819,0.19135600328445435,0.007393999956548214,717303,0.10366100072860718,0.13971400260925293,0.46302101016044617,0.26674500107765198,0.026860000565648079,398983,0.11532299965620041,0.15789100527763367,0.48419898748397827,0.22439099848270416,0.018195999786257744,296913,0.12579800188541412,0.16997900605201721,0.48528701066970825,0.20477700233459473,0.014158999547362328,149196,0.1155799999833107,0.13603599369525909,0.48761999607086182,0.23503300547599792,0.025730999186635017
34566,5922631,3427695,0.11726400256156921,0.1610649973154068,0.49137800931930542,0.2157289981842041,0.014564000070095062,932379,0.12184000015258789,0.16839900612831116,0.51100701093673706,0.19135500490665436,0.0073990002274513245,717465,0.10368199646472931,0.13970400393009186,0.46303200721740723,0.26673400402069092,0.026848999783396721,398946,0.11524099856615067,0.15781299769878387,0.4841809868812561,0.22452899813652039,0.018236000090837479,296942,0.1258230060338974,0.16993899643421173,0.48531699180603027,0.20475000143051147,0.014170999638736248,149204,0.11563999950885773,0.13599500060081482,0.48759400844573975,0.23504699766635895,0.02572299912571907
34567,5922865,3427842,0.11724600195884705,0.161080002784729,0.49137198925018311,0.2157289981842041,0.014573000371456146,932417,0.12184199690818787,0.16838599741458893,0.51101499795913696,0.19135899841785431,0.0073979999870061874,717434,0.10373199731111526,0.13970200717449188,0.46297898888587952,0.26673999428749084,0.026846999302506447,398958,0.11520300060510635,0.15780599415302277,0.48423400521278381,0.2245199978351593,0.018238000571727753,296992,0.12577800452709198,0.16990000009536743,0.48531600832939148,0.20483000576496124,0.014174999669194221,149222,0.11564599722623825,0.13591200113296509,0.48766300082206726,0.23499900102615356,0.025779999792575836
34568,5923128,3428005,0.11723700165748596,0.16108299791812897,0.49137100577354431,0.21572199463844299,0.014587000012397766,932462,0.12182199954986572,0.16837699711322784,0.5110200047492981,0.1913750022649765,0.0074060000479221344,717439,0.10373599827289581,0.13972599804401398,0.46293801069259644,0.26675298810005188,0.026846999302506447,399008,0.11520600318908691,0.1578260064125061,0.48424100875854492,0.22448399662971497,0.018242999911308289,296998,0.12580600380897522,0.1698870062828064,0.48530301451683044,0.20481300354003906,0.014192000031471252,149216,0.11572500318288803,0.1358570009469986,0.4876289963722229,0.23504200577735901,0.025747999548912048
34569,5923361,3428197,0.11723600327968597,0.16108599305152893,0.49135398864746094,0.2157289981842041,0.014595000073313713,932540,0.12182900309562683,0.16834700107574463,0.51103997230529785,0.19137799739837646,0.0074069998227059841,717502,0.10370700061321259,0.13975299894809723,0.4629490077495575,0.26675900816917419,0.02683199942111969,398973,0.11519300192594528,0.15781000256538391,0.4842430055141449,0.22447100281715393,0.018281999975442886,296974,0.12577900290489197,0.16988399624824524,0.48535901308059692,0.20477199554443359,0.014206999912858009,149175,0.11570999771356583,0.13576699793338776,0.4875749945640564,0.23519399762153625,0.025754999369382858
34570,5923561,3428403,0.11723600327968597,0.16107399761676788,0.49134698510169983,0.21573999524116516,0.014604000374674797,932536,0.1218239963054657,0.16832800209522247,0.51104599237442017,0.19139499962329865,0.0074069998227059841,717458,0.1036669984459877,0.13979600369930267,0.46293601393699646,0.26677799224853516,0.026822000741958618,398937,0.11517400294542313,0.15788200497627258,0.48422899842262268,0.22443899512290955,0.018276000395417213,297003,0.12579299509525299,0.16983699798583984,0.48541301488876343,0.20474900305271149,0.014209000393748283,149224,0.11571899801492691,0.13570199906826019,0.48762300610542297,0.23517000675201416,0.025786999613046646
34571,5923801,3428663,0.11723999679088593,0.16106300055980682,0.49133101105690002,0.21575500071048737,0.014611000195145607,932530,0.12181299924850464,0.16833899915218353,0.51105797290802002,0.19137899577617645,0.0074109998531639576,717517,0.10362999886274338,0.13981999456882477,0.46297401189804077,0.26674100756645203,0.026836000382900238,398894,0.11513800173997879,0.15789400041103363,0.48421099781990051,0.2244659960269928,0.01829100027680397,297015,0.12579800188541412,0.16985300183296204,0.4853689968585968,0.20477099716663361,0.014208000153303146,149182,0.11569800227880478,0.1358409970998764,0.48747798800468445,0.2351830005645752,0.025800999253988266
34572,5924029,3428811,0.11724100261926651,0.16104300320148468,0.49133101105690002,0.21577000617980957,0.01461500022560358,932548,0.1218160018324852,0.16833899915218353,0.5110589861869812,0.19137400388717651,0.0074129998683929443,717495,0.10362699627876282,0.13984499871730804,0.4629569947719574,0.26672101020812988,0.026850000023841858,398883,0.11512400209903717,0.15789300203323364,0.48425999283790588,0.22443699836730957,0.018285999074578285,297067,0.12578999996185303,0.16986699402332306,0.48532798886299133,0.20479199290275574,0.014221999794244766,149225,0.11572500318288803,0.13584199547767639,0.48731100559234619,0.23529599606990814,0.025826999917626381
34573,5924277,3428839,0.11724100261926651,0.16104499995708466,0.49131199717521667,0.21577499806880951,0.014627000316977501,932614,0.12180200219154358,0.16831900179386139,0.51109200716018677,0.1913750022649765,0.0074109998531639576,717589,0.10361400246620178,0.13982400298118591,0.46295401453971863,0.26673498749732971,0.026872999966144562,398921,0.11512300372123718,0.15788799524307251,0.48426899313926697,0.22443799674510956,0.018281999975442886,297093,0.12585300207138062,0.16985900700092316,0.48529899120330811,0.20474399626255035,0.01424499973654747,149221,0.11574099957942963,0.1359190046787262,0.48723000288009644,0.23529499769210815,0.025814000517129898
34574,5924516,3428929,0.11723700165748596,0.16104599833488464,0.4913100004196167,0.21577699482440948,0.0146289998665452,932665,0.1217769980430603,0.16830599308013916,0.51109498739242554,0.1914059966802597,0.0074160001240670681,717667,0.10360699892044067,0.13976499438285828,0.4630109965801239,0.26672399044036865,0.026892999187111855,398934,0.11518699675798416,0.15792100131511688,0.48418000340461731,0.22441799938678741,0.018293999135494232,297074,0.12582400441169739,0.16985699534416199,0.48532700538635254,0.20473699271678925,0.014255999587476254,149247,0.11572100222110748,0.1359889954328537,0.48709198832511902,0.23540200293064117,0.02579599991440773
34575,5924777,3429073,0.11723099648952484,0.16104300320148468,0.49130600690841675,0.21578499674797058,0.01463599968701601,932721,0.12180999666452408,0.16828900575637817,0.51106899976730347,0.19141499698162079,0.0074160001240670681,717702,0.10361000150442123,0.13974599540233612,0.46301001310348511,0.26671400666236877,0.026921000331640244,398961,0.11521200090646744,0.15793000161647797,0.48418501019477844,0.22438299655914307,0.018290000036358833,297079,0.12584899365901947,0.1698170006275177,0.4853149950504303,0.20476000010967255,0.014259000308811665,149241,0.11562500149011612,0.13606899976730347,0.4869840145111084,0.2355320006608963,0.025790000334382057
34576,5924989,3429248,0.11722099781036377,0.16103599965572357,0.49131399393081665,0.21578800678253174,0.014640999957919121,932792,0.12179899960756302,0.16827799379825592,0.51107901334762573,0.19142499566078186,0.0074200001545250416,717684,0.10361699759960175,0.13971699774265289,0.4629879891872406,0.26675501465797424,0.026923000812530518,398944,0.11526700109243393,0.15795700252056122,0.48410099744796753,0.22437199950218201,0.018302999436855316,297095,0.1258150041103363,0.16978099942207336,0.48536700010299683,0.20476999878883362,0.014267999678850174,149226,0.1156499981880188,0.13611599802970886,0.48682498931884766,0.23558199405670166,0.025826999917626381
34577,5925217,3429403,0.11721400171518326,0.16103599965572357,0.49131301045417786,0.21578699350357056,0.014650000259280205,932798,0.12176699936389923,0.16829800605773926,0.5110819935798645,0.19142299890518188,0.0074300002306699753,717735,0.10366500169038773,0.13971500098705292,0.46296200156211853,0.26673799753189087,0.026921000331640244,398953,0.11523900181055069,0.15793600678443909,0.48410999774932861,0.22441500425338745,0.018300000578165054,297097,0.12575699388980865,0.16976599395275116,0.48537701368331909,0.20482900738716125,0.014271000400185585,149231,0.11562599986791611,0.13609099388122559,0.48689600825309753,0.23558799922466278,0.025799000635743141
34578,5925436,3429570,0.11720400303602219,0.16104300320148468,0.4913179874420166,0.21577499806880951,0.014661000110208988,932862,0.12175799906253815,0.16826699674129486,0.51110100746154785,0.19143599271774292,0.0074379998259246349,717702,0.10364600270986557,0.13970799744129181,0.46297198534011841,0.26674899458885193,0.026924999430775642,398965,0.11526799947023392,0.15798099339008331,0.48396500945091248,0.22447100281715393,0.018315000459551811,297095,0.1257140040397644,0.16981400549411774,0.48529899120330811,0.20488399267196655,0.014287999831140041,149242,0.11569099873304367,0.13605399429798126,0.48685398697853088,0.23555000126361847,0.025851000100374222
34579,5925712,3429671,0.11721199750900269,0.16104200482368469,0.49130898714065552,0.21577200293540955,0.014665000140666962,932912,0.121738001704216,0.16825999319553375,0.51109999418258667,0.1914609968662262,0.0074410000815987587,717715,0.10364700108766556,0.13971799612045288,0.46292999386787415,0.26674500107765198,0.026959000155329704,398978,0.11532700061798096,0.15788599848747253,0.48400700092315674,0.22446399927139282,0.018316999077796936,297126,0.12569400668144226,0.16981300711631775,0.48530301451683044,0.20487600564956665,0.014313999563455582,149310,0.11569199711084366,0.13614599406719208,0.48685300350189209,0.23543600738048553,0.025871999561786652
34580,5925921,3429813,0.11721500009298325,0.16103699803352356,0.49129799008369446,0.21577399969100952,0.014674999751150608,932940,0.12171000242233276,0.16829100251197815,0.51109898090362549,0.19145800173282623,0.0074419998563826084,717677,0.10365500301122665,0.13970799744129181,0.46290698647499084,0.26676300168037415,0.026965999975800514,399033,0.11531899869441986,0.15792199969291687,0.48399999737739563,0.22443500161170959,0.018324000760912895,297142,0.12569700181484222,0.16981099545955658,0.48528599739074707,0.20488199591636658,0.014322999864816666,149316,0.11565399914979935,0.13608099520206451,0.48693400621414185,0.23545999825000763,0.025870999321341515
34581,5926147,3429966,0.11721300333738327,0.1610340029001236,0.49127298593521118,0.21579399704933167,0.014685999602079391,932977,0.12167699635028839,0.16829699277877808,0.51111799478530884,0.1914609968662262,0.0074470001272857189,717664,0.10364499688148499,0.13971599936485291,0.46289300918579102,0.26676800847053528,0.02697799913585186,399056,0.11537499725818634,0.15794999897480011,0.4839949905872345,0.22436699271202087,0.018312999978661537,297146,0.12568899989128113,0.16977499425411224,0.48530998826026917,0.20489899814128876,0.014325999654829502,149338,0.11563699692487717,0.13601399958133698,0.48706299066543579,0.23542599380016327,0.025861000642180443
34582,5926394,3430124,0.11721599847078323,0.16103500127792358,0.49125799536705017,0.2157990038394928,0.014690999872982502,933041,0.12167400121688843,0.16830199956893921,0.51111900806427002,0.19145999848842621,0.0074439998716115952,717690,0.10365500301122665,0.13969999551773071,0.46287798881530762,0.2667669951915741,0.027000999078154564,399067,0.11537899821996689,0.15790100395679474,0.48404699563980103,0.22436100244522095,0.018312999978661537,297174,0.12559300661087036,0.16973200440406799,0.48542600870132446,0.20490999519824982,0.014337999746203423,149298,0.11552099883556366,0.13603000342845917,0.48708599805831909,0.23548200726509094,0.025880999863147736
34583,5926605,3430256,0.11720000207424164,0.16101999580860138,0.49127298593521118,0.21580499410629272,0.014701000414788723,933102,0.12165100127458572,0.16830700635910034,0.51114600896835327,0.19144399464130402,0.0074510001577436924,717806,0.10368099808692932,0.13973699510097504,0.46282100677490234,0.26676100492477417,0.026999000459909439,399028,0.11539299786090851,0.1578889936208725,0.48400598764419556,0.22438299655914307,0.018330000340938568,297143,0.12556900084018707,0.16978700459003448,0.48544600605964661,0.20486399531364441,0.014333000406622887,149270,0.11558900028467178,0.13614900410175323,0.48682901263237,0.23557299375534058,0.025859000161290169
34584,5926829,3430271,0.11719699949026108,0.16101300716400146,0.49125701189041138,0.2158219963312149,0.014711000025272369,933148,0.12164299935102463,0.16832299530506134,0.51114100217819214,0.19143599271774292,0.0074579999782145023,717874,0.10369499772787094,0.13974499702453613,0.46287098526954651,0.26669400930404663,0.026994999498128891,399064,0.11538799852132797,0.15786899626255035,0.48398798704147339,0.22441500425338745,0.018340000882744789,297160,0.12558600306510925,0.16978700459003448,0.48543199896812439,0.20484599471092224,0.014348999597132206,149312,0.11562400311231613,0.13607700169086456,0.48680600523948669,0.23562699556350708,0.025864999741315842
34585,5927075,3430364,0.11719000339508057,0.16100500524044037,0.4912630021572113,0.21582500636577606,0.014717999845743179,933156,0.12164399772882462,0.16830399632453918,0.51111602783203125,0.19146899878978729,0.007466999813914299,718002,0.10372400283813477,0.13971799612045288,0.4628550112247467,0.26671400666236877,0.026988999918103218,399044,0.11540800333023071,0.15792499482631683,0.48389899730682373,0.22441099584102631,0.018355999141931534,297161,0.12557199597358704,0.16975599527359009,0.48549100756645203,0.20482499897480011,0.014356000348925591,149348,0.11576999723911285,0.13605800271034241,0.48693001270294189,0.23531599342823029,0.025925999507308006
34586,5927317,3430494,0.11718200147151947,0.16100800037384033,0.49125498533248901,0.21582600474357605,0.014728999696671963,933215,0.12162899971008301,0.1682949960231781,0.51112401485443115,0.19147899746894836,0.0074729998596012592,718018,0.10373800247907639,0.13968899846076965,0.46286299824714661,0.26671499013900757,0.026994999498128891,399041,0.11538700014352798,0.15793600678443909,0.48393499851226807,0.22435800731182098,0.018384000286459923,297163,0.12559099495410919,0.16974900662899017,0.48541700839996338,0.20488399267196655,0.014359000138938427,149386,0.11578699946403503,0.13605000078678131,0.48683899641036987,0.23539699614048004,0.025925999507308006
34587,5927545,3430531,0.11716900020837784,0.16100999712944031,0.49125999212265015,0.21582800149917603,0.014733999967575073,933289,0.12162700295448303,0.16827400028705597,0.51113498210906982,0.19149099290370941,0.0074740001000463963,718087,0.10377199947834015,0.13970699906349182,0.46277499198913574,0.26673200726509094,0.027013000100851059,399067,0.11537200212478638,0.15791100263595581,0.48393100500106812,0.22441099584102631,0.018374999985098839,297137,0.12560899555683136,0.1697700023651123,0.4853920042514801,0.2048649936914444,0.014364000409841537,149434,0.11589100211858749,0.13611400127410889,0.48657599091529846,0.23550200462341309,0.025917999446392059
34588,5927788,3430723,0.11716499924659729,0.16100700199604034,0.49124801158905029,0.2158380001783371,0.014740999788045883,933302,0.12161199748516083,0.16827599704265594,0.51114398241043091,0.19148799777030945,0.0074800001457333565,718096,0.10374800115823746,0.13972899317741394,0.46278399229049683,0.26672598719596863,0.027013000100851059,399100,0.11542200297117233,0.15790000557899475,0.48389598727226257,0.22439500689506531,0.018386000767350197,297135,0.12559899687767029,0.16976100206375122,0.48536199331283569,0.20488999783992767,0.014387000352144241,149432,0.11579199880361557,0.1360819935798645,0.48658901453018188,0.23561899363994598,0.025917999446392059
34589,5928029,3430849,0.11717399954795837,0.16099399328231812,0.49123498797416687,0.21584999561309814,0.014747000299394131,933348,0.12161099910736084,0.16827400028705597,0.51114100217819214,0.19148099422454834,0.0074950000271201134,718059,0.1037369966506958,0.13973599672317505,0.46276101469993591,0.26673400402069092,0.027031000703573227,399151,0.11538700014352798,0.157942995429039,0.4839169979095459,0.22437599301338196,0.018377000465989113,297142,0.12554900348186493,0.16989199817180634,0.48530000448226929,0.20485499501228333,0.014403999783098698,149480,0.11581499874591827,0.13602499663829803,0.48660001158714294,0.23558999598026276,0.025970000773668289
34590,5928260,3430997,0.11716999858617783,0.16098199784755707,0.49124100804328918,0.21584799885749817,0.014758000150322914,933343,0.12161999940872192,0.16826899349689484,0.51111900806427002,0.19148899614810944,0.0075030000880360603,718073,0.10371600091457367,0.13974499702453613,0.46276900172233582,0.26672101020812988,0.027048999443650246,399215,0.11541400104761124,0.15795199573040009,0.48392701148986816,0.22434000670909882,0.018365999683737755,297159,0.12556900084018707,0.16988499462604523,0.48531600832939148,0.20482000708580017,0.014410000294446945,149473,0.11573299765586853,0.13602499663829803,0.48640900850296021,0.2358819991350174,0.025950999930500984
34591,5928501,3431093,0.1171640008687973,0.16098000109195709,0.49122700095176697,0.21586599946022034,0.014763000421226025,933369,0.12161199748516083,0.16825799643993378,0.51112300157546997,0.19149899482727051,0.0075079998932778835,718168,0.10377699881792068,0.13971799612045288,0.46276199817657471,0.26668098568916321,0.027062000706791878,399223,0.11538700014352798,0.1579120010137558,0.48399001359939575,0.22433799505233765,0.018372999504208565,297215,0.12564599514007568,0.16985300183296204,0.48529499769210815,0.20478799939155579,0.014417000114917755,149433,0.11566399782896042,0.13608099520206451,0.48647201061248779,0.23586499691009521,0.025917999446392059
34592,5928752,3431208,0.11715800315141678,0.16097700595855713,0.49122500419616699,0.21587100625038147,0.014769000001251698,933402,0.1216220036149025,0.16826200485229492,0.51109898090362549,0.19150300323963165,0.0075139999389648438,718189,0.1037679985165596,0.13972499966621399,0.4627319872379303,0.26669898629188538,0.027076000347733498,399273,0.11537700146436691,0.15789900720119476,0.48402500152587891,0.22431300580501556,0.018386000767350197,297233,0.12567199766635895,0.16986300051212311,0.48526600003242493,0.20478199422359467,0.014415999874472618,149447,0.11568599939346313,0.13612200319766998,0.48647299408912659,0.23581600189208984,0.025901999324560165
34593,5928987,3431359,0.1171640008687973,0.16097800433635712,0.4912090003490448,0.21586599946022034,0.014781000092625618,933445,0.12160299718379974,0.16827200353145599,0.51110202074050903,0.19150899350643158,0.007513000164180994,718153,0.10378400236368179,0.13972100615501404,0.46270200610160828,0.26672598719596863,0.027067000046372414,399297,0.11536499857902527,0.15783199667930603,0.48405799269676208,0.22433899343013763,0.018404999747872353,297246,0.12559600174427032,0.16989600658416748,0.485291987657547,0.20481400191783905,0.014402000233530998,149487,0.11566899716854095,0.13611899316310883,0.48637700080871582,0.23588000237941742,0.025955000892281532
34594,5929235,3431563,0.11715199798345566,0.16098099946975708,0.49121600389480591,0.21585899591445923,0.014793000183999538,933440,0.12159799784421921,0.1682640016078949,0.51108497381210327,0.191538006067276,0.0075159999541938305,718152,0.10379700362682343,0.13975599408149719,0.46264401078224182,0.26672899723052979,0.027073999866843224,399302,0.11539400368928909,0.15777499973773956,0.48411199450492859,0.22431600093841553,0.018402000889182091,297277,0.12562400102615356,0.16988900303840637,0.48525398969650269,0.2048259973526001,0.014406999573111534,149501,0.11559800058603287,0.13614000380039215,0.48631799221038818,0.23594500124454498,0.026000000536441803
34595,5929452,3431755,0.11714400351047516,0.16098099946975708,0.49120599031448364,0.21586599946022034,0.014804000034928322,933475,0.12159699946641922,0.16826499998569489,0.51105797290802002,0.19156399369239807,0.0075159999541938305,718096,0.10378099977970123,0.13978099822998047,0.4626460075378418,0.26670101284980774,0.027091000229120255,399319,0.11540599912405014,0.15778599679470062,0.484142005443573,0.22428399324417114,0.018380999565124512,297278,0.12557299435138702,0.16992799937725067,0.48530998826026917,0.20476800203323364,0.014421000145375729,149529,0.11555600166320801,0.13624800741672516,0.48627400398254395,0.23591400682926178,0.02600800059735775
34596,5929699,3431905,0.11713699996471405,0.16098199784755707,0.49119499325752258,0.21587599813938141,0.014809999614953995,933541,0.12161000072956085,0.16827000677585602,0.51103699207305908,0.19155299663543701,0.0075289998203516006,718098,0.10377400368452072,0.13974699378013611,0.46266898512840271,0.2667199969291687,0.027089999988675117,399408,0.11541099846363068,0.157819002866745,0.48410099744796753,0.22428199648857117,0.018386999145150185,297228,0.12557399272918701,0.16998399794101715,0.48534500598907471,0.20467500388622284,0.014422999694943428,149519,0.11555100232362747,0.13627700507640839,0.48615199327468872,0.23602400720119476,0.025996999815106392
34597,5929914,3432029,0.1171329990029335,0.16098000109195709,0.49118700623512268,0.2158840000629425,0.014816000126302242,933550,0.1216059997677803,0.16828100383281708,0.51102900505065918,0.19155700504779816,0.0075269998051226139,718181,0.10375200212001801,0.13975599408149719,0.46264699101448059,0.26673099398612976,0.027114000171422958,399394,0.11539000272750854,0.15780700743198395,0.48411300778388977,0.22430199384689331,0.018387999385595322,297229,0.12551599740982056,0.17004099488258362,0.48529899120330811,0.20471400022506714,0.014430000446736813,149531,0.11549399793148041,0.13629899919033051,0.48619300127029419,0.23597800731658936,0.026034999638795853
34598,5930135,3432099,0.11711999773979187,0.16096800565719604,0.49119600653648376,0.21588799357414246,0.014826999977231026,933552,0.12157300114631653,0.16831099987030029,0.51102101802825928,0.19156700372695923,0.0075269998051226139,718238,0.1037679985165596,0.13977000117301941,0.46260601282119751,0.26673099398612976,0.027125999331474304,399447,0.11542700231075287,0.15779599547386169,0.48406898975372314,0.22433499991893768,0.018372999504208565,297268,0.1255670040845871,0.17006899416446686,0.48527300357818604,0.20465700328350067,0.014434999786317348,149531,0.11546099931001663,0.13641999661922455,0.48619300127029419,0.23589099943637848,0.026034999638795853
34599,5930359,3432175,0.11710599809885025,0.160971999168396,0.4912010133266449,0.21588599681854248,0.014833999797701836,933581,0.12156099826097488,0.16831900179386139,0.51102298498153687,0.19157099723815918,0.0075269998051226139,718342,0.10374999791383743,0.13977600634098053,0.46256500482559204,0.26676398515701294,0.027143999934196472,399495,0.1154559999704361,0.15780900418758392,0.4839789867401123,0.22438600659370422,0.01837100088596344,297252,0.12555000185966492,0.17006100714206696,0.48529499769210815,0.2046239972114563,0.014468999579548836,149514,0.11552800238132477,0.13643500208854675,0.48616200685501099,0.23588399589061737,0.025991000235080719
34600,5930589,3432362,0.11710099875926971,0.16096800565719604,0.49120000004768372,0.21589100360870361,0.014840999618172646,933600,0.12154799699783325,0.16831000149250031,0.51101201772689819,0.19160699844360352,0.0075240000151097775,718335,0.10374300181865692,0.13980700075626373,0.46250298619270325,0.26679199934005737,0.027155999094247818,399480,0.1154630035161972,0.15777799487113953,0.484017014503479,0.22436900436878204,0.018373999744653702,297259,0.12558099627494812,0.17007100582122803,0.48524400591850281,0.2046159952878952,0.014488999731838703,149553,0.11545699834823608,0.13646000623703003,0.48620900511741638,0.23587000370025635,0.026003999635577202
34601,5930832,3432571,0.11709699779748917,0.16097800433635712,0.49119499325752258,0.21588200330734253,0.014847000129520893,933644,0.12154000252485275,0.16829800605773926,0.51101100444793701,0.1916240006685257,0.0075269998051226139,718308,0.10374400019645691,0.13978099822998047,0.46247199177742004,0.26682400703430176,0.027179000899195671,399503,0.11545799672603607,0.15778100490570068,0.48396900296211243,0.22438900172710419,0.018402999266982079,297258,0.12557099759578705,0.17005099356174469,0.48525899648666382,0.20461000502109528,0.014508999884128571,149548,0.11547499895095825,0.13645799458026886,0.48633900284767151,0.23575000464916229,0.025978000834584236
34602,5931051,3432831,0.11709199845790863,0.16097599267959595,0.49119400978088379,0.21588000655174255,0.014857999980449677,933660,0.12154299765825272,0.16831499338150024,0.51098698377609253,0.19162699580192566,0.0075280000455677509,718301,0.10374899953603745,0.13976599276065826,0.46248200535774231,0.26682499051094055,0.027178000658750534,399465,0.11548200249671936,0.15780900418758392,0.48392200469970703,0.22439299523830414,0.018394999206066132,297287,0.12555499374866486,0.1700340062379837,0.48524200916290283,0.20466099679470062,0.014507999643683434,149507,0.11535900086164474,0.13634100556373596,0.48637199401855469,0.23590199649333954,0.026025999337434769
34603,5931228,3432954,0.11708799749612808,0.16098000109195709,0.49117898941040039,0.21589000523090363,0.014863000251352787,933697,0.12153299897909164,0.16831499338150024,0.51098698377609253,0.19163499772548676,0.0075300000607967377,718310,0.10371699929237366,0.13978800177574158,0.46251100301742554,0.26680299639701843,0.027181999757885933,399435,0.1154009997844696,0.15781800448894501,0.48389101028442383,0.22448700666427612,0.018402999266982079,297316,0.1255359947681427,0.17005099356174469,0.48522800207138062,0.2046779990196228,0.014506000094115734,149516,0.1152850016951561,0.13633300364017487,0.48654299974441528,0.23581400513648987,0.026024000719189644
34604,5931446,3432981,0.117078997194767,0.16098499298095703,0.49117299914360046,0.21589599549770355,0.014867999590933323,933757,0.12154199928045273,0.16831499338150024,0.51095801591873169,0.19164399802684784,0.0075409999117255211,718338,0.10373900085687637,0.13981999456882477,0.46244001388549805,0.26682001352310181,0.027180999517440796,399477,0.1153779998421669,0.1577640026807785,0.4839400053024292,0.22451600432395935,0.018402000889182091,297363,0.12550699710845947,0.17005099356174469,0.48526200652122498,0.20467199385166168,0.014507999643683434,149530,0.11532799899578094,0.13621300458908081,0.48670500516891479,0.23571200668811798,0.026041999459266663
34605,5931678,3433076,0.11708199977874756,0.16097800433635712,0.49115601181983948,0.21591000258922577,0.01487400010228157,933761,0.12154000252485275,0.16831700503826141,0.51094597578048706,0.19165700674057007,0.0075400001369416714,718363,0.10370700061321259,0.13984200358390808,0.46245399117469788,0.26681399345397949,0.027184000238776207,399565,0.11536300182342529,0.15773199498653412,0.48399901390075684,0.22448700666427612,0.018419999629259109,297378,0.1255439966917038,0.17003600299358368,0.48525398969650269,0.2046550065279007,0.014510000124573708,149535,0.11524400115013123,0.13623599708080292,0.48687601089477539,0.23561699688434601,0.026026999577879906
34606,5931919,3433180,0.11707200109958649,0.16098299622535706,0.49114999175071716,0.21591800451278687,0.014878000132739544,933808,0.12156099826097488,0.16829399764537811,0.51093399524688721,0.19166600704193115,0.0075449999421834946,718379,0.10371799767017365,0.13982699811458588,0.46242299675941467,0.26681900024414062,0.027212999761104584,399621,0.1153469979763031,0.15770900249481201,0.4840410053730011,0.22447299957275391,0.018430000171065331,297402,0.12559099495410919,0.17003600299358368,0.48522499203681946,0.20464199781417847,0.014506000094115734,149529,0.11527500301599503,0.13626100122928619,0.48681500554084778,0.23564000427722931,0.02600800059735775
34607,5932178,3433299,0.11705199629068375,0.16098399460315704,0.49114400148391724,0.21593199670314789,0.01488799974322319,933830,0.12155400216579437,0.16828100383281708,0.51095902919769287,0.1916549950838089,0.0075509999878704548,718464,0.1037449985742569,0.13983699679374695,0.46240600943565369,0.26677000522613525,0.027241000905632973,399620,0.11536200344562531,0.15767000615596771,0.48405000567436218,0.22447599470615387,0.018442999571561813,297441,0.12560099363327026,0.17003999650478363,0.48522201180458069,0.20462900400161743,0.014507000334560871,149524,0.11531899869441986,0.13633899390697479,0.48679101467132568,0.23558099567890167,0.025969000533223152
34608,5932429,3433461,0.11704699695110321,0.16098099946975708,0.49113601446151733,0.21593999862670898,0.014894999563694,933860,0.12156599760055542,0.16826100647449493,0.51096099615097046,0.19165800511837006,0.0075539997778832912,718521,0.10372000187635422,0.13986100256443024,0.46242800354957581,0.26673999428749084,0.027251999825239182,399618,0.11538299918174744,0.15770600736141205,0.48399698734283447,0.2244420051574707,0.018472999334335327,297445,0.1256130039691925,0.17000499367713928,0.48518198728561401,0.20468699932098389,0.014514000155031681,149524,0.11525200307369232,0.13629299402236938,0.48687800765037537,0.23562100529670715,0.02595599927008152
34609,5932638,3433585,0.11704300343990326,0.1609870046377182,0.49111700057983398,0.21595199406147003,0.014901000075042248,933878,0.12156199663877487,0.16825999319553375,0.51094001531600952,0.19167900085449219,0.0075590000487864017,718572,0.10367800295352936,0.13986200094223022,0.46246999502182007,0.26670798659324646,0.027281999588012695,399614,0.11532899737358093,0.15768200159072876,0.48406499624252319,0.22444899380207062,0.018474999815225601,297454,0.1256130039691925,0.16999299824237823,0.48518800735473633,0.2047010064125061,0.014506000094115734,149535,0.1153239980340004,0.13633599877357483,0.48677599430084229,0.23559699952602386,0.025967000052332878
34610,5932856,3433708,0.11704500019550323,0.16097100079059601,0.49114099144935608,0.215939000248909,0.014903999865055084,933880,0.12156900018453598,0.16823799908161163,0.51093697547912598,0.1916860044002533,0.0075690001249313354,718625,0.10368599742650986,0.13984100520610809,0.46241900324821472,0.26676800847053528,0.02728700079023838,399648,0.11527899652719498,0.15769900381565094,0.48404300212860107,0.22449299693107605,0.018486000597476959,297472,0.12565900385379791,0.17000299692153931,0.48514500260353088,0.20467099547386169,0.014522000215947628,149523,0.11523299664258957,0.13640700280666351,0.48673400282859802,0.23563599586486816,0.025988999754190445
34611,5933084,3433829,0.11704300343990326,0.16096499562263489,0.49113398790359497,0.2159460037946701,0.014911999925971031,933897,0.12155000120401382,0.16822400689125061,0.51093900203704834,0.19171899557113647,0.0075679998844861984,718626,0.10365500301122665,0.13985300064086914,0.46248400211334229,0.26670899987220764,0.027298999950289726,399641,0.11528100073337555,0.15776200592517853,0.4838939905166626,0.2245589941740036,0.018503999337553978,297530,0.12569800019264221,0.16999000310897827,0.48508700728416443,0.20471900701522827,0.014506000094115734,149561,0.11526399850845337,0.13643300533294678,0.48669099807739258,0.23559600114822388,0.026016000658273697
34612,5933323,3433973,0.11704099923372269,0.16096499562263489,0.4911159873008728,0.21595799922943115,0.014919999986886978,933889,0.12155099958181381,0.16825400292873383,0.5108799934387207,0.19174399971961975,0.0075699998997151852,718646,0.10359500348567963,0.13983400166034698,0.46256598830223083,0.26668798923492432,0.027318000793457031,399675,0.11528400331735611,0.15778300166130066,0.48391100764274597,0.22450199723243713,0.018519999459385872,297581,0.1257140040397644,0.16998100280761719,0.48507100343704224,0.20473100244998932,0.01450399961322546,149559,0.11536599695682526,0.13646100461483002,0.48659700155258179,0.2355789989233017,0.025995999574661255
34613,5933571,3434118,0.1170319989323616,0.16096200048923492,0.49112099409103394,0.21596300601959229,0.014921000227332115,933945,0.1215360015630722,0.16825400292873383,0.51087898015975952,0.19176200032234192,0.0075690001249313354,718691,0.10361199826002121,0.13983500003814697,0.46249198913574219,0.2667199969291687,0.027341000735759735,399712,0.1152380034327507,0.15780599415302277,0.48386600613594055,0.22456400096416473,0.018526000902056694,297580,0.12577100098133087,0.16995400190353394,0.4850659966468811,0.20470799505710602,0.014499999582767487,149525,0.11539199948310852,0.13651199638843536,0.48652699589729309,0.23553900420665741,0.02602900005877018
34614,5933782,3434183,0.11702399700880051,0.16095800697803497,0.49112400412559509,0.2159699946641922,0.014924000017344952,933959,0.12151800096035004,0.16826599836349487,0.51088100671768188,0.19176599383354187,0.0075679998844861984,718694,0.10361400246620178,0.13986499607563019,0.46246001124382019,0.26670700311660767,0.027354000136256218,399739,0.11523299664258957,0.15779300034046173,0.48393100500106812,0.22451899945735931,0.018525000661611557,297646,0.12575699388980865,0.16997699439525604,0.48499599099159241,0.20474700629711151,0.014523999765515327,149561,0.11535099893808365,0.1365399956703186,0.48631000518798828,0.23574300110340118,0.026055999100208282
34615,5934008,3434342,0.11701299995183945,0.16095100343227386,0.49112299084663391,0.21598200500011444,0.014932000078260899,933983,0.12154000252485275,0.16825899481773376,0.5108489990234375,0.19178199768066406,0.0075710001401603222,718715,0.10356300324201584,0.13990899920463562,0.46244901418685913,0.26671800017356873,0.027360999956727028,399739,0.11528299748897552,0.15775300562381744,0.48391801118850708,0.22452700138092041,0.018519999459385872,297690,0.125791996717453,0.1699959933757782,0.48507198691368103,0.2046159952878952,0.014525000005960464,149539,0.1153080016374588,0.13656599819660187,0.48626801371574402,0.23577800393104553,0.026079999282956123
34616,5934230,3434554,0.11701499670743942,0.16095100343227386,0.49110499024391174,0.21598400175571442,0.014945000410079956,933997,0.12152799963951111,0.1682640016078949,0.51083201169967651,0.19180099666118622,0.0075739999301731586,718634,0.10353799909353256,0.1398559957742691,0.46254000067710876,0.26669898629188538,0.027366999536752701,399756,0.11532299965620041,0.15777899324893951,0.48385500907897949,0.22452199459075928,0.018520999699831009,297752,0.12581899762153625,0.16998699307441711,0.48504099249839783,0.20458300411701202,0.014569000340998173,149537,0.1151759997010231,0.13657499849796295,0.48636099696159363,0.23579399287700653,0.026094000786542892
34617,5934493,3434694,0.11700499802827835,0.1609559953212738,0.49108600616455078,0.21599799394607544,0.014955000020563602,934070,0.12153500318527222,0.16823700070381165,0.51084798574447632,0.19179999828338623,0.0075799999758601189,718659,0.10356800258159637,0.13981999456882477,0.46254900097846985,0.26667898893356323,0.027383999899029732,399740,0.11529699712991714,0.15780800580978394,0.48382899165153503,0.22455599904060364,0.0185100007802248,297788,0.1258080005645752,0.1700810045003891,0.48502999544143677,0.20452800393104553,0.014554000459611416,149542,0.11521200090646744,0.13660399615764618,0.48631799221038818,0.23576700687408447,0.026100000366568565
34618,5934717,3434899,0.11699900031089783,0.16095399856567383,0.49109399318695068,0.21598799526691437,0.014964999631047249,934127,0.12154900282621384,0.16823899745941162,0.51082199811935425,0.19181199371814728,0.0075770001858472824,718620,0.10353899747133255,0.13980300724506378,0.46257799863815308,0.26667800545692444,0.027403000742197037,399781,0.11532299965620041,0.15776599943637848,0.48380699753761292,0.224590003490448,0.018512999638915062,297817,0.12582899630069733,0.16999399662017822,0.48502299189567566,0.204585000872612,0.014569000340998173,149473,0.11521799862384796,0.13670699298381805,0.48620200157165527,0.23584200441837311,0.026031000539660454
34619,5934961,3434968,0.11698699742555618,0.1609639972448349,0.49108999967575073,0.21598200500011444,0.014976000413298607,934165,0.12152799963951111,0.16821999847888947,0.51085597276687622,0.19181600213050842,0.0075799999758601189,718707,0.10355699807405472,0.13980099558830261,0.46251800656318665,0.26672101020812988,0.027403000742197037,399822,0.11538899689912796,0.15773999691009521,0.48372799158096313,0.22462999820709229,0.018512999638915062,297845,0.12579399347305298,0.16999100148677826,0.48502698540687561,0.20460300147533417,0.014585000462830067,149454,0.11531300097703934,0.13661099970340729,0.48630300164222717,0.23573799431324005,0.026034999638795853
34620,5935206,3435196,0.11699199676513672,0.16095300018787384,0.49108898639678955,0.21598100662231445,0.014986000023782253,934216,0.12153699994087219,0.1681859940290451,0.51085597276687622,0.19183699786663055,0.0075840000063180923,718716,0.10352899879217148,0.13982400298118591,0.46252098679542542,0.26670598983764648,0.027419999241828918,399830,0.11538899689912796,0.15778200328350067,0.48370099067687988,0.2246129959821701,0.018515000119805336,297823,0.12578600645065308,0.16995300352573395,0.48502600193023682,0.20465800166130066,0.014576000161468983,149425,0.11530199646949768,0.1365170031785965,0.48629099130630493,0.23585699498653412,0.026032999157905579
34621,5935427,3435322,0.11698400229215622,0.1609559953212738,0.49107399582862854,0.21599599719047546,0.014990000054240227,934248,0.12153899669647217,0.1681939959526062,0.51083499193191528,0.19184599816799164,0.0075849997811019421,718748,0.10355799645185471,0.13979700207710266,0.46252799034118652,0.26668301224708557,0.027434000745415688,399827,0.11538700014352798,0.15780800580978394,0.48368701338768005,0.22459499537944794,0.018523000180721283,297844,0.12574000656604767,0.16997799277305603,0.48501899838447571,0.20468400418758392,0.014577999711036682,149438,0.11527899652719498,0.1364780068397522,0.48634201288223267,0.23581700026988983,0.026084000244736671
34622,5935658,3435423,0.11698400229215622,0.16094900667667389,0.49106898903846741,0.21600200235843658,0.014996999874711037,934277,0.12156599760055542,0.16818399727344513,0.51080900430679321,0.19186000525951385,0.0075819999910891056,718814,0.10353600233793259,0.13976599276065826,0.46253100037574768,0.26670598983764648,0.02746099978685379,399836,0.11541000008583069,0.15783999860286713,0.48368299007415771,0.22454999387264252,0.018518000841140747,297856,0.12571200728416443,0.16995799541473389,0.48504599928855896,0.20467300713062286,0.014611000195145607,149452,0.1153549998998642,0.13649900257587433,0.48642399907112122,0.23566800355911255,0.026055000722408295
34623,5935874,3435568,0.11698099970817566,0.16093400120735168,0.49106600880622864,0.21601299941539764,0.015006000176072121,934277,0.12155099958181381,0.1682019978761673,0.51078897714614868,0.19187699258327484,0.0075819999910891056,718883,0.10351900011301041,0.13977700471878052,0.46253800392150879,0.26668301224708557,0.027482999488711357,399859,0.11542599648237228,0.15786099433898926,0.48368000984191895,0.22450399398803711,0.018528999760746956,297822,0.12572899460792542,0.16996699571609497,0.48506200313568115,0.20462599396705627,0.014615999534726143,149465,0.11544500291347504,0.13649299740791321,0.48641499876976013,0.23564000427722931,0.026006000116467476
34624,5936071,3435667,0.11697699874639511,0.16093100607395172,0.49106600880622864,0.21601399779319763,0.015011999756097794,934288,0.12153399735689163,0.16820399463176727,0.51079899072647095,0.19187900424003601,0.0075840000063180923,718955,0.10350999981164932,0.13975800573825836,0.46255099773406982,0.26669800281524658,0.027482999488711357,399893,0.11540599912405014,0.15790699422359467,0.4837070107460022,0.22444799542427063,0.018532000482082367,297807,0.12577900290489197,0.16992899775505066,0.48500901460647583,0.20465299487113953,0.014630000106990337,149461,0.11547499895095825,0.13644999265670776,0.48628100752830505,0.23576000332832336,0.026033999398350716
34625,5936337,3435758,0.11698099970817566,0.16093699634075165,0.49104800820350647,0.21601800620555878,0.015017000027000904,934315,0.12152600288391113,0.16818100214004517,0.51080101728439331,0.19190700352191925,0.0075840000063180923,719037,0.10349500179290771,0.13979899883270264,0.46251600980758667,0.26667800545692444,0.027512000873684883,399888,0.1153549998998642,0.15790699422359467,0.4838080108165741,0.22439299523830414,0.01853800006210804,297853,0.12575699388980865,0.16993600130081177,0.48490700125694275,0.20474199950695038,0.014658000320196152,149486,0.11549600213766098,0.1364939957857132,0.48631298542022705,0.23568099737167358,0.026016000658273697
34626,5936602,3435946,0.11697699874639511,0.16094499826431274,0.49104198813438416,0.21601000428199768,0.015026000328361988,934338,0.1215360015630722,0.16814699769020081,0.51080697774887085,0.19192400574684143,0.0075860000215470791,719033,0.1035040020942688,0.13979500532150269,0.46252399682998657,0.26666200160980225,0.027514999732375145,399868,0.11530099809169769,0.15792499482631683,0.48378700017929077,0.22440400719642639,0.018583999946713448,297898,0.12572799623012543,0.16991400718688965,0.48492398858070374,0.20476500689983368,0.014669000171124935,149519,0.11554399877786636,0.13646399974822998,0.48637300729751587,0.23561599850654602,0.026002999395132065
34627,5936823,3436114,0.11697500199079514,0.16094699501991272,0.49103599786758423,0.21601399779319763,0.015027999877929688,934352,0.12154699862003326,0.16814799606800079,0.51078802347183228,0.19192300736904144,0.007592999842017889,719026,0.10347600281238556,0.13979999721050262,0.46249198913574219,0.26669600605964661,0.027535999193787575,399917,0.11528900265693665,0.15793800354003906,0.48377299308776855,0.22442199289798737,0.018579000607132912,297889,0.12567399442195892,0.16991600394248962,0.48493200540542603,0.20480400323867798,0.014673000201582909,149525,0.11546599864959717,0.13643200695514679,0.48637399077415466,0.23564000427722931,0.026088999584317207
34628,5937072,3436305,0.11696500331163406,0.16094699501991272,0.49102601408958435,0.2160239964723587,0.015038000419735909,934404,0.12157200276851654,0.16814400255680084,0.51076698303222656,0.19192099571228027,0.0075960000976920128,718992,0.10347999632358551,0.13984000682830811,0.46247199177742004,0.26667600870132446,0.027532000094652176,399919,0.11529099941253662,0.1578889936208725,0.48380300402641296,0.22441500425338745,0.018601000308990479,297897,0.12568099796772003,0.16994099318981171,0.48486199975013733,0.20485599339008331,0.014658999629318714,149555,0.11538200080394745,0.13642500340938568,0.48638299107551575,0.23568600416183472,0.026124000549316406
34629,5937288,3436348,0.11696299910545349,0.16095300018787384,0.49100500345230103,0.2160319983959198,0.015046999789774418,934458,0.12156999856233597,0.16814799606800079,0.5107799768447876,0.19190299510955811,0.0076000001281499863,719005,0.10347100347280502,0.13981500267982483,0.46251800656318665,0.26666998863220215,0.027526000514626503,400016,0.1152850016951561,0.1578889936208725,0.48378300666809082,0.22443400323390961,0.018609000369906425,297891,0.12564300000667572,0.16993099451065063,0.48490199446678162,0.20484699308872223,0.014677000232040882,149570,0.1154709979891777,0.13640399277210236,0.48631399869918823,0.23572200536727905,0.02608799934387207
34630,5937499,3436431,0.11697100102901459,0.16095300018787384,0.49098500609397888,0.2160400003194809,0.015052000060677528,934490,0.12156400084495544,0.16815400123596191,0.5107719898223877,0.19190399348735809,0.0076069999486207962,719036,0.10348200052976608,0.13977600634098053,0.46256500482559204,0.26663300395011902,0.027543999254703522,400063,0.11526899784803391,0.15791299939155579,0.48375898599624634,0.22442999482154846,0.018629999831318855,297907,0.12565000355243683,0.16995899379253387,0.48488599061965942,0.20483900606632233,0.014666000381112099,149572,0.11536899954080582,0.13640899956226349,0.48634800314903259,0.23577900230884552,0.026094000786542892
34631,5937744,3436515,0.11697100102901459,0.16095100343227386,0.49098101258277893,0.21604099869728088,0.015056000091135502,934513,0.12155900150537491,0.16813099384307861,0.51076102256774902,0.19193099439144135,0.0076179997995495796,719113,0.10347999632358551,0.13979600369930267,0.46253100037574768,0.26664099097251892,0.027551999315619469,400078,0.11528799682855606,0.15785400569438934,0.48380100727081299,0.22441600263118744,0.018641000613570213,297937,0.1256210058927536,0.16999199986457825,0.48487100005149841,0.204817995429039,0.014697999693453312,149588,0.1153699979186058,0.13643500208854675,0.48634201288223267,0.23576100170612335,0.026092000305652618
34632,5937979,3436620,0.11695600301027298,0.16094900667667389,0.49097898602485657,0.21605199575424194,0.015064000152051449,934542,0.12156099826097488,0.1681240051984787,0.51075702905654907,0.19193699955940247,0.0076210000552237034,719087,0.10350199788808823,0.13981600105762482,0.46249198913574219,0.26664000749588013,0.027550000697374344,400187,0.11529400199651718,0.15784400701522827,0.48385599255561829,0.22434300184249878,0.018664000555872917,297945,0.12561400234699249,0.16997399926185608,0.48487499356269836,0.20483300089836121,0.014704000204801559,149598,0.1154090017080307,0.13639199733734131,0.48631000518798828,0.23580500483512878,0.026083000004291534
34633,5938201,3436838,0.11695899814367294,0.1609559953212738,0.49096599221229553,0.21604800224304199,0.015070999972522259,934547,0.12154000252485275,0.16811999678611755,0.51077699661254883,0.19194400310516357,0.0076190000399947166,719072,0.10349699854850769,0.13977000117301941,0.46252900362014771,0.26663300395011902,0.027569999918341637,400197,0.11530599743127823,0.1578499972820282,0.48379400372505188,0.22437900304794312,0.018671000376343727,297972,0.12561200559139252,0.16991500556468964,0.48487100005149841,0.20489500463008881,0.014705999754369259,149575,0.1153469979763031,0.13641299307346344,0.48617801070213318,0.23599499464035034,0.026066999882459641
34634,5938447,3436994,0.11695799976587296,0.16094599664211273,0.49096199870109558,0.21605299413204193,0.015080000273883343,934555,0.12153100222349167,0.16812199354171753,0.51076799631118774,0.19196400046348572,0.0076150000095367432,719145,0.1035119965672493,0.13976499438285828,0.46249100565910339,0.26665800809860229,0.027574000880122185,400156,0.11524000018835068,0.15793800354003906,0.48375898599624634,0.22438499331474304,0.018678000196814537,297990,0.12561500072479248,0.16990199685096741,0.48485898971557617,0.20492300391197205,0.014701999723911285,149607,0.11536200344562531,0.13643699884414673,0.48618000745773315,0.23594500124454498,0.026074999943375587
34635,5938678,3437134,0.11694300174713135,0.16093899309635162,0.49097499251365662,0.21605400741100311,0.01508800033479929,934609,0.12153699994087219,0.16815400123596191,0.51071298122406006,0.19198000431060791,0.0076159997843205929,719154,0.1035270020365715,0.13975299894809723,0.46248400211334229,0.26666098833084106,0.027574999257922173,400138,0.11520300060510635,0.15799500048160553,0.48370599746704102,0.22440800070762634,0.018688999116420746,298003,0.12564000487327576,0.16985699534416199,0.48484399914741516,0.20496100187301636,0.014697999693453312,149640,0.11536400020122528,0.13648800551891327,0.48608699440956116,0.23594599962234497,0.026116000488400459
34636,5938907,3437332,0.11695300042629242,0.16094300150871277,0.49095699191093445,0.21605199575424194,0.0150950001552701,934639,0.1215210035443306,0.16815200448036194,0.51072698831558228,0.1919810026884079,0.0076199998147785664,719159,0.10349400341510773,0.13974200189113617,0.46248999238014221,0.26667401194572449,0.027598999440670013,400117,0.11516600102186203,0.15802399814128876,0.48373100161552429,0.22436900436878204,0.018710000440478325,298004,0.12560200691223145,0.16985000669956207,0.48487600684165955,0.20497399568557739,0.014697999693453312,149656,0.11533799767494202,0.13646000623703003,0.48605498671531677,0.23604799807071686,0.026100000366568565
34637,5939151,3437514,0.11694899946451187,0.16093100607395172,0.49095198512077332,0.21606199443340302,0.015106000006198883,934730,0.12153200060129166,0.16813099384307861,0.51073300838470459,0.19198200106620789,0.0076230000704526901,719110,0.10351499915122986,0.13973000645637512,0.46246999502182007,0.26667800545692444,0.027605999261140823,400117,0.1151140034198761,0.15801599621772766,0.48377799987792969,0.22436900436878204,0.018721999600529671,298037,0.12557500600814819,0.16986800730228424,0.48490598797798157,0.20495399832725525,0.014696000143885612,149643,0.11545500159263611,0.13648499548435211,0.48589599132537842,0.2361149936914444,0.026048999279737473
34638,5939384,3437643,0.1169390007853508,0.16094000637531281,0.4909290075302124,0.21607999503612518,0.015111999586224556,934774,0.12153699994087219,0.16811999678611755,0.51074099540710449,0.1919810026884079,0.0076210000552237034,719100,0.10354100167751312,0.13976800441741943,0.46241399645805359,0.2666650116443634,0.027612000703811646,400154,0.11507800221443176,0.15801699459552765,0.48377600312232971,0.22437399625778198,0.018755000084638596,298052,0.12553499639034271,0.16983300447463989,0.48497900366783142,0.20494699478149414,0.014705000445246696,149661,0.11542099714279175,0.13638199865818024,0.48603799939155579,0.23612000048160553,0.026039000600576401
34639,5939581,3437724,0.11692100018262863,0.16094599664211273,0.49091100692749023,0.21610400080680847,0.015118000097572803,934769,0.12153500318527222,0.16812300682067871,0.51072102785110474,0.19199499487876892,0.0076259998604655266,719139,0.10354900360107422,0.1397940069437027,0.46244099736213684,0.26659199595451355,0.027625000104308128,400203,0.11505900323390961,0.15802000463008881,0.48375201225280762,0.22440099716186523,0.018767999485135078,298065,0.12551300227642059,0.16984899342060089,0.48504498600959778,0.20489199459552765,0.014701000414788723,149681,0.11541900038719177,0.13621599972248077,0.48598700761795044,0.23632299900054932,0.026055000722408295
34640,5939830,3437790,0.11691399663686752,0.16094100475311279,0.49091899394989014,0.21609899401664734,0.015127000398933887,934816,0.1215440034866333,0.16812700033187866,0.51067900657653809,0.19201900064945221,0.0076310001313686371,719192,0.10357899963855743,0.13978500664234161,0.46239399909973145,0.26661399006843567,0.027628000825643539,400272,0.11508899927139282,0.15796999633312225,0.48379600048065186,0.22436200082302094,0.018781999126076698,298059,0.12549899518489838,0.16986200213432312,0.48502099514007568,0.20491200685501099,0.014705000445246696,149701,0.11535699665546417,0.136244997382164,0.48596900701522827,0.23640500009059906,0.026024999096989632
34641,5940076,3437956,0.11691199988126755,0.16094599664211273,0.49091601371765137,0.21609200537204742,0.015134000219404697,934850,0.12153399735689163,0.16811299324035645,0.51069402694702148,0.19202299416065216,0.0076370001770555973,719196,0.10360900312662125,0.1398169994354248,0.46227899193763733,0.26665899157524109,0.027636000886559486,400279,0.11505500227212906,0.15795500576496124,0.48383000493049622,0.22440299391746521,0.01875700056552887,298056,0.12549300491809845,0.16985699534416199,0.48502299189567566,0.20489099621772766,0.01473500020802021,149739,0.11522699892520905,0.13618400692939758,0.4861530065536499,0.2363709956407547,0.026064999401569366
34642,5940310,3438163,0.1168999969959259,0.16094699501991272,0.49090498685836792,0.21610400080680847,0.015143999829888344,934878,0.12153799831867218,0.16808600723743439,0.51069700717926025,0.19203700125217438,0.0076430002227425575,719161,0.1036359965801239,0.13979099690914154,0.46226900815963745,0.26666799187660217,0.027636000886559486,400307,0.11510200053453445,0.15795600414276123,0.48383098840713501,0.22433499991893768,0.018775999546051025,298080,0.12548300623893738,0.16982699930667877,0.48505100607872009,0.20490799844264984,0.014731000177562237,149721,0.11518099904060364,0.13614700734615326,0.48622399568557739,0.2363860011100769,0.026062000542879105
34643,5940496,3438382,0.1168920025229454,0.16095000505447388,0.49088400602340698,0.21611900627613068,0.015154999680817127,934921,0.12154699862003326,0.16807299852371216,0.51068001985549927,0.1920430064201355,0.0076569998636841774,719159,0.10363399982452393,0.13977399468421936,0.46227499842643738,0.26668798923492432,0.027628999203443527,400296,0.11511000245809555,0.15794600546360016,0.48385900259017944,0.22431699931621552,0.018768999725580215,298051,0.12547500431537628,0.16983300447463989,0.48506501317024231,0.2048880010843277,0.014739000238478184,149687,0.11509300023317337,0.1361439973115921,0.4864020049571991,0.23630000650882721,0.026061000302433968
34644,5940737,3438528,0.11688700318336487,0.16096299886703491,0.49086600542068481,0.2161249965429306,0.015159999951720238,934933,0.1215360015630722,0.16806900501251221,0.51067197322845459,0.19206400215625763,0.0076589998789131641,719170,0.10362599790096283,0.13972200453281403,0.46231898665428162,0.26668199896812439,0.027650000527501106,400328,0.11505100131034851,0.15799500048160553,0.48387101292610168,0.22429400682449341,0.018789999186992645,298096,0.12545299530029297,0.16983799636363983,0.4849880039691925,0.20497100055217743,0.014750000089406967,149682,0.11505100131034851,0.13614900410175323,0.48657199740409851,0.23618100583553314,0.026048999279737473
34645,5940965,3438581,0.11688199639320374,0.16095499694347382,0.4908599853515625,0.21613499522209167,0.015168000012636185,934964,0.12153500318527222,0.16806699335575104,0.51066702604293823,0.19207000732421875,0.0076600001193583012,719225,0.10361699759960175,0.13973000645637512,0.46230199933052063,0.26666998863220215,0.027681000530719757,400403,0.11500699818134308,0.15803299844264984,0.48387700319290161,0.22427700459957123,0.018805999308824539,298091,0.1254580020904541,0.16982400417327881,0.48500999808311462,0.20495800673961639,0.014751000329852104,149701,0.11514999717473984,0.13604499399662018,0.48657700419425964,0.23620399832725525,0.026024999096989632
34646,5941219,3438719,0.11688099801540375,0.1609559953212738,0.4908519983291626,0.21613499522209167,0.015176000073552132,934977,0.1215360015630722,0.16804000735282898,0.51068699359893799,0.19208100438117981,0.0076560000889003277,719235,0.10362699627876282,0.13972799479961395,0.46225500106811523,0.26670101284980774,0.027689000591635704,400463,0.11502400040626526,0.1580049991607666,0.4838469922542572,0.22427000105381012,0.018852999433875084,298094,0.12541300058364868,0.16979500651359558,0.48503199219703674,0.20499199628829956,0.014767000451683998,149731,0.11516699939966202,0.13603100180625916,0.48668599128723145,0.23608300089836121,0.026032999157905579
34647,5941423,3438833,0.1168690025806427,0.16095900535583496,0.4908440113067627,0.21614299714565277,0.015185000374913216,934976,0.12152799963951111,0.16803400218486786,0.51069700717926025,0.19207899272441864,0.0076620001345872879,719329,0.10363999754190445,0.13970799744129181,0.46225699782371521,0.26669898629188538,0.027697000652551651,400446,0.11502899974584579,0.15801100432872772,0.48380100727081299,0.22430199384689331,0.018856000155210495,298087,0.12544000148773193,0.16977599263191223,0.48508000373840332,0.20494699478149414,0.014756999909877777,149752,0.11514999717473984,0.13593800365924835,0.48683801293373108,0.23601000010967255,0.026063000783324242
34648,5941681,3439031,0.11687000095844269,0.16096200048923492,0.49083098769187927,0.2161480039358139,0.015189000405371189,935009,0.12153899669647217,0.16799899935722351,0.51069098711013794,0.19210000336170197,0.0076709999702870846,719324,0.10365000367164612,0.13969899713993073,0.46226200461387634,0.26667499542236328,0.027713999152183533,400432,0.11502300202846527,0.15805900096893311,0.48379701375961304,0.22425499558448792,0.018865000456571579,298105,0.12545600533485413,0.16980600357055664,0.48508098721504211,0.20491400361061096,0.014743000268936157,149780,0.11505500227212906,0.1359190046787262,0.48688098788261414,0.23606599867343903,0.026078000664710999
34649,5941902,3439111,0.11686000227928162,0.16096900403499603,0.49082699418067932,0.21615000069141388,0.015193999744951725,935029,0.12151200324296951,0.16802899539470673,0.51066702604293823,0.19211399555206299,0.0076790000312030315,719340,0.10366000235080719,0.13967500627040863,0.46220698952674866,0.266743004322052,0.027713999152183533,400458,0.11505799740552902,0.15795700252056122,0.48386800289154053,0.22423799335956573,0.018877999857068062,298148,0.12546500563621521,0.16983500123023987,0.48509100079536438,0.20485499501228333,0.014754000119864941,149816,0.11510799825191498,0.13602699339389801,0.48681700229644775,0.23594899475574493,0.026099000126123428
34650,5942155,3439284,0.11686599999666214,0.16096299886703491,0.49083000421524048,0.21613700687885284,0.015203000046312809,935072,0.12148699909448624,0.16802200675010681,0.51069700717926025,0.19211499392986298,0.0076799998059868813,719417,0.10367099940776825,0.13966299593448639,0.46218401193618774,0.26676300168037415,0.027718000113964081,400461,0.11508700251579285,0.15793800354003906,0.48383000493049622,0.22427399456501007,0.018871000036597252,298139,0.12547500431537628,0.16983400285243988,0.48505601286888123,0.20486399531364441,0.014771999791264534,149782,0.11506099998950958,0.13602399826049805,0.48672699928283691,0.23604300618171692,0.026145000010728836
34651,5942381,3439420,0.11686699837446213,0.16095499694347382,0.49083000421524048,0.21613599359989166,0.015212000347673893,935093,0.12148100137710571,0.16801899671554565,0.51069802045822144,0.19211700558662415,0.0076859998516738415,719434,0.10368199646472931,0.13969600200653076,0.46219000220298767,0.26669898629188538,0.027734000235795975,400463,0.11504200100898743,0.15788699686527252,0.48389199376106262,0.22431300580501556,0.018866000697016716,298179,0.12547500431537628,0.16985799372196198,0.48499399423599243,0.20489700138568878,0.014775999821722507,149792,0.11502599716186523,0.13595500588417053,0.48660099506378174,0.23629400134086609,0.026123000308871269
34652,5942616,3439603,0.11686000227928162,0.16096700727939606,0.49081900715827942,0.21613700687885284,0.015216999687254429,935139,0.12148500233888626,0.16800199449062347,0.51070100069046021,0.19212700426578522,0.0076870000921189785,719428,0.10370899736881256,0.13972100615501404,0.46212500333786011,0.26670399308204651,0.027741000056266785,400457,0.11502599716186523,0.15788500010967255,0.48384198546409607,0.22437100112438202,0.018875999376177788,298225,0.1254349946975708,0.16986800730228424,0.48497599363327026,0.20493899285793304,0.014781000092625618,149764,0.11486700177192688,0.13603399693965912,0.48665899038314819,0.236285001039505,0.02615400031208992
34653,5942819,3439705,0.11684700101613998,0.16098600625991821,0.49080300331115723,0.2161410003900528,0.015223000198602676,935186,0.12147200107574463,0.16800799965858459,0.51069402694702148,0.19213800132274628,0.0076870000921189785,719405,0.10373199731111526,0.13966499269008636,0.46217098832130432,0.26667299866676331,0.027759000658988953,400475,0.11499100178480148,0.15789300203323364,0.48381000757217407,0.22443799674510956,0.018867999315261841,298270,0.12540699541568756,0.16991700232028961,0.48499000072479248,0.20493200421333313,0.014755000360310078,149778,0.1148969978094101,0.13592800498008728,0.48675999045372009,0.23623600602149963,0.026179000735282898
34654,5943047,3439914,0.11683700233697891,0.16098199784755707,0.49081400036811829,0.21613499522209167,0.015231999568641186,935230,0.12148500233888626,0.16800799965858459,0.51067900657653809,0.19212900102138519,0.0076999999582767487,719434,0.10371799767017365,0.13968800008296967,0.46217900514602661,0.26666799187660217,0.027747999876737595,400448,0.11501099914312363,0.15787099301815033,0.4836609959602356,0.22455599904060364,0.018900999799370766,298280,0.12537199258804321,0.16989399492740631,0.48509499430656433,0.20489799976348877,0.014740999788045883,149741,0.11487200111150742,0.1358879953622818,0.48671999573707581,0.23628799617290497,0.026232000440359116
34655,5943318,3440057,0.11684700101613998,0.16096800565719604,0.49080398678779602,0.21614399552345276,0.015238000079989433,935298,0.12150000035762787,0.16801899671554565,0.51063400506973267,0.19214500486850739,0.0077010001987218857,719460,0.10369200259447098,0.13966399431228638,0.46218401193618774,0.26666900515556335,0.027790000662207603,400486,0.11506800353527069,0.15780100226402283,0.48366200923919678,0.224590003490448,0.018880000337958336,298285,0.12534700334072113,0.16992099583148956,0.48515000939369202,0.20483799278736115,0.01474399957805872,149732,0.11495199799537659,0.13586300611495972,0.48648899793624878,0.23648299276828766,0.026213999837636948
34656,5943534,3440236,0.1168380007147789,0.16096499562263489,0.49079900979995728,0.21615099906921387,0.015247000381350517,935332,0.12149100005626678,0.16802099347114563,0.51062697172164917,0.19215600192546844,0.0077050002291798592,719427,0.10370799899101257,0.13963900506496429,0.46217599511146545,0.26667800545692444,0.027799999341368675,400466,0.11507300287485123,0.15781399607658386,0.48366400599479675,0.22455799579620361,0.018890000879764557,298322,0.12533800303936005,0.16994400322437286,0.48514699935913086,0.2048259973526001,0.014746000058948994,149751,0.11485700309276581,0.13592599332332611,0.48662799596786499,0.23644599318504333,0.026142999529838562
34657,5943779,3440391,0.11684600263834,0.16096700727939606,0.490774005651474,0.21616299450397491,0.015251000411808491,935367,0.12148100137710571,0.16800799965858459,0.51062697172164917,0.19217699766159058,0.0077069997787475586,719527,0.10366900265216827,0.13962900638580322,0.4621950089931488,0.26667198538780212,0.027834000065922737,400454,0.11501900106668472,0.15781299769878387,0.48369601368904114,0.22459499537944794,0.018875999376177788,298332,0.12535999715328217,0.16995799541473389,0.48511099815368652,0.20481200516223907,0.014759000390768051,149708,0.11489000171422958,0.13597099483013153,0.48663398623466492,0.23635299503803253,0.026150999590754509
34658,5944000,3440572,0.11684600263834,0.16094599664211273,0.49078699946403503,0.21616500616073608,0.015255000442266464,935406,0.12147500365972519,0.16800999641418457,0.51062202453613281,0.19218200445175171,0.0077109998092055321,719532,0.10370799899101257,0.13963499665260315,0.46215298771858215,0.26665100455284119,0.027853000909090042,400401,0.11498499661684036,0.15781700611114502,0.48373299837112427,0.22457699477672577,0.01888900063931942,298363,0.1253570020198822,0.16998100280761719,0.48511698842048645,0.20478400588035583,0.014760999940335751,149726,0.11479000002145767,0.13597500324249268,0.48664200305938721,0.23640500009059906,0.026187999173998833
34659,5944232,3440776,0.11684100329875946,0.16094300150871277,0.49078699946403503,0.21616500616073608,0.015263999812304974,935423,0.1214739978313446,0.16801799833774567,0.5106239914894104,0.19217300415039062,0.0077109998092055321,719483,0.10368999838829041,0.13965900242328644,0.462117999792099,0.26667600870132446,0.027858000248670578,400416,0.11501999944448471,0.15775799751281738,0.48377400636672974,0.22456400096416473,0.018882999196648598,298368,0.12533900141716003,0.16999800503253937,0.48505499958992004,0.20481100678443909,0.014797000214457512,149766,0.11484599858522415,0.13589200377464294,0.4865260124206543,0.23652899265289307,0.026208000257611275
34660,5944489,3440964,0.11683999747037888,0.16094100475311279,0.490774005651474,0.21617299318313599,0.015271999873220921,935474,0.12148399651050568,0.16800899803638458,0.51061201095581055,0.19218400120735168,0.0077120000496506691,719438,0.10370499640703201,0.13964499533176422,0.46214699745178223,0.26664999127388,0.02785399928689003,400464,0.11499399691820145,0.15774199366569519,0.48374900221824646,0.22461700439453125,0.018897999078035355,298360,0.12535899877548218,0.16996200382709503,0.48509499430656433,0.20478299260139465,0.014801000244915485,149789,0.1147880032658577,0.13592499494552612,0.48655098676681519,0.23651300370693207,0.026224000379443169
34661,5944728,3441209,0.11683499813079834,0.16094000637531281,0.4907819926738739,0.21615999937057495,0.015282000415027142,935515,0.12148299813270569,0.16800799965858459,0.51059401035308838,0.19220200181007385,0.0077129998244345188,719463,0.10367300361394882,0.13964200019836426,0.46213099360466003,0.26668399572372437,0.027870999649167061,400411,0.11501699686050415,0.15775799751281738,0.48366299271583557,0.22467400133609772,0.018888000398874283,298382,0.12533900141716003,0.16994699835777283,0.48510301113128662,0.20479500293731689,0.014817000366747379,149748,0.11484000086784363,0.13592199981212616,0.48637700080871582,0.23659700155258179,0.026264000684022903
34662,5945015,3441372,0.11683899909257889,0.16092400252819061,0.49077299237251282,0.21617500483989716,0.015289999544620514,935592,0.12149599939584732,0.16803500056266785,0.51055502891540527,0.19219000637531281,0.0077249999158084393,719469,0.10365299880504608,0.13968099653720856,0.46211698651313782,0.26668700575828552,0.027861999347805977,400393,0.11501900106668472,0.15773999691009521,0.48365500569343567,0.22466699779033661,0.018919000402092934,298385,0.12534800171852112,0.16992500424385071,0.48511201143264771,0.20476900041103363,0.014847000129520893,149804,0.11493699997663498,0.13588400185108185,0.48638200759887695,0.23651599884033203,0.026280999183654785
34663,5945217,3441483,0.11682300269603729,0.16092100739479065,0.49077498912811279,0.21618899703025818,0.015290999785065651,935622,0.12148900330066681,0.16803400218486786,0.51053798198699951,0.19220800697803497,0.0077309999614953995,719491,0.10365699976682663,0.13970400393009186,0.46210199594497681,0.26665899157524109,0.027877999469637871,400464,0.11502200365066528,0.1577569991350174,0.48365101218223572,0.22465699911117554,0.018913000822067261,298368,0.12536199390888214,0.1698710024356842,0.48515599966049194,0.20474399626255035,0.014867999590933323,149789,0.11496199667453766,0.13582399487495422,0.48634400963783264,0.23655900359153748,0.026310000568628311
34664,5945447,3441619,0.11683399975299835,0.16091999411582947,0.49075600504875183,0.21619099378585815,0.015298999845981598,935640,0.12147299945354462,0.16801999509334564,0.51055198907852173,0.19222499430179596,0.0077309999614953995,719466,0.10359500348567963,0.13970799744129181,0.462117999792099,0.26668700575828552,0.027892999351024628,400518,0.11504600197076797,0.15774799883365631,0.48361098766326904,0.22467200458049774,0.018922999501228333,298431,0.12533900141716003,0.16996599733829498,0.48507401347160339,0.20474399626255035,0.014878000132739544,149773,0.11494699865579605,0.1357789933681488,0.48653000593185425,0.23645800352096558,0.02628600038588047
34665,5945698,3441757,0.11683399975299835,0.16091799736022949,0.49074199795722961,0.21619899570941925,0.015306999906897545,935692,0.12147100269794464,0.16800999641418457,0.51053702831268311,0.19224900007247925,0.0077329999767243862,719506,0.10360600054264069,0.13971099257469177,0.46210199594497681,0.26668000221252441,0.027900999411940575,400541,0.11507199704647064,0.15773899853229523,0.4835909903049469,0.22467599809169769,0.018921999260783195,298428,0.12537999451160431,0.16993999481201172,0.48510199785232544,0.20468300580978394,0.014894999563694,149774,0.11481299996376038,0.13586500287055969,0.48655301332473755,0.23643000423908234,0.026340000331401825
34666,5945967,3441867,0.11682499945163727,0.16091300547122955,0.49073898792266846,0.21620899438858032,0.015314999967813492,935679,0.1214739978313446,0.16800700128078461,0.51051497459411621,0.19226700067520142,0.0077370000071823597,719568,0.10361500084400177,0.13972799479961395,0.46205100417137146,0.26669299602508545,0.02791300043463707,400630,0.11507599800825119,0.15772399306297302,0.48359599709510803,0.22465899586677551,0.018944999203085899,298425,0.12544499337673187,0.16996200382709503,0.48504999279975891,0.20463399589061737,0.014907999895513058,149798,0.1148810014128685,0.13574899733066559,0.48664900660514832,0.23639200627803802,0.026328999549150467
34667,5946188,3442035,0.11681699752807617,0.16090799868106842,0.4907500147819519,0.21620100736618042,0.015324000269174576,935706,0.12145200371742249,0.16802999377250671,0.51049798727035522,0.19227899610996246,0.0077410000376403332,719602,0.10361800342798233,0.13971099257469177,0.46203601360321045,0.26672101020812988,0.027914000675082207,400641,0.1151449978351593,0.15770000219345093,0.48358500003814697,0.22461000084877014,0.018959999084472656,298429,0.12543399631977081,0.17006100714206696,0.48495599627494812,0.20462800562381744,0.014921000227332115,149775,0.11478599905967712,0.13582399487495422,0.48659700155258179,0.2364410012960434,0.026352999731898308
34668,5946407,3442233,0.11682199686765671,0.16089999675750732,0.4907500147819519,0.21619999408721924,0.015328999608755112,935792,0.12143599987030029,0.16804300248622894,0.51050001382827759,0.19228200614452362,0.0077390000224113464,719574,0.10358899831771851,0.1397009938955307,0.46201398968696594,0.26679399609565735,0.027902999892830849,400581,0.11515499651432037,0.15773600339889526,0.48355799913406372,0.22459100186824799,0.018959999084472656,298444,0.12539699673652649,0.17001800239086151,0.48487499356269836,0.20477199554443359,0.014937000349164009,149783,0.11476600170135498,0.13599699735641479,0.48653700947761536,0.23632200062274933,0.026378000155091286
34669,5946609,3442425,0.11681900173425674,0.1608940064907074,0.49073201417922974,0.21622100472450256,0.015333999879658222,935843,0.12144199758768082,0.1680230051279068,0.51050800085067749,0.19228899478912354,0.0077379997819662094,719597,0.10359100252389908,0.13972799479961395,0.46199899911880493,0.26676300168037415,0.027917999774217606,400559,0.11509700119495392,0.15779900550842285,0.48352399468421936,0.22460100054740906,0.018977999687194824,298449,0.12541200220584869,0.17001199722290039,0.48486998677253723,0.20473800599575043,0.014967000111937523,149736,0.11472199857234955,0.13599300384521484,0.486642986536026,0.23620900511741638,0.026433000341057777
34670,5946849,3442535,0.11682099848985672,0.16089299321174622,0.4907200038433075,0.21622399985790253,0.01534000039100647,935838,0.12142200022935867,0.16802600026130676,0.51051598787307739,0.19230000674724579,0.00773600023239851,719645,0.10356499999761581,0.13974000513553619,0.46200299263000488,0.26676800847053528,0.027924999594688416,400607,0.11508999764919281,0.15777100622653961,0.48352599143981934,0.22461900115013123,0.018993999809026718,298499,0.1254580020904541,0.17000399529933929,0.48481199145317078,0.20475800335407257,0.01496800035238266,149725,0.11470399796962738,0.13604900240898132,0.48663198947906494,0.23616600036621094,0.026448000222444534
34671,5947067,3442618,0.11681299656629562,0.16089700162410736,0.49070999026298523,0.21623599529266357,0.015344000421464443,935857,0.12141499668359756,0.16801699995994568,0.51050001382827759,0.19232900440692902,0.0077390000224113464,719691,0.10354399681091309,0.13975399732589722,0.46203601360321045,0.26673001050949097,0.027936000376939774,400631,0.11504600197076797,0.15773099660873413,0.48357701301574707,0.22465099394321442,0.018995000049471855,298517,0.12543700635433197,0.1700270026922226,0.48473000526428223,0.20479600131511688,0.015011000446975231,149753,0.11468899995088577,0.13615800440311432,0.4865880012512207,0.23609499633312225,0.026469999924302101
34672,5947307,3442646,0.11681199818849564,0.16089600324630737,0.49070501327514648,0.21623699367046356,0.015350000001490116,935900,0.12140800058841705,0.16802799701690674,0.51048898696899414,0.19233599305152893,0.0077390000224113464,719760,0.10356000065803528,0.13973300158977509,0.46204999089241028,0.26669999957084656,0.02795800007879734,400699,0.11498700082302094,0.1577019989490509,0.48361000418663025,0.22471700608730316,0.018983999267220497,298525,0.12541300058364868,0.17006300389766693,0.4846859872341156,0.20483000576496124,0.015007000416517258,149777,0.11473099887371063,0.13619600236415863,0.48649001121520996,0.23613099753856659,0.02645299956202507
34673,5947516,3442710,0.1168069988489151,0.16089099645614624,0.4906960129737854,0.21624399721622467,0.015363000333309174,935945,0.12140599638223648,0.16800899803638458,0.51050597429275513,0.19233900308609009,0.0077399997971951962,719816,0.10355400294065475,0.13974699378013611,0.46207800507545471,0.26663801074028015,0.027984000742435455,400737,0.11494100093841553,0.15769700706005096,0.48357701301574707,0.22481100261211395,0.018975000828504562,298527,0.12539200484752655,0.17009200155735016,0.48469001054763794,0.20480899512767792,0.015017000027000904,149781,0.11477400362491608,0.1362060010433197,0.48642399907112122,0.23613099753856659,0.026465000584721565
34674,5947766,3442912,0.11678999662399292,0.16089500486850739,0.49069499969482422,0.21624599397182465,0.015375000424683094,935964,0.12141100317239761,0.16801400482654572,0.51048898696899414,0.19234299659729004,0.0077439998276531696,719890,0.10357300192117691,0.13972300291061401,0.46206599473953247,0.26665198802947998,0.02798599936068058,400709,0.11500400304794312,0.15767300128936768,0.48350301384925842,0.22484399378299713,0.01897599920630455,298528,0.12535500526428223,0.17005400359630585,0.48474800586700439,0.20482200384140015,0.015019999817013741,149763,0.11479499936103821,0.13633500039577484,0.48629501461982727,0.23611299693584442,0.026461999863386154
34675,5948010,3443077,0.11678200215101242,0.16089600324630737,0.49068498611450195,0.21625800430774689,0.015379000455141068,935994,0.12140099704265594,0.16799600422382355,0.51049798727035522,0.19235500693321228,0.0077499998733401299,719932,0.10356800258159637,0.13972599804401398,0.46207699179649353,0.26662400364875793,0.028005000203847885,400712,0.11499799787998199,0.15766400098800659,0.48350900411605835,0.22482000291347504,0.019008999690413475,298556,0.12539699673652649,0.17006500065326691,0.48469299077987671,0.20480599999427795,0.015038999728858471,149739,0.11481299996376038,0.13631099462509155,0.48623299598693848,0.23617100715637207,0.026473000645637512
34676,5948240,3443172,0.11677700281143188,0.16089600324630737,0.49066600203514099,0.21627700328826904,0.015383999794721603,936077,0.12139099836349487,0.16799600422382355,0.51047801971435547,0.19238199293613434,0.0077539999037981033,719968,0.10358399897813797,0.1397089958190918,0.46207499504089355,0.26660099625587463,0.028031999245285988,400747,0.11499500274658203,0.15769299864768982,0.48356199264526367,0.22474800050258636,0.019001999869942665,298553,0.12537799775600433,0.17009399831295013,0.48469498753547668,0.20480099320411682,0.015033000148832798,149723,0.11489199846982956,0.13628500699996948,0.4862779974937439,0.23608300089836121,0.026461999863386154
34677,5948502,3443342,0.11677999794483185,0.16089899837970734,0.49064600467681885,0.21628199517726898,0.015393000096082687,936085,0.12140499800443649,0.16801099479198456,0.51045399904251099,0.1923770010471344,0.0077539999037981033,720020,0.10357099771499634,0.13969999551773071,0.46207201480865479,0.26662600040435791,0.028031000867486,400788,0.11493100225925446,0.15766400098800659,0.48362201452255249,0.22474999725818634,0.019032999873161316,298556,0.1253570020198822,0.17006200551986694,0.48467999696731567,0.20487299561500549,0.015029000118374825,149711,0.1149820014834404,0.13628900051116943,0.4862770140171051,0.23594099283218384,0.026511000469326973
34678,5948724,3443416,0.11677400022745132,0.16090300679206848,0.49064400792121887,0.21628299355506897,0.015395999886095524,936098,0.12140099704265594,0.16800899803638458,0.51043999195098877,0.19239400327205658,0.0077559999190270901,720066,0.10360000282526016,0.13967700302600861,0.46207401156425476,0.26660200953483582,0.028046000748872757,400828,0.11492200195789337,0.15766899287700653,0.48364099860191345,0.22472499310970306,0.019043000414967537,298565,0.12533600628376007,0.17005300521850586,0.48467499017715454,0.20488299429416656,0.015052000060677528,149751,0.11492399871349335,0.13629299402236938,0.48621401190757751,0.23603199422359467,0.026536999270319939
34679,5948970,3443546,0.1167600005865097,0.1609099954366684,0.49063700437545776,0.21628700196743011,0.015406999737024307,936146,0.12139599770307541,0.16802500188350677,0.51042598485946655,0.19239300489425659,0.0077610001899302006,720065,0.10359299927949905,0.13969400525093079,0.46205401420593262,0.26660799980163574,0.028049999848008156,400870,0.11491800099611282,0.15764500200748444,0.4836679995059967,0.22471100091934204,0.019059000536799431,298595,0.12539400160312653,0.16997599601745605,0.48468300700187683,0.2048799991607666,0.015066999942064285,149748,0.11497999727725983,0.13628900051116943,0.48624399304389954,0.23597599565982819,0.026511000469326973
34680,5949212,3443708,0.11674900352954865,0.16091200709342957,0.49064299464225769,0.21628299355506897,0.015413000248372555,936159,0.12137699872255325,0.16803599894046783,0.5104290246963501,0.19239999353885651,0.0077579999342560768,720156,0.10360000282526016,0.13967099785804749,0.46203500032424927,0.26663801074028015,0.028055999428033829,400871,0.11495500057935715,0.15765400230884552,0.48360699415206909,0.22470800578594208,0.019076000899076462,298595,0.12538699805736542,0.16992899775505066,0.48476999998092651,0.20483900606632233,0.015073999762535095,149723,0.11499900370836258,0.13633200526237488,0.48617801070213318,0.23594899475574493,0.026542000472545624
34681,5949453,3443760,0.11674199998378754,0.16092999279499054,0.49062100052833557,0.21628299355506897,0.015424000099301338,936211,0.12138599902391434,0.16801999509334564,0.5104290246963501,0.19240300357341766,0.0077619999647140503,720167,0.10357999801635742,0.13962699472904205,0.46208199858665466,0.26664000749588013,0.028070999309420586,400956,0.1149900034070015,0.15756599605083466,0.48367699980735779,0.22470299899578094,0.019063999876379967,298614,0.12537600100040436,0.16991199553012848,0.4847559928894043,0.20487700402736664,0.015080000273883343,149745,0.11495500057935715,0.13654500246047974,0.48596599698066711,0.23598100244998932,0.026551999151706696
34682,5949710,3444013,0.11674100160598755,0.16092300415039062,0.49061799049377441,0.21628299355506897,0.015433999709784985,936235,0.12140099704265594,0.16799700260162354,0.51043498516082764,0.19240300357341766,0.007763999979943037,720142,0.1035429984331131,0.13966099917888641,0.46203899383544922,0.26666998863220215,0.028085999190807343,400964,0.11504299938678741,0.15752799808979034,0.48367398977279663,0.22468599677085876,0.019068999215960503,298623,0.12531900405883789,0.16990700364112854,0.4848020076751709,0.2048799991607666,0.015092999674379826,149733,0.11495800316333771,0.13662299513816833,0.48588499426841736,0.23597300052642822,0.02656099945306778
34683,5949958,3444143,0.11673399806022644,0.1609250009059906,0.49060499668121338,0.2162960022687912,0.015440000221133232,936232,0.12139099836349487,0.16798999905586243,0.51043897867202759,0.19241100549697876,0.0077689997851848602,720196,0.10351099818944931,0.13964700698852539,0.46205100417137146,0.26668301224708557,0.028108999133110046,400956,0.11508999764919281,0.15750899910926819,0.48373401165008545,0.22460800409317017,0.019059000536799431,298648,0.12539799511432648,0.1698790043592453,0.48471099138259888,0.20490999519824982,0.015100999735295773,149783,0.11500000208616257,0.13662399351596832,0.48593598604202271,0.23591500520706177,0.026525000110268593
34684,5950220,3444236,0.1167289987206459,0.16092200577259064,0.49059599637985229,0.21630500257015228,0.015448000282049179,936271,0.12139999866485596,0.16797700524330139,0.51043301820755005,0.19241499900817871,0.0077740000560879707,720291,0.10350500047206879,0.13967500627040863,0.46205899119377136,0.26664501428604126,0.028115000575780869,400992,0.11510500311851501,0.15754200518131256,0.48365598917007446,0.2246129959821701,0.019084999337792397,298641,0.12539799511432648,0.169855996966362,0.48467200994491577,0.20495800673961639,0.015115000307559967,149789,0.11488799750804901,0.13666599988937378,0.48600399494171143,0.2359050065279007,0.026536999270319939
34685,5950449,3444343,0.11671700328588486,0.16092599928379059,0.49059799313545227,0.21630300581455231,0.015456999652087688,936303,0.12140800058841705,0.16796800494194031,0.51042801141738892,0.19241100549697876,0.0077849999070167542,720318,0.10348799824714661,0.13968600332736969,0.46206700801849365,0.26663601398468018,0.028124000877141953,401041,0.11506800353527069,0.1575080007314682,0.48362401127815247,0.22470000386238098,0.019099999219179153,298637,0.12540300190448761,0.16985499858856201,0.4847089946269989,0.20490799844264984,0.015124999918043613,149807,0.11500799655914307,0.13676300644874573,0.48580500483512878,0.23587700724601746,0.02654699981212616
34686,5950688,3444390,0.11671700328588486,0.16091400384902954,0.4905950129032135,0.21630500257015228,0.015468999743461609,936318,0.12142200022935867,0.16797100007534027,0.51040798425674438,0.19241300225257874,0.0077860001474618912,720345,0.10351599752902985,0.1397009938955307,0.4619860053062439,0.26667198538780212,0.02812499925494194,401107,0.11504700034856796,0.15753699839115143,0.48365899920463562,0.22462800145149231,0.019130000844597816,298660,0.12534299492835999,0.16988900303840637,0.4847320020198822,0.20488199591636658,0.015154000371694565,149868,0.11502800136804581,0.13664700090885162,0.48583400249481201,0.2359279990196228,0.026562999933958054
34687,5950917,3444503,0.11670699715614319,0.16091600060462952,0.49059298634529114,0.21630799770355225,0.015476999804377556,936332,0.12142200022935867,0.16796499490737915,0.51040202379226685,0.19242100417613983,0.0077900001779198647,720452,0.10348100215196609,0.1396230012178421,0.46206000447273254,0.26668700575828552,0.028148999437689781,401174,0.11508499830961227,0.15753799676895142,0.48355099558830261,0.22468799352645874,0.019138999283313751,298644,0.12533299624919891,0.16993099451065063,0.48466700315475464,0.20491300523281097,0.015154999680817127,149812,0.1151840016245842,0.13666500151157379,0.48578199744224548,0.23578199744224548,0.026587000116705894
34688,5951102,3444568,0.11670500040054321,0.16090899705886841,0.49057799577713013,0.21631899476051331,0.015488999895751476,936371,0.1214120015501976,0.16795900464057922,0.51039999723434448,0.19243200123310089,0.0077960002236068249,720558,0.10346700251102448,0.13963299989700317,0.46210598945617676,0.26664900779724121,0.028145000338554382,401166,0.11507000029087067,0.15755599737167358,0.48352599143981934,0.22471000254154205,0.019138999283313751,298635,0.12537699937820435,0.16987000405788422,0.48468899726867676,0.2049189954996109,0.015146000310778618,149804,0.11511000245809555,0.13679200410842896,0.48584100604057312,0.23563499748706818,0.026621000841259956
34689,5951306,3444678,0.11669699847698212,0.16089800000190735,0.49058100581169128,0.21632599830627441,0.015499000437557697,936384,0.12140300124883652,0.16797199845314026,0.51038801670074463,0.19243800640106201,0.0077990000136196613,720596,0.10347499698400497,0.13961100578308105,0.46209099888801575,0.26665100455284119,0.028170999139547348,401188,0.11501599848270416,0.15761899948120117,0.48353099822998047,0.22471800446510315,0.019115999341011047,298634,0.1253809928894043,0.16985699534416199,0.48464301228523254,0.2049729973077774,0.015146000310778618,149826,0.11522699892520905,0.13683900237083435,0.48582398891448975,0.23550699651241302,0.026604000478982925
34690,5951572,3444754,0.11670500040054321,0.16089899837970734,0.49054300785064697,0.2163500040769577,0.015503999777138233,936438,0.12140399962663651,0.16797299683094025,0.51037102937698364,0.19244599342346191,0.0078059998340904713,720707,0.10348299890756607,0.13959799706935883,0.46215000748634338,0.26659500598907471,0.028173999860882759,401211,0.11496700346469879,0.15760500729084015,0.48357599973678589,0.22472499310970306,0.019127000123262405,298618,0.12536099553108215,0.16991299390792847,0.48464599251747131,0.20491400361061096,0.015166999772191048,149844,0.11507999897003174,0.13690200448036194,0.48600500822067261,0.23542499542236328,0.026588000357151031
34691,5951786,3444830,0.11671499907970428,0.16088899970054626,0.49053698778152466,0.2163500040769577,0.015509000048041344,936471,0.12137699872255325,0.16799600422382355,0.51036900281906128,0.19244299829006195,0.007815999910235405,720771,0.10348500311374664,0.13958899676799774,0.46216800808906555,0.26657301187515259,0.028185000643134117,401223,0.11494600027799606,0.15760299563407898,0.48356598615646362,0.22478300333023071,0.019101999700069427,298631,0.12534199655056,0.16991500556468964,0.48468500375747681,0.20487800240516663,0.015178999863564968,149860,0.11498100310564041,0.13700099289417267,0.48596000671386719,0.23542000353336334,0.026637999340891838
34692,5952023,3444981,0.11671099811792374,0.16089299321174622,0.49049898982048035,0.21637700498104095,0.01551899965852499,936531,0.12135999649763107,0.1679999977350235,0.51037901639938354,0.19244499504566193,0.007815999910235405,720740,0.10346700251102448,0.13958700001239777,0.46217501163482666,0.26659101247787476,0.028178999200463295,401189,0.11499299854040146,0.15757200121879578,0.48361200094223022,0.22472700476646423,0.019096000120043755,298671,0.12534500658512115,0.1699029952287674,0.48474100232124329,0.20483399927616119,0.015177000313997269,149911,0.1149820014834404,0.13704100251197815,0.48590800166130066,0.2354000061750412,0.026668999344110489
34693,5952295,3445176,0.11670999974012375,0.16088399291038513,0.49049600958824158,0.21638099849224091,0.015529000200331211,936558,0.12138000130653381,0.16799700260162354,0.51034998893737793,0.19245000183582306,0.0078229997307062149,720833,0.10350900143384933,0.1396230012178421,0.46215599775314331,0.26653200387954712,0.028179999440908432,401174,0.1150050014257431,0.1575549989938736,0.4835909903049469,0.22475500404834747,0.019093999639153481,298627,0.12530699372291565,0.16987399756908417,0.48476499319076538,0.20488099753856659,0.015173000283539295,149927,0.1148890033364296,0.13699300587177277,0.48576301336288452,0.23566800355911255,0.02668599970638752
34694,5952538,3445256,0.11670400202274323,0.16087800264358521,0.49048599600791931,0.21639199554920197,0.015538999810814857,936578,0.12137699872255325,0.16800299286842346,0.51033699512481689,0.19245800375938416,0.007825000211596489,720859,0.10351400077342987,0.13963499665260315,0.46216300129890442,0.2664949893951416,0.028193999081850052,401248,0.11498600244522095,0.15757299959659576,0.48354899883270264,0.22479400038719177,0.019098000600934029,298617,0.12525099515914917,0.16990700364112854,0.48473799228668213,0.20493100583553314,0.015173000283539295,149980,0.11500199884176254,0.13693800568580627,0.48574501276016235,0.23567099869251251,0.02664400078356266
34695,5952764,3445402,0.11671499907970428,0.16088399291038513,0.49046599864959717,0.21638800203800201,0.015546999871730804,936629,0.12136500328779221,0.16797800362110138,0.51035797595977783,0.19247500598430634,0.0078239999711513519,720820,0.10347399860620499,0.13962000608444214,0.46222600340843201,0.26647299528121948,0.028207000344991684,401273,0.11492399871349335,0.15761800110340118,0.48353898525238037,0.22481000423431396,0.019108999520540237,298660,0.12520599365234375,0.16985499858856201,0.48480901122093201,0.20496200025081635,0.015168000012636185,149980,0.11492899805307388,0.13691799342632294,0.485617995262146,0.23581799864768982,0.026716999709606171
34696,5952990,3445576,0.11671800166368484,0.16087700426578522,0.49046498537063599,0.21638199687004089,0.015557999722659588,936656,0.12136700004339218,0.16796000301837921,0.51035302877426147,0.19248899817466736,0.0078309997916221619,720845,0.10344500094652176,0.1396310031414032,0.46220201253890991,0.26649799942970276,0.028224000707268715,401259,0.11489599943161011,0.15765899419784546,0.48350301384925842,0.22484500706195831,0.019097000360488892,298666,0.125217005610466,0.16979800164699554,0.48486301302909851,0.20494100451469421,0.015181000344455242,149988,0.11504299938678741,0.13699799776077271,0.48546600341796875,0.23576599359512329,0.026729000732302666
34697,5953240,3445663,0.11670199781656265,0.16087600588798523,0.49045699834823608,0.21640099585056305,0.015564000234007835,936684,0.12136600166559219,0.16797900199890137,0.51032000780105591,0.19249500334262848,0.0078389998525381088,720893,0.10343299806118011,0.1396310031414032,0.46219199895858765,0.26649200916290283,0.028251999989151955,401317,0.11491899937391281,0.1576630026102066,0.48350098729133606,0.22479499876499176,0.01912200078368187,298664,0.12523800134658813,0.16977900266647339,0.48488900065422058,0.2049189954996109,0.015173999592661858,150019,0.1151449978351593,0.13704900443553925,0.4854390025138855,0.23567700386047363,0.026690000668168068
34698,5953447,3445758,0.11670300364494324,0.16087299585342407,0.49045300483703613,0.21639500558376312,0.015576000325381756,936705,0.12134999781847,0.16798700392246246,0.51031798124313354,0.19250600039958954,0.0078400000929832458,720969,0.10342200100421906,0.13961599767208099,0.46220201253890991,0.26650398969650269,0.028255999088287354,401342,0.11490900069475174,0.15764400362968445,0.48352798819541931,0.22481599450111389,0.019102999940514565,298679,0.12518799304962158,0.16977399587631226,0.48493498563766479,0.20492599904537201,0.015177000313997269,149994,0.1151449978351593,0.13708500564098358,0.48527899384498596,0.23581600189208984,0.026674000546336174
34699,5953711,3445907,0.11669900268316269,0.16086800396442413,0.49045199155807495,0.21639899909496307,0.015583000145852566,936769,0.12134800106287003,0.16800600290298462,0.51029002666473389,0.19250999391078949,0.0078459996730089188,721013,0.10342399775981903,0.1395840048789978,0.46224498748779297,0.26649299263954163,0.028253000229597092,401383,0.114935003221035,0.15771199762821198,0.4834429919719696,0.22477999329566956,0.019129000604152679,298645,0.12512800097465515,0.16980400681495667,0.48493701219558716,0.20492899417877197,0.015201999805867672,149994,0.11517100036144257,0.13711899518966675,0.4851590096950531,0.23586300015449524,0.026688000187277794
34700,5953947,3446087,0.11668500304222107,0.16085800528526306,0.49045699834823608,0.21640799939632416,0.01559200044721365,936775,0.12134499847888947,0.16800199449062347,0.51030701398849487,0.1924930065870285,0.0078520001843571663,721063,0.10341800004243851,0.1395840048789978,0.46219098567962646,0.26653799414634705,0.028268000110983849,401354,0.11499799787998199,0.15773099660873413,0.48342400789260864,0.2247219979763031,0.019124999642372131,298641,0.1251399964094162,0.16983599960803986,0.48491701483726501,0.20491200685501099,0.015196000225841999,150027,0.11509899795055389,0.13720899820327759,0.48510599136352539,0.23589099943637848,0.026695000007748604
34701,5954163,3446282,0.11668200045824051,0.16085700690746307,0.49046200513839722,0.21640199422836304,0.015595999546349049,936795,0.12132800370454788,0.1680150032043457,0.51029300689697266,0.19250999391078949,0.0078539997339248657,721057,0.10340400040149689,0.13960500061511993,0.46214801073074341,0.26656800508499146,0.028274999931454659,401334,0.11504100263118744,0.15769700706005096,0.48339501023292542,0.22470299899578094,0.019163999706506729,298639,0.12509100139141083,0.16983699798583984,0.48502999544143677,0.20485599339008331,0.015185999684035778,150056,0.11514999717473984,0.13713499903678894,0.48502600193023682,0.23598499596118927,0.026703000068664551
34702,5954400,3446421,0.1166670024394989,0.16085800528526306,0.49046799540519714,0.21640099585056305,0.01560600008815527,936834,0.12131299823522568,0.16802699863910675,0.51030397415161133,0.19249799847602844,0.0078579997643828392,721012,0.10343000292778015,0.13959500193595886,0.46213001012802124,0.26657399535179138,0.02827100083231926,401385,0.1151140034198761,0.15764400362968445,0.48337900638580322,0.22468699514865875,0.019176000729203224,298680,0.12507699429988861,0.1698170006275177,0.48503100872039795,0.20487800240516663,0.015196999534964561,150068,0.11512800306081772,0.13707800209522247,0.48495298624038696,0.2361530065536499,0.026688000187277794
34703,5954626,3446490,0.11666599661111832,0.16084800660610199,0.49045801162719727,0.21641799807548523,0.015610000118613243,936905,0.12132599949836731,0.16801999509334564,0.51029497385025024,0.19249799847602844,0.0078609995543956757,721011,0.10341200232505798,0.13961899280548096,0.462117999792099,0.26656201481819153,0.028288999572396278,401430,0.11514800041913986,0.15762600302696228,0.48335200548171997,0.22470399737358093,0.019169000908732414,298726,0.12504799664020538,0.16983799636363983,0.4850899875164032,0.20481300354003906,0.015211000107228756,150064,0.11505100131034851,0.13712100684642792,0.48506000638008118,0.23604600131511688,0.026722000911831856
34704,5954846,3446570,0.11664800345897675,0.16085399687290192,0.49046498537063599,0.21640999615192413,0.015622000209987164,936961,0.12133300304412842,0.16801899671554565,0.51026701927185059,0.1925169974565506,0.0078649995848536491,721057,0.10340499877929688,0.13962699472904205,0.46209201216697693,0.26658099889755249,0.028294999152421951,401440,0.11514999717473984,0.15762299299240112,0.48337200284004211,0.22473099827766418,0.019123999401926994,298730,0.12506599724292755,0.16979199647903442,0.48507699370384216,0.20486100018024445,0.015204000286757946,150088,0.11503300070762634,0.13716000318527222,0.48500201106071472,0.23604799807071686,0.026758000254631042
34705,5955094,3446740,0.11664199829101562,0.16084699332714081,0.49047198891639709,0.21640700101852417,0.01563199982047081,936953,0.12133099883794785,0.16801899671554565,0.51028800010681152,0.19248899817466736,0.0078729996457695961,721038,0.10341300070285797,0.13963599503040314,0.46208900213241577,0.2665640115737915,0.028296999633312225,401482,0.11514300107955933,0.15758399665355682,0.48335400223731995,0.2247920036315918,0.019127000123262405,298745,0.12504300475120544,0.16975000500679016,0.48504200577735901,0.20493400096893311,0.015230000019073486,150136,0.11510899662971497,0.13724200427532196,0.48468101024627686,0.23619900643825531,0.026768999174237251
34706,5955338,3446932,0.11664500087499619,0.16083100438117981,0.49048298597335815,0.21639999747276306,0.015641000121831894,937039,0.12132400274276733,0.16801799833774567,0.51027500629425049,0.19250500202178955,0.0078779999166727066,721002,0.10337399691343307,0.13961499929428101,0.46213200688362122,0.26657301187515259,0.028304999694228172,401470,0.11517400294542313,0.15763099491596222,0.48328399658203125,0.22479599714279175,0.01911499910056591,298741,0.1250150054693222,0.16979900002479553,0.48496899008750916,0.20495299994945526,0.015263999812304974,150154,0.11515499651432037,0.13729199767112732,0.48450899124145508,0.23628400266170502,0.02675900049507618
34707,5955563,3447165,0.11665000021457672,0.1608159989118576,0.49046799540519714,0.21641600131988525,0.015650000423192978,937071,0.1213110014796257,0.1680310070514679,0.51026898622512817,0.19250699877738953,0.0078819999471306801,721002,0.10338900238275528,0.13962699472904205,0.46211498975753784,0.26653999090194702,0.028328999876976013,401425,0.11518999934196472,0.15768100321292877,0.48322799801826477,0.22480900585651398,0.019091999158263206,298759,0.12498699873685837,0.16978900134563446,0.48506298661231995,0.20490400493144989,0.015255999751389027,150141,0.11503899842500687,0.1373240053653717,0.48451098799705505,0.23638400435447693,0.026742000132799149
34708,5955817,3447335,0.1166440024971962,0.1608159989118576,0.49047398567199707,0.21641500294208527,0.015651000663638115,937082,0.12132400274276733,0.16801600158214569,0.51024901866912842,0.19251500070095062,0.0078959995880723,721037,0.10338400304317474,0.13959899544715881,0.46216601133346558,0.26651099324226379,0.028340000659227371,401443,0.11521700024604797,0.1576559990644455,0.4831869900226593,0.22482599318027496,0.019114000722765923,298749,0.12497100234031677,0.16979800164699554,0.48505601286888123,0.20491799712181091,0.015256999991834164,150171,0.11506199836730957,0.13734999299049377,0.48436799645423889,0.23646999895572662,0.026750000193715096
34709,5956049,3447493,0.11664199829101562,0.16082499921321869,0.490447998046875,0.21642599999904633,0.015659000724554062,937118,0.12129999697208405,0.16803799569606781,0.51025700569152832,0.19250400364398956,0.0079020000994205475,721024,0.1034109964966774,0.13959899544715881,0.46216100454330444,0.26648798584938049,0.028341999277472496,401452,0.11518199741840363,0.15764999389648438,0.48316100239753723,0.22487600147724152,0.019130999222397804,298779,0.12490800023078918,0.16980099678039551,0.48507401347160339,0.20496399700641632,0.015251999720931053,150183,0.11509999632835388,0.13734599947929382,0.48446199297904968,0.23631200194358826,0.026781000196933746
34710,5956305,3447667,0.11664599925279617,0.16081200540065765,0.49043899774551392,0.21643500030040741,0.015667999163269997,937185,0.1213110014796257,0.16803300380706787,0.51024001836776733,0.19251100718975067,0.007906000129878521,721046,0.10340099781751633,0.13960300385951996,0.46214801073074341,0.26648598909378052,0.028362000361084938,401408,0.11515200138092041,0.15774500370025635,0.48309201002120972,0.22488600015640259,0.019124999642372131,298786,0.12496200203895569,0.16977700591087341,0.48510301113128662,0.20491300523281097,0.015244999900460243,150213,0.11512300372123718,0.13729199767112732,0.48449200391769409,0.23631100356578827,0.026782000437378883
34711,5956511,3447747,0.11664000153541565,0.16081300377845764,0.49042698740959167,0.21644599735736847,0.015673000365495682,937220,0.12128999829292297,0.16802899539470673,0.51024198532104492,0.1925320029258728,0.007907000370323658,721115,0.10338199883699417,0.13958799839019775,0.46219301223754883,0.26646101474761963,0.028377000242471695,401384,0.11510399729013443,0.1577569991350174,0.48311600089073181,0.22489400207996368,0.019129000604152679,298821,0.12497799843549728,0.16976700723171234,0.48507300019264221,0.20491500198841095,0.01526699960231781,150224,0.11513499915599823,0.13719500601291656,0.48462998867034912,0.23624099791049957,0.026799999177455902
34712,5956754,3447917,0.11663900315761566,0.16080400347709656,0.49042001366615295,0.21645200252532959,0.015684999525547028,937258,0.12129899859428406,0.16800500452518463,0.51025402545928955,0.1925320029258728,0.0079100001603364944,721080,0.10338699817657471,0.13958500325679779,0.46219998598098755,0.26644301414489746,0.028385000303387642,401467,0.11502300202846527,0.15780100226402283,0.48316800594329834,0.22486299276351929,0.019145000725984573,298822,0.12495099753141403,0.16979700326919556,0.48508501052856445,0.20488099753856659,0.015286999754607677,150210,0.11507900059223175,0.13728100061416626,0.48450800776481628,0.23635600507259369,0.02677600085735321
34713,5956976,3448097,0.11663799732923508,0.16081200540065765,0.49040800333023071,0.21644799411296844,0.015693999826908112,937298,0.12127699702978134,0.16801400482654572,0.51025301218032837,0.19254499673843384,0.0079110004007816315,721045,0.10338299721479416,0.13955199718475342,0.4621489942073822,0.26651999354362488,0.028395999222993851,401480,0.11499200016260147,0.15778599679470062,0.48317500948905945,0.22487799823284149,0.019169000908732414,298818,0.12493900209665298,0.16978900134563446,0.48515498638153076,0.20483000576496124,0.015286999754607677,150238,0.11511699855327606,0.13728199899196625,0.4846310019493103,0.23620499670505524,0.026763999834656715
34714,5957185,3448305,0.1166360005736351,0.16082000732421875,0.49039199948310852,0.21645399928092957,0.01569800078868866,937329,0.12125799804925919,0.16801099479198456,0.51025199890136719,0.19257000088691711,0.0079089999198913574,721085,0.10336899757385254,0.13954399526119232,0.46215200424194336,0.2665179967880249,0.02841700054705143,401448,0.11499100178480148,0.15780399739742279,0.48321801424026489,0.22482399642467499,0.019162999466061592,298827,0.12491799890995026,0.16984100639820099,0.48512300848960876,0.20479099452495575,0.015327000059187412,150191,0.11506000161170959,0.13716499507427216,0.48469600081443787,0.23626600205898285,0.026813000440597534
34715,5957417,3448560,0.11663799732923508,0.16081699728965759,0.49039199948310852,0.21644900739192963,0.015704000368714333,937354,0.12125000357627869,0.16802799701690674,0.51023197174072266,0.19256800413131714,0.0079220002517104149,721043,0.10336100310087204,0.13955999910831451,0.46220499277114868,0.26644501090049744,0.028427999466657639,401424,0.11497800052165985,0.1577879935503006,0.48315200209617615,0.22490200400352478,0.019178999587893486,298843,0.12487199902534485,0.16984499990940094,0.48510399460792542,0.20485700666904449,0.015321999788284302,150193,0.11503200232982635,0.13715699315071106,0.48460999131202698,0.23638899624347687,0.026812000200152397
34716,5957664,3448787,0.11664299666881561,0.16080300509929657,0.49040201306343079,0.21643699705600739,0.015714999288320541,937386,0.12122400104999542,0.16803300380706787,0.51022797822952271,0.19258700311183929,0.0079269995912909508,721004,0.10334300249814987,0.13965100049972534,0.46209299564361572,0.26648300886154175,0.028429999947547913,401375,0.11494199931621552,0.15785500407218933,0.48312899470329285,0.22490699589252472,0.01916700042784214,298881,0.12488199770450592,0.16978700459003448,0.48503300547599792,0.20494399964809418,0.01535400003194809,150231,0.1149900034070015,0.1370760053396225,0.48469400405883789,0.23639599978923798,0.026845000684261322
34717,5957879,3448941,0.11663900315761566,0.16081100702285767,0.49039599299430847,0.21643500030040741,0.015720000490546227,937431,0.12121199816465378,0.16803400218486786,0.5102270245552063,0.19258999824523926,0.0079370001330971718,720958,0.10331299901008606,0.13968899846076965,0.46206700801849365,0.26647299528121948,0.028457999229431152,401401,0.11491499841213226,0.15782999992370605,0.48310500383377075,0.22497700154781342,0.019173000007867813,298886,0.12483000010251999,0.1697700023651123,0.48506799340248108,0.20497800409793854,0.01535400003194809,150262,0.11509200185537338,0.13700699806213379,0.4846000075340271,0.2364870011806488,0.026813000440597534
34718,5958107,3449053,0.11664299666881561,0.16080799698829651,0.49038600921630859,0.21643300354480743,0.015729999169707298,937517,0.12122400104999542,0.16801400482654572,0.51023799180984497,0.19258500635623932,0.0079380003735423088,720960,0.10330799967050552,0.13967899978160858,0.46205198764801025,0.26649999618530273,0.028460999950766563,401471,0.11490999907255173,0.15781499445438385,0.48314601182937622,0.22493000328540802,0.019199000671505928,298861,0.12479700148105621,0.16981500387191772,0.48509800434112549,0.20493499934673309,0.015355000272393227,150245,0.11504500359296799,0.13700300455093384,0.48444899916648865,0.23665300011634827,0.026848999783396721
34719,5958303,3449306,0.11662100255489349,0.16079999506473541,0.49040400981903076,0.21643699705600739,0.015737000852823257,937581,0.12124399840831757,0.16801300644874573,0.51022297143936157,0.19257499277591705,0.0079450001940131187,720824,0.10330300033092499,0.13968299329280853,0.46199199557304382,0.26653799414634705,0.028483999893069267,401466,0.11491599678993225,0.15785600244998932,0.48311901092529297,0.22491799294948578,0.019190000370144844,298865,0.12475500255823135,0.16981600224971771,0.48510199785232544,0.20496900379657745,0.015358000062406063,150261,0.11503999680280685,0.13704800605773926,0.48442399501800537,0.23660199344158173,0.026886999607086182
34720,5958563,3449459,0.1166049987077713,0.1608089953660965,0.49039700627326965,0.21644200384616852,0.015746999531984329,937580,0.12123399972915649,0.16801699995994568,0.51020699739456177,0.1925940066576004,0.0079479999840259552,720857,0.10332299768924713,0.1396699994802475,0.46197798848152161,0.26656201481819153,0.028467999771237373,401528,0.1149509996175766,0.1578419953584671,0.48314198851585388,0.22486099600791931,0.019204000011086464,298890,0.12476199865341187,0.16981500387191772,0.48508799076080322,0.20495800673961639,0.015376999974250793,150249,0.11510899662971497,0.13697899878025055,0.48437601327896118,0.2366739958524704,0.026861999183893204
34721,5958781,3449598,0.11661200225353241,0.16079699993133545,0.49040600657463074,0.21643400192260742,0.015751000493764877,937568,0.12123499810695648,0.16801699995994568,0.51018297672271729,0.1926099956035614,0.0079560000449419022,720868,0.10329999774694443,0.13969400525093079,0.46195799112319946,0.26655200123786926,0.028495000675320625,401547,0.11486800014972687,0.15781499445438385,0.48311400413513184,0.22499999403953552,0.019202999770641327,298943,0.12473300099372864,0.16982799768447876,0.48502600193023682,0.20500600337982178,0.015407999977469444,150257,0.11516299843788147,0.13705900311470032,0.48432999849319458,0.23658099770545959,0.026867000386118889
34722,5959037,3449762,0.11661700159311295,0.16079899668693542,0.49037998914718628,0.21644799411296844,0.015755999833345413,937613,0.12123700231313705,0.16800199449062347,0.51019299030303955,0.1926099956035614,0.0079570002853870392,720820,0.10331200063228607,0.13964800536632538,0.4619700014591217,0.26655599474906921,0.028514999896287918,401603,0.1148499995470047,0.15777300298213959,0.48318099975585938,0.2249779999256134,0.019217999652028084,298981,0.12472700327634811,0.1698870062828064,0.48501399159431458,0.2049729973077774,0.01539899967610836,150258,0.11520200222730637,0.13706399500370026,0.48429399728775024,0.23653300106525421,0.026907000690698624
34723,5959274,3449943,0.11662100255489349,0.16079799830913544,0.49037501215934753,0.21644900739192963,0.01575700007379055,937649,0.12120199948549271,0.16802899539470673,0.51017701625823975,0.19263400137424469,0.0079579995945096016,720856,0.1032869964838028,0.13961200416088104,0.4619700014591217,0.26660200953483582,0.028528999537229538,401595,0.11483199894428253,0.15773099660873413,0.48318800330162048,0.22501799464225769,0.019231000915169716,299036,0.12470400333404541,0.16993899643421173,0.48504900932312012,0.20491200685501099,0.015395999886095524,150195,0.11526300013065338,0.13710199296474457,0.48425701260566711,0.23639899492263794,0.02697799913585186
34724,5959507,3450154,0.1166130006313324,0.16079199314117432,0.49038401246070862,0.21644300222396851,0.015768000856041908,937671,0.12119100242853165,0.16801899671554565,0.51019102334976196,0.19264300167560577,0.0079560000449419022,720936,0.10328499972820282,0.13964499533176422,0.46187600493431091,0.26664501428604126,0.02854900062084198,401549,0.11483000218868256,0.15772899985313416,0.48314699530601501,0.22505100071430206,0.019243000075221062,299020,0.12470400333404541,0.1699180006980896,0.4850580096244812,0.20491300523281097,0.015406999737024307,150177,0.11524400115013123,0.13717800378799438,0.48427501320838928,0.23634800314903259,0.026954999193549156
34725,5959704,3450235,0.11660400032997131,0.1607930064201355,0.49036800861358643,0.21646100282669067,0.015774000436067581,937693,0.12116900086402893,0.16804200410842896,0.51017898321151733,0.19265900552272797,0.0079509997740387917,720971,0.10328300297260284,0.13964499533176422,0.46189498901367188,0.26662901043891907,0.028548000380396843,401595,0.11481200158596039,0.15771900117397308,0.48315098881721497,0.22505299746990204,0.019266000017523766,299030,0.12468600273132324,0.1699029952287674,0.48507198691368103,0.2049189954996109,0.015420000068843365,150180,0.11520799994468689,0.13723500072956085,0.48423200845718384,0.23637600243091583,0.026947999373078346
34726,5959939,3450428,0.11660599708557129,0.16079199314117432,0.49034801125526428,0.2164749950170517,0.015778999775648117,937742,0.12116900086402893,0.1680230051279068,0.51019197702407837,0.19265599548816681,0.0079610003158450127,720951,0.10331100225448608,0.13967800140380859,0.46187099814414978,0.26657998561859131,0.028560999780893326,401602,0.11479300260543823,0.15768599510192871,0.4831550121307373,0.22510300576686859,0.019262999296188354,299066,0.12463100254535675,0.16995899379253387,0.48502999544143677,0.20494100451469421,0.015437999740242958,150150,0.11513199657201767,0.13720899820327759,0.48436900973320007,0.23631000518798828,0.026979999616742134
34727,5960189,3450602,0.11658900231122971,0.16079500317573547,0.49034100770950317,0.21648800373077393,0.015786999836564064,937783,0.12116900086402893,0.16804499924182892,0.51014500856399536,0.19267900288105011,0.0079619996249675751,720956,0.10332699865102768,0.13967800140380859,0.46182599663734436,0.26660200953483582,0.028567999601364136,401607,0.11482899636030197,0.15765200555324554,0.48317399621009827,0.22507299482822418,0.019272999837994576,299064,0.12464199960231781,0.16997000575065613,0.48497599363327026,0.20496299862861633,0.015448000282049179,150177,0.11514399945735931,0.13725100457668304,0.48431500792503357,0.23628099262714386,0.027008000761270523
34728,5960405,3450789,0.11659000068902969,0.16079199314117432,0.49033299088478088,0.21649199724197388,0.015792999416589737,937821,0.12115000188350677,0.16804799437522888,0.51014602184295654,0.19268499314785004,0.0079709999263286591,720923,0.10330399870872498,0.13971699774265289,0.46180200576782227,0.26658299565315247,0.028594000265002251,401615,0.11479700356721878,0.15765300393104553,0.48318201303482056,0.22509600222110748,0.019271999597549438,299085,0.12467700242996216,0.16992799937725067,0.48499599099159241,0.20496800541877747,0.015429999679327011,150172,0.11505500227212906,0.13724899291992188,0.48433101177215576,0.23638199269771576,0.026982000097632408
34729,5960616,3450870,0.11659400165081024,0.16078799962997437,0.49033001065254211,0.21648700535297394,0.015799999237060547,937883,0.12114299833774567,0.16803500056266785,0.51014500856399536,0.19270800054073334,0.0079690003767609596,720923,0.10325700044631958,0.13971300423145294,0.46184301376342773,0.26657098531723022,0.028617000207304955,401651,0.11476899683475494,0.1576790064573288,0.48310300707817078,0.22517299652099609,0.01927500031888485,299150,0.12466699630022049,0.16993799805641174,0.48496100306510925,0.20497700572013855,0.015456999652087688,150139,0.11498700082302094,0.13727900385856628,0.48431101441383362,0.2364410012960434,0.026982000097632408
34730,5960834,3450979,0.11659300327301025,0.16077400743961334,0.49032500386238098,0.21650399267673492,0.015804000198841095,937915,0.12114299833774567,0.16802699863910675,0.51014202833175659,0.1927109956741333,0.0079760001972317696,720958,0.10324300080537796,0.13972699642181396,0.46184098720550537,0.26655599474906921,0.028633000329136848,401681,0.11475999653339386,0.15774199366569519,0.48304298520088196,0.22518399357795715,0.019271999597549438,299190,0.12464699894189835,0.1699489951133728,0.48489600419998169,0.20503400266170502,0.015475000254809856,150111,0.114935003221035,0.13734500110149384,0.48434799909591675,0.23633800446987152,0.027032999321818352
34731,5961064,3451092,0.11659400165081024,0.16076600551605225,0.49033200740814209,0.21649900078773499,0.015808999538421631,937967,0.12114600092172623,0.16802699863910675,0.51012599468231201,0.19271799921989441,0.0079830000177025795,721040,0.10326100140810013,0.13969099521636963,0.46180799603462219,0.26658600568771362,0.028653999790549278,401659,0.11472699791193008,0.15780800580978394,0.48300400376319885,0.22518399357795715,0.019277999177575111,299181,0.12465400248765945,0.16995400190353394,0.48490700125694275,0.20498600602149963,0.015499000437557697,150125,0.11493100225925446,0.13734599947929382,0.48433598875999451,0.23633599281311035,0.02705099992454052
34732,5961352,3451331,0.11660400032997131,0.16076399385929108,0.49031999707221985,0.21649600565433502,0.015815999358892441,938019,0.12114299833774567,0.16802600026130676,0.51010799407958984,0.19273200631141663,0.0079910000786185265,721044,0.10325700044631958,0.13971400260925293,0.46180099248886108,0.2665649950504303,0.028663000091910362,401667,0.11466000229120255,0.15779699385166168,0.48301699757575989,0.22522599995136261,0.019300000742077827,299145,0.12462899833917618,0.16996400058269501,0.48486199975013733,0.20503099262714386,0.015514000318944454,150146,0.11497499793767929,0.13736599683761597,0.48422899842262268,0.23635700345039368,0.027073999866843224
34733,5961553,3451444,0.1166049987077713,0.16075399518013,0.49031800031661987,0.21650199592113495,0.015821000561118126,938066,0.12115100026130676,0.16801400482654572,0.51011097431182861,0.19272600114345551,0.0079969996586441994,721103,0.10324700176715851,0.13972300291061401,0.46177300810813904,0.26658999919891357,0.028666000813245773,401664,0.11461099982261658,0.15781299769878387,0.48297300934791565,0.22528499364852905,0.019316999241709709,299147,0.12463799864053726,0.17000700533390045,0.48487499356269836,0.20494599640369415,0.015533999539911747,150129,0.11493399739265442,0.13732199370861053,0.4842970073223114,0.23635700345039368,0.027089999988675117
34734,5961809,3451605,0.11660200357437134,0.16075700521469116,0.49030300974845886,0.21650899946689606,0.015828000381588936,938100,0.12114500254392624,0.16801999509334564,0.51009202003479004,0.19274500012397766,0.0079979998990893364,721167,0.10323499888181686,0.139724001288414,0.46176999807357788,0.26659199595451355,0.028680000454187393,401639,0.11460799723863602,0.1578260064125061,0.48298099637031555,0.22525699436664581,0.019328000023961067,299144,0.12463600188493729,0.17003899812698364,0.48489400744438171,0.2048880010843277,0.015544000081717968,150154,0.11496900022029877,0.13716599345207214,0.48438900709152222,0.23637700080871582,0.027099000290036201
34735,5962031,3451660,0.11660599708557129,0.16075399518013,0.4902929961681366,0.21651099622249603,0.01583700068295002,938106,0.12111499905586243,0.16801799833774567,0.51011401414871216,0.19274899363517761,0.0080030001699924469,721220,0.10322599858045578,0.13975200057029724,0.46174100041389465,0.26659798622131348,0.028681999072432518,401706,0.11457599699497223,0.15780200064182281,0.48302999138832092,0.22524900734424591,0.019342999905347824,299172,0.12459100037813187,0.17006599903106689,0.48492801189422607,0.20487199723720551,0.015542999841272831,150167,0.11489199846982956,0.13709400594234467,0.48446100950241089,0.23639699816703796,0.027155999094247818
34736,5962248,3451806,0.1166049987077713,0.16074900329113007,0.49029099941253662,0.21650600433349609,0.015847999602556229,938117,0.12110999971628189,0.16801600158214569,0.51010102033615112,0.19277000427246094,0.0080030001699924469,721203,0.10320299863815308,0.13974699378013611,0.46174699068069458,0.2666110098361969,0.028691999614238739,401785,0.11454600095748901,0.15779599547386169,0.48302501440048218,0.22526200115680695,0.019370999187231064,299175,0.12459900230169296,0.17009800672531128,0.48485299944877625,0.2049030065536499,0.015545999631285667,150162,0.11496900022029877,0.13716499507427216,0.48440998792648315,0.23629799485206604,0.027156999334692955
34737,5962492,3452001,0.11660700291395187,0.16074499487876892,0.49028199911117554,0.21651400625705719,0.015852000564336777,938130,0.12109600007534027,0.16801899671554565,0.51009500026702881,0.19278599321842194,0.0080040004104375839,721212,0.10317599773406982,0.13975599408149719,0.46170899271965027,0.26663899421691895,0.028720000758767128,401807,0.11454000324010849,0.15780499577522278,0.48304298520088196,0.22524699568748474,0.019364999607205391,299177,0.12461200356483459,0.17013700306415558,0.48482000827789307,0.20485900342464447,0.015572999604046345,150165,0.11494000256061554,0.13718900084495544,0.48449999094009399,0.2362000048160553,0.027170000597834587
34738,5962709,3452109,0.11660999804735184,0.16073699295520782,0.49028798937797546,0.21650199592113495,0.015861999243497849,938155,0.12108899652957916,0.16801300644874573,0.51008802652359009,0.19279800355434418,0.0080129997804760933,721207,0.10317599773406982,0.1397549957036972,0.46161100268363953,0.26671299338340759,0.028745999559760094,401885,0.1145080029964447,0.15783900022506714,0.48301398754119873,0.22527100145816803,0.019369000568985939,299142,0.12460999935865402,0.17014700174331665,0.48484998941421509,0.20481599867343903,0.015577999874949455,150211,0.11487200111150742,0.13714699447154999,0.4846780002117157,0.23612800240516663,0.027174999937415123
34739,5962976,3452309,0.11661200225353241,0.16073499619960785,0.49027198553085327,0.21650899946689606,0.015870999544858932,938155,0.12109600007534027,0.16800500452518463,0.51007997989654541,0.1927960067987442,0.0080220000818371773,721256,0.10317700356245041,0.13976900279521942,0.46158498525619507,0.26673498749732971,0.028735000640153885,401886,0.11446800082921982,0.15783800184726715,0.48300498723983765,0.22530299425125122,0.01938600093126297,299178,0.12458500266075134,0.17015999555587769,0.48484501242637634,0.204817995429039,0.015592999756336212,150192,0.11485300213098526,0.13717800378799438,0.48471999168395996,0.23607100546360016,0.027179000899195671
34740,5963191,3452346,0.11659400165081024,0.16074199974536896,0.49026298522949219,0.2165209949016571,0.015879999846220016,938177,0.12108100205659866,0.16802999377250671,0.51005899906158447,0.19280099868774414,0.0080289999023079872,721378,0.1032399982213974,0.13974900543689728,0.46156400442123413,0.26672101020812988,0.028726000338792801,401963,0.11443799734115601,0.15781599283218384,0.48298200964927673,0.22535200417041779,0.019411999732255936,299152,0.12458500266075134,0.17018400132656097,0.48485100269317627,0.20479600131511688,0.015584000386297703,150175,0.11483900249004364,0.1372469961643219,0.48474800586700439,0.2359980046749115,0.027168000116944313
34741,5963450,3452522,0.11658599972724915,0.16073399782180786,0.49026399850845337,0.21653400361537933,0.015883000567555428,938239,0.12110300362110138,0.16801199316978455,0.51002597808837891,0.19282899796962738,0.0080300001427531242,721340,0.10324700176715851,0.13976100087165833,0.46156299114227295,0.26667198538780212,0.028758000582456589,402012,0.11448399722576141,0.15784099698066711,0.48289400339126587,0.22536599636077881,0.019415000453591347,299154,0.12452399730682373,0.17019000649452209,0.48483699560165405,0.20486800372600555,0.015580999664962292,150183,0.11480700224637985,0.13723300397396088,0.48472899198532104,0.23598499596118927,0.027247000485658646
34742,5963705,3452639,0.11657699942588806,0.16072499752044678,0.49026298522949219,0.21654400229454041,0.015892000868916512,938252,0.121117003262043,0.16800700128078461,0.51000899076461792,0.19283400475978851,0.0080329999327659607,721341,0.10325799882411957,0.13977000117301941,0.46157199144363403,0.26664799451828003,0.028751999139785767,402090,0.11448699980974197,0.15782999992370605,0.48292198777198792,0.22535499930381775,0.019406000152230263,299221,0.12455999851226807,0.17014800012111664,0.48481899499893188,0.20485900342464447,0.015614000149071217,150162,0.11483599990606308,0.1372780054807663,0.4845300018787384,0.23606500029563904,0.027290999889373779
34743,5963928,3452704,0.11657000333070755,0.16071499884128571,0.49026501178741455,0.21654699742794037,0.01590299978852272,938261,0.1210860013961792,0.16802099347114563,0.51000499725341797,0.19284699857234955,0.0080399997532367706,721376,0.10324300080537796,0.13980799913406372,0.46157500147819519,0.26661700010299683,0.028758000582456589,402111,0.11452600359916687,0.15786199271678925,0.48283699154853821,0.22534599900245667,0.019430000334978104,299280,0.12455199658870697,0.17013199627399445,0.48487401008605957,0.20483499765396118,0.015607000328600407,150196,0.11473000049591064,0.13732700049877167,0.48453998565673828,0.23609800636768341,0.027303999289870262
34744,5964156,3452735,0.11655700206756592,0.16071599721908569,0.49026399850845337,0.21654799580574036,0.015915000811219215,938329,0.12109100073575974,0.16800999641418457,0.51000797748565674,0.19284899532794952,0.0080420002341270447,721453,0.10323099792003632,0.13979600369930267,0.46155500411987305,0.26663398742675781,0.028784999623894691,402141,0.11452499777078629,0.15785999596118927,0.48282599449157715,0.2253589928150177,0.019431000575423241,299285,0.12457700073719025,0.17015199363231659,0.48488599061965942,0.20479799807071686,0.015587000176310539,150213,0.11474400013685226,0.1374180018901825,0.48453199863433838,0.23597200214862823,0.027334999293088913
34745,5964366,3452760,0.11654700338840485,0.16072000563144684,0.49024501442909241,0.2165679931640625,0.015921000391244888,938393,0.1210779994726181,0.16801099479198456,0.51000899076461792,0.19285500049591064,0.0080469995737075806,721518,0.10326100140810013,0.13977999985218048,0.46154499053955078,0.26662099361419678,0.028791999444365501,402172,0.11452800035476685,0.15779800713062286,0.48288801312446594,0.22534899413585663,0.019437000155448914,299300,0.12452699989080429,0.17019400000572205,0.48494499921798706,0.2047480046749115,0.015585999935865402,150223,0.11472900211811066,0.13754899799823761,0.48447299003601074,0.23585599660873413,0.027393000200390816
34746,5964597,3452890,0.11654800176620483,0.16071200370788574,0.49024701118469238,0.21656499803066254,0.015928000211715698,938411,0.12107499688863754,0.1680230051279068,0.5099949836730957,0.19285699725151062,0.0080500002950429916,721574,0.10326900333166122,0.13978700339794159,0.46150600910186768,0.26664999127388,0.028787000104784966,402226,0.11450300365686417,0.15778900682926178,0.48292800784111023,0.22532099485397339,0.01945899985730648,299325,0.1245570033788681,0.17022599279880524,0.48491799831390381,0.204694002866745,0.015604999847710133,150171,0.11466299742460251,0.13747699558734894,0.48433500528335571,0.23604400455951691,0.02748199924826622
34747,5964894,3453027,0.11654599756002426,0.16070200502872467,0.49025899171829224,0.21656399965286255,0.015929000452160835,938456,0.1210940033197403,0.16802500188350677,0.50996202230453491,0.19286400079727173,0.0080559998750686646,721682,0.10325299948453903,0.13982599973678589,0.46146801114082336,0.26665899157524109,0.028793999925255775,402167,0.11454199999570847,0.15779499709606171,0.48280900716781616,0.22536900639533997,0.019484000280499458,299395,0.12458500266075134,0.17018699645996094,0.48493799567222595,0.20465900003910065,0.01563199982047081,150167,0.11467199772596359,0.13746699690818787,0.48430100083351135,0.23609000444412231,0.027468999847769737
34748,5965107,3453060,0.11654400080442429,0.16071200370788574,0.49023500084877014,0.21657000482082367,0.015938999131321907,938457,0.12106800079345703,0.1680389940738678,0.50995802879333496,0.19288000464439392,0.0080549996346235275,721779,0.10323099792003632,0.13982400298118591,0.46155300736427307,0.26658898591995239,0.028804000467061996,402234,0.11452999711036682,0.15776099264621735,0.48280900716781616,0.22541099786758423,0.019488999620079994,299422,0.12459299713373184,0.17013399302959442,0.48493099212646484,0.2047010064125061,0.015639999881386757,150155,0.11466799676418304,0.13744500279426575,0.4843200147151947,0.23610900342464447,0.027458000928163528
34749,5965385,3453253,0.11654599756002426,0.16070699691772461,0.49022600054740906,0.21657699346542358,0.015944000333547592,938526,0.12108899652957916,0.16802500188350677,0.50994199514389038,0.19288399815559387,0.008058999665081501,721748,0.10321500152349472,0.13984000682830811,0.46155598759651184,0.2665649950504303,0.028823999688029289,402250,0.11453600227832794,0.15769299864768982,0.4828220009803772,0.2254520058631897,0.019497999921441078,299472,0.12460300326347351,0.17013299465179443,0.48487699031829834,0.20475399494171143,0.015634000301361084,150136,0.11466900259256363,0.13751499354839325,0.48425400257110596,0.23607900738716125,0.02748199924826622
34750,5965634,3453401,0.11654700338840485,0.16070699691772461,0.49020698666572571,0.21658399701118469,0.015954999253153801,938628,0.12109900265932083,0.16800500452518463,0.50994902849197388,0.19289000332355499,0.0080580003559589386,721777,0.10323800146579742,0.13984499871730804,0.46156200766563416,0.26652601361274719,0.028829000890254974,402257,0.11454600095748901,0.15771999955177307,0.48278599977493286,0.22543300688266754,0.019515000283718109,299421,0.12456999719142914,0.17009499669075012,0.48493298888206482,0.20475900173187256,0.015644000843167305,150150,0.11461199820041656,0.1375419944524765,0.48428899049758911,0.23608399927616119,0.027473000809550285
34751,5965842,3453455,0.1165430024266243,0.16070300340652466,0.49020001292228699,0.21659199893474579,0.015961000695824623,938647,0.12108100205659866,0.16802400350570679,0.50992697477340698,0.19290700554847717,0.0080620003864169121,721820,0.10321400314569473,0.13986299932003021,0.46157199144363403,0.26651701331138611,0.02883400022983551,402279,0.11455699801445007,0.15769399702548981,0.48286399245262146,0.22535400092601776,0.019531000405550003,299457,0.12458500266075134,0.17006799578666687,0.48487800359725952,0.20481100678443909,0.015658000484108925,150184,0.11465899646282196,0.13753099739551544,0.48427298665046692,0.23609000444412231,0.027445999905467033
34752,5966062,3453653,0.11653299629688263,0.16070100665092468,0.49019598960876465,0.21660099923610687,0.01596900075674057,938647,0.1210860013961792,0.16800799965858459,0.50993502140045166,0.192904993891716,0.0080660004168748856,721802,0.10319700092077255,0.13987499475479126,0.46159499883651733,0.26647099852561951,0.02886199951171875,402307,0.11462099850177765,0.15769100189208984,0.48281800746917725,0.2253430038690567,0.019526999443769455,299448,0.12460599839687347,0.17004600167274475,0.48480498790740967,0.20485000312328339,0.015691999346017838,150205,0.11458999663591385,0.13754500448703766,0.48427098989486694,0.23615700006484985,0.027435999363660812
34753,5966311,3453819,0.11652600020170212,0.16070400178432465,0.49018999934196472,0.21660900115966797,0.015971999615430832,938685,0.12108899652957916,0.16798900067806244,0.50993698835372925,0.19290900230407715,0.008076000027358532,721756,0.10317300260066986,0.13988099992275238,0.46164900064468384,0.26641800999641418,0.028877999633550644,402353,0.11463300138711929,0.15765999257564545,0.48287200927734375,0.22531700134277344,0.019517999142408371,299473,0.1245649978518486,0.17009499669075012,0.48478800058364868,0.20484299957752228,0.015707999467849731,150225,0.11461500078439713,0.13747400045394897,0.48420000076293945,0.23624600470066071,0.027465000748634338
34754,5966555,3453947,0.11652100086212158,0.16071200370788574,0.49017500877380371,0.21661299467086792,0.015978999435901642,938721,0.12107600271701813,0.16798500716686249,0.50993698835372925,0.1929209977388382,0.0080800000578165054,721828,0.10316900163888931,0.13986900448799133,0.46166300773620605,0.26640400290489197,0.028896000236272812,402330,0.11460699886083603,0.15764899551868439,0.48291900753974915,0.22531500458717346,0.019509000703692436,299477,0.12457700073719025,0.1700499951839447,0.48478499054908752,0.20489099621772766,0.015697000548243523,150252,0.11466100066900253,0.13746899366378784,0.48410698771476746,0.23629599809646606,0.027466999366879463
34755,5966777,3454119,0.11650999635457993,0.16071200370788574,0.4901759922504425,0.21661299467086792,0.015988999977707863,938721,0.12108500301837921,0.16797299683094025,0.50992697477340698,0.19293199479579926,0.0080829998478293419,721839,0.10312999784946442,0.13982300460338593,0.46171000599861145,0.26642900705337524,0.028907999396324158,402356,0.1146249994635582,0.15769599378108978,0.48286598920822144,0.22531500458717346,0.019497999921441078,299487,0.12457600235939026,0.17013800144195557,0.48471599817276001,0.20485700666904449,0.015714000910520554,150255,0.11461800336837769,0.13750599324703217,0.48398399353027344,0.23637799918651581,0.027512999251484871
34756,5967000,3454234,0.11651100218296051,0.16071900725364685,0.49016198515892029,0.21661099791526794,0.01599700003862381,938743,0.12106399983167648,0.16797199845314026,0.5099329948425293,0.19293999671936035,0.0080909999087452888,721830,0.10308899730443954,0.13981400430202484,0.46173098683357239,0.26646599173545837,0.028899999335408211,402349,0.11459200084209442,0.15773600339889526,0.48282000422477722,0.22533200681209564,0.019519999623298645,299548,0.12462099641561508,0.17012999951839447,0.48469400405883789,0.20483200252056122,0.015723999589681625,150296,0.11462000012397766,0.13738200068473816,0.48405799269676208,0.23644000291824341,0.027498999610543251
34757,5967209,3454338,0.11650200188159943,0.16072799265384674,0.49014899134635925,0.21661700308322906,0.01600399985909462,938747,0.12104599922895432,0.16798000037670135,0.50993502140045166,0.19294899702072144,0.0080899996683001518,721825,0.10312300175428391,0.13979999721050262,0.46171000599861145,0.26646798849105835,0.028898999094963074,402383,0.11455799639225006,0.15765799582004547,0.48289099335670471,0.22537000477313995,0.019524000585079193,299600,0.12458299845457077,0.17010000348091125,0.48471599817276001,0.20486299693584442,0.015737999230623245,150316,0.11457200348377228,0.1374640017747879,0.48401999473571777,0.23641499876976013,0.027528999373316765
34758,5967467,3454555,0.11649300158023834,0.16073200106620789,0.49013298749923706,0.21662800014019012,0.016013000160455704,938800,0.12103600054979324,0.16798299551010132,0.50992697477340698,0.19296300411224365,0.0080909999087452888,721848,0.10315600037574768,0.13979700207710266,0.46168199181556702,0.26647400856018066,0.028891000896692276,402347,0.11447799950838089,0.15765500068664551,0.48293599486351013,0.22539499402046204,0.019534999504685402,299593,0.12459900230169296,0.17006400227546692,0.48469400405883789,0.20489099621772766,0.015751000493764877,150324,0.11465899646282196,0.13735699653625488,0.48410800099372864,0.23635600507259369,0.027520999312400818
34759,5967737,3454755,0.11649800091981888,0.16073000431060791,0.490121990442276,0.21662500500679016,0.01602499932050705,938855,0.12105300277471542,0.16796599328517914,0.50992399454116821,0.1929599940776825,0.0080970004200935364,721918,0.10315199941396713,0.13979999721050262,0.46164101362228394,0.26649299263954163,0.028914999216794968,402310,0.11446599662303925,0.15764699876308441,0.48296800255775452,0.22538299858570099,0.019534999504685402,299573,0.12457700073719025,0.17004500329494476,0.48475301265716553,0.20486199855804443,0.015761999413371086,150326,0.11465699970722198,0.1373479962348938,0.4840410053730011,0.23645900189876556,0.027494000270962715
34760,5967970,3454961,0.11649200320243835,0.16071699559688568,0.49011901021003723,0.21664300560951233,0.016029000282287598,938872,0.12103000283241272,0.16798999905586243,0.50991302728652954,0.19296500086784363,0.0081019997596740723,721879,0.10313200205564499,0.13980899751186371,0.46165600419044495,0.26648500561714172,0.028917999938130379,402365,0.11451300233602524,0.15769000351428986,0.48289498686790466,0.22535300254821777,0.019548999145627022,299593,0.12461599707603455,0.17005699872970581,0.48469099402427673,0.20487500727176666,0.015760999172925949,150300,0.11467699706554413,0.13731199502944946,0.48405900597572327,0.23647400736808777,0.027478000149130821
34761,5968231,3455085,0.11648400127887726,0.16071100533008575,0.49011701345443726,0.21664600074291229,0.016040999442338943,938922,0.12103299796581268,0.16798299551010132,0.50989902019500732,0.19298100471496582,0.0081040002405643463,721960,0.10315000265836716,0.13981500267982483,0.4616209864616394,0.2664870023727417,0.028927000239491463,402372,0.11449100077152252,0.15774199366569519,0.48290899395942688,0.22530099749565125,0.019556999206542969,299603,0.1246350035071373,0.17004199326038361,0.48467499017715454,0.2048880010843277,0.015760999172925949,150289,0.11473199725151062,0.13718199729919434,0.48404699563980103,0.23659700155258179,0.02744000032544136
34762,5968439,3455233,0.11647599935531616,0.16071300208568573,0.49010801315307617,0.21665200591087341,0.016052000224590302,938952,0.1210319995880127,0.16799399256706238,0.50986701250076294,0.19300100207328796,0.0081059997901320457,721972,0.10312599688768387,0.13982400298118591,0.46166700124740601,0.26644799113273621,0.02893500030040741,402374,0.11449500173330307,0.15770700573921204,0.48289701342582703,0.22533500194549561,0.019565999507904053,299609,0.12459199875593185,0.17001500725746155,0.4846780002117157,0.20494399964809418,0.01577099971473217,150299,0.11477799713611603,0.13716700673103333,0.48406198620796204,0.23654800653457642,0.027444999665021896
34763,5968651,3455390,0.11646699905395508,0.1607079952955246,0.49010598659515381,0.21666200459003448,0.0160559993237257,938995,0.12099000066518784,0.16800999641418457,0.50987201929092407,0.19301900267601013,0.0081089995801448822,721968,0.10313300043344498,0.13980799913406372,0.46167799830436707,0.26642900705337524,0.028951000422239304,402412,0.11450199782848358,0.1577489972114563,0.48286598920822144,0.22531099617481232,0.019571999087929726,299632,0.12455900013446808,0.17003500461578369,0.48464798927307129,0.20498800277709961,0.015768999233841896,150254,0.11465899646282196,0.13721400499343872,0.48401400446891785,0.23665900528430939,0.02745399996638298
34764,5968889,3455555,0.11646199971437454,0.16071000695228577,0.49009999632835388,0.21666300296783447,0.016064999625086784,939046,0.12099800258874893,0.1679999977350235,0.5098540186882019,0.1930370032787323,0.0081099998205900192,722009,0.10311800241470337,0.13979999721050262,0.46168801188468933,0.26642501354217529,0.028968999162316322,402382,0.11452800035476685,0.15769100189208984,0.48278000950813293,0.22540499269962311,0.019595999270677567,299652,0.12458799779415131,0.17006400227546692,0.48459199070930481,0.20498399436473846,0.015771999955177307,150245,0.11463300138711929,0.13732899725437164,0.48406898975372314,0.23656700551509857,0.0274020005017519
34765,5969111,3455584,0.11645799875259399,0.16068999469280243,0.49011099338531494,0.21667499840259552,0.016065999865531921,939120,0.12100400030612946,0.16797100007534027,0.50987499952316284,0.19303500652313232,0.0081150000914931297,722087,0.10312999784946442,0.13984300196170807,0.46165800094604492,0.26639300584793091,0.028976000845432281,402355,0.11453299969434738,0.15763700008392334,0.48276299238204956,0.22543300688266754,0.019633999094367027,299685,0.12457700073719025,0.17007899284362793,0.4845849871635437,0.20497900247573853,0.015780000016093254,150280,0.11461900174617767,0.13739000260829926,0.48407599329948425,0.23651200532913208,0.0274020005017519
34766,5969327,3455650,0.11644300073385239,0.16068699955940247,0.49009901285171509,0.21669800579547882,0.016073999926447868,939201,0.12100899964570999,0.16797000169754028,0.50985598564147949,0.1930450052022934,0.0081200003623962402,722153,0.10315299779176712,0.13982400298118591,0.46168500185012817,0.26636001467704773,0.028978999704122543,402330,0.11451800167560577,0.15765400230884552,0.48280000686645508,0.22540000081062317,0.019627999514341354,299727,0.12453699856996536,0.17010499536991119,0.48460099101066589,0.20499299466609955,0.01576399989426136,150266,0.1146169975399971,0.13744300603866577,0.48401498794555664,0.23649400472640991,0.027431000024080276
34767,5969516,3455824,0.11643200367689133,0.16068999469280243,0.49008899927139282,0.2167070060968399,0.016081999987363815,939205,0.12099199742078781,0.16797700524330139,0.50984299182891846,0.19307200610637665,0.0081160003319382668,722218,0.10315699875354767,0.1398169994354248,0.4617139995098114,0.2663320004940033,0.02897999994456768,402326,0.11453100293874741,0.15762600302696228,0.4828450083732605,0.22535200417041779,0.019646000117063522,299706,0.12451499700546265,0.17008300125598907,0.48453798890113831,0.20508100092411041,0.015782000496983528,150237,0.11460600048303604,0.13766199350357056,0.48379600048065186,0.23655299842357635,0.027382999658584595
34768,5969741,3455915,0.11642599850893021,0.16068699955940247,0.4900909960269928,0.21671099960803986,0.016085000708699226,939262,0.12098299711942673,0.16797100007534027,0.50984001159667969,0.19308499991893768,0.0081209996715188026,722208,0.10313799977302551,0.13981400430202484,0.4617449939250946,0.26628598570823669,0.029016999527812004,402364,0.1145780012011528,0.15756399929523468,0.48284101486206055,0.22535799443721771,0.019658999517560005,299743,0.12449300289154053,0.17009200155735016,0.48450198769569397,0.20511199533939362,0.015799999237060547,150249,0.11464300006628036,0.1376509964466095,0.48369699716567993,0.23660099506378174,0.027408000081777573
34769,5969965,3456157,0.11642400175333023,0.16067999601364136,0.49009698629379272,0.21670399606227875,0.016093999147415161,939306,0.12096799910068512,0.16797100007534027,0.50984001159667969,0.19309599697589874,0.0081249997019767761,722151,0.10316400229930878,0.13983400166034698,0.46171000599861145,0.26626399159431458,0.029029000550508499,402299,0.11450199782848358,0.15761899948120117,0.48286199569702148,0.22535699605941772,0.019659999758005142,299788,0.12448800355195999,0.17006699740886688,0.48447901010513306,0.20515500009059906,0.015811000019311905,150264,0.11461800336837769,0.13755799829959869,0.48352900147438049,0.23684300482273102,0.027451999485492706
34770,5970179,3456299,0.11642300337553024,0.16067600250244141,0.49010100960731506,0.21669499576091766,0.016104999929666519,939323,0.12093999981880188,0.1679760068655014,0.50985002517700195,0.19310800731182098,0.0081249997019767761,722207,0.10315900295972824,0.13986599445343018,0.46168801188468933,0.26625901460647583,0.029029000550508499,402263,0.11448000371456146,0.15756900608539581,0.48287099599838257,0.22542999684810638,0.019650999456644058,299812,0.12447799742221832,0.17008699476718903,0.48443698883056641,0.20517200231552124,0.015827000141143799,150275,0.11467000097036362,0.13760100305080414,0.48346000909805298,0.23683199286460876,0.027435999363660812
34771,5970428,3456488,0.11642400175333023,0.16067400574684143,0.49009498953819275,0.21669700741767883,0.016109000891447067,939358,0.12093699723482132,0.16798800230026245,0.50980597734451294,0.19314099848270416,0.0081280004233121872,722240,0.10316400229930878,0.13984699547290802,0.46167600154876709,0.26626101136207581,0.02905300073325634,402213,0.11443900316953659,0.1576479971408844,0.48281899094581604,0.22544999420642853,0.019643999636173248,299797,0.12447100132703781,0.1700579971075058,0.48448500037193298,0.20517200231552124,0.015814000740647316,150332,0.1146399974822998,0.13766199350357056,0.48345699906349182,0.23678900301456451,0.027452999725937843
34772,5970629,3456682,0.11642199754714966,0.16067199409008026,0.49009901285171509,0.21668900549411774,0.016117999330163002,939384,0.1209380030632019,0.1679760068655014,0.50981497764587402,0.19314000010490417,0.0081310002133250237,722208,0.10315199941396713,0.1398099958896637,0.46168100833892822,0.26629599928855896,0.029061000794172287,402239,0.11445900052785873,0.15759000182151794,0.48284199833869934,0.22545300424098969,0.019655000418424606,299780,0.12445099651813507,0.17011499404907227,0.48439198732376099,0.20521999895572662,0.015822000801563263,150336,0.11467599868774414,0.13769799470901489,0.48334398865699768,0.23681600391864777,0.027465000748634338
34773,5970874,3456903,0.11641299724578857,0.16067899763584137,0.49008399248123169,0.21670100092887878,0.016123000532388687,939426,0.12093400210142136,0.16796700656414032,0.5098080039024353,0.19315500557422638,0.0081350002437829971,722127,0.10315400362014771,0.13978399336338043,0.46167799830436707,0.26632300019264221,0.029061000794172287,402268,0.11446800082921982,0.15759100019931793,0.48287999629974365,0.22537699341773987,0.019682999700307846,299795,0.12443199753761292,0.17012600600719452,0.4842979907989502,0.20528699457645416,0.01585800014436245,150355,0.11467500030994415,0.13772100210189819,0.48329600691795349,0.23681999742984772,0.027488000690937042
34774,5971080,3457017,0.11639899760484695,0.1606840044260025,0.490090012550354,0.21669499576091766,0.016132000833749771,939448,0.12095800042152405,0.16796599328517914,0.5097770094871521,0.19316400587558746,0.0081350002437829971,722156,0.10313799977302551,0.13977499306201935,0.46167200803756714,0.26635798811912537,0.029056999832391739,402336,0.11449400335550308,0.15756699442863464,0.48287999629974365,0.22534400224685669,0.019714999943971634,299787,0.12441200017929077,0.17012700438499451,0.48432698845863342,0.20527899265289307,0.015854999423027039,150336,0.11463700234889984,0.13762499392032623,0.48328399658203125,0.23700200021266937,0.027451999485492706
34775,5971328,3457189,0.11639499664306641,0.1606840044260025,0.49007800221443176,0.2167000025510788,0.01614299975335598,939472,0.12096799910068512,0.16795100271701813,0.50978100299835205,0.19316099584102631,0.008139999583363533,722145,0.10315799713134766,0.13971799612045288,0.46168801188468933,0.26636800169944763,0.029068000614643097,402283,0.1145159974694252,0.1575780063867569,0.48290398716926575,0.22529199719429016,0.019710000604391098,299845,0.12442799657583237,0.17014800012111664,0.48426398634910583,0.20529299974441528,0.015868000686168671,150394,0.11455900222063065,0.13773800432682037,0.48339700698852539,0.23681800067424774,0.027488000690937042
34776,5971570,3457376,0.11639499664306641,0.16067799925804138,0.49005699157714844,0.21671099960803986,0.016158999875187874,939507,0.12096799910068512,0.1679379940032959,0.50977802276611328,0.1931769996881485,0.0081390002742409706,722110,0.10315199941396713,0.13971799612045288,0.46169999241828918,0.26636400818824768,0.029066000133752823,402315,0.11448699980974197,0.15759800374507904,0.48298001289367676,0.22522200644016266,0.01971299946308136,299854,0.12443699687719345,0.17012299597263336,0.48426198959350586,0.20531700551509857,0.015861000865697861,150408,0.11459500342607498,0.13779899477958679,0.48333200812339783,0.23677599430084229,0.027498999610543251
34777,5971803,3457513,0.11638599634170532,0.16067700088024139,0.49007099866867065,0.21669900417327881,0.016165999695658684,939555,0.12096700072288513,0.16793499886989594,0.50977402925491333,0.19318500161170959,0.0081390002742409706,722085,0.10317300260066986,0.13971999287605286,0.46162599325180054,0.26641601324081421,0.029063999652862549,402337,0.11446599662303925,0.15760199725627899,0.48296299576759338,0.22524400055408478,0.019725000485777855,299887,0.12441699951887131,0.17010100185871124,0.48428899049758911,0.20531100034713745,0.015883000567555428,150426,0.11462099850177765,0.13776199519634247,0.48320099711418152,0.23686100542545319,0.02755500003695488
34778,5972031,3457609,0.11639499664306641,0.16065700352191925,0.49006399512290955,0.21671199798583984,0.016171999275684357,939585,0.12096499651670456,0.16792599856853485,0.50979000329971313,0.19317600131034851,0.0081430003046989441,722137,0.10317300260066986,0.13971200585365295,0.46158000826835632,0.26645401120185852,0.029082000255584717,402375,0.11445999890565872,0.15768399834632874,0.48293799161911011,0.22517800331115723,0.019740000367164612,299871,0.12435699999332428,0.170073002576828,0.48430800437927246,0.20536500215530396,0.015897000208497047,150454,0.114546999335289,0.13778999447822571,0.48336398601531982,0.23682999610900879,0.027470000088214874
34779,5972271,3457698,0.11637900024652481,0.16065500676631927,0.49005898833274841,0.21672700345516205,0.016179999336600304,939612,0.12096499651670456,0.16794499754905701,0.50978201627731323,0.19316099584102631,0.00814799964427948,722209,0.10315000265836716,0.1396619975566864,0.4616360068321228,0.26646700501441956,0.029084000736474991,402400,0.11450999975204468,0.15771900117397308,0.4828999936580658,0.22511899471282959,0.019750999286770821,299917,0.12438099831342697,0.17009000480175018,0.48431399464607239,0.20532000064849854,0.015893999487161636,150435,0.11458099633455276,0.13777400553226471,0.48323199152946472,0.23691299557685852,0.027499999850988388
34780,5972508,3457849,0.1163719967007637,0.16064499318599701,0.4900670051574707,0.21673299372196198,0.016183000057935715,939646,0.12096499651670456,0.16794300079345703,0.50977200269699097,0.19316799938678741,0.0081519996747374535,722286,0.10313799977302551,0.13967999815940857,0.46160700917243958,0.26646900177001953,0.029106000438332558,402413,0.11448699980974197,0.15777799487113953,0.48281499743461609,0.22517399489879608,0.019745999947190285,299917,0.1243709996342659,0.17007699608802795,0.48435699939727783,0.20527699589729309,0.015917999669909477,150397,0.1145239993929863,0.13792799413204193,0.48325398564338684,0.23678700625896454,0.027506999671459198
34781,5972682,3457878,0.11635699868202209,0.16064999997615814,0.49006199836730957,0.21673999726772308,0.016191000118851662,939689,0.12095300108194351,0.16794699430465698,0.5097699761390686,0.1931769996881485,0.0081540001556277275,722342,0.10319100320339203,0.13964399695396423,0.46157801151275635,0.26646900177001953,0.029117999598383904,402449,0.11440999805927277,0.157819002866745,0.48285400867462158,0.22516900300979614,0.019749000668525696,299946,0.12437199801206589,0.17012099921703339,0.48435100913047791,0.20525400340557098,0.01590299978852272,150378,0.11452499777078629,0.13789300620555878,0.48328900337219238,0.23672300577163696,0.027571000158786774
34782,5972926,3458020,0.11636000126600266,0.16064299643039703,0.4900670051574707,0.21673500537872314,0.016194999217987061,939723,0.12094300240278244,0.16794000566005707,0.50976300239562988,0.19319300353527069,0.0081609999760985374,722416,0.10319499671459198,0.13964800536632538,0.46152999997138977,0.26649200916290283,0.029133999720215797,402461,0.11441099643707275,0.15780700743198395,0.48277699947357178,0.22524400055408478,0.019760999828577042,299944,0.12436699867248535,0.17010800540447235,0.4843440055847168,0.20525500178337097,0.015925999730825424,150362,0.1145239993929863,0.137814000248909,0.48341301083564758,0.23666200041770935,0.027587000280618668
34783,5973137,3458201,0.11635500192642212,0.16064399480819702,0.4900670051574707,0.21673299372196198,0.01620200090110302,939769,0.12095300108194351,0.16791999340057373,0.5097690224647522,0.19319300353527069,0.0081650000065565109,722352,0.10316699743270874,0.13961799442768097,0.46151700615882874,0.26654699444770813,0.029151000082492828,402476,0.11435499787330627,0.15782299637794495,0.48278400301933289,0.22527100145816803,0.019767999649047852,299973,0.1243709996342659,0.17010200023651123,0.48431700468063354,0.20526799559593201,0.015940999612212181,150366,0.1144540011882782,0.13785000145435333,0.48344001173973083,0.23663599789142609,0.027619000524282455
34784,5973349,3458299,0.11635299772024155,0.16063399612903595,0.49006301164627075,0.21673999726772308,0.016209999099373817,939810,0.1209309995174408,0.167930006980896,0.50975102186203003,0.19321499764919281,0.0081740003079175949,722396,0.10315500199794769,0.13964399695396423,0.46151700615882874,0.26652601361274719,0.029159000143408775,402472,0.1142909973859787,0.15781700611114502,0.4828529953956604,0.22527000308036804,0.019767999649047852,300000,0.12437999993562698,0.17008300125598907,0.48430299758911133,0.20528699457645416,0.015946999192237854,150372,0.11444900184869766,0.13790500164031982,0.48341399431228638,0.23661999404430389,0.027612000703811646
34785,5973559,3458458,0.11634600162506104,0.16062000393867493,0.49006301164627075,0.21674700081348419,0.01622300036251545,939852,0.12094400078058243,0.16794300079345703,0.50974297523498535,0.1931920051574707,0.0081780003383755684,722376,0.10318700224161148,0.13964700698852539,0.46145099401473999,0.26654401421546936,0.029170000925660133,402481,0.1142909973859787,0.15785799920558929,0.48286300897598267,0.22521799802780151,0.019770000129938126,300026,0.12432900071144104,0.17006899416446686,0.48433798551559448,0.20530900359153748,0.015954999253153801,150366,0.11430100351572037,0.13803699612617493,0.48347398638725281,0.23656299710273743,0.027626000344753265
34786,5973819,3458554,0.11633399873971939,0.16062100231647491,0.49006599187850952,0.2167460024356842,0.016233000904321671,939925,0.1209539994597435,0.16792899370193481,0.50970697402954102,0.19322200119495392,0.0081879999488592148,722517,0.10317300260066986,0.13966600596904755,0.4614579975605011,0.26653200387954712,0.029171999543905258,402434,0.11432699859142303,0.15784500539302826,0.48283201456069946,0.22521500289440155,0.019781999289989471,300034,0.12434899806976318,0.17008399963378906,0.48431798815727234,0.20528699457645416,0.015961999073624611,150355,0.11440300196409225,0.13792000710964203,0.48348900675773621,0.23657999932765961,0.027607999742031097
34787,5974094,3458708,0.11633899807929993,0.16061499714851379,0.49005100131034851,0.2167540043592453,0.016241999343037605,939942,0.12096799910068512,0.16792100667953491,0.5096849799156189,0.193231001496315,0.0081949997693300247,722545,0.10314799845218658,0.13966700434684753,0.46143299341201782,0.26657000184059143,0.029182000085711479,402490,0.11434300243854523,0.15783999860286713,0.48285201191902161,0.22517600655555725,0.019788999110460281,300019,0.12428899854421616,0.17012900114059448,0.48439601063728333,0.20522400736808777,0.015961999073624611,150390,0.11441600322723389,0.13792799413204193,0.48341599106788635,0.23660500347614288,0.027635000646114349
34788,5974320,3458776,0.1163330003619194,0.16062100231647491,0.49003401398658752,0.21676599979400635,0.016246000304818153,939980,0.12096700072288513,0.1679069995880127,0.50968897342681885,0.19324100017547607,0.0081960000097751617,722530,0.10315299779176712,0.13966499269008636,0.46144199371337891,0.26654401421546936,0.029195999726653099,402557,0.11437399685382843,0.15783099830150604,0.48285099864006042,0.22514599561691284,0.019797999411821365,300047,0.12426400184631348,0.17014999687671661,0.48436400294303894,0.20524099469184875,0.015980999916791916,150430,0.11431200057268143,0.13800400495529175,0.48345398902893066,0.23650200664997101,0.027727000415325165
34789,5974578,3458857,0.11634500324726105,0.16062000393867493,0.4900130033493042,0.21676799654960632,0.0162540003657341,940036,0.12097000330686569,0.16790799796581268,0.50968998670578003,0.19323800504207611,0.0081930002197623253,722621,0.10314799845218658,0.13966800272464752,0.46140599250793457,0.26655900478363037,0.029218999668955803,402558,0.11433099955320358,0.1577879935503006,0.48288699984550476,0.22522200644016266,0.019771000370383263,300046,0.1242780014872551,0.1700969934463501,0.48444598913192749,0.20519199967384338,0.015987999737262726,150460,0.11432299762964249,0.13796399533748627,0.48344400525093079,0.2364950031042099,0.027775000780820847
34790,5974819,3459017,0.11635299772024155,0.16061900556087494,0.48999300599098206,0.21677500009536743,0.016259999945759773,940075,0.12098199874162674,0.16787199676036835,0.50970000028610229,0.19324499368667603,0.0082010002806782722,722634,0.10311000049114227,0.13963900506496429,0.4614579975605011,0.26656100153923035,0.029231999069452286,402552,0.11437500268220901,0.15771900117397308,0.48290899395942688,0.22522599995136261,0.019771000370383263,300063,0.12429100275039673,0.1700579971075058,0.48445498943328857,0.20521000027656555,0.015986999496817589,150478,0.11427599936723709,0.13812699913978577,0.48339998722076416,0.23639999330043793,0.02779800072312355
34791,5975058,3459163,0.11634299904108047,0.16061499714851379,0.49000099301338196,0.21678000688552856,0.016259999945759773,940090,0.12098100036382675,0.16783100366592407,0.50970000028610229,0.19327500462532043,0.0082130003720521927,722656,0.10311699658632278,0.13963200151920319,0.46142798662185669,0.26657199859619141,0.029249999672174454,402540,0.11439900100231171,0.15777100622653961,0.48291099071502686,0.225164994597435,0.019755000248551369,300080,0.12428999692201614,0.17006799578666687,0.48442700505256653,0.20522500574588776,0.015988999977707863,150529,0.11429700255393982,0.13821299374103546,0.48322901129722595,0.23642599582672119,0.027835000306367874
34792,5975288,3459281,0.1163410022854805,0.16061399877071381,0.49000000953674316,0.21677899360656738,0.016264999285340309,940098,0.12099900096654892,0.16782300174236298,0.50967597961425781,0.19328600168228149,0.0082160001620650291,722677,0.10306499898433685,0.13964100182056427,0.46146199107170105,0.26655599474906921,0.029276000335812569,402565,0.11436700075864792,0.15773899853229523,0.48286598920822144,0.22528299689292908,0.019745999947190285,300085,0.1243479996919632,0.17004199326038361,0.48445600271224976,0.20515500009059906,0.015999000519514084,150582,0.11440899968147278,0.13824999332427979,0.48307201266288757,0.23642900586128235,0.027838999405503273
34793,5975497,3459422,0.11633600294589996,0.16061599552631378,0.48998799920082092,0.21678799390792847,0.016271999105811119,940157,0.12099800258874893,0.16781599819660187,0.50967901945114136,0.19328400492668152,0.0082240002229809761,722639,0.10307200253009796,0.1396230012178421,0.46148800849914551,0.26653000712394714,0.029286999255418777,402623,0.11429999768733978,0.15773800015449524,0.48293599486351013,0.22526299953460693,0.019763000309467316,300080,0.12428700178861618,0.1700810045003891,0.48447701334953308,0.20515500009059906,0.015999000519514084,150576,0.11444699764251709,0.13818299770355225,0.48297899961471558,0.23648500442504883,0.02790600061416626
34794,5975738,3459637,0.11632499843835831,0.16062599420547485,0.48996999859809875,0.21679699420928955,0.01628199964761734,940175,0.12099999934434891,0.167821004986763,0.50967901945114136,0.19327500462532043,0.0082259997725486755,722662,0.10307899862527847,0.13958300650119781,0.46150499582290649,0.26654601097106934,0.029287999495863914,402654,0.11430200189352036,0.1577409952878952,0.48294800519943237,0.22523300349712372,0.019775999709963799,300067,0.12422200292348862,0.17010499536991119,0.48446500301361084,0.20521099865436554,0.015995999798178673,150543,0.11448600143194199,0.13807399570941925,0.48300498723983765,0.23647099733352661,0.02796499989926815
34795,5975933,3459751,0.11631499975919724,0.160630002617836,0.48997500538825989,0.21679000556468964,0.016289999708533287,940210,0.12100200355052948,0.16780699789524078,0.50968599319458008,0.19327199459075928,0.0082329995930194855,722611,0.10307099670171738,0.13959400355815887,0.46149998903274536,0.26652699708938599,0.029309000819921494,402681,0.11427699774503708,0.15771999955177307,0.48290801048278809,0.22528000175952911,0.019814999774098396,300062,0.12419799715280533,0.17011499404907227,0.48442301154136658,0.20526799559593201,0.01599700003862381,150618,0.11452800035476685,0.13795800507068634,0.48302298784255981,0.23651899397373199,0.027970999479293823
34796,5976140,3459817,0.11629500240087509,0.16064099967479706,0.48996001482009888,0.21681100130081177,0.016293000429868698,940258,0.12099199742078781,0.16781799495220184,0.5096619725227356,0.19329200685024261,0.0082360003143548965,722635,0.10304100066423416,0.13962499797344208,0.46151098608970642,0.26649099588394165,0.029332000762224197,402657,0.11429300159215927,0.157710000872612,0.48289498686790466,0.22531799972057343,0.019783999770879745,300129,0.12422700226306915,0.17014400660991669,0.48443499207496643,0.20519199967384338,0.016002999618649483,150644,0.11457499861717224,0.13782800734043121,0.48304599523544312,0.23653799295425415,0.028013000264763832
34797,5976390,3459942,0.11629199981689453,0.16063399612903595,0.48995599150657654,0.21681599318981171,0.016302000731229782,940300,0.12099500000476837,0.16778600215911865,0.50968301296234131,0.19329899549484253,0.008236999623477459,722692,0.10304900258779526,0.13960699737071991,0.46147599816322327,0.26653298735618591,0.029334999620914459,402637,0.11427400261163712,0.15776699781417847,0.48285898566246033,0.22531500458717346,0.019785000011324883,300149,0.12422499805688858,0.17018499970436096,0.48441898822784424,0.20516499876976013,0.016005000099539757,150670,0.11458799988031387,0.13781799376010895,0.48309600353240967,0.23647700250148773,0.028022000566124916
34798,5976626,3460134,0.11628799885511398,0.16063800454139709,0.48993900418281555,0.21682499349117279,0.016310999169945717,940296,0.1209850013256073,0.16779200732707977,0.50968098640441895,0.19330599904060364,0.0082360003143548965,722716,0.10299199819564819,0.13961100578308105,0.46151900291442871,0.26653599739074707,0.029341999441385269,402682,0.11432600021362305,0.15772199630737305,0.48280298709869385,0.22534699738025665,0.019802000373601913,300120,0.12423399835824966,0.17016899585723877,0.48443600535392761,0.20513799786567688,0.016023999080061913,150678,0.11465500295162201,0.13783000409603119,0.48318898677825928,0.23632499575614929,0.028000000864267349
34799,5976876,3460262,0.11629100143909454,0.16064000129699707,0.48992401361465454,0.21682800352573395,0.016317000612616539,940324,0.12099800258874893,0.16778300702571869,0.50964301824569702,0.19333299994468689,0.0082430001348257065,722766,0.10296300053596497,0.13958600163459778,0.46154901385307312,0.2665649950504303,0.029337000101804733,402698,0.1143610030412674,0.1577409952878952,0.48282799124717712,0.22524799406528473,0.019820999354124069,300122,0.12425599992275238,0.17013099789619446,0.48442301154136658,0.20515699684619904,0.016032999381422997,150704,0.11456900089979172,0.13783299922943115,0.48327800631523132,0.23631100356578827,0.028008999302983284
34800,5977072,3460394,0.11629500240087509,0.16062800586223602,0.48991900682449341,0.21683399379253387,0.016324000433087349,940381,0.12099500000476837,0.16779400408267975,0.50963002443313599,0.19333399832248688,0.008248000405728817,722785,0.10292699933052063,0.13960899412631989,0.46157398819923401,0.26655000448226929,0.029340999200940132,402724,0.11437100172042847,0.15773299336433411,0.48279199004173279,0.22526299953460693,0.019840000197291374,300145,0.12428700178861618,0.17013099789619446,0.48434600234031677,0.20518399775028229,0.016052000224590302,150643,0.11455599963665009,0.13780899345874786,0.48331499099731445,0.23632700741291046,0.02799299918115139
34801,5977306,3460521,0.11629299819469452,0.16061800718307495,0.48990699648857117,0.2168470025062561,0.016334999352693558,940432,0.12099800258874893,0.1677740067243576,0.50964200496673584,0.193340003490448,0.0082459999248385429,722862,0.10296200215816498,0.13962100446224213,0.46149599552154541,0.26657399535179138,0.029347000643610954,402743,0.11430899798870087,0.15772099792957306,0.48277398943901062,0.22533200681209564,0.019864000380039215,300137,0.12424299865961075,0.17017599940299988,0.48440200090408325,0.20512600243091583,0.016053000465035439,150611,0.11448000371456146,0.13783900439739227,0.48364299535751343,0.23605799674987793,0.02797899954020977
34802,5977519,3460614,0.11628600209951401,0.16060799360275269,0.48990499973297119,0.21685999631881714,0.01634100079536438,940436,0.12098900228738785,0.16775999963283539,0.50964897871017456,0.19335199892520905,0.0082499999552965164,722964,0.10294999927282333,0.13966900110244751,0.46146601438522339,0.26657199859619141,0.029342999681830406,402750,0.11430700123310089,0.15772800147533417,0.48275101184844971,0.2253510057926178,0.019863000139594078,300147,0.12424200028181076,0.17012700438499451,0.4844760000705719,0.20510299503803253,0.016052000224590302,150608,0.11443000286817551,0.1379539966583252,0.48357999324798584,0.23601000010967255,0.028025999665260315
34803,5977789,3460831,0.11628399789333344,0.16061100363731384,0.48989799618721008,0.21685600280761719,0.016350999474525452,940512,0.12096899747848511,0.16775600612163544,0.50966298580169678,0.1933629959821701,0.0082489997148513794,722929,0.10295099765062332,0.13964700698852539,0.46149501204490662,0.266541987657547,0.029364999383687973,402695,0.11435499787330627,0.15769299864768982,0.48272499442100525,0.22534899413585663,0.019879000261425972,300184,0.12423399835824966,0.17017599940299988,0.48436999320983887,0.20516400039196014,0.016056999564170837,150638,0.11452600359916687,0.13793300092220306,0.48357701301574707,0.23597599565982819,0.027987999841570854
34804,5978026,3460984,0.11627700179815292,0.16060100495815277,0.48990198969841003,0.21686099469661713,0.016358999535441399,940520,0.12095999717712402,0.16776899993419647,0.50965297222137451,0.19336099922657013,0.0082569997757673264,723037,0.10293199867010117,0.13967199623584747,0.46148499846458435,0.266541987657547,0.029368000105023384,402741,0.11440400034189224,0.1576869934797287,0.48265001177787781,0.22535799443721771,0.019900999963283539,300162,0.12425000220537186,0.17018499970436096,0.48433798551559448,0.20515899360179901,0.016068000346422195,150582,0.1146479994058609,0.13779899477958679,0.48352399468421936,0.23608399927616119,0.027945000678300858
34805,5978230,3461084,0.11626199632883072,0.16061399877071381,0.48990100622177124,0.21686199307441711,0.016361000016331673,940513,0.12093900144100189,0.16779699921607971,0.50965899229049683,0.19334700703620911,0.0082580000162124634,723103,0.10294199734926224,0.13963399827480316,0.46147000789642334,0.26654800772666931,0.029404999688267708,402755,0.11443399637937546,0.15764699876308441,0.48264598846435547,0.22538299858570099,0.019890999421477318,300147,0.12422899901866913,0.17019300162792206,0.48433899879455566,0.20515599846839905,0.016081999987363815,150628,0.11467999964952469,0.1376899927854538,0.48352900147438049,0.23611800372600555,0.027983000501990318
34806,5978480,3461329,0.11625699698925018,0.16062000393867493,0.48987600207328796,0.21687799692153931,0.01636900007724762,940566,0.1209309995174408,0.16779500246047974,0.50967001914978027,0.19333599507808685,0.0082679996266961098,723125,0.10290999710559845,0.13962699472904205,0.4615040123462677,0.26654300093650818,0.029415000230073929,402690,0.11449000239372253,0.15757499635219574,0.48268398642539978,0.22533999383449554,0.01991100050508976,300143,0.12427099794149399,0.17021900415420532,0.48430600762367249,0.2051360011100769,0.016069000586867332,150627,0.11457400023937225,0.13762499392032623,0.48371800780296326,0.23611299693584442,0.027969999238848686
34807,5978718,3461514,0.11624299734830856,0.16062900424003601,0.48987299203872681,0.21688200533390045,0.016372999176383018,940597,0.12092400342226028,0.16780300438404083,0.50967097282409668,0.19332699477672577,0.0082750003784894943,723129,0.10287900269031525,0.13962799310684204,0.46151700615882874,0.26655301451683044,0.029424000531435013,402672,0.11449799686670303,0.15753300487995148,0.48264101147651672,0.22540399432182312,0.019923999905586243,300177,0.12428700178861618,0.17027300596237183,0.48429098725318909,0.20507599413394928,0.016073999926447868,150629,0.1145860031247139,0.13764899969100952,0.4836449921131134,0.23604400455951691,0.028076000511646271
34808,5978959,3461740,0.11623799800872803,0.160630002617836,0.48987498879432678,0.21687899529933929,0.016378000378608704,940643,0.12091699987649918,0.16778099536895752,0.50967502593994141,0.19334399700164795,0.0082830004394054413,723126,0.10289400070905685,0.13965100049972534,0.46149200201034546,0.26650500297546387,0.029457999393343925,402639,0.11448699980974197,0.15747599303722382,0.48268100619316101,0.22542800009250641,0.019928999245166779,300163,0.12424899637699127,0.17026400566101074,0.48425400257110596,0.20517200231552124,0.016061000525951385,150648,0.11469099670648575,0.13758599758148193,0.48349800705909729,0.23612700402736664,0.028099000453948975
34809,5979145,3461895,0.11622299998998642,0.16064299643039703,0.48986700177192688,0.21688300371170044,0.016383999958634377,940666,0.12089399993419647,0.16777299344539642,0.50968301296234131,0.19336399435997009,0.0082869995385408401,723131,0.10290300101041794,0.13963000476360321,0.46147200465202332,0.26652199029922485,0.029472999274730682,402590,0.11446899920701981,0.15742799639701843,0.48272201418876648,0.22542999684810638,0.019951000809669495,300170,0.12427300214767456,0.17025400698184967,0.48423200845718384,0.20518699288368225,0.016054000705480576,150693,0.11472299695014954,0.13745200634002686,0.48351898789405823,0.23618899285793304,0.028116999194025993
34810,5979408,3462048,0.11622299998998642,0.16064499318599701,0.48985099792480469,0.21689000725746155,0.016389999538660049,940718,0.120899997651577,0.16775399446487427,0.50967699289321899,0.19337399303913116,0.0082959998399019241,723144,0.1028669998049736,0.13967199623584747,0.46144801378250122,0.26652500033378601,0.029487999156117439,402574,0.11451800167560577,0.15741999447345734,0.48269400000572205,0.22540700435638428,0.019961999729275703,300181,0.12424200028181076,0.17023099958896637,0.48428401350975037,0.20518000423908234,0.016063999384641647,150743,0.11469200253486633,0.1374330073595047,0.48355799913406372,0.23615700006484985,0.028161000460386276
34811,5979628,3462201,0.1162320002913475,0.16062900424003601,0.48984000086784363,0.21689799427986145,0.016401000320911407,940767,0.12089499831199646,0.16776899993419647,0.50965201854705811,0.19338700175285339,0.0082959998399019241,723173,0.10284099727869034,0.13971300423145294,0.4614579975605011,0.2664949893951416,0.029492000117897987,402510,0.11444400250911713,0.15745699405670166,0.4827759861946106,0.22535300254821777,0.01996999979019165,300199,0.12420400232076645,0.17021399736404419,0.48431500792503357,0.20520099997520447,0.016065999865531921,150778,0.11463200300931931,0.13751299679279327,0.48347198963165283,0.23620200157165527,0.028180999681353569
34812,5979829,3462290,0.11621899902820587,0.16061900556087494,0.48984101414680481,0.21691100299358368,0.016410000622272491,940772,0.12086900323629379,0.16779300570487976,0.50965201854705811,0.19338899850845337,0.0082970000803470612,723198,0.10282900184392929,0.13980300724506378,0.46138700842857361,0.26649799942970276,0.029482999816536903,402554,0.11451900005340576,0.15737000107765198,0.4827750027179718,0.22532600164413452,0.020010000094771385,300220,0.12423200160264969,0.17024199664592743,0.48433101177215576,0.20510600507259369,0.016087999567389488,150795,0.11456599831581116,0.1374250054359436,0.48364299535751343,0.23620100319385529,0.028163999319076538
34813,5980066,3462375,0.11620499938726425,0.16061399877071381,0.48985901474952698,0.21690499782562256,0.016416000202298164,940834,0.1208759993314743,0.16778899729251862,0.50964701175689697,0.19339099526405334,0.0082970000803470612,723244,0.10283900052309036,0.13977000117301941,0.46135500073432922,0.26652398705482483,0.029510999098420143,402591,0.11453100293874741,0.15737299621105194,0.48274600505828857,0.22533999383449554,0.020010000094771385,300213,0.12421199679374695,0.17026600241661072,0.48435300588607788,0.20507100224494934,0.016099000349640846,150809,0.11466799676418304,0.13745200634002686,0.48343899846076965,0.23628599941730499,0.028155000880360603
34814,5980288,3462444,0.11619199812412262,0.16061300039291382,0.48985299468040466,0.21691599488258362,0.016425000503659248,940857,0.12086699903011322,0.16775700449943542,0.50967299938201904,0.19340099394321442,0.0083020003512501717,723312,0.10280600190162659,0.13981500267982483,0.46134999394416809,0.26649600267410278,0.029532000422477722,402644,0.11452499777078629,0.15735499560832977,0.48273399472236633,0.22538299858570099,0.020003000274300575,300186,0.12422999739646912,0.17025800049304962,0.48438999056816101,0.20501300692558289,0.016109999269247055,150845,0.11484000086784363,0.13735300302505493,0.48341700434684753,0.2362229973077774,0.028168000280857086
34815,5980514,3462593,0.1162009984254837,0.16060000658035278,0.48985299468040466,0.21691599488258362,0.016428999602794647,940920,0.12088000029325485,0.1677359938621521,0.50966799259185791,0.19341200590133667,0.0083050001412630081,723266,0.10279200226068497,0.13981300592422485,0.46139499545097351,0.26643699407577515,0.029563000425696373,402691,0.11446200311183929,0.15739899873733521,0.48270499706268311,0.22542600333690643,0.020007999613881111,300160,0.12420699745416641,0.17025899887084961,0.48436799645423889,0.20502699911594391,0.016138000413775444,150884,0.11477000266313553,0.13735699653625488,0.48325899243354797,0.23637400567531586,0.028240000829100609
34816,5980720,3462724,0.11619500070810318,0.16058999300003052,0.48985999822616577,0.21691699326038361,0.016439000144600868,940953,0.12088300287723541,0.16771799325942993,0.50967401266098022,0.19341999292373657,0.0083050001412630081,723281,0.10276799649000168,0.13982099294662476,0.46139898896217346,0.2664400041103363,0.029572000727057457,402704,0.11446099728345871,0.15739400684833527,0.48267000913619995,0.22544099390506744,0.020035000517964363,300185,0.12421300262212753,0.17021800577640533,0.48438501358032227,0.20503699779510498,0.016147000715136528,150873,0.11477900296449661,0.13742700219154358,0.48311498761177063,0.23642399907112122,0.028255999088287354
34817,5980985,3462877,0.11619599908590317,0.16058500111103058,0.48986101150512695,0.21691299974918365,0.016445999965071678,940972,0.12088900059461594,0.16772100329399109,0.50967001914978027,0.19341599941253662,0.0083039999008178711,723343,0.10279200226068497,0.13982300460338593,0.46136200428009033,0.2664409875869751,0.029581999406218529,402734,0.11442799866199493,0.15737399458885193,0.48268800973892212,0.2254520058631897,0.020058000460267067,300212,0.12425900250673294,0.17022000253200531,0.4842979907989502,0.20505799353122711,0.016164999455213547,150847,0.11474499851465225,0.13751700520515442,0.48301300406455994,0.23651100695133209,0.028214000165462494
34818,5981192,3463024,0.11618799716234207,0.16056999564170837,0.48986300826072693,0.21692599356174469,0.016452999785542488,940977,0.12087400257587433,0.16770699620246887,0.50968897342681885,0.19342400133609772,0.0083050001412630081,723335,0.10280200093984604,0.13986100256443024,0.46132400631904602,0.26641601324081421,0.029597999528050423,402760,0.11446999758481979,0.15736199915409088,0.48268899321556091,0.22540700435638428,0.020072000101208687,300214,0.12426500022411346,0.17023499310016632,0.48425498604774475,0.20508399605751038,0.016162000596523285,150882,0.11473900079727173,0.13750499486923218,0.48299300670623779,0.23651599884033203,0.028247000649571419
34819,5981440,3463086,0.11618000268936157,0.16055500507354736,0.48986399173736572,0.21693800389766693,0.016462000086903572,941006,0.12090100347995758,0.16769200563430786,0.50968599319458008,0.19341400265693665,0.0083060003817081451,723351,0.10280799865722656,0.13989999890327454,0.46124500036239624,0.26643401384353638,0.029613999649882317,402825,0.11449600011110306,0.15736599266529083,0.48267900943756104,0.22537599503993988,0.020083000883460045,300247,0.1242780014872551,0.1702830046415329,0.48421499133110046,0.20505799353122711,0.016166999936103821,150925,0.11475200206041336,0.13746599853038788,0.48301500082015991,0.23646199703216553,0.028304999694228172
34820,5981644,3463177,0.11617700010538101,0.16055199503898621,0.48986300826072693,0.21693800389766693,0.016470000147819519,941081,0.1209309995174408,0.16768600046634674,0.50966298580169678,0.19341099262237549,0.0083100004121661186,723332,0.10280200093984604,0.13990500569343567,0.46124699711799622,0.26642099022865295,0.029624000191688538,402893,0.11449199914932251,0.15729999542236328,0.48269098997116089,0.22540199756622314,0.020114999264478683,300273,0.12426400184631348,0.17030200362205505,0.48417600989341736,0.20506000518798828,0.016199000179767609,150888,0.11469399929046631,0.13739299774169922,0.48300701379776001,0.23660600185394287,0.028299000114202499
34821,5981930,3463274,0.11617500334978104,0.16055299341678619,0.48984301090240479,0.21695199608802795,0.016476999968290329,941123,0.12095099687576294,0.16767899692058563,0.50966101884841919,0.19339099526405334,0.0083170002326369286,723386,0.10280399769544601,0.13992300629615784,0.46125701069831848,0.26638901233673096,0.029627000913023949,402912,0.11453899741172791,0.15728700160980225,0.48268601298332214,0.22534699738025665,0.020140999928116798,300305,0.12418399751186371,0.17029400169849396,0.48417800664901733,0.20512500405311584,0.016219999641180038,150930,0.11457599699497223,0.13750700652599335,0.48305800557136536,0.23656000196933746,0.028297999873757362
34822,5982177,3463365,0.11617299914360046,0.16054199635982513,0.48984700441360474,0.2169560045003891,0.016481000930070877,941145,0.1209539994597435,0.16768600046634674,0.50964200496673584,0.19339700043201447,0.008321000263094902,723448,0.10280399769544601,0.1399340033531189,0.461232990026474,0.26639598608016968,0.029633000493049622,402913,0.11450599879026413,0.15732400119304657,0.48270699381828308,0.2253119945526123,0.020151000469923019,300323,0.12415999919176102,0.17023999989032745,0.48419201374053955,0.20516200363636017,0.016246000304818153,150983,0.11458899825811386,0.13755899667739868,0.48307400941848755,0.23643699288368225,0.028341000899672508
34823,5982405,3463492,0.11616499722003937,0.16054299473762512,0.48984101414680481,0.2169640064239502,0.01648700051009655,941159,0.12095099687576294,0.16769300401210785,0.50961202383041382,0.19342400133609772,0.008320000022649765,723488,0.10280299931764603,0.13993200659751892,0.46122398972511292,0.26640400290489197,0.02963699959218502,402928,0.11448899656534195,0.1572909951210022,0.48276901245117188,0.22527100145816803,0.020179999992251396,300348,0.12418600171804428,0.17019900679588318,0.48422199487686157,0.20513899624347687,0.0162540003657341,150990,0.11458399891853333,0.13760499656200409,0.48298600316047668,0.23648600280284882,0.028340000659227371
34824,5982626,3463646,0.11614800244569778,0.16054399311542511,0.48984399437904358,0.21696899831295013,0.016496000811457634,941156,0.12092699855566025,0.16770300269126892,0.50962597131729126,0.19342100620269775,0.0083229998126626015,723553,0.10283999890089035,0.13990800082683563,0.46118399500846863,0.26641398668289185,0.029653999954462051,402968,0.11452300101518631,0.15729799866676331,0.48276799917221069,0.22522599995136261,0.020184999331831932,300387,0.12420599907636642,0.17016699910163879,0.484281986951828,0.20507499575614929,0.016269000247120857,150916,0.11453399807214737,0.13765899837017059,0.48301699757575989,0.23646900057792664,0.028319999575614929
34825,5982832,3463811,0.11614099889993668,0.16053900122642517,0.4898419976234436,0.21697400510311127,0.016504000872373581,941188,0.1209309995174408,0.16771100461483002,0.50962501764297485,0.19339899718761444,0.0083330003544688225,723540,0.10282900184392929,0.13991999626159668,0.46117401123046875,0.26641899347305298,0.029657000675797462,402996,0.11452499777078629,0.15728199481964111,0.48278400301933289,0.22519600391387939,0.020214000716805458,300382,0.12418899685144424,0.17019000649452209,0.48425701260566711,0.20509900152683258,0.016265999525785446,150915,0.1145080029964447,0.13764700293540955,0.48296698927879333,0.23657000064849854,0.028307000175118446
34826,5983063,3463990,0.11613400280475616,0.16053900122642517,0.48982998728752136,0.21698300540447235,0.016513999551534653,941212,0.12092600017786026,0.1677049994468689,0.50963002443313599,0.19340500235557556,0.0083339996635913849,723591,0.10283800214529037,0.13992199301719666,0.46121400594711304,0.26636001467704773,0.029665999114513397,403016,0.11449900269508362,0.15728400647640228,0.48274001479148865,0.22525900602340698,0.020217999815940857,300344,0.12418100237846375,0.17014199495315552,0.48431101441383362,0.20511099696159363,0.016255000606179237,150910,0.11451900005340576,0.13758499920368195,0.48300999402999878,0.23657099902629852,0.028315000236034393
34827,5983258,3464062,0.11611399799585342,0.1605370044708252,0.48984500765800476,0.21698200702667236,0.016520999372005463,941271,0.12091899663209915,0.16773100197315216,0.50959497690200806,0.19341999292373657,0.0083339996635913849,723609,0.10285100340843201,0.13992099463939667,0.46112298965454102,0.26642999053001404,0.029674999415874481,403041,0.11449500173330307,0.15728899836540222,0.48278498649597168,0.22520799934864044,0.02022399939596653,300351,0.12420099973678589,0.17014400660991669,0.48431000113487244,0.2050970047712326,0.016248000785708427,150924,0.11442200094461441,0.13769200444221497,0.48293200135231018,0.23663599789142609,0.028318999335169792
34828,5983500,3464155,0.11610899865627289,0.16053299605846405,0.48984599113464355,0.2169869989156723,0.016525000333786011,941315,0.12092900276184082,0.16773399710655212,0.5095900297164917,0.19341699779033661,0.0083299996331334114,723659,0.10283999890089035,0.13992400467395782,0.46111500263214111,0.26641398668289185,0.029706999659538269,403039,0.1144459992647171,0.15729500353336334,0.48276999592781067,0.22525900602340698,0.02023099921643734,300377,0.12419400364160538,0.17009000480175018,0.484375,0.20506900548934937,0.016272999346256256,150955,0.1145239993929863,0.13771000504493713,0.48280000686645508,0.23664699494838715,0.028319999575614929
34829,5983704,3464178,0.11611100286245346,0.16052299737930298,0.48984101414680481,0.21699100732803345,0.016534000635147095,941380,0.12093400210142136,0.16772100329399109,0.50956398248672485,0.19344900548458099,0.0083320001140236855,723691,0.10283800214529037,0.13986900448799133,0.4611549973487854,0.2664090096950531,0.029727999120950699,403067,0.1144770011305809,0.15725700557231903,0.48285800218582153,0.2251880019903183,0.020220000296831131,300394,0.1241770014166832,0.17013700306415558,0.48435699939727783,0.2050510048866272,0.016279000788927078,150994,0.11440899968147278,0.13770699501037598,0.48275399208068848,0.23678399622440338,0.028344999998807907
34830,5983930,3464291,0.1160999983549118,0.16052299737930298,0.48984599113464355,0.21698799729347229,0.016542999073863029,941389,0.12092699855566025,0.16770899295806885,0.50955098867416382,0.19347000122070312,0.0083429999649524689,723723,0.10282500088214874,0.13986299932003021,0.46116000413894653,0.2664090096950531,0.029743000864982605,403067,0.11449699848890305,0.1573140025138855,0.48283800482749939,0.22515599429607391,0.020194999873638153,300399,0.12420099973678589,0.17011700570583344,0.48428300023078918,0.20511400699615479,0.016285000368952751,151061,0.11446399986743927,0.13763999938964844,0.48263299465179443,0.23694400489330292,0.028319999575614929
34831,5984164,3464444,0.1161080002784729,0.16052000224590302,0.48983201384544373,0.21698799729347229,0.016551999375224113,941437,0.12093400210142136,0.16768799722194672,0.50955700874328613,0.19347900152206421,0.0083419997245073318,723731,0.10279099643230438,0.1398559957742691,0.46115899085998535,0.26644399762153625,0.029750000685453415,403073,0.11447600275278091,0.15733599662780762,0.48284798860549927,0.22514000535011292,0.020199999213218689,300421,0.1241459995508194,0.17018100619316101,0.48428401350975037,0.20507599413394928,0.016313999891281128,151058,0.11433999985456467,0.13768200576305389,0.4825499951839447,0.2371080070734024,0.028319999575614929
34832,5984385,3464492,0.11609199643135071,0.16052499413490295,0.48982599377632141,0.21699999272823334,0.016556000337004662,941462,0.12093400210142136,0.16768200695514679,0.50956100225448608,0.19347600638866425,0.0083480002358555794,723828,0.10279899835586548,0.13985499739646912,0.46118301153182983,0.26641100645065308,0.02975199930369854,403139,0.11441999673843384,0.15733799338340759,0.48288100957870483,0.22516299784183502,0.020199000835418701,300405,0.12420199811458588,0.17012999951839447,0.48431599140167236,0.20502699911594391,0.016325000673532486,151059,0.11439900100231171,0.1376349925994873,0.48248699307441711,0.23712599277496338,0.028353000059723854
34833,5984614,3464642,0.11609599739313126,0.16052600741386414,0.4898189902305603,0.21699999272823334,0.01655999943614006,941534,0.12093000113964081,0.16769400238990784,0.50954002141952515,0.19348500669002533,0.0083499997854232788,723790,0.10281799733638763,0.13983200490474701,0.46118301153182983,0.26638698577880859,0.029779000207781792,403161,0.11437100172042847,0.15729700028896332,0.48293399810791016,0.22521300613880157,0.020184999331831932,300417,0.12415400147438049,0.17011700570583344,0.48437300324440002,0.2050279974937439,0.016326999291777611,151070,0.11443000286817551,0.1376509964466095,0.48240599036216736,0.23717500269412994,0.028338000178337097
34834,5984848,3464791,0.11610200256109238,0.16052499413490295,0.48979198932647705,0.21701300144195557,0.016567999497056007,941606,0.12090600281953812,0.16768300533294678,0.50954902172088623,0.19350999593734741,0.0083529995754361153,723803,0.10279999673366547,0.1398250013589859,0.46124398708343506,0.26634600758552551,0.029783999547362328,403200,0.1144149973988533,0.15729899704456329,0.48285499215126038,0.22524100542068481,0.020191000774502754,300402,0.12410400062799454,0.17009900510311127,0.48444399237632751,0.20502200722694397,0.016331000253558159,151046,0.11438199877738953,0.13768699765205383,0.48246899247169495,0.23712599277496338,0.028335999697446823
34835,5985071,3464883,0.11609899997711182,0.16051800549030304,0.48978400230407715,0.21702699363231659,0.016572000458836555,941654,0.1209070011973381,0.16769400238990784,0.5095360279083252,0.19350199401378632,0.0083600003272294998,723865,0.10277099907398224,0.13982300460338593,0.46125200390815735,0.26636600494384766,0.029789000749588013,403203,0.11439400166273117,0.15732300281524658,0.48286101222038269,0.22521199285984039,0.020210999995470047,300394,0.12408000230789185,0.17005699872970581,0.48449000716209412,0.20502099394798279,0.016351999714970589,151072,0.11433599889278412,0.13776199519634247,0.48243200778961182,0.23707899451255798,0.028389999642968178
34836,5985335,3465064,0.11609800159931183,0.16051100194454193,0.48976901173591614,0.21704199910163879,0.016581000760197639,941728,0.12090899795293808,0.16767500340938568,0.50953400135040283,0.19352099299430847,0.0083619998767971992,723873,0.10277199745178223,0.13982999324798584,0.46130898594856262,0.26629701256752014,0.029792999848723412,403183,0.1143919974565506,0.15732799470424652,0.48287001252174377,0.22519299387931824,0.02021699957549572,300405,0.1240760013461113,0.17004700005054474,0.4844529926776886,0.20507599413394928,0.01634800061583519,151082,0.11434199661016464,0.13775999844074249,0.48241400718688965,0.23713000118732452,0.028355000540614128
34837,5985571,3465176,0.11610099673271179,0.16051299870014191,0.48976299166679382,0.21703299880027771,0.016589999198913574,941736,0.12088199704885483,0.16768799722194672,0.50951999425888062,0.19354599714279175,0.0083640003576874733,723891,0.10276100039482117,0.13979999721050262,0.46128201484680176,0.26634699106216431,0.029810000211000443,403268,0.11435600370168686,0.15737399458885193,0.48283499479293823,0.22521500289440155,0.020220000296831131,300411,0.12402000278234482,0.17007000744342804,0.48451301455497742,0.20504200458526611,0.016354000195860863,151089,0.11434999853372574,0.1378059983253479,0.48250401020050049,0.23699299991130829,0.028348000720143318
34838,5985801,3465346,0.11609700322151184,0.16051599383354187,0.48974600434303284,0.21703900396823883,0.016599999740719795,941743,0.12087699770927429,0.16768999397754669,0.50952398777008057,0.1935420036315918,0.0083659999072551727,723954,0.10274399816989899,0.1398019939661026,0.46127501130104065,0.26637300848960876,0.029805999249219894,403306,0.11439500004053116,0.15733200311660767,0.48283699154853821,0.22519400715827942,0.020243000239133835,300425,0.12401799857616425,0.17007200419902802,0.48455700278282166,0.20500999689102173,0.016343999654054642,151027,0.11427800357341766,0.13773700594902039,0.4825960099697113,0.23705700039863586,0.028333000838756561
34839,5986067,3465559,0.11609199643135071,0.16051200032234192,0.48974499106407166,0.21704399585723877,0.016606999561190605,941749,0.12088599801063538,0.16766700148582458,0.50953400135040283,0.19354499876499176,0.0083680003881454468,724009,0.10276799649000168,0.13976599276065826,0.46130099892616272,0.26634299755096436,0.029820999130606651,403292,0.11437399685382843,0.15732799470424652,0.48280900716781616,0.22523100674152374,0.020258000120520592,300455,0.1240290030837059,0.17003199458122253,0.48454800248146057,0.20504899322986603,0.016341999173164368,151003,0.11434199661016464,0.13779200613498688,0.48246100544929504,0.23713399469852448,0.02827100083231926
34840,5986286,3465657,0.11608099937438965,0.1605059951543808,0.48973599076271057,0.21705900132656097,0.016618000343441963,941802,0.12088499963283539,0.16767400503158569,0.5095059871673584,0.19356299936771393,0.0083710001781582832,723990,0.10276900231838226,0.13977800309658051,0.4612869918346405,0.26632601022720337,0.029839999973773956,403388,0.11439099907875061,0.15730799734592438,0.48280799388885498,0.22521999478340149,0.020273000001907349,300450,0.12398099899291992,0.17010200023651123,0.48456001281738281,0.2050119936466217,0.016344999894499779,150999,0.11430499702692032,0.13782200217247009,0.48261898756027222,0.23698799312114716,0.028264999389648438
34841,5986500,3465785,0.11607500165700912,0.16051499545574188,0.48973700404167175,0.2170490026473999,0.016623999923467636,941845,0.12086799740791321,0.16768400371074677,0.50951099395751953,0.19356200098991394,0.0083760004490613937,724030,0.10278700292110443,0.1397009938955307,0.46132799983024597,0.26632699370384216,0.02985600009560585,403411,0.11435700207948685,0.1573529988527298,0.4827289879322052,0.22528399527072906,0.020276999101042747,300435,0.12391699850559235,0.17011299729347229,0.48458701372146606,0.20506300032138824,0.016319999471306801,150994,0.11437500268220901,0.13782000541687012,0.48246300220489502,0.23706899583339691,0.028272999450564384
34842,5986738,3466002,0.1160769984126091,0.16050900518894196,0.48971599340438843,0.21706900000572205,0.016628999263048172,941864,0.12085600197315216,0.1676969975233078,0.50949001312255859,0.193572998046875,0.0083839995786547661,724072,0.10278300195932388,0.13972599804401398,0.46134200692176819,0.26628398895263672,0.029864000156521797,403335,0.11431699991226196,0.15736499428749084,0.48273798823356628,0.22527700662612915,0.020302999764680862,300453,0.12386299669742584,0.17010599374771118,0.48459500074386597,0.20511400699615479,0.016321999952197075,151012,0.11431500315666199,0.13780400156974792,0.48271000385284424,0.23690800368785858,0.028263000771403313
34843,5986968,3466108,0.1160850003361702,0.16050300002098083,0.48970499634742737,0.21707500517368317,0.01663300022482872,941907,0.12084800004959106,0.16769500076770782,0.50948601961135864,0.1935809999704361,0.0083900000900030136,724152,0.10279499739408493,0.13973300158977509,0.46131500601768494,0.26627698540687561,0.029880000278353691,403378,0.11432000249624252,0.15735599398612976,0.48275300860404968,0.22523799538612366,0.020332999527454376,300425,0.12384100258350372,0.17013899981975555,0.48461300134658813,0.20508599281311035,0.016319999471306801,150998,0.11419399827718735,0.13785000145435333,0.4826749861240387,0.2370229959487915,0.028258999809622765
34844,5987200,3466303,0.11607199907302856,0.16050200164318085,0.48971599340438843,0.21706900000572205,0.01664000004529953,941917,0.12085500359535217,0.16769300401210785,0.5094749927520752,0.19358399510383606,0.0083940001204609871,724181,0.10283199697732925,0.1396930068731308,0.46120500564575195,0.26636001467704773,0.029910000041127205,403374,0.1143060028553009,0.15735800564289093,0.48270800709724426,0.22529500722885132,0.020332999527454376,300443,0.12382400035858154,0.17010200023651123,0.48472800850868225,0.20501400530338287,0.016333000734448433,150982,0.1141590029001236,0.13802999258041382,0.48269999027252197,0.23685599863529205,0.028255000710487366
34845,5987436,3466457,0.11607299745082855,0.16050499677658081,0.48970299959182739,0.21707099676132202,0.016648000106215477,941954,0.12083899974822998,0.16769500076770782,0.50946199893951416,0.19360600411891937,0.0083969999104738235,724183,0.10280100256204605,0.13969099521636963,0.46120700240135193,0.26636898517608643,0.029931999742984772,403358,0.11427800357341766,0.157383993268013,0.48272299766540527,0.22527900338172913,0.020337000489234924,300479,0.12380900233983994,0.17009800672531128,0.48469299077987671,0.20506900548934937,0.016331000253558159,151005,0.11410900205373764,0.13794900476932526,0.48285201191902161,0.23682700097560883,0.0282639991492033
34846,5987652,3466661,0.11607100069522858,0.16050000488758087,0.48969501256942749,0.21707700192928314,0.016657000407576561,941973,0.12082000076770782,0.16769999265670776,0.50946998596191406,0.19360999763011932,0.00839999970048666,724115,0.10278099775314331,0.13972499966621399,0.46118199825286865,0.26635399460792542,0.029958000406622887,403403,0.11426799744367599,0.15737900137901306,0.48276999592781067,0.22527100145816803,0.020312000066041946,300453,0.12383300065994263,0.17010299861431122,0.48472499847412109,0.20502400398254395,0.016315000131726265,151047,0.1141899973154068,0.13790400326251984,0.48275700211524963,0.23686699569225311,0.028282999992370605
34847,5987879,3466743,0.116068996489048,0.16050100326538086,0.48969000577926636,0.21707899868488312,0.01666099950671196,942059,0.12081699818372726,0.16769100725650787,0.50945001840591431,0.1936350017786026,0.0084060002118349075,724170,0.10276000201702118,0.13970500230789185,0.4612250030040741,0.26635199785232544,0.029958000406622887,403442,0.11424899846315384,0.1574150025844574,0.48274099826812744,0.22527599334716797,0.020317999646067619,300447,0.1237960010766983,0.17007699608802795,0.48475798964500427,0.20501500368118286,0.016356000676751137,151018,0.1141979992389679,0.13795700669288635,0.48268398642539978,0.23687900602817535,0.028280999511480331
34848,5988130,3466940,0.11606500297784805,0.16051299870014191,0.48967701196670532,0.21707600355148315,0.016668999567627907,942097,0.12082699686288834,0.16766500473022461,0.50945597887039185,0.19364200532436371,0.008409000001847744,724215,0.10273899883031845,0.13971099257469177,0.461201012134552,0.26638799905776978,0.029960999265313148,403438,0.11428000032901764,0.1573919951915741,0.48271900415420532,0.22526399791240692,0.020345000550150871,300458,0.12378799915313721,0.17006400227546692,0.48480299115180969,0.20495699346065521,0.016388000920414925,150982,0.1141199991106987,0.13803599774837494,0.48264700174331665,0.2369219958782196,0.028274999931454659
34849,5988355,3467042,0.11606299877166748,0.16051100194454193,0.48965299129486084,0.21709099411964417,0.016681000590324402,942115,0.12080500274896622,0.16765500605106354,0.50949102640151978,0.19363899528980255,0.0084109995514154434,724253,0.10275299847126007,0.13974399864673615,0.46115899085998535,0.26636999845504761,0.029974000528454781,403485,0.11425700038671494,0.15742099285125732,0.48270699381828308,0.22526699304580688,0.020347999408841133,300450,0.12380799651145935,0.17002800107002258,0.48487600684165955,0.20491300523281097,0.016374999657273293,151010,0.11421100050210953,0.13807700574398041,0.48269000649452209,0.23671899735927582,0.028302999213337898
34850,5988598,3467264,0.1160610020160675,0.16050200164318085,0.48965701460838318,0.21708999574184418,0.016690000891685486,942146,0.12080399692058563,0.16764399409294128,0.50948798656463623,0.19365300238132477,0.0084119997918605804,724249,0.10277699679136276,0.13974300026893616,0.46108001470565796,0.26640701293945312,0.029991999268531799,403524,0.11421100050210953,0.15743499994277954,0.48269999027252197,0.22527800500392914,0.020375000312924385,300436,0.12381300330162048,0.17004300653934479,0.48492199182510376,0.20485900342464447,0.016363000497221947,150979,0.11415500193834305,0.1380389928817749,0.48278200626373291,0.23672200739383698,0.02830200083553791
34851,5988801,3467492,0.1160539984703064,0.16050900518894196,0.48964500427246094,0.21709300577640533,0.016698999330401421,942165,0.12076999992132187,0.16766299307346344,0.50947797298431396,0.19367299973964691,0.0084170000627636909,724281,0.10279799997806549,0.13969400525093079,0.46108800172805786,0.26641300320625305,0.030006000772118568,403460,0.11421699821949005,0.15742300450801849,0.4826970100402832,0.22529399394989014,0.020369000732898712,300454,0.1238429993391037,0.17001299560070038,0.48498299717903137,0.20480999350547791,0.016351999714970589,150949,0.11399199813604355,0.13807299733161926,0.48283201456069946,0.23680199682712555,0.028301000595092773
34852,5989035,3467630,0.116068996489048,0.16050800681114197,0.48963099718093872,0.21708999574184418,0.016702000051736832,942202,0.12074799835681915,0.16765199601650238,0.50948601961135864,0.19368800520896912,0.0084260003641247749,724294,0.10277699679136276,0.13968600332736969,0.4611000120639801,0.26641300320625305,0.030023999512195587,403495,0.11420699954032898,0.15742899477481842,0.48268300294876099,0.22531400620937347,0.020367000252008438,300467,0.1237339973449707,0.17001199722290039,0.48504799604415894,0.20486800372600555,0.016338000074028969,150947,0.11398699879646301,0.13800899684429169,0.48295798897743225,0.23677200078964233,0.028274999931454659
34853,5989270,3467772,0.11607100069522858,0.16049599647521973,0.48962101340293884,0.21709999442100525,0.016712000593543053,942248,0.12073399871587753,0.16766700148582458,0.50946700572967529,0.19369600713253021,0.0084359999746084213,724334,0.10276900231838226,0.13971999287605286,0.46110600233078003,0.26636898517608643,0.030036000534892082,403473,0.11417900025844574,0.157383993268013,0.48269200325012207,0.22537100315093994,0.020376000553369522,300454,0.12369900196790695,0.17003600299358368,0.48501300811767578,0.20490999519824982,0.016341999173164368,150989,0.11402799934148788,0.13796399533748627,0.48289600014686584,0.23681199550628662,0.028300000354647636
34854,5989536,3467975,0.11608400195837021,0.16048499941825867,0.48959800601005554,0.21711400151252747,0.016719000414013863,942292,0.12072400003671646,0.16765399277210236,0.50948899984359741,0.19368800520896912,0.0084450002759695053,724327,0.10276199877262115,0.13971699774265289,0.46109101176261902,0.26638200879096985,0.030046999454498291,403493,0.11416599899530411,0.15739800035953522,0.48270499706268311,0.2253669947385788,0.020364999771118164,300482,0.12371499836444855,0.17001399397850037,0.48499700427055359,0.20491699874401093,0.016357000917196274,150967,0.11408499628305435,0.13801699876785278,0.48286700248718262,0.23670700192451477,0.028324000537395477
34855,5989734,3468085,0.11607600003480911,0.16047999262809753,0.48960700631141663,0.21710699796676636,0.016728999093174934,942310,0.12073799967765808,0.16764399409294128,0.50947600603103638,0.19369399547576904,0.0084469998255372047,724334,0.10273600369691849,0.13973799347877502,0.46105900406837463,0.26640298962593079,0.030062999576330185,403524,0.11412700265645981,0.15735100209712982,0.48277398943901062,0.2253739982843399,0.020372999832034111,300537,0.12371499836444855,0.17001199722290039,0.48498499393463135,0.20489299297332764,0.016394000500440598,150944,0.11404900252819061,0.13802500069141388,0.48284101486206055,0.23677000403404236,0.028315000236034393
34856,5989969,3468129,0.11607299745082855,0.1604820042848587,0.48959198594093323,0.21712100505828857,0.016731999814510345,942340,0.1207209974527359,0.16763900220394135,0.50947999954223633,0.19370099902153015,0.0084600001573562622,724417,0.1027199998497963,0.13974300026893616,0.46112701296806335,0.26633301377296448,0.030077999457716942,403531,0.11419200152158737,0.15732899308204651,0.48272600769996643,0.2253900021314621,0.02036299929022789,300573,0.1237339973449707,0.1699720025062561,0.48491999506950378,0.20497199892997742,0.016402000561356544,150979,0.11406899988651276,0.13803200423717499,0.48285499215126038,0.23671500384807587,0.028327999636530876
34857,5990184,3468301,0.11606399714946747,0.16047699749469757,0.48958200216293335,0.21714100241661072,0.016736000776290894,942366,0.12072300165891647,0.16763000190258026,0.50948601961135864,0.19369499385356903,0.0084659997373819351,724361,0.10272800177335739,0.13971300423145294,0.46109700202941895,0.26636698842048645,0.030093999579548836,403593,0.11421699821949005,0.15729999542236328,0.48276600241661072,0.22534799575805664,0.0203699991106987,300576,0.12370199710130692,0.17001999914646149,0.48491600155830383,0.20495599508285522,0.016404999420046806,150987,0.11406300216913223,0.13815799355506897,0.48273700475692749,0.23670899868011475,0.028333999216556549
34858,5990424,3468542,0.1160459965467453,0.16048400104045868,0.48958098888397217,0.21714100241661072,0.016746999695897102,942375,0.12073899805545807,0.1676190048456192,0.50948697328567505,0.19368700683116913,0.0084680002182722092,724336,0.1027349978685379,0.13972499966621399,0.46107301115989685,0.26636898517608643,0.030097000300884247,403589,0.11419499665498734,0.15726399421691895,0.48277100920677185,0.22538299858570099,0.020386999472975731,300589,0.12371399998664856,0.16997599601745605,0.48491799831390381,0.20496800541877747,0.016424000263214111,150993,0.11414399743080139,0.13808600604534149,0.48269098997116089,0.23670600354671478,0.028372000902891159
34859,5990618,3468585,0.11603099852800369,0.16049300134181976,0.48957499861717224,0.21714200079441071,0.016759000718593597,942444,0.12072499841451645,0.16761800646781921,0.50948798656463623,0.1936970055103302,0.0084710000082850456,724375,0.10271500051021576,0.13973799347877502,0.46104800701141357,0.26640498638153076,0.030093999579548836,403630,0.11418099701404572,0.15726000070571899,0.48278599977493286,0.225382000207901,0.020390000194311142,300648,0.12368299812078476,0.16994999349117279,0.48499599099159241,0.20495399832725525,0.016418000683188438,150936,0.1141280010342598,0.13813099265098572,0.48250898718833923,0.23683500289916992,0.028395999222993851
34860,5990833,3468736,0.11601699888706207,0.16049399971961975,0.48957601189613342,0.21714900434017181,0.016764000058174133,942448,0.12072200328111649,0.16760699450969696,0.50949400663375854,0.19370099902153015,0.0084760002791881561,724401,0.10273300111293793,0.13973300158977509,0.46103200316429138,0.26637300848960876,0.030128000304102898,403667,0.1141979992389679,0.15728799998760223,0.48273900151252747,0.22539100050926208,0.020383000373840332,300656,0.1236329972743988,0.16995799541473389,0.48498600721359253,0.20500800013542175,0.01641399972140789,150925,0.11417599767446518,0.13816800713539124,0.48257699608802795,0.23669399321079254,0.028385000303387642
34861,5991080,3468912,0.11602099984884262,0.16048300266265869,0.48957100510597229,0.21715199947357178,0.016773000359535217,942478,0.12072599679231644,0.16758100688457489,0.5095059871673584,0.19370999932289124,0.0084779998287558556,724437,0.10272099822759628,0.13976399600505829,0.46098798513412476,0.2663860023021698,0.03014099970459938,403633,0.11421799659729004,0.15728899836540222,0.48274299502372742,0.22537100315093994,0.020379999652504921,300686,0.12360700219869614,0.16994500160217285,0.48500099778175354,0.20501500368118286,0.016432000324130058,150934,0.11419600248336792,0.13819299638271332,0.48258200287818909,0.23665300011634827,0.028377000242471695
34862,5991311,3469058,0.11601000279188156,0.16047599911689758,0.48957300186157227,0.21716199815273285,0.01677899993956089,942492,0.12073200196027756,0.16759100556373596,0.50948101282119751,0.19371199607849121,0.0084840003401041031,724481,0.10270699858665466,0.13977499306201935,0.46097099781036377,0.26640200614929199,0.030146000906825066,403596,0.11425500363111496,0.15733599662780762,0.48270499706268311,0.2253119945526123,0.020392000675201416,300720,0.1236099973320961,0.16994200646877289,0.48494300246238708,0.20506499707698822,0.016441000625491142,150964,0.11419299989938736,0.1381320059299469,0.48277100920677185,0.23649999499320984,0.028403999283909798
34863,5991549,3469254,0.11600100249052048,0.16047100722789764,0.48957699537277222,0.21716399490833282,0.016787000000476837,942531,0.12072200328111649,0.16759400069713593,0.50948500633239746,0.19371899962425232,0.0084800003096461296,724498,0.10272099822759628,0.13980400562286377,0.46090000867843628,0.26643401384353638,0.03014099970459938,403592,0.11424200236797333,0.15735000371932983,0.48276698589324951,0.22524699568748474,0.020393999293446541,300717,0.12359499931335449,0.1699569970369339,0.48490101099014282,0.2050900012254715,0.016457000747323036,150957,0.11419100314378738,0.13821199536323547,0.48264101147651672,0.23651799559593201,0.028439000248908997
34864,5991765,3469381,0.11599300056695938,0.16046200692653656,0.48957100510597229,0.21717999875545502,0.016793999820947647,942537,0.12070800364017487,0.16758300364017487,0.5094980001449585,0.19372899830341339,0.008480999618768692,724484,0.10273099690675735,0.1397709995508194,0.46089500188827515,0.26641398668289185,0.030187999829649925,403624,0.11421500146389008,0.15739400684833527,0.4827759861946106,0.22521999478340149,0.020394999533891678,300773,0.12359199672937393,0.16999900341033936,0.48490101099014282,0.20505200326442719,0.016457999125123024,150966,0.11427699774503708,0.1383029967546463,0.48245999217033386,0.23654299974441528,0.02841700054705143
34865,5992000,3469476,0.11598700284957886,0.16047100722789764,0.48956298828125,0.217180997133255,0.016798999160528183,942508,0.12068399786949158,0.16757300496101379,0.50951200723648071,0.19373799860477448,0.00849200040102005,724599,0.10273399949073792,0.13975299894809723,0.46084800362586975,0.26646000146865845,0.030203999951481819,403672,0.11418399959802628,0.15738999843597412,0.4827980101108551,0.22524699568748474,0.020379999652504921,300778,0.12356600165367126,0.16993899643421173,0.48497900366783142,0.2050279974937439,0.01648700051009655,150967,0.11436899751424789,0.1382489949464798,0.48249000310897827,0.23642900586128235,0.028463000431656837
34866,5992214,3469613,0.11597800254821777,0.16046099364757538,0.48956701159477234,0.21718800067901611,0.016805000603199005,942532,0.12066300213336945,0.16759000718593597,0.50951701402664185,0.1937360018491745,0.0084939999505877495,724605,0.1027510017156601,0.13974000513553619,0.46090200543403625,0.26640200614929199,0.030205000191926956,403676,0.11422800272703171,0.15741600096225739,0.48276600241661072,0.22519800066947937,0.020393000915646553,300795,0.12360599637031555,0.16992999613285065,0.48488199710845947,0.20508000254631042,0.016503000631928444,150993,0.11430999636650085,0.13823799788951874,0.48236700892448425,0.23658099770545959,0.028504999354481697
34867,5992456,3469774,0.11597300320863724,0.16044500470161438,0.48958000540733337,0.21718600392341614,0.016814999282360077,942580,0.12065199762582779,0.16758500039577484,0.50951600074768066,0.19375300407409668,0.0084939999505877495,724558,0.10275799781084061,0.1397709995508194,0.4608519971370697,0.26639300584793091,0.030226999893784523,403748,0.1142520010471344,0.15744499862194061,0.48274898529052734,0.22517000138759613,0.020384000614285469,300758,0.1236409991979599,0.16989099979400635,0.48486500978469849,0.2050819993019104,0.0165219996124506,151038,0.11430200189352036,0.13832299411296844,0.48223000764846802,0.23666200041770935,0.02848299965262413
34868,5992735,3469883,0.11598200350999832,0.16043199598789215,0.48956900835037231,0.21719500422477722,0.016822999343276024,942669,0.12064100056886673,0.16758300364017487,0.50951302051544189,0.19376799464225769,0.0084950001910328865,724570,0.10276900231838226,0.13976199924945831,0.4608289897441864,0.26639699935913086,0.030244000256061554,403830,0.11427599936723709,0.15745000541210175,0.48276498913764954,0.22512899339199066,0.020379999652504921,300761,0.1235869973897934,0.16995200514793396,0.48486998677253723,0.20506599545478821,0.016525000333786011,151022,0.11422199755907059,0.13835699856281281,0.4822080135345459,0.23668099939823151,0.028532000258564949
34869,5992937,3469986,0.11596900224685669,0.16044799983501434,0.48956298828125,0.21719199419021606,0.016828000545501709,942719,0.12063899636268616,0.16757500171661377,0.50950402021408081,0.19377699494361877,0.0085049998015165329,724635,0.10274100303649902,0.13974300026893616,0.46082800626754761,0.26642701029777527,0.030261000618338585,403807,0.11427000164985657,0.15745900571346283,0.48275500535964966,0.22514000535011292,0.020376000553369522,300783,0.1235940009355545,0.16991299390792847,0.48486500978469849,0.20509099960327148,0.016536999493837357,151007,0.11431899666786194,0.13831800222396851,0.48222899436950684,0.23661200702190399,0.028521999716758728
34870,5993186,3470157,0.11596199870109558,0.16044199466705322,0.48956000804901123,0.21719899773597717,0.016837000846862793,942738,0.12064799666404724,0.16754600405693054,0.50949698686599731,0.19380499422550201,0.0085049998015165329,724675,0.10271599888801575,0.13976199924945831,0.46083700656890869,0.26640400290489197,0.030280999839305878,403809,0.11428699642419815,0.15751299262046814,0.48271599411964417,0.22510899603366852,0.020376000553369522,300812,0.12359900027513504,0.16991299390792847,0.48485401272773743,0.2050819993019104,0.016551999375224113,150995,0.11435499787330627,0.13838900625705719,0.48214799165725708,0.23654399812221527,0.028564000502228737
34871,5993434,3470317,0.11595399677753448,0.16044400632381439,0.48956900835037231,0.21718999743461609,0.016843000426888466,942765,0.12065500020980835,0.16753099858760834,0.50947898626327515,0.19382299482822418,0.0085119996219873428,724694,0.10272900015115738,0.13976499438285828,0.4607749879360199,0.26644200086593628,0.030288999900221825,403879,0.11430899798870087,0.15746100246906281,0.48275300860404968,0.22510999441146851,0.020367000252008438,300815,0.12356799840927124,0.16994500160217285,0.48482599854469299,0.20510900020599365,0.016551999375224113,150964,0.11435800045728683,0.13842399418354034,0.48189601302146912,0.23669199645519257,0.0286289993673563
34872,5993660,3470494,0.11594200134277344,0.16045600175857544,0.48956200480461121,0.21718800067901611,0.01685200072824955,942788,0.12065999954938889,0.16751900315284729,0.50946402549743652,0.19384199380874634,0.0085140001028776169,724751,0.10272900015115738,0.13971400260925293,0.46079999208450317,0.26645401120185852,0.030302999541163445,403814,0.11430300027132034,0.15746100246906281,0.48273000121116638,0.22513599693775177,0.020370999351143837,300838,0.12355799973011017,0.1699489951133728,0.48483198881149292,0.20511700212955475,0.016543999314308167,150975,0.11439599841833115,0.13845999538898468,0.48172900080680847,0.23674100637435913,0.02867400087416172
34873,5993869,3470563,0.11594799906015396,0.16044700145721436,0.48955100774765015,0.2171970009803772,0.016857000067830086,942812,0.12063500285148621,0.16752199828624725,0.50946402549743652,0.19385999441146851,0.0085180001333355904,724797,0.1027270033955574,0.13973399996757507,0.46081000566482544,0.26641300320625305,0.030316000804305077,403824,0.11428000032901764,0.157477006316185,0.48277699947357178,0.22508800029754639,0.020377999171614647,300898,0.12353699654340744,0.16994799673557281,0.48476600646972656,0.20518900454044342,0.01655999943614006,150975,0.11428400129079819,0.13847999274730682,0.48180800676345825,0.23674799501895905,0.028680000454187393
34874,5994099,3470662,0.11593099683523178,0.16044600307941437,0.48955300450325012,0.21720500290393829,0.016865000128746033,942838,0.120619997382164,0.16751900315284729,0.50947898626327515,0.19386500120162964,0.0085180001333355904,724795,0.10276400297880173,0.13976199924945831,0.46078699827194214,0.26637598872184753,0.030310999602079391,403911,0.11428999900817871,0.15747299790382385,0.48274698853492737,0.22509899735450745,0.020391000434756279,300901,0.12351900339126587,0.16998599469661713,0.48472100496292114,0.20519700646400452,0.016576999798417091,150992,0.11423800140619278,0.13850399851799011,0.48172798752784729,0.23682700097560883,0.028704000636935234
34875,5994331,3470769,0.11592999845743179,0.16045300662517548,0.48953399062156677,0.21720999479293823,0.016871999949216843,942914,0.12061800062656403,0.16750599443912506,0.50946897268295288,0.19388499855995178,0.0085230004042387009,724845,0.10277599841356277,0.13973300158977509,0.4608210027217865,0.26635301113128662,0.03031500056385994,403909,0.11431500315666199,0.15744400024414062,0.48272299766540527,0.22508500516414642,0.020432999357581139,300931,0.12348700314760208,0.16993899643421173,0.48476201295852661,0.20524300634860992,0.016568999737501144,150963,0.11420699954032898,0.13856400549411774,0.48172101378440857,0.23679299652576447,0.02871599979698658
34876,5994575,3470968,0.1159219965338707,0.16045400500297546,0.48952999711036682,0.21721899509429932,0.016875000670552254,942903,0.12060900032520294,0.16751599311828613,0.50946897268295288,0.19388400018215179,0.0085220001637935638,724862,0.1027820035815239,0.13973399996757507,0.46078300476074219,0.26637500524520874,0.030325999483466148,403924,0.11431600153446198,0.15749700367450714,0.48261299729347229,0.22511200606822968,0.020462000742554665,300967,0.12349499762058258,0.16993899643421173,0.48473399877548218,0.20526200532913208,0.016569999977946281,150951,0.11411699652671814,0.13856799900531769,0.48180499672889709,0.23678499460220337,0.028725000098347664
34877,5994788,3471087,0.11590400338172913,0.16045999526977539,0.48951798677444458,0.2172359973192215,0.016882000491023064,942949,0.1206120029091835,0.16748799383640289,0.50947701930999756,0.1938910037279129,0.0085319997742772102,724877,0.10277500003576279,0.13973100483417511,0.46085301041603088,0.26630601286888123,0.030334999784827232,403898,0.11428400129079819,0.15756699442863464,0.48252800107002258,0.2251410037279129,0.020479999482631683,300963,0.12349399924278259,0.16986100375652313,0.48478099703788757,0.20530399680137634,0.01655999943614006,151014,0.1140419989824295,0.13856999576091766,0.48196199536323547,0.23672600090503693,0.028698999434709549
34878,5995046,3471276,0.11590799689292908,0.1604589968919754,0.48951199650764465,0.21723100543022156,0.016891000792384148,942974,0.12061599642038345,0.1674640029668808,0.50947099924087524,0.19391399621963501,0.0085349995642900467,724899,0.10273700207471848,0.13972599804401398,0.46085500717163086,0.26633098721504211,0.030352000147104263,403903,0.11436399817466736,0.15754300355911255,0.48248198628425598,0.2251259982585907,0.020485000684857368,300990,0.12349200248718262,0.16989299654960632,0.48476698994636536,0.20527899265289307,0.016568999737501144,151004,0.11399000138044357,0.13859899342060089,0.48189499974250793,0.23676900565624237,0.028748000040650368
34879,5995280,3471401,0.11589799821376801,0.16046300530433655,0.48949998617172241,0.21723699569702148,0.016901999711990356,943005,0.12061899900436401,0.16746300458908081,0.50947600603103638,0.19390900433063507,0.0085340002551674843,724927,0.1027119979262352,0.13971300423145294,0.46086600422859192,0.26633301377296448,0.030375000089406967,403930,0.1143610030412674,0.15750299394130707,0.48253899812698364,0.22510799765586853,0.020488999783992767,301021,0.12351600080728531,0.16990199685096741,0.48475000262260437,0.20526799559593201,0.016564000397920609,150996,0.11403000354766846,0.13857999444007874,0.48181399703025818,0.23679399490356445,0.02878200076520443
34880,5995530,3471550,0.11589500308036804,0.16044999659061432,0.48950099945068359,0.2172430008649826,0.016909999772906303,943021,0.12061300128698349,0.16745099425315857,0.50949597358703613,0.193899005651474,0.0085410000756382942,724898,0.10271699726581573,0.13974000513553619,0.46082800626754761,0.26634201407432556,0.03037399984896183,403997,0.11436499655246735,0.15748099982738495,0.48253300786018372,0.22510600090026855,0.020515000447630882,301050,0.12351100146770477,0.16991899907588959,0.48469400405883789,0.2053149938583374,0.016561999917030334,151014,0.11411499977111816,0.13851700723171234,0.48181599378585815,0.23681199550628662,0.028738999739289284
34881,5995754,3471727,0.11588600277900696,0.16044600307941437,0.48949700593948364,0.21725000441074371,0.016921000555157661,943057,0.12059800326824188,0.16743199527263641,0.50953400135040283,0.19389499723911285,0.0085399998351931572,724896,0.10271000117063522,0.13977299630641937,0.46079599857330322,0.2663320004940033,0.030388999730348587,404013,0.11437299847602844,0.15742799639701843,0.48252400755882263,0.22516800463199615,0.020507000386714935,301022,0.12355600297451019,0.16992099583148956,0.48466199636459351,0.20528100430965424,0.016580000519752502,151039,0.11412899941205978,0.13861300051212311,0.48174300789833069,0.23674699664115906,0.028767000883817673
34882,5995991,3471849,0.11588600277900696,0.16045199334621429,0.48949000239372253,0.21724699437618256,0.01692499965429306,943092,0.12060099840164185,0.16741199791431427,0.50953102111816406,0.19391199946403503,0.0085429996252059937,724889,0.10273300111293793,0.13974699378013611,0.4607749879360199,0.2663390040397644,0.030406000092625618,404039,0.11434999853372574,0.1574849933385849,0.4824880063533783,0.22516399621963501,0.020512999966740608,301071,0.1235319972038269,0.16987399756908417,0.48467999696731567,0.20534400641918182,0.016571000218391418,151051,0.11399500072002411,0.13862200081348419,0.4817579984664917,0.23682700097560883,0.028798000887036324
34883,5996232,3471943,0.1158830001950264,0.16044500470161438,0.48949399590492249,0.21724200248718262,0.016936000436544418,943135,0.12063299864530563,0.16740100085735321,0.50950998067855835,0.19391900300979614,0.0085359998047351837,724963,0.1027199998497963,0.13977499306201935,0.46074199676513672,0.26634499430656433,0.030417999252676964,404028,0.11439800262451172,0.15748700499534607,0.48242399096488953,0.22515000402927399,0.020540999248623848,301070,0.1234700009226799,0.16984400153160095,0.48474800586700439,0.20537100732326508,0.016567999497056007,151093,0.11396999657154083,0.13864299654960632,0.48180299997329712,0.23674799501895905,0.028836999088525772
34884,5996500,3472111,0.11587800085544586,0.16043999791145325,0.48948600888252258,0.21725000441074371,0.01694599911570549,943177,0.12060499936342239,0.16741199791431427,0.50951701402664185,0.19392800331115723,0.0085380002856254578,724957,0.10268600285053253,0.13980400562286377,0.46069899201393127,0.26638400554656982,0.030426999554038048,404063,0.11441799998283386,0.15751500427722931,0.48236501216888428,0.22515800595283508,0.020543999969959259,301072,0.12351500242948532,0.16980700194835663,0.48469498753547668,0.20541299879550934,0.016571000218391418,151120,0.11406800150871277,0.1386449933052063,0.48173600435256958,0.23673200607299805,0.028818000108003616
34885,5996711,3472297,0.11586999893188477,0.16044500470161438,0.48947900533676147,0.21725499629974365,0.016951000317931175,943192,0.12060300260782242,0.16741999983787537,0.50950098037719727,0.19394400715827942,0.0085330000147223473,724964,0.10267099738121033,0.13979600369930267,0.46067899465560913,0.26642400026321411,0.030429000034928322,404085,0.11441899836063385,0.15754899382591248,0.4823170006275177,0.22513799369335175,0.020577000454068184,301085,0.12346299737691879,0.16981300711631775,0.4847399890422821,0.20540699362754822,0.016576999798417091,151088,0.11414500325918198,0.13858099281787872,0.48177200555801392,0.23669600486755371,0.028804000467061996
34886,5996942,3472404,0.11587099730968475,0.16043999791145325,0.4894770085811615,0.21725299954414368,0.016960000619292259,943236,0.1205810010433197,0.16743500530719757,0.50948101282119751,0.19396500289440155,0.0085380002856254578,725056,0.10267200320959091,0.13984000682830811,0.46061500906944275,0.26644399762153625,0.030427999794483185,404065,0.11438799649477005,0.15758399665355682,0.48227900266647339,0.22516199946403503,0.020587999373674393,301110,0.12344300001859665,0.16984200477600098,0.48469701409339905,0.20542299747467041,0.016595000401139259,151071,0.11410500109195709,0.13857099413871765,0.48183301091194153,0.23668999969959259,0.028800999745726585
34887,5997160,3472553,0.11587800085544586,0.16043999791145325,0.48945900797843933,0.2172590047121048,0.016963999718427658,943288,0.12054099887609482,0.16744500398635864,0.50948101282119751,0.19399100542068481,0.0085420003160834312,725112,0.10266099870204926,0.13980300724506378,0.46062299609184265,0.26647201180458069,0.030440999194979668,404068,0.1143919974565506,0.15756300091743469,0.48225298523902893,0.22519500553607941,0.020597999915480614,301087,0.12343300133943558,0.16985499858856201,0.48471701145172119,0.20539599657058716,0.016599999740719795,151052,0.11406700313091278,0.13864800333976746,0.48194000124931335,0.23652799427509308,0.028818000108003616
34888,5997381,3472838,0.11587399989366531,0.1604280024766922,0.48946401476860046,0.21726800501346588,0.016966000199317932,943274,0.12054099887609482,0.16743800044059753,0.50947797298431396,0.19399900734424591,0.0085450001060962677,725114,0.10264000296592712,0.13981199264526367,0.46063700318336487,0.26645499467849731,0.030455999076366425,404032,0.11442399770021439,0.15752500295639038,0.48231101036071777,0.22511300444602966,0.02062699943780899,301063,0.12340900301933289,0.16989800333976746,0.48464900255203247,0.20541900396347046,0.016623999923467636,151060,0.11410000175237656,0.13863399624824524,0.48192098736763,0.23652899265289307,0.028815999627113342
34889,5997618,3472922,0.11586999893188477,0.16042999923229218,0.48944899439811707,0.21727399528026581,0.016976999118924141,943320,0.12054000049829483,0.16743199527263641,0.50947701930999756,0.19400499761104584,0.0085450001060962677,725142,0.10260199755430222,0.13982799649238586,0.46066400408744812,0.26644700765609741,0.030458999797701836,404053,0.11442799866199493,0.15749900043010712,0.48233300447463989,0.22511400282382965,0.020625999197363853,301101,0.12339399755001068,0.16991600394248962,0.48462501168251038,0.20542299747467041,0.016642000526189804,151080,0.11408499628305435,0.13870799541473389,0.48178398609161377,0.23660300672054291,0.028819000348448753
34890,5997846,3473139,0.11587599664926529,0.16041299700737,0.48945000767707825,0.21727299690246582,0.016989000141620636,943308,0.12053599953651428,0.16742999851703644,0.50946801900863647,0.19402299821376801,0.0085429996252059937,725108,0.10258600115776062,0.13981500267982483,0.46068000793457031,0.26645499467849731,0.030463000759482384,404092,0.11443699896335602,0.15751099586486816,0.48231300711631775,0.2251020073890686,0.020635999739170074,301125,0.12335100024938583,0.17000199854373932,0.48461601138114929,0.205376997590065,0.01665399968624115,151074,0.11404299736022949,0.13871300220489502,0.48167800903320312,0.23673200607299805,0.02883400022983551
34891,5998091,3473218,0.11586400121450424,0.16042600572109222,0.48943400382995605,0.21727700531482697,0.017000000923871994,943343,0.1205499991774559,0.16741099953651428,0.50947099924087524,0.19401900470256805,0.0085490001365542412,725196,0.10261599719524384,0.1397940069437027,0.46066001057624817,0.26645800471305847,0.030471999198198318,404160,0.11441999673843384,0.15741999447345734,0.48240301012992859,0.22513599693775177,0.020620999857783318,301117,0.12335400283336639,0.17003999650478363,0.48464900255203247,0.2052920013666153,0.016665000468492508,151057,0.11396399885416031,0.13884200155735016,0.48157298564910889,0.23676499724388123,0.028857000172138214
34892,5998345,3473416,0.11586999893188477,0.16041900217533112,0.48941799998283386,0.21728299558162689,0.017009999603033066,943364,0.12056600302457809,0.16740599274635315,0.50944399833679199,0.19402499496936798,0.0085589997470378876,725149,0.10262899845838547,0.13978199660778046,0.46067100763320923,0.26642799377441406,0.030489999800920486,404221,0.11435800045728683,0.15741600096225739,0.48243400454521179,0.22517099976539612,0.020619999617338181,301135,0.12336699664592743,0.17005999386310577,0.48465299606323242,0.20524300634860992,0.016676999628543854,151060,0.11384899914264679,0.13889199495315552,0.48157000541687012,0.23682600259780884,0.028862999752163887
34893,5998587,3473461,0.1158749982714653,0.16040800511837006,0.48941698670387268,0.21727800369262695,0.017021000385284424,943395,0.12056700140237808,0.16740000247955322,0.50944298505783081,0.19403000175952911,0.0085610002279281616,725273,0.10264100134372711,0.13982599973678589,0.46063500642776489,0.26641100645065308,0.030486000701785088,404255,0.11435099691152573,0.15738800168037415,0.48243299126625061,0.22519899904727936,0.020627999678254128,301132,0.12334100157022476,0.17002500593662262,0.48466101288795471,0.20528900623321533,0.016683999449014664,151071,0.11381399631500244,0.1387690007686615,0.48164099454879761,0.23689499497413635,0.028880000114440918
34894,5998827,3473657,0.11586400121450424,0.16039900481700897,0.489423006772995,0.21728900074958801,0.017024999484419823,943463,0.12057100236415863,0.16740499436855316,0.50941497087478638,0.19404199719429016,0.0085680000483989716,725249,0.10264299809932709,0.13982899487018585,0.46066701412200928,0.26636400818824768,0.030496999621391296,404241,0.11435499787330627,0.15733900666236877,0.48244500160217285,0.22521199285984039,0.020648999139666557,301141,0.12336699664592743,0.17008300125598907,0.48459398746490479,0.20527899265289307,0.016676999628543854,151076,0.11376400291919708,0.13894300162792206,0.48137399554252625,0.23702600598335266,0.028892999514937401
34895,5999055,3473810,0.11586199700832367,0.16039200127124786,0.48942399024963379,0.21728600561618805,0.017036000266671181,943457,0.12055200338363647,0.16741499304771423,0.50941699743270874,0.19404600560665131,0.008569999597966671,725311,0.10262899845838547,0.13985399901866913,0.46061500906944275,0.26639699935913086,0.030503999441862106,404272,0.11434400081634521,0.15730999410152435,0.48245999217033386,0.22523400187492371,0.020651999861001968,301154,0.12335900217294693,0.17009900510311127,0.48460599780082703,0.2052370011806488,0.016698999330401421,151051,0.11372999846935272,0.13894000649452209,0.48140698671340942,0.2370389997959137,0.028883999213576317
34896,5999296,3473977,0.11586199700832367,0.16040800511837006,0.48939499258995056,0.21729099750518799,0.017044000327587128,943479,0.12055200338363647,0.16738100349903107,0.50942897796630859,0.19406400620937347,0.0085749998688697815,725348,0.10262399911880493,0.13983500003814697,0.46064499020576477,0.26638400554656982,0.030511999502778053,404209,0.11433400213718414,0.15730200707912445,0.48245599865913391,0.22524699568748474,0.020659999921917915,301224,0.12329400330781937,0.17007599771022797,0.48466899991035461,0.20526599884033203,0.016695000231266022,151059,0.11366400122642517,0.13894599676132202,0.48146098852157593,0.23702000081539154,0.028908999636769295
34897,5999512,3474076,0.11585400253534317,0.16041800379753113,0.48938798904418945,0.21728700399398804,0.017053000628948212,943508,0.12054900079965591,0.16738800704479218,0.50941598415374756,0.1940619945526123,0.0085850004106760025,725380,0.10256099700927734,0.13984499871730804,0.46065399050712585,0.26642200350761414,0.030517999082803726,404214,0.11433800309896469,0.15734200179576874,0.48240000009536743,0.22523500025272369,0.020685000345110893,301216,0.12327399849891663,0.17006100714206696,0.48464199900627136,0.20533099770545959,0.016691999509930611,151118,0.11365299671888351,0.13891099393367767,0.48148500919342041,0.2370930016040802,0.028858000412583351
34898,5999765,3474217,0.11586199700832367,0.16040700674057007,0.48939201235771179,0.21727700531482697,0.017062000930309296,943476,0.12055099755525589,0.16741000115871429,0.50941097736358643,0.19404299557209015,0.0085850004106760025,725378,0.10253400355577469,0.13986800611019135,0.46065899729728699,0.26642099022865295,0.030517999082803726,404264,0.1143610030412674,0.15730799734592438,0.48236298561096191,0.22526900470256805,0.020698999986052513,301235,0.12325300276279449,0.17005300521850586,0.48466101288795471,0.20535099506378174,0.016681000590324402,151195,0.11370699852705002,0.13887999951839447,0.4812990128993988,0.23721699416637421,0.028896000236272812
34899,5999986,3474336,0.1158439964056015,0.16041700541973114,0.48938998579978943,0.2172819972038269,0.017067000269889832,943487,0.12054099887609482,0.1674170047044754,0.50940102338790894,0.19405800104141235,0.0085829999297857285,725379,0.10253000259399414,0.1398719996213913,0.46064901351928711,0.266416996717453,0.030533000826835632,404327,0.11439800262451172,0.15720699727535248,0.4823940098285675,0.22528800368309021,0.020712999626994133,301276,0.12325199693441391,0.1700969934463501,0.48458200693130493,0.20536699891090393,0.016702000051736832,151181,0.11365800350904465,0.13893300294876099,0.4812769889831543,0.23719300329685211,0.028938999399542809
34900,6000215,3474392,0.11584000289440155,0.16040900349617004,0.48938998579978943,0.21728800237178802,0.017071999609470367,943541,0.12053199857473373,0.16741399466991425,0.50941097736358643,0.19405600428581238,0.0085869999602437019,725419,0.1025409996509552,0.13986499607563019,0.46068501472473145,0.26636099815368652,0.030548000708222389,404346,0.11436700075864792,0.15722200274467468,0.48229500651359558,0.22536599636077881,0.020749999210238457,301288,0.12325700372457504,0.17008000612258911,0.48458299040794373,0.20537799596786499,0.016702000051736832,151229,0.11363600194454193,0.138823002576828,0.48138898611068726,0.23721000552177429,0.028943000361323357
34901,6000391,3474534,0.11582700163125992,0.16040700674057007,0.48939201235771179,0.21729199588298798,0.017080999910831451,943562,0.12052500247955322,0.16740100085735321,0.50941598415374756,0.19406099617481232,0.0085960002616047859,725330,0.10253400355577469,0.13988399505615234,0.46066999435424805,0.26635900139808655,0.030553000047802925,404442,0.11433000117540359,0.15715999901294708,0.48229199647903442,0.22545400261878967,0.020764000713825226,301341,0.1232760027050972,0.17005999386310577,0.48456698656082153,0.20538200438022614,0.016714999452233315,151182,0.11359799653291702,0.1388390064239502,0.48154500126838684,0.237077996134758,0.028938999399542809
34902,6000636,3474746,0.11581099778413773,0.16041000187397003,0.48938798904418945,0.21729899942874908,0.017091000452637672,943583,0.12050800025463104,0.16742800176143646,0.50940299034118652,0.19406500458717346,0.0085969995707273483,725321,0.10255199670791626,0.13987700641155243,0.46066498756408691,0.26634299755096436,0.030563000589609146,404474,0.11435800045728683,0.15715999901294708,0.48223099112510681,0.22547799348831177,0.020772999152541161,301346,0.12332999706268311,0.1700340062379837,0.48457899689674377,0.20535500347614288,0.016702000051736832,151166,0.11355099827051163,0.1388469934463501,0.48162299394607544,0.2370309978723526,0.028947999700903893
34903,6000897,3474897,0.11580900102853775,0.16042299568653107,0.48936799168586731,0.21730099618434906,0.017100000753998756,943664,0.12050700187683105,0.16742099821567535,0.50939297676086426,0.19407500326633453,0.0086040003225207329,725370,0.10254500061273575,0.13986200094223022,0.46066001057624817,0.26636600494384766,0.030565999448299408,404460,0.11435200273990631,0.15713499486446381,0.48222100734710693,0.22550100088119507,0.020790999755263329,301348,0.12335199862718582,0.17004600167274475,0.48457598686218262,0.20532099902629852,0.016705000773072243,151158,0.11356999725103378,0.13883499801158905,0.48160898685455322,0.23704999685287476,0.028937000781297684
34904,6001141,3475020,0.11579400300979614,0.16043099761009216,0.48937800526618958,0.21729299426078796,0.017105000093579292,943688,0.12050700187683105,0.16742900013923645,0.5093730092048645,0.19408300518989563,0.0086080003529787064,725380,0.1025639995932579,0.13987800478935242,0.46061000227928162,0.26636400818824768,0.030584000051021576,404506,0.11436399817466736,0.15711499750614166,0.48218101263046265,0.22554199397563934,0.020797999575734138,301378,0.12340600043535233,0.16997300088405609,0.4846310019493103,0.20526699721813202,0.016722999513149261,151169,0.11354199796915054,0.13883799314498901,0.48157399892807007,0.23709900677204132,0.028947999700903893
34905,6001397,3475176,0.11579599976539612,0.16043500602245331,0.48936200141906738,0.21729399263858795,0.017113000154495239,943713,0.12052500247955322,0.16739700734615326,0.50938200950622559,0.19408400356769562,0.0086120003834366798,725413,0.1025639995932579,0.13987100124359131,0.4605959951877594,0.26638099551200867,0.030588999390602112,404503,0.11433800309896469,0.15711900591850281,0.48216700553894043,0.22556300461292267,0.020812999457120895,301425,0.12335400283336639,0.16998900473117828,0.48462799191474915,0.20531100034713745,0.016716999933123589,151167,0.11349000036716461,0.138932004570961,0.48159301280975342,0.23704199492931366,0.02894200012087822
34906,6001588,3475350,0.11578100174665451,0.16043199598789215,0.48936399817466736,0.21730600297451019,0.017116999253630638,943757,0.12052799761295319,0.16739200055599213,0.50938898324966431,0.19408099353313446,0.0086110001429915428,725362,0.1025490015745163,0.13987599313259125,0.46057400107383728,0.26639100909233093,0.030610000714659691,404580,0.11433299630880356,0.15709599852561951,0.48220100998878479,0.22555199265480042,0.020817000418901443,301411,0.12332300096750259,0.17004400491714478,0.48459398746490479,0.20531399548053741,0.016724999994039536,151128,0.11348000168800354,0.13897499442100525,0.48145300149917603,0.23713000118732452,0.028961999341845512
34907,6001824,3475468,0.11576700210571289,0.16042999923229218,0.4893609881401062,0.21732400357723236,0.017117999494075775,943832,0.12053400278091431,0.16739900410175323,0.50936597585678101,0.19408300518989563,0.0086169997230172157,725407,0.10260199755430222,0.1398870050907135,0.46051499247550964,0.26636499166488647,0.030631000176072121,404577,0.11428000032901764,0.15706999599933624,0.48222500085830688,0.22558900713920593,0.020836999639868736,301371,0.12333600223064423,0.17000000178813934,0.48461499810218811,0.2053149938583374,0.01673400029540062,151169,0.11346899718046188,0.139055997133255,0.48142099380493164,0.23708599805831909,0.028968000784516335
34908,6002038,3475565,0.11575999855995178,0.1604280024766922,0.48936399817466736,0.21732699871063232,0.017121000215411186,943888,0.12049899995326996,0.16743099689483643,0.50935399532318115,0.19409599900245667,0.0086200004443526268,725511,0.10259400308132172,0.13992199301719666,0.46050301194190979,0.26634201407432556,0.030639000236988068,404564,0.11429300159215927,0.15707500278949738,0.48217800259590149,0.22560100257396698,0.020851999521255493,301359,0.12329100072383881,0.16997699439525604,0.48464098572731018,0.20536600053310394,0.016723999753594398,151151,0.11347600072622299,0.13898700475692749,0.48140600323677063,0.23713399469852448,0.028997000306844711
34909,6002265,3475617,0.11575400084257126,0.16041800379753113,0.48936501145362854,0.21733200550079346,0.017131000757217407,943941,0.12047900259494781,0.16743099689483643,0.50936001539230347,0.19410699605941772,0.0086219999939203262,725597,0.10259299725294113,0.13993200659751892,0.46048200130462646,0.26634898781776428,0.030644999817013741,404626,0.11430999636650085,0.15713800489902496,0.48214399814605713,0.22556599974632263,0.020841000601649284,301352,0.12330800294876099,0.16998399794101715,0.48462900519371033,0.20534799993038177,0.016730999574065208,151132,0.11342400312423706,0.13905699551105499,0.48130100965499878,0.23718300461769104,0.029033999890089035
34910,6002523,3475800,0.11576200276613235,0.16041100025177002,0.48936399817466736,0.21732600033283234,0.017136000096797943,943969,0.12049499899148941,0.16742299497127533,0.50935500860214233,0.19409899413585663,0.0086279995739459991,725630,0.10257600247859955,0.13989399373531342,0.46049401164054871,0.26639199256896973,0.030644999817013741,404612,0.11430999636650085,0.15722200274467468,0.48206698894500732,0.2255370020866394,0.020864000543951988,301387,0.12328299880027771,0.17001700401306152,0.48461601138114929,0.20533700287342072,0.016745999455451965,151125,0.1133430004119873,0.13898399472236633,0.48135000467300415,0.23723399639129639,0.029089000076055527
34911,6002755,3475934,0.11576899886131287,0.16040599346160889,0.48934799432754517,0.21732999384403229,0.017147999256849289,943993,0.12048999965190887,0.16741999983787537,0.50936698913574219,0.19408999383449554,0.0086319996044039726,725658,0.10253600031137466,0.13988399505615234,0.46053901314735413,0.26638299226760864,0.030657999217510223,404651,0.11430100351572037,0.15717700123786926,0.48208999633789062,0.22557200491428375,0.02085999958217144,301389,0.12325599789619446,0.17001299560070038,0.48465898633003235,0.20531299710273743,0.016759000718593597,151130,0.1133589968085289,0.13908599317073822,0.48136699199676514,0.2371010035276413,0.02908799983561039
34912,6002991,3476104,0.11576899886131287,0.16040800511837006,0.48934099078178406,0.21732600033283234,0.017155999317765236,944021,0.12048400193452835,0.16740399599075317,0.50937402248382568,0.19409899413585663,0.0086390003561973572,725659,0.10249599814414978,0.13989900052547455,0.4605410099029541,0.26638400554656982,0.030680000782012939,404675,0.11426500231027603,0.15718300640583038,0.48208299279212952,0.22558799386024475,0.020881000906229019,301417,0.12332399934530258,0.1699800044298172,0.48462799191474915,0.20530399680137634,0.016764000058174133,151115,0.11326500028371811,0.13910600543022156,0.48146799206733704,0.23711100220680237,0.029051000252366066
34913,6003211,3476263,0.11576300114393234,0.16041100025177002,0.48933300375938416,0.21733300387859344,0.017160000279545784,944048,0.12048199772834778,0.16742199659347534,0.50936001539230347,0.1940930038690567,0.0086439996957778931,725683,0.10252799838781357,0.13987499475479126,0.46048900485038757,0.26641499996185303,0.030691999942064285,404677,0.11423899978399277,0.15717999637126923,0.48215699195861816,0.22551600635051727,0.020907999947667122,301405,0.12332899868488312,0.17000700533390045,0.48463401198387146,0.20527899265289307,0.016752000898122787,151135,0.11321000009775162,0.13910099864006042,0.48145699501037598,0.23710599541664124,0.02912599965929985
34914,6003440,3476387,0.11575499922037125,0.16041600704193115,0.48932498693466187,0.21734000742435455,0.017163999378681183,944102,0.12047900259494781,0.16741999983787537,0.50936800241470337,0.19408699870109558,0.0086460001766681671,725685,0.10254000127315521,0.13986100256443024,0.46052399277687073,0.26636400818824768,0.030711999163031578,404727,0.11421500146389008,0.15714000165462494,0.48216500878334045,0.22557899355888367,0.020901000127196312,301409,0.12329799681901932,0.17004799842834473,0.48458099365234375,0.20530200004577637,0.016770999878644943,151130,0.11320099979639053,0.13909199833869934,0.48146599531173706,0.2371399998664856,0.029100999236106873
34915,6003677,3476558,0.11574400216341019,0.16043099761009216,0.48930099606513977,0.21735100448131561,0.01717199943959713,944132,0.12047600001096725,0.16739000380039215,0.50937998294830322,0.19410000741481781,0.0086549995467066765,725708,0.10252200067043304,0.13986200094223022,0.46055999398231506,0.26633599400520325,0.030719999223947525,404740,0.11423400044441223,0.15711300075054169,0.48221299052238464,0.22552700340747833,0.02091200090944767,301417,0.12330800294876099,0.17009000480175018,0.48458099365234375,0.20525699853897095,0.016764000058174133,151122,0.1131339967250824,0.13898000121116638,0.48151201009750366,0.23725199699401855,0.029122000560164452
34916,6003869,3476665,0.11572799831628799,0.1604200005531311,0.48931300640106201,0.21736100316047668,0.017178000882267952,944140,0.12046799808740616,0.16740299761295319,0.50936198234558105,0.19410799443721771,0.00865899957716465,725665,0.1025250032544136,0.1398790031671524,0.46053600311279297,0.26633399724960327,0.030726000666618347,404780,0.11419499665498734,0.15716400742530823,0.48221999406814575,0.2254980057477951,0.020921999588608742,301466,0.12332399934530258,0.17008200287818909,0.48457899689674377,0.20524999499320984,0.01676500029861927,151153,0.11308400332927704,0.13909700512886047,0.48137998580932617,0.23731599748134613,0.029123000800609589
34917,6004052,3476616,0.11571499705314636,0.1604200005531311,0.48931300640106201,0.21736100316047668,0.017192000523209572,944206,0.12046799808740616,0.16740700602531433,0.50936597585678101,0.19409599900245667,0.008662000298500061,725680,0.10251499712467194,0.13987299799919128,0.46052899956703186,0.26634600758552551,0.030736999586224556,404834,0.11416999995708466,0.15719999372959137,0.4821699857711792,0.2255370020866394,0.020921999588608742,301486,0.12328899651765823,0.17008399963378906,0.48460298776626587,0.205253005027771,0.016769999638199806,151230,0.11299300193786621,0.13903999328613281,0.48153099417686462,0.23732699453830719,0.029108000919222832
34918,6004269,3476791,0.11571100354194641,0.16041900217533112,0.48931199312210083,0.21736399829387665,0.017193000763654709,944245,0.12046399712562561,0.16740599274635315,0.50935900211334229,0.1941010057926178,0.008669000118970871,725698,0.10249599814414978,0.1398719996213913,0.46048599481582642,0.26640599966049194,0.030740000307559967,404848,0.11412899941205978,0.15723900496959686,0.48218101263046265,0.22549000382423401,0.02096099965274334,301473,0.12333399802446365,0.17007200419902802,0.48459699749946594,0.20521900057792664,0.016777999699115753,151214,0.1129859983921051,0.13889600336551666,0.48169499635696411,0.23731300234794617,0.029110999777913094
34919,6004477,3476857,0.11571499705314636,0.16041600704193115,0.48929199576377869,0.21738199889659882,0.017195999622344971,944306,0.12045499682426453,0.16741600632667542,0.50937199592590332,0.19408400356769562,0.0086730001494288445,725705,0.10249099880456924,0.13987499475479126,0.46046799421310425,0.26638200879096985,0.030783999711275101,404880,0.11410299688577652,0.15713499486446381,0.48227900266647339,0.22550900280475616,0.020974000915884972,301503,0.12335900217294693,0.16999800503253937,0.48463898897171021,0.20523500442504883,0.016768999397754669,151226,0.11290399730205536,0.13895800709724426,0.48180198669433594,0.23723399639129639,0.02910199947655201
34920,6004737,3477051,0.1157120019197464,0.16040299832820892,0.48929399251937866,0.21738700568675995,0.017204999923706055,944365,0.12043999880552292,0.1674250066280365,0.50936299562454224,0.19410400092601776,0.0086679998785257339,725668,0.10248800367116928,0.13991500437259674,0.46041899919509888,0.26638498902320862,0.030794000253081322,404879,0.11414500325918198,0.15715299546718597,0.48222601413726807,0.22548499703407288,0.020990999415516853,301525,0.12332999706268311,0.16994300484657288,0.48465299606323242,0.20530000329017639,0.016775000840425491,151249,0.11284700036048889,0.13897000253200531,0.48184800148010254,0.2372249960899353,0.029110999777913094
34921,6005005,3477163,0.11571799963712692,0.16038599610328674,0.48928898572921753,0.21739299595355988,0.017214000225067139,944358,0.12042900174856186,0.1674250066280365,0.50936299562454224,0.19411399960517883,0.008669000118970871,725769,0.10245800018310547,0.13992899656295776,0.46045601367950439,0.26634100079536438,0.030815999954938889,404869,0.1141429990530014,0.15720400214195251,0.48218300938606262,0.22546599805355072,0.021004000678658485,301584,0.12338200211524963,0.1699260026216507,0.48458099365234375,0.20533299446105957,0.016777999699115753,151262,0.11286400258541107,0.13902999460697174,0.48183301091194153,0.2371709942817688,0.02910199947655201
34922,6005236,3477355,0.1157120019197464,0.16038399934768677,0.48929798603057861,0.21738399565219879,0.017221000045537949,944394,0.12041900306940079,0.16740900278091431,0.50934600830078125,0.19414600729942322,0.0086810002103447914,725737,0.10243900120258331,0.13994300365447998,0.46042200922966003,0.26637101173400879,0.030825000256299973,404932,0.11414799839258194,0.15716500580310822,0.48219498991966248,0.22547200322151184,0.021020999178290367,301589,0.12335699796676636,0.16991700232028961,0.48454400897026062,0.20536200702190399,0.016821000725030899,151229,0.11289499700069427,0.1390870064496994,0.48177298903465271,0.23711700737476349,0.029128000140190125
34923,6005485,3477493,0.11572100222110748,0.16038499772548676,0.48928400874137878,0.21738199889659882,0.017227999866008759,944429,0.12042900174856186,0.16739900410175323,0.50933599472045898,0.19415800273418427,0.008678000420331955,725735,0.10243300348520279,0.13993999361991882,0.46041899919509888,0.26637300848960876,0.030835999175906181,404953,0.11413399875164032,0.15723100304603577,0.48217898607254028,0.22540900111198425,0.021046999841928482,301616,0.1233460009098053,0.1698320060968399,0.48460298776626587,0.20538400113582611,0.016836000606417656,151259,0.1128460019826889,0.13899999856948853,0.4818820059299469,0.2371630072593689,0.02910899929702282
34924,6005718,3477570,0.11571799963712692,0.16038599610328674,0.48927098512649536,0.21739299595355988,0.017232000827789307,944474,0.12040899693965912,0.16738499701023102,0.50933998823165894,0.19418199360370636,0.0086840000003576279,725764,0.10245200246572495,0.13992300629615784,0.46045500040054321,0.26631200313568115,0.03085700049996376,404975,0.11413100361824036,0.15719200670719147,0.48216798901557922,0.2254360020160675,0.021073000505566597,301648,0.12334900349378586,0.16981099545955658,0.48462799191474915,0.20538200438022614,0.016830999404191971,151287,0.11289100348949432,0.13906699419021606,0.48181900382041931,0.23713900148868561,0.029084000736474991
34925,6005959,3477635,0.11570499837398529,0.16037799417972565,0.48927900195121765,0.21740099787712097,0.01723800040781498,944549,0.12042699754238129,0.16739000380039215,0.50930297374725342,0.19418700039386749,0.0086930003017187119,725846,0.10244199633598328,0.13991500437259674,0.46048098802566528,0.26629999279975891,0.030861999839544296,405006,0.11415600031614304,0.15717500448226929,0.482138991355896,0.22545799612998962,0.021071000024676323,301645,0.12331999838352203,0.16989199817180634,0.48459300398826599,0.20535700023174286,0.016837999224662781,151278,0.11297100037336349,0.1390949934720993,0.48176899552345276,0.23707300424575806,0.029092000797390938
34926,6006193,3477795,0.1157120019197464,0.16037300229072571,0.48925700783729553,0.21741800010204315,0.017240999266505241,944534,0.12041100114583969,0.16741299629211426,0.50929498672485352,0.19418799877166748,0.0086939996108412743,725902,0.10240499675273895,0.13995300233364105,0.46050000190734863,0.26625499129295349,0.030887000262737274,405026,0.11412400007247925,0.15711100399494171,0.48220399022102356,0.22550399601459503,0.02105800062417984,301659,0.12326499819755554,0.16991999745368958,0.48461300134658813,0.2053540050983429,0.016846999526023865,151277,0.11299800127744675,0.13914200663566589,0.48167899250984192,0.23704899847507477,0.029131999239325523
34927,6006429,3477993,0.11570599675178528,0.16037599742412567,0.48924198746681213,0.21743099391460419,0.017245000228285789,944587,0.12041600048542023,0.16740000247955322,0.50928002595901489,0.19421200454235077,0.0086930003017187119,725934,0.10241600126028061,0.13994200527667999,0.46048501133918762,0.2662540078163147,0.030902000144124031,405008,0.11407399922609329,0.1571200042963028,0.48227700591087341,0.22547900676727295,0.021049000322818756,301639,0.12331599742174149,0.16994200646877289,0.48457899689674377,0.20530200004577637,0.016860999166965485,151268,0.11297199875116348,0.13910399377346039,0.48172101378440857,0.23706300556659698,0.02913999930024147
34928,6006682,3478063,0.11570099741220474,0.16036699712276459,0.48923400044441223,0.2174450010061264,0.017253000289201736,944630,0.12040700018405914,0.16741299629211426,0.5092499852180481,0.19422699511051178,0.0087029999122023582,725995,0.10240299999713898,0.13997599482536316,0.46048000454902649,0.26624000072479248,0.030900999903678894,405047,0.11410000175237656,0.15711300075054169,0.48232400417327881,0.22538599371910095,0.021076999604701996,301641,0.12333200126886368,0.16989700496196747,0.48458299040794373,0.2053070068359375,0.016881000250577927,151306,0.11295700073242188,0.13913500308990479,0.48157998919487,0.23723399639129639,0.029092999175190926
34929,6006909,3478207,0.11569800227880478,0.16037300229072571,0.48922398686408997,0.21744400262832642,0.01726200059056282,944648,0.12042900174856186,0.16740000247955322,0.50922602415084839,0.19424000382423401,0.0087059997022151947,726019,0.10237900167703629,0.13995100557804108,0.46045801043510437,0.2662929892539978,0.030919000506401062,405086,0.11408399790525436,0.15713499486446381,0.48236700892448425,0.22534500062465668,0.021069999784231186,301660,0.12336099892854691,0.1699330061674118,0.4845690131187439,0.20524099469184875,0.016897000372409821,151289,0.11290299892425537,0.13915100693702698,0.48164099454879761,0.2372409999370575,0.029063999652862549
34930,6007196,3478407,0.11568599939346313,0.16036200523376465,0.48923501372337341,0.21744599938392639,0.017270000651478767,944686,0.12045300006866455,0.16738300025463104,0.50921601057052612,0.19424499571323395,0.0087029999122023582,725998,0.10240499675273895,0.13992899656295776,0.46046000719070435,0.26626798510551453,0.030937999486923218,405108,0.11415500193834305,0.15712800621986389,0.48237299919128418,0.22526299953460693,0.021081000566482544,301678,0.12337300181388855,0.16989000141620636,0.48452699184417725,0.20528200268745422,0.016929000616073608,151319,0.1128539964556694,0.13926899433135986,0.48151299357414246,0.23735299706459045,0.029012000188231468
34931,6007436,3478435,0.11569499969482422,0.16035699844360352,0.48922199010848999,0.21744400262832642,0.017280999571084976,944723,0.12044599652290344,0.16736400127410889,0.50923699140548706,0.19424499571323395,0.0087069999426603317,726087,0.10237199813127518,0.13995799422264099,0.46048501133918762,0.26624399423599243,0.030941000208258629,405154,0.1141590029001236,0.15706400573253632,0.48239201307296753,0.22529199719429016,0.02109299972653389,301689,0.12332600355148315,0.16992299258708954,0.48450198769569397,0.20531399548053741,0.016935000196099281,151348,0.11297100037336349,0.13917599618434906,0.48149299621582031,0.23736000061035156,0.028999000787734985
34932,6007648,3478552,0.11568500101566315,0.16035400331020355,0.48922699689865112,0.2174530029296875,0.017281999811530113,944714,0.12045600265264511,0.16734400391578674,0.50924700498580933,0.194241002202034,0.0087130004540085793,726104,0.10236000269651413,0.13997399806976318,0.46042999625205994,0.26626798510551453,0.030967999249696732,405201,0.11415299773216248,0.15708300471305847,0.48243701457977295,0.22523899376392365,0.021088000386953354,301696,0.12331999838352203,0.16988299787044525,0.48450800776481628,0.20534199476242065,0.016947999596595764,151381,0.11297299712896347,0.13932399451732635,0.48141399025917053,0.23724900186061859,0.029038999229669571
34933,6007914,3478797,0.11568800359964371,0.16034899652004242,0.48922199010848999,0.21745100617408752,0.017288999632000923,944738,0.12046600133180618,0.16731500625610352,0.50925397872924805,0.19424499571323395,0.0087190000340342522,726078,0.1023389995098114,0.13997100293636322,0.46042600274085999,0.26628300547599792,0.030982000753283501,405187,0.11414200067520142,0.1571200042963028,0.48238998651504517,0.22525399923324585,0.021093999966979027,301740,0.12327499687671661,0.16992799937725067,0.48449701070785522,0.20534899830818176,0.016952000558376312,151374,0.11302500218153,0.13927799463272095,0.48138999938964844,0.23725999891757965,0.029046999290585518
34934,6008158,3479011,0.11567799746990204,0.16034699976444244,0.4892210066318512,0.2174610048532486,0.017294000834226608,944760,0.12045600265264511,0.16733400523662567,0.50925201177597046,0.19423900544643402,0.0087200002744793892,726102,0.10236400365829468,0.13999000191688538,0.46039700508117676,0.26625901460647583,0.030990000814199448,405177,0.1141429990530014,0.15705999732017517,0.48244801163673401,0.22525699436664581,0.021091999486088753,301721,0.12330599874258041,0.16990500688552856,0.48444399237632751,0.20538799464702606,0.016955999657511711,151387,0.11311399936676025,0.1392190009355545,0.48123699426651001,0.2373259961605072,0.029103999957442284
34935,6008400,3479143,0.11565999686717987,0.16035999357700348,0.48921099305152893,0.21746900677680969,0.017300000414252281,944807,0.12046799808740616,0.16732700169086456,0.50923901796340942,0.19424499571323395,0.0087200002744793892,726134,0.10237199813127518,0.13997100293636322,0.46040299534797668,0.26626500487327576,0.030989000573754311,405157,0.11419499665498734,0.15702100098133087,0.48244801163673401,0.22523599863052368,0.0210999995470047,301768,0.12324400246143341,0.16996200382709503,0.48444199562072754,0.20536300539970398,0.016990000382065773,151391,0.1131180003285408,0.13922199606895447,0.48121100664138794,0.23728600144386292,0.029162999242544174
34936,6008624,3479273,0.11565499752759933,0.16036799550056458,0.48919600248336792,0.21747000515460968,0.01731099933385849,944820,0.12044399976730347,0.16730999946594238,0.50926297903060913,0.19426600635051727,0.0087169995531439781,726163,0.10233200341463089,0.13997800648212433,0.46041598916053772,0.2662850022315979,0.030989000573754311,405170,0.11422599852085114,0.1569959968328476,0.48243498802185059,0.22522200644016266,0.021121999248862267,301844,0.12324199825525284,0.16995500028133392,0.48448899388313293,0.20532099902629852,0.016992000862956047,151354,0.11315900087356567,0.13918399810791016,0.48116299510002136,0.23734399676322937,0.029149999842047691
34937,6008826,3479424,0.11564800143241882,0.16037200391292572,0.48918899893760681,0.21746799349784851,0.017323000356554985,944873,0.12044099718332291,0.16732700169086456,0.50923001766204834,0.19427800178527832,0.0087240003049373627,726111,0.10231400281190872,0.13994799554347992,0.46042999625205994,0.26631700992584229,0.030990999191999435,405178,0.11418399959802628,0.15704900026321411,0.48243999481201172,0.22519700229167938,0.021128999069333076,301881,0.12325099855661392,0.16995799541473389,0.48447200655937195,0.20532600581645966,0.016992999240756035,151359,0.11306200176477432,0.13919900357723236,0.48124700784683228,0.23735600709915161,0.029136000201106071
34938,6009049,3479574,0.11564300209283829,0.16037000715732574,0.48918598890304565,0.21747200191020966,0.017328999936580658,944907,0.12042699754238129,0.16733700037002563,0.50921100378036499,0.19429600238800049,0.0087289996445178986,726120,0.10227400064468384,0.13995100557804108,0.46043398976325989,0.26634401082992554,0.030998000875115395,405135,0.11416400223970413,0.15705600380897522,0.48243701457977295,0.22518900036811829,0.021152999252080917,301907,0.12324699759483337,0.16994300484657288,0.48447701334953308,0.20532500743865967,0.017008999362587929,151406,0.11313299834728241,0.13922199606895447,0.48122900724411011,0.23722299933433533,0.029193000867962837
34939,6009286,3479614,0.11564300209283829,0.1603659987449646,0.48917001485824585,0.21748100221157074,0.017339000478386879,944957,0.12043900042772293,0.16727699339389801,0.50923401117324829,0.1943189948797226,0.0087310001254081726,726135,0.10228300094604492,0.13997100293636322,0.46045801043510437,0.26627698540687561,0.031011000275611877,405199,0.11414100229740143,0.15704900026321411,0.48250898718833923,0.22515599429607391,0.02114499919116497,301917,0.12325599789619446,0.16990800201892853,0.48443099856376648,0.20537799596786499,0.017028000205755234,151464,0.11311600357294083,0.13926699757575989,0.48123601078987122,0.2372249960899353,0.029154999181628227
34940,6009511,3479759,0.11563000082969666,0.16037000715732574,0.48916599154472351,0.21749100089073181,0.017342999577522278,945010,0.12042400240898132,0.16728200018405914,0.50923198461532593,0.19432699680328369,0.0087350001558661461,726152,0.10227899998426437,0.13996900618076324,0.46045199036598206,0.26629400253295898,0.031005999073386192,405208,0.11413899809122086,0.15707500278949738,0.48250800371170044,0.22511200606822968,0.021167000755667686,301913,0.12331999838352203,0.16989299654960632,0.48441800475120544,0.20534400641918182,0.017024999484419823,151469,0.11311200261116028,0.13920299708843231,0.48116099834442139,0.2373490035533905,0.029174000024795532
34941,6009707,3479842,0.11561200022697449,0.16036200523376465,0.48918300867080688,0.21749700605869293,0.017346000298857689,945046,0.12040899693965912,0.16729100048542023,0.50923401117324829,0.19432799518108368,0.0087369997054338455,726169,0.10230299830436707,0.1399800032377243,0.46041598916053772,0.26628199219703674,0.031019000336527824,405240,0.11409799754619598,0.15711399912834167,0.48252600431442261,0.22509099543094635,0.021169999614357948,301907,0.12329299747943878,0.16993600130081177,0.48436799645423889,0.20536500215530396,0.017038000747561455,151503,0.11319199949502945,0.13927100598812103,0.48094099760055542,0.23742799460887909,0.029168000444769859
34942,6009962,3479936,0.11560600250959396,0.16037200391292572,0.48914998769760132,0.2175150066614151,0.017357999458909035,945132,0.12043000012636185,0.16726599633693695,0.50924098491668701,0.19431799650192261,0.0087460000067949295,726193,0.10230600088834763,0.13994200527667999,0.4604640007019043,0.26626798510551453,0.031019000336527824,405276,0.11408499628305435,0.15715999901294708,0.48247399926185608,0.22509400546550751,0.021188000217080116,301919,0.12323799729347229,0.16984699666500092,0.4845069944858551,0.20536999404430389,0.017038000747561455,151506,0.11329600214958191,0.13930100202560425,0.48091799020767212,0.23735000193119049,0.029133999720215797
34943,6010183,3480097,0.11561399698257446,0.16035999357700348,0.48914700746536255,0.21751199662685394,0.017366999760270119,945171,0.12041699886322021,0.16728000342845917,0.50921499729156494,0.19433599710464478,0.0087519995868206024,726198,0.10225000232458115,0.13994699716567993,0.46045199036598206,0.2663320004940033,0.031019000336527824,405237,0.11408600211143494,0.15715999901294708,0.48251301050186157,0.22506299614906311,0.021177999675273895,301973,0.12324599921703339,0.16987299919128418,0.48448699712753296,0.2053460031747818,0.017047999426722527,151507,0.11329499632120132,0.13933999836444855,0.48085600137710571,0.23740200698375702,0.029108000919222832
34944,6010415,3480214,0.11560899764299393,0.1603579968214035,0.48914200067520142,0.21751600503921509,0.017374999821186066,945207,0.12039300054311752,0.16727800667285919,0.50922298431396484,0.19435800611972809,0.0087479995563626289,726161,0.10222700238227844,0.13992999494075775,0.46046501398086548,0.26633098721504211,0.031046999618411064,405308,0.11410299688577652,0.15717899799346924,0.4824410080909729,0.22511500120162964,0.021161999553442001,301981,0.12319000065326691,0.16986499726772308,0.48451098799705505,0.20538400113582611,0.017051000148057938,151544,0.11337299644947052,0.13946400582790375,0.48081699013710022,0.23725099861621857,0.029093999415636063
34945,6010644,3480357,0.11560799926519394,0.16034999489784241,0.48914000391960144,0.21751099824905396,0.017389999702572823,945221,0.12037499994039536,0.16727499663829803,0.50923901796340942,0.19436100125312805,0.008750000037252903,726216,0.10221300274133682,0.139956995844841,0.46045699715614319,0.26633700728416443,0.031036000698804855,405316,0.11404699832201004,0.15719300508499146,0.48249301314353943,0.22509600222110748,0.021170999854803085,301992,0.12323799729347229,0.16985200345516205,0.48440399765968323,0.20545199513435364,0.017053000628948212,151542,0.11340799927711487,0.13939400017261505,0.48081099987030029,0.23725399374961853,0.029133999720215797
34946,6010887,3480609,0.11560499668121338,0.16035600006580353,0.48912599682807922,0.21751700341701508,0.017395999282598495,945181,0.1203479990363121,0.16727499663829803,0.50926297903060913,0.19435499608516693,0.0087580000981688499,726271,0.10223899781703949,0.13995599746704102,0.46045500040054321,0.26630601286888123,0.03104499913752079,405324,0.11404699832201004,0.15710100531578064,0.48252800107002258,0.22513799369335175,0.021185999736189842,302014,0.1232059970498085,0.16990600526332855,0.4843980073928833,0.20543700456619263,0.017052000388503075,151488,0.11340799927711487,0.13937699794769287,0.48069798946380615,0.23729300498962402,0.029223000630736351
34947,6011132,3480731,0.11560799926519394,0.16034199297428131,0.48912099003791809,0.21751900017261505,0.017410000786185265,945214,0.12037199735641479,0.16726399958133698,0.50926500558853149,0.19434599578380585,0.0087540000677108765,726265,0.10222300142049789,0.1400270015001297,0.46045300364494324,0.26625001430511475,0.031046999618411064,405366,0.11410199850797653,0.15703800320625305,0.4824950098991394,0.22519199550151825,0.021173000335693359,302047,0.12315999716520309,0.16992700099945068,0.48436200618743896,0.20549100637435913,0.017060000449419022,151509,0.11333999782800674,0.1394370049238205,0.48060500621795654,0.23739199340343475,0.029225999489426613
34948,6011347,3480856,0.11560100317001343,0.16034199297428131,0.48912501335144043,0.21750999987125397,0.017420999705791473,945222,0.1203560009598732,0.167262002825737,0.50924897193908691,0.19437600672245026,0.0087580000981688499,726331,0.10222200304269791,0.14004400372505188,0.46047699451446533,0.26619800925254822,0.031059000641107559,405395,0.11409399658441544,0.15704900026321411,0.48243099451065063,0.22524900734424591,0.021176999434828758,302018,0.12315499782562256,0.16995300352573395,0.48425599932670593,0.20556400716304779,0.017071999609470367,151525,0.11338099837303162,0.13938300311565399,0.48057401180267334,0.23745299875736237,0.029209999367594719
34949,6011584,3480981,0.11559399962425232,0.1603509932756424,0.48909899592399597,0.21752700209617615,0.017427999526262283,945239,0.1203790009021759,0.16724100708961487,0.50923800468444824,0.19437900185585022,0.0087620001286268234,726373,0.10222399979829788,0.14004799723625183,0.46048501133918762,0.26618099212646484,0.031060999259352684,405424,0.11409000307321548,0.15703299641609192,0.48243299126625061,0.22524599730968475,0.021198000758886337,302021,0.12313400208950043,0.17000800371170044,0.48428401350975037,0.20550599694252014,0.017068000510334969,151546,0.11335799843072891,0.13926500082015991,0.48058000206947327,0.23759099841117859,0.02920600026845932
34950,6011800,3481144,0.11558900028467178,0.16035699844360352,0.48910799622535706,0.2175150066614151,0.017430000007152557,945313,0.1203790009021759,0.16723600029945374,0.5092499852180481,0.19436199963092804,0.0087729999795556068,726387,0.1022460013628006,0.14003700017929077,0.46042001247406006,0.26622000336647034,0.031076999381184578,405391,0.1140730008482933,0.1570190042257309,0.48238900303840637,0.22531600296497345,0.02120400033891201,302017,0.12307900190353394,0.17000000178813934,0.48429098725318909,0.20553100109100342,0.017098000273108482,151548,0.11331699788570404,0.13925600051879883,0.48065298795700073,0.23756200075149536,0.029211999848484993
34951,6012038,3481256,0.11559399962425232,0.16035300493240356,0.48907500505447388,0.21754199266433716,0.017436999827623367,945361,0.12038300186395645,0.16725899279117584,0.50923401117324829,0.194349005818367,0.0087750004604458809,726406,0.10221400111913681,0.14000800251960754,0.46050998568534851,0.26616498827934265,0.031101999804377556,405375,0.11407499760389328,0.15706700086593628,0.48234400153160095,0.22530999779701233,0.021205000579357147,302055,0.12303400039672852,0.17002500593662262,0.48430600762367249,0.20555500686168671,0.017079999670386314,151585,0.11322399973869324,0.13931499421596527,0.48072001338005066,0.23755000531673431,0.0291920006275177
34952,6012287,3481404,0.11559599637985229,0.16034199297428131,0.48905399441719055,0.21755999326705933,0.017447000369429588,945394,0.12037599831819534,0.16725200414657593,0.50923097133636475,0.19435599446296692,0.0087850000709295273,726464,0.10219500213861465,0.14001500606536865,0.460548996925354,0.26611500978469849,0.031125999987125397,405424,0.11408799886703491,0.15700100362300873,0.48236700892448425,0.22535699605941772,0.021188000217080116,302047,0.12303099781274796,0.17007899284362793,0.48426198959350586,0.20555700361728668,0.017069999128580093,151554,0.11331900209188461,0.13937599956989288,0.48061400651931763,0.23747999966144562,0.029210999608039856
34953,6012516,3481548,0.1155880019068718,0.16034799814224243,0.48905101418495178,0.21755099296569824,0.017462000250816345,945451,0.12037000060081482,0.1672540009021759,0.50923198461532593,0.19435200095176697,0.0087930001318454742,726434,0.10216300189495087,0.14000700414180756,0.46054700016975403,0.26616498827934265,0.03111799992620945,405453,0.11408499628305435,0.15705400705337524,0.48233199119567871,0.22534500062465668,0.021183999255299568,302041,0.12301000207662582,0.17007000744342804,0.4842190146446228,0.20561100542545319,0.017090000212192535,151589,0.11343800276517868,0.13928499817848206,0.48058900237083435,0.23743799328804016,0.029249999672174454
34954,6012772,3481718,0.11558499932289124,0.16034300625324249,0.48904898762702942,0.21755099296569824,0.017472000792622566,945468,0.12035500258207321,0.16723999381065369,0.50924700498580933,0.19436100125312805,0.0087970001623034477,726420,0.10215000063180923,0.13999900221824646,0.46051299571990967,0.26621100306510925,0.031127000227570534,405488,0.11405999958515167,0.15707699954509735,0.48231300711631775,0.22535300254821777,0.0211970005184412,302080,0.123089998960495,0.17000100016593933,0.4841960072517395,0.20561400055885315,0.017098000273108482,151598,0.11337199807167053,0.13931599259376526,0.48064601421356201,0.23743699491024017,0.029229000210762024
34955,6012978,3481824,0.11556699872016907,0.16035500168800354,0.48905199766159058,0.21754199266433716,0.017483999952673912,945519,0.12035100162029266,0.16722500324249268,0.50925499200820923,0.19436800479888916,0.0088020004332065582,726440,0.10212799906730652,0.14003400504589081,0.4604949951171875,0.26620098948478699,0.031142000108957291,405499,0.1140889972448349,0.15704399347305298,0.48229700326919556,0.22535699605941772,0.021213000640273094,302090,0.12311899662017822,0.17001199722290039,0.48412400484085083,0.20562699437141418,0.017116999253630638,151606,0.11336000263690948,0.13926200568675995,0.48072001338005066,0.23743799328804016,0.02921999990940094
34956,6013224,3481964,0.11556500196456909,0.1603579968214035,0.48904699087142944,0.21753999590873718,0.017489999532699585,945560,0.12034499645233154,0.1672230064868927,0.50927597284317017,0.19435299932956696,0.0088039999827742577,726411,0.1021139994263649,0.13999399542808533,0.46045699715614319,0.26627600193023682,0.031159000471234322,405531,0.11409199982881546,0.15703600645065308,0.48232600092887878,0.22530999779701233,0.021236000582575798,302132,0.1231049969792366,0.17001800239086151,0.48413598537445068,0.20561900734901428,0.017122000455856323,151626,0.1134440004825592,0.13939599692821503,0.48050498962402344,0.23743300139904022,0.029223000630736351
34957,6013452,3482139,0.11555600166320801,0.16037000715732574,0.48904299736022949,0.21753600239753723,0.01749500073492527,945558,0.12034299969673157,0.16720099747180939,0.50928002595901489,0.1943729966878891,0.0088029997423291206,726426,0.10211800038814545,0.13999399542808533,0.46040099859237671,0.26631200313568115,0.031176000833511353,405557,0.11408799886703491,0.15703299641609192,0.48230499029159546,0.22532999515533447,0.021245000883936882,302131,0.1230660006403923,0.17000600695610046,0.48419100046157837,0.2056259959936142,0.017111999914050102,151641,0.11349800229072571,0.13935500383377075,0.48048999905586243,0.23738299310207367,0.029272999614477158
34958,6013678,3482298,0.11555399745702744,0.16036400198936462,0.48904499411582947,0.21753400564193726,0.017503000795841217,945603,0.12032599747180939,0.16719900071620941,0.50928497314453125,0.19438299536705017,0.0088069997727870941,726412,0.10210700333118439,0.14000000059604645,0.46038699150085449,0.26631399989128113,0.031190000474452972,405548,0.11406999826431274,0.15706899762153625,0.48226800560951233,0.22534899413585663,0.021243000403046608,302167,0.1230510026216507,0.1699330061674118,0.4842190146446228,0.20567399263381958,0.01712300069630146,151650,0.11348500102758408,0.13947199285030365,0.48048099875450134,0.23728999495506287,0.029270999133586884
34959,6013936,3482444,0.11556299775838852,0.16035699844360352,0.48902800679206848,0.21754099428653717,0.017511000856757164,945623,0.12030400335788727,0.16720500588417053,0.50928801298141479,0.19438999891281128,0.0088130002841353416,726475,0.10207200050354004,0.14003199338912964,0.46037599444389343,0.26631501317024231,0.031204000115394592,405562,0.1140659973025322,0.15707600116729736,0.4822390079498291,0.2253739982843399,0.021245000883936882,302165,0.12304200232028961,0.16997300088405609,0.48422899842262268,0.20564299821853638,0.017113000154495239,151667,0.11357100307941437,0.13925200700759888,0.48064500093460083,0.23721699416637421,0.029314000159502029
34960,6014167,3482692,0.11554799973964691,0.16034899652004242,0.48905101418495178,0.21753500401973724,0.017517000436782837,945662,0.12029200047254562,0.1672150045633316,0.50928801298141479,0.19438999891281128,0.0088149998337030411,726453,0.10209199786186218,0.14002600312232971,0.4602929949760437,0.26637399196624756,0.031215999275445938,405544,0.11407399922609329,0.15714199841022491,0.48215198516845703,0.22539100050926208,0.021240999922156334,302163,0.12310200184583664,0.16993799805641174,0.48425799608230591,0.20558099448680878,0.017119999974966049,151653,0.1135220006108284,0.13923199474811554,0.48067000508308411,0.23722599446773529,0.029349999502301216
34961,6014403,3482897,0.11554499715566635,0.16034699976444244,0.48904100060462952,0.21753999590873718,0.017526999115943909,945711,0.12030000239610672,0.16721899807453156,0.50927400588989258,0.19438999891281128,0.0088170003145933151,726454,0.10208799690008163,0.14002299308776855,0.46028900146484375,0.26636600494384766,0.031233999878168106,405534,0.11405900120735168,0.15712100267410278,0.48213198781013489,0.22543899714946747,0.021248999983072281,302184,0.12308099865913391,0.16994300484657288,0.48423099517822266,0.2056259959936142,0.017118999734520912,151623,0.1134520024061203,0.13917399942874908,0.48078501224517822,0.23725299537181854,0.029335999861359596
34962,6014632,3482915,0.11554799973964691,0.16033999621868134,0.4890190064907074,0.21755300462245941,0.017539000138640404,945768,0.12029500305652618,0.16723300516605377,0.50926297903060913,0.19438700377941132,0.0088210003450512886,726568,0.10209199786186218,0.13999800384044647,0.46031498908996582,0.26637101173400879,0.031223999336361885,405559,0.11404500156641006,0.15711900591850281,0.48220598697662354,0.22536499798297882,0.021263999864459038,302165,0.12303899973630905,0.17001299560070038,0.48414599895477295,0.20567600429058075,0.017125999554991722,151657,0.11349999904632568,0.13921500742435455,0.48072299361228943,0.23718699812889099,0.029374999925494194
34963,6014872,3482937,0.1155489981174469,0.16033999621868134,0.48900699615478516,0.21755699813365936,0.017548000440001488,945839,0.12031800299882889,0.1672150045633316,0.50924497842788696,0.19438399374485016,0.008839000016450882,726643,0.10207600146532059,0.13996100425720215,0.46033200621604919,0.26638799905776978,0.031241999939084053,405583,0.11403299868106842,0.15715399384498596,0.48216301202774048,0.22538399696350098,0.021266000345349312,302172,0.12300600111484528,0.16999900341033936,0.48418799042701721,0.20566399395465851,0.017142999917268753,151698,0.11350800096988678,0.13923700153827667,0.48075801134109497,0.23716899752616882,0.029327999800443649
34964,6015051,3483050,0.11553800106048584,0.16034799814224243,0.48900100588798523,0.2175540030002594,0.017559999600052834,945809,0.12029299885034561,0.16719700396060944,0.50927400588989258,0.1943880021572113,0.0088489996269345284,726678,0.10207299888134003,0.13994599878787994,0.46033701300621033,0.26639199256896973,0.031252000480890274,405634,0.11399400234222412,0.15715900063514709,0.48216098546981812,0.22543500363826752,0.021251000463962555,302149,0.12302900105714798,0.16996599733829498,0.48419800400733948,0.20565700531005859,0.017149999737739563,151731,0.11350400000810623,0.13929900527000427,0.48076501488685608,0.23714299499988556,0.029288999736309052
34965,6015270,3483215,0.1155330017209053,0.16034999489784241,0.48898801207542419,0.21756300330162048,0.017565999180078506,945835,0.12027700245380402,0.1671999990940094,0.50927400588989258,0.19438900053501129,0.0088600004091858864,726641,0.10202299803495407,0.13991600275039673,0.46043100953102112,0.26637798547744751,0.031252000480890274,405674,0.11405199766159058,0.1571660041809082,0.48208200931549072,0.22543700039386749,0.021262999624013901,302139,0.12302900105714798,0.16999100148677826,0.48415800929069519,0.2056799978017807,0.017140999436378479,151766,0.1134440004825592,0.13932600617408752,0.48073300719261169,0.23718099296092987,0.029315000399947166
34966,6015519,3483329,0.11552900075912476,0.16034600138664246,0.48898598551750183,0.21756400167942047,0.01757499948143959,945866,0.12027599662542343,0.16720299422740936,0.50926697254180908,0.19439800083637238,0.0088560003787279129,726721,0.10201899707317352,0.13992300629615784,0.46042600274085999,0.2663550078868866,0.031277000904083252,405661,0.11403600126504898,0.15715600550174713,0.48206299543380737,0.22549399733543396,0.021252000704407692,302149,0.12303200364112854,0.16998900473117828,0.48413199186325073,0.20568700134754181,0.017160000279545784,151793,0.11335799843072891,0.13943299651145935,0.48074701428413391,0.23715199530124664,0.029309999197721481
34967,6015800,3483509,0.1155259981751442,0.16034699976444244,0.48897498846054077,0.21757100522518158,0.017581000924110413,945928,0.12028100341558456,0.16720099747180939,0.50926798582077026,0.1943880021572113,0.0088619999587535858,726691,0.10205899924039841,0.13989199697971344,0.46043801307678223,0.26632198691368103,0.031289998441934586,405699,0.11406700313091278,0.1570889949798584,0.4820370078086853,0.22552700340747833,0.021278999745845795,302170,0.12298700213432312,0.17005300521850586,0.48410800099372864,0.20568899810314178,0.017162999138236046,151803,0.11331100016832352,0.13953599333763123,0.48062300682067871,0.23724199831485748,0.029287999495863914
34968,6016039,3483727,0.11552199721336365,0.16032999753952026,0.48898300528526306,0.21757599711418152,0.017587000504136086,945961,0.12026999890804291,0.1672080010175705,0.50927001237869263,0.1943880021572113,0.0088640004396438599,726717,0.10205999761819839,0.13987599313259125,0.46041598916053772,0.2663390040397644,0.03130900114774704,405688,0.11410000175237656,0.15709400177001953,0.48194900155067444,0.22557699680328369,0.021279999986290932,302150,0.12295500189065933,0.17009800672531128,0.48413699865341187,0.20564599335193634,0.017163999378681183,151796,0.11330299824476242,0.1395689994096756,0.48055899143218994,0.23725900053977966,0.029309000819921494
34969,6016256,3483821,0.1155180037021637,0.16033099591732025,0.48898398876190186,0.21757000684738159,0.017596999183297157,945954,0.12023399770259857,0.16721600294113159,0.50928801298141479,0.1943960040807724,0.0088649997487664223,726787,0.10205899924039841,0.13990800082683563,0.46038100123405457,0.26633799076080322,0.031314998865127563,405699,0.11411699652671814,0.15704299509525299,0.48192900419235229,0.22564500570297241,0.021267000585794449,302170,0.1229109987616539,0.17011000216007233,0.48410201072692871,0.20569500327110291,0.017181999981403351,151825,0.11330100148916245,0.13962100446224213,0.48059898614883423,0.2371550053358078,0.029323000460863113
34970,6016525,3483911,0.11551900207996368,0.16033099591732025,0.48896101117134094,0.21757799386978149,0.017610000446438789,945978,0.12020999938249588,0.16721199452877045,0.50929498672485352,0.19441500306129456,0.0088679995387792587,726881,0.10209400206804276,0.13989399373531342,0.46040299534797668,0.26630198955535889,0.031307999044656754,405692,0.11417800188064575,0.1570030003786087,0.48188298940658569,0.22566099464893341,0.021275000646710396,302228,0.12288700044155121,0.17008699476718903,0.48413398861885071,0.20570600032806396,0.01718599908053875,151835,0.1132349967956543,0.13957899808883667,0.48067298531532288,0.23718500137329102,0.029327999800443649
34971,6016781,3484108,0.11551500111818314,0.16032299399375916,0.488972008228302,0.21757499873638153,0.017616000026464462,945986,0.12019699811935425,0.16719800233840942,0.50927197933197021,0.19446000456809998,0.0088729998096823692,726886,0.10214000195264816,0.13991899788379669,0.46036499738693237,0.2662540078163147,0.03132300078868866,405722,0.11411499977111816,0.15698400139808655,0.48188400268554688,0.22574099898338318,0.021276000887155533,302264,0.12286599725484848,0.17013899981975555,0.48405998945236206,0.20572100579738617,0.017212999984622002,151815,0.11322999745607376,0.13955099880695343,0.48060500621795654,0.2372560054063797,0.029357999563217163
34972,6016993,3484256,0.1155180037021637,0.16031000018119812,0.48896801471710205,0.21757599711418152,0.017627999186515808,945996,0.12018699944019318,0.1672080010175705,0.50924801826477051,0.19448000192642212,0.0088769998401403427,726907,0.10214400291442871,0.13993300497531891,0.46035200357437134,0.26623201370239258,0.031339999288320541,405783,0.11413700133562088,0.15703199803829193,0.48186099529266357,0.22570399940013885,0.021265000104904175,302226,0.12286499887704849,0.17008499801158905,0.48413100838661194,0.20572000741958618,0.017199000343680382,151825,0.11318299919366837,0.13947600126266479,0.48056599497795105,0.2374110072851181,0.029363000765442848
34973,6017259,3484372,0.11550399661064148,0.16030800342559814,0.48897099494934082,0.21758100390434265,0.017636999487876892,946031,0.12020000070333481,0.16722500324249268,0.50922697782516479,0.19447100162506104,0.0088759995996952057,726995,0.10216999799013138,0.1399800032377243,0.46027299761772156,0.26623201370239258,0.031344998627901077,405772,0.11414799839258194,0.15701200067996979,0.48191601037979126,0.2256540060043335,0.021270999684929848,302277,0.12288399785757065,0.17007200419902802,0.48411598801612854,0.20569500327110291,0.017232999205589294,151812,0.11321199685335159,0.1394290030002594,0.48043599724769592,0.23757000267505646,0.02935199998319149
34974,6017486,3484579,0.11549399793148041,0.16031600534915924,0.48895800113677979,0.21759200096130371,0.017640000209212303,946068,0.12018900364637375,0.1672230064868927,0.50923299789428711,0.19448000192642212,0.0088759995996952057,727009,0.10215099900960922,0.1399649977684021,0.46031498908996582,0.26617801189422607,0.031390000134706497,405747,0.1141669973731041,0.15699400007724762,0.48184999823570251,0.22571000456809998,0.021278999745845795,302272,0.12286599725484848,0.17008200287818909,0.48416998982429504,0.2056490033864975,0.017232999205589294,151811,0.11329200118780136,0.13943000137805939,0.48034098744392395,0.23759099841117859,0.029346000403165817
34975,6017732,3484731,0.1154949963092804,0.16030199825763702,0.48896199464797974,0.21759200096130371,0.017649000510573387,946164,0.12018699944019318,0.16722199320793152,0.50921398401260376,0.19449199736118317,0.0088849999010562897,726995,0.10211300104856491,0.13999299705028534,0.46029499173164368,0.26620399951934814,0.031394999474287033,405722,0.1141669973731041,0.15699400007724762,0.48181501030921936,0.22572599351406097,0.0212980005890131,302279,0.12291000038385391,0.17006799578666687,0.48416900634765625,0.20563499629497528,0.017218999564647675,151841,0.11338800191879272,0.13950100541114807,0.48028498888015747,0.23747199773788452,0.029353000223636627
34976,6017975,3484949,0.11548600345849991,0.16030900180339813,0.48896101117134094,0.21759000420570374,0.017652999609708786,946216,0.1201850026845932,0.16723200678825378,0.50920701026916504,0.19448100030422211,0.0088940002024173737,727047,0.10212799906730652,0.1399260014295578,0.46029099822044373,0.2662389874458313,0.031415998935699463,405640,0.11413799971342087,0.15702299773693085,0.48179200291633606,0.22573000192642212,0.021316999569535255,302276,0.12294100224971771,0.17007000744342804,0.48415398597717285,0.20560300350189209,0.017232999205589294,151847,0.11346899718046188,0.13950900733470917,0.48018699884414673,0.23750199377536774,0.029332000762224197
34977,6018207,3485142,0.1154789999127388,0.16031000018119812,0.48894301056861877,0.21760900318622589,0.017659999430179596,946269,0.12017899751663208,0.16723600029945374,0.50921201705932617,0.19447700679302216,0.0088950004428625107,726993,0.10209999978542328,0.13995899260044098,0.46024501323699951,0.26627999544143677,0.031415998935699463,405651,0.11412499845027924,0.15706899762153625,0.48183000087738037,0.22564199566841125,0.021333999931812286,302296,0.12286999821662903,0.17010800540447235,0.48423099517822266,0.20555299520492554,0.01723800040781498,151856,0.11354199796915054,0.13943499326705933,0.48019200563430786,0.23748199641704559,0.029349999502301216
34978,6018419,3485248,0.11546699702739716,0.16030900180339813,0.48893898725509644,0.21761700510978699,0.017666999250650406,946325,0.12016899883747101,0.16722999513149261,0.50920999050140381,0.19448700547218323,0.0089039998129010201,727013,0.10212499648332596,0.13990700244903564,0.46029898524284363,0.26623699069023132,0.031433001160621643,405656,0.11406199634075165,0.15711300075054169,0.48176801204681396,0.22571800649166107,0.021338000893592834,302333,0.12289100140333176,0.17010700702667236,0.48417499661445618,0.20557799935340881,0.017248999327421188,151844,0.11357700079679489,0.13956399261951447,0.48010501265525818,0.23742799460887909,0.029325999319553375
34979,6018638,3485377,0.11546500027179718,0.16030199825763702,0.48893600702285767,0.21762299537658691,0.017673999071121216,946331,0.12015199661254883,0.16722699999809265,0.50921100378036499,0.19450899958610535,0.0089010000228881836,727031,0.10209900140762329,0.13989600539207458,0.46035200357437134,0.26621600985527039,0.031436998397111893,405695,0.11408299952745438,0.15709599852561951,0.48177099227905273,0.22568699717521667,0.021362999454140663,302344,0.12288700044155121,0.17010399699211121,0.48423999547958374,0.20552100241184235,0.017248999327421188,151860,0.11365099996328354,0.13957600295543671,0.47994899749755859,0.23749500513076782,0.029330000281333923
34980,6018918,3485544,0.11546099931001663,0.160303995013237,0.4889410138130188,0.21761000156402588,0.017684999853372574,946355,0.12014999985694885,0.16721199452877045,0.50920301675796509,0.19453300535678864,0.0089020002633333206,727056,0.10210999846458435,0.13989800214767456,0.46030399203300476,0.26625499129295349,0.031431999057531357,405780,0.11415500193834305,0.15702599287033081,0.48174101114273071,0.22570399940013885,0.021374000236392021,302316,0.12289100140333176,0.17009000480175018,0.48424500226974487,0.20553299784660339,0.017240000888705254,151867,0.11367200314998627,0.13956299424171448,0.47982800006866455,0.23759600520133972,0.029340999200940132
34981,6019148,3485737,0.11544899642467499,0.16030800342559814,0.48894000053405762,0.21761399507522583,0.017688000574707985,946377,0.12014299631118774,0.1672080010175705,0.50920397043228149,0.19454400241374969,0.0088999997824430466,727008,0.10212700068950653,0.13990500569343567,0.46024700999259949,0.26626798510551453,0.031454000622034073,405818,0.11411000043153763,0.1570730060338974,0.48174598813056946,0.22568200528621674,0.021389000117778778,302325,0.12294399738311768,0.17008200287818909,0.4842039942741394,0.20552100241184235,0.017249999567866325,151883,0.11365299671888351,0.13954199850559235,0.47986900806427002,0.23760400712490082,0.029332000762224197
34982,6019388,3485949,0.11543600261211395,0.16031399369239807,0.48894301056861877,0.21761800348758698,0.01768999919295311,946388,0.12015700340270996,0.16720199584960938,0.50918298959732056,0.19455899298191071,0.0088989995419979095,727006,0.10211499780416489,0.13991899788379669,0.46026301383972168,0.26622301340103149,0.031479999423027039,405826,0.1141669973731041,0.15705500543117523,0.48165199160575867,0.22571499645709991,0.021410999819636345,302337,0.12296900153160095,0.17007200419902802,0.48422101140022278,0.20551900565624237,0.017218999564647675,151882,0.11364699900150299,0.13945700228214264,0.47982001304626465,0.23771700263023376,0.029357999563217163
34983,6019611,3486076,0.1154249981045723,0.16032099723815918,0.48892998695373535,0.21762800216674805,0.017696000635623932,946434,0.12013299763202667,0.16722600162029266,0.50916898250579834,0.19456900656223297,0.008902999572455883,727012,0.10213000327348709,0.13991899788379669,0.46023699641227722,0.2662070095539093,0.031505998224020004,405815,0.11419200152158737,0.15702199935913086,0.48171201348304749,0.2256619930267334,0.021410999819636345,302339,0.12291199713945389,0.1700810045003891,0.48420500755310059,0.20557400584220886,0.017229000106453896,151935,0.11370000243186951,0.13936200737953186,0.47988900542259216,0.23764799535274506,0.029401000589132309
34984,6019863,3486232,0.11541999876499176,0.16031700372695923,0.48892799019813538,0.217631995677948,0.017702000215649605,946455,0.12014299631118774,0.1672080010175705,0.50916498899459839,0.19457399845123291,0.0089090000838041306,727064,0.10213500261306763,0.13991199433803558,0.46022200584411621,0.26621899008750916,0.031511999666690826,405804,0.11413899809122086,0.15702900290489197,0.48176500201225281,0.2256460040807724,0.021422000601887703,302357,0.12293700128793716,0.17006400227546692,0.48421600461006165,0.20555500686168671,0.017227999866008759,151951,0.11373399943113327,0.1393669992685318,0.47985899448394775,0.23764200508594513,0.029397999867796898
34985,6020064,3486373,0.11540800333023071,0.16031600534915924,0.48892399668693542,0.2176470011472702,0.017705999314785004,946462,0.12014000117778778,0.16721400618553162,0.50914597511291504,0.19458800554275513,0.008911999873816967,727139,0.10217300057411194,0.13992899656295776,0.4602380096912384,0.26613900065422058,0.03152099996805191,405783,0.11415699869394302,0.15700800716876984,0.48173001408576965,0.22564999759197235,0.021454999223351479,302357,0.12288100272417068,0.17004400491714478,0.48423901200294495,0.20559099316596985,0.017245000228285789,151950,0.11370799690485001,0.13923700153827667,0.48000699281692505,0.23763099312782288,0.029417999088764191
34986,6020332,3486525,0.11540599912405014,0.16031800210475922,0.48891699314117432,0.21764500439167023,0.017713999375700951,946543,0.12013699859380722,0.16721400618553162,0.50914198160171509,0.19459199905395508,0.0089149996638298035,727130,0.10218500345945358,0.13992400467395782,0.46021801233291626,0.26614999771118164,0.031523000448942184,405745,0.11416999995708466,0.15699799358844757,0.48169198632240295,0.22566400468349457,0.021477000787854195,302386,0.1229029968380928,0.17006400227546692,0.48420199751853943,0.20559500157833099,0.017235999926924706,152003,0.11360300332307816,0.13914899528026581,0.48016801476478577,0.23768599331378937,0.029394000768661499
34987,6020527,3486591,0.11539900302886963,0.1603190004825592,0.48891100287437439,0.21765199303627014,0.017720000818371773,946615,0.12011399865150452,0.16722600162029266,0.50914198160171509,0.19460199773311615,0.0089159999042749405,727189,0.10215099900960922,0.13997000455856323,0.46022799611091614,0.26612100005149841,0.031530000269412994,405726,0.11414399743080139,0.15701000392436981,0.48168998956680298,0.22564700245857239,0.02150999940931797,302398,0.12294100224971771,0.17007400095462799,0.48413699865341187,0.20559300482273102,0.01725500077009201,152008,0.11359299719333649,0.13910500705242157,0.48005399107933044,0.23780299723148346,0.02944600023329258
34988,6020782,3486721,0.11539000272750854,0.16032299399375916,0.48891401290893555,0.2176470011472702,0.017726000398397446,946682,0.12013299763202667,0.1672230064868927,0.50912702083587646,0.19460700452327728,0.0089100003242492676,727246,0.10215800255537033,0.13996399939060211,0.46018001437187195,0.26616001129150391,0.031537998467683792,405730,0.1141280010342598,0.15698100626468658,0.48164799809455872,0.22571200132369995,0.021531999111175537,302403,0.12289199978113174,0.17005500197410583,0.48421800136566162,0.20557999610900879,0.01725500077009201,152000,0.11358600109815598,0.13910500705242157,0.48003900051116943,0.23777599632740021,0.029493000358343124
34989,6020998,3486810,0.11537999659776688,0.16033400595188141,0.48888799548149109,0.21766500174999237,0.017733000218868256,946691,0.1201459988951683,0.16721099615097046,0.50912100076675415,0.1946139931678772,0.0089090000838041306,727305,0.10214400291442871,0.13992099463939667,0.46023601293563843,0.26614600419998169,0.031553000211715698,405782,0.11413499712944031,0.1569489985704422,0.4817039966583252,0.22566300630569458,0.021548999473452568,302409,0.12286700308322906,0.17002800107002258,0.4842509925365448,0.20559599995613098,0.017257999628782272,152001,0.11358500272035599,0.13921600580215454,0.47992399334907532,0.23778100311756134,0.029493000358343124
34990,6021216,3486933,0.11538399755954742,0.16032400727272034,0.48886901140213013,0.21768000721931458,0.01774200052022934,946712,0.12012600153684616,0.16721999645233154,0.50911897420883179,0.19461700320243835,0.0089180003851652145,727332,0.10211999714374542,0.13991999626159668,0.46028399467468262,0.26611500978469849,0.031562000513076782,405815,0.11412099748849869,0.15692099928855896,0.48173698782920837,0.22565700113773346,0.021563999354839325,302414,0.12282799929380417,0.17005500197410583,0.48431000113487244,0.20553599298000336,0.017271000891923904,152010,0.11351200193166733,0.13936600089073181,0.4798240065574646,0.2378000020980835,0.02949799969792366
34991,6021467,3487170,0.11537700146436691,0.16031800210475922,0.48885700106620789,0.21769499778747559,0.017752999439835548,946719,0.12013699859380722,0.16722799837589264,0.50908297300338745,0.1946289986371994,0.008922000415623188,727323,0.10212200134992599,0.13996100425720215,0.46022701263427734,0.26611599326133728,0.03157300129532814,405844,0.11416900157928467,0.1569489985704422,0.48170000314712524,0.22561100125312805,0.021570000797510147,302410,0.12286300212144852,0.17001800239086151,0.48432299494743347,0.20553599298000336,0.017261000350117683,152001,0.11346600204706192,0.13926899433135986,0.4800029993057251,0.23782700300216675,0.029433999210596085
34992,6021704,3487380,0.11536599695682526,0.16032800078392029,0.48883399367332458,0.21771200001239777,0.017759999260306358,946725,0.12010999768972397,0.16723200678825378,0.50911098718643188,0.19462600350379944,0.008921000175178051,727322,0.1021139994263649,0.13993500173091888,0.46026399731636047,0.266090989112854,0.031594999134540558,405867,0.11417499929666519,0.15693299472332001,0.48170700669288635,0.22560299932956696,0.021580999717116356,302407,0.1228640004992485,0.17004199326038361,0.48429399728775024,0.20555099844932556,0.017247999086976051,152003,0.11354999989271164,0.13922099769115448,0.48001700639724731,0.23777200281620026,0.029440000653266907
34993,6021920,3487449,0.11536099761724472,0.16032500565052032,0.48882898688316345,0.21771900355815887,0.01776600070297718,946789,0.12010700255632401,0.16722600162029266,0.5091170072555542,0.19462800025939941,0.008922000415623188,727399,0.10212600231170654,0.13994200527667999,0.46022099256515503,0.26610401272773743,0.031606998294591904,405867,0.1141510009765625,0.15699200332164764,0.48172900080680847,0.22552700340747833,0.021601000800728798,302443,0.12289900332689285,0.17003899812698364,0.48427599668502808,0.20554299652576447,0.017242999747395515,151973,0.11358600109815598,0.13916300237178802,0.4800260066986084,0.23775899410247803,0.029465999454259872
34994,6022154,3487562,0.11537099629640579,0.16031500697135925,0.48883301019668579,0.21771100163459778,0.017769999802112579,946810,0.12010300159454346,0.16721400618553162,0.50910800695419312,0.19464999437332153,0.0089239999651908875,727453,0.10213399678468704,0.13996200263500214,0.46015599370002747,0.26613399386405945,0.031612999737262726,405885,0.11401800066232681,0.15703199803829193,0.48178398609161377,0.2255609929561615,0.021604999899864197,302455,0.12286800146102905,0.17004199326038361,0.48425999283790588,0.2055480033159256,0.017281999811530113,151989,0.1136000007390976,0.13915500044822693,0.47992900013923645,0.23779399693012238,0.029521999880671501
34995,6022421,3487797,0.11537099629640579,0.16031700372695923,0.4888170063495636,0.2177170068025589,0.017779000103473663,946798,0.12009499967098236,0.16720500588417053,0.50912797451019287,0.19464099407196045,0.0089309997856616974,727441,0.10215499997138977,0.13995899260044098,0.46014699339866638,0.26614299416542053,0.031596001237630844,405909,0.11402100324630737,0.1570110023021698,0.4817659854888916,0.22561000287532806,0.021593999117612839,302482,0.1228569969534874,0.17007599771022797,0.48422101140022278,0.20555600523948669,0.01728999987244606,151994,0.11359000205993652,0.13909099996089935,0.4799329936504364,0.23783199489116669,0.029554000124335289
34996,6022657,3487953,0.11536599695682526,0.16032199561595917,0.48880800604820251,0.21771900355815887,0.017784999683499336,946803,0.12009300291538239,0.16721899807453156,0.50911301374435425,0.19464300572872162,0.0089320000261068344,727528,0.10213500261306763,0.13996200263500214,0.46016401052474976,0.26613399386405945,0.031605999916791916,405891,0.11396200209856033,0.1570499986410141,0.48173999786376953,0.22564700245857239,0.021601999178528786,302512,0.1229109987616539,0.17007599771022797,0.48417600989341736,0.20553199946880341,0.017304999753832817,151970,0.11357499659061432,0.13898099958896637,0.48002898693084717,0.23782999813556671,0.02958500012755394
34997,6022918,3488109,0.11535699665546417,0.16032899916172028,0.48879501223564148,0.21772700548171997,0.017792999744415283,946846,0.12010999768972397,0.1672230064868927,0.50906801223754883,0.19466300308704376,0.0089360000565648079,727547,0.1021450012922287,0.13992899656295776,0.46018099784851074,0.26611500978469849,0.031631000339984894,405908,0.11393699795007706,0.15708200633525848,0.48177200555801392,0.22561299800872803,0.021595999598503113,302540,0.12294600158929825,0.17002999782562256,0.48422399163246155,0.20550300180912018,0.01729699969291687,151968,0.11351700127124786,0.13906200230121613,0.48006200790405273,0.23778699338436127,0.029572000727057457
34998,6023136,3488294,0.11534000188112259,0.16033400595188141,0.4887939989566803,0.21773000061511993,0.017802000045776367,946863,0.12011799961328506,0.16723999381065369,0.50904202461242676,0.19466300308704376,0.0089379996061325073,727628,0.10217399895191193,0.13991500437259674,0.46017301082611084,0.26608499884605408,0.031651999801397324,405887,0.11388400197029114,0.15709300339221954,0.48179200291633606,0.22560499608516693,0.021626999601721764,302559,0.12291800230741501,0.17000700533390045,0.48431500792503357,0.20546700060367584,0.017292000353336334,151905,0.1134990006685257,0.13903400301933289,0.47997799515724182,0.23794500529766083,0.029544999822974205
34999,6023380,3488508,0.11534400284290314,0.16032299399375916,0.48879799246788025,0.21772600710391998,0.017808999866247177,946871,0.1200999990105629,0.16727399826049805,0.50902301073074341,0.19466400146484375,0.0089389998465776443,727626,0.10216099768877029,0.13990999758243561,0.46015000343322754,0.26610499620437622,0.03167400136590004,405958,0.11383700370788574,0.15710200369358063,0.4818280041217804,0.22560699284076691,0.02162499912083149,302541,0.12296199798583984,0.17001000046730042,0.48427799344062805,0.2054470032453537,0.017302999272942543,151876,0.11340200155973434,0.13910000026226044,0.47978600859642029,0.23812800645828247,0.029582999646663666
35000,6023634,3488609,0.11534299701452255,0.1603190004825592,0.48878899216651917,0.21773199737071991,0.017816999927163124,946892,0.1200919970870018,0.16729000210762024,0.50900900363922119,0.19466599822044373,0.0089419996365904808,727701,0.1021450012922287,0.13988800346851349,0.46014600992202759,0.26614901423454285,0.031670998781919479,405968,0.11385399848222733,0.15708400309085846,0.48184600472450256,0.22556999325752258,0.021647000685334206,302561,0.12299700081348419,0.16998599469661713,0.48427900671958923,0.2054159939289093,0.017322000116109848,151903,0.11345399916172028,0.13912799954414368,0.47966098785400391,0.23816500604152679,0.029590999707579613
35001,6023869,3488754,0.11534199863672256,0.16031099855899811,0.48878300189971924,0.21774500608444214,0.017820000648498535,946913,0.12008199840784073,0.16727499663829803,0.50903201103210449,0.19466499984264374,0.0089459996670484543,727684,0.10216200351715088,0.13991899788379669,0.46012100577354431,0.26609200239181519,0.031704999506473541,405984,0.11381000280380249,0.15705299377441406,0.48185598850250244,0.22562700510025024,0.021654000505805016,302602,0.12295400351285934,0.17002899944782257,0.48423698544502258,0.20544099807739258,0.017340000718832016,151932,0.11346500366926193,0.13918699324131012,0.47957000136375427,0.23819200694561005,0.029586000367999077
35002,6024107,3488956,0.11534100025892258,0.16030900180339813,0.48878100514411926,0.21774199604988098,0.017827000468969345,946932,0.1200689971446991,0.16728900372982025,0.50900799036026001,0.19468599557876587,0.0089490003883838654,727691,0.10217200219631195,0.13990800082683563,0.46011000871658325,0.266090989112854,0.031718000769615173,406014,0.11377199739217758,0.15710799396038055,0.48181599378585815,0.2256380021572113,0.021666999906301498,302617,0.12298999726772308,0.17003299295902252,0.48419898748397827,0.20543099939823151,0.017345000058412552,151897,0.11337900161743164,0.13920600712299347,0.47958800196647644,0.23822100460529327,0.02960599958896637
35003,6024321,3489005,0.11533799767494202,0.16031999886035919,0.48876300454139709,0.21774299442768097,0.017836000770330429,946995,0.12005899846553802,0.16728599369525909,0.50900501012802124,0.19470000267028809,0.0089499996975064278,727706,0.10215800255537033,0.13990800082683563,0.46008598804473877,0.26614299416542053,0.031704999506473541,406057,0.11378899961709976,0.15706899762153625,0.48186799883842468,0.22560900449752808,0.021663999184966087,302633,0.12291499972343445,0.17008699476718903,0.48419401049613953,0.20546300709247589,0.017340999096632004,151925,0.11334499716758728,0.1391340047121048,0.47972398996353149,0.23816999793052673,0.029626000672578812
35004,6024555,3489039,0.11533299833536148,0.16032400727272034,0.48875999450683594,0.21773900091648102,0.017844000831246376,947028,0.12007600069046021,0.16726900637149811,0.50899100303649902,0.19470399618148804,0.0089609995484352112,727738,0.10216899961233139,0.13988299667835236,0.4600909948348999,0.26613700389862061,0.031720001250505447,406155,0.11377199739217758,0.15713700652122498,0.48181399703025818,0.22560599446296692,0.021671999245882034,302663,0.12287600338459015,0.17005400359630585,0.48421499133110046,0.20547600090503693,0.017379000782966614,151932,0.11330699920654297,0.13918699324131012,0.47957000136375427,0.23832400143146515,0.029611999168992043
35005,6024779,3489098,0.11532200127840042,0.16033799946308136,0.488739013671875,0.21775299310684204,0.017849000170826912,947103,0.12007500231266022,0.1672700047492981,0.50897598266601562,0.19471600651741028,0.0089630000293254852,727778,0.10215800255537033,0.13987800478935242,0.46011999249458313,0.26612201333045959,0.031723000109195709,406247,0.11377599835395813,0.15716099739074707,0.48180499672889709,0.22557699680328369,0.021680999547243118,302633,0.12281899899244308,0.17006100714206696,0.48427298665046692,0.20544999837875366,0.017396999523043633,151920,0.11330299824476242,0.13919800519943237,0.47956201434135437,0.23823699355125427,0.029699999839067459
35006,6025008,3489207,0.11531200259923935,0.16033099591732025,0.48874598741531372,0.2177480012178421,0.017862999811768532,947122,0.12009599804878235,0.16725300252437592,0.50894999504089355,0.19473199546337128,0.0089680003002285957,727875,0.10216300189495087,0.13988099992275238,0.46010398864746094,0.26612499356269836,0.031727001070976257,406251,0.11377000063657761,0.15717899799346924,0.48172399401664734,0.22566600143909454,0.021661000326275826,302648,0.12281300127506256,0.17001299560070038,0.48436498641967773,0.20539699494838715,0.017412999644875526,151905,0.11322200298309326,0.13930399715900421,0.47956299781799316,0.2382739931344986,0.02963699959218502
35007,6025208,3489341,0.11530400067567825,0.16032899916172028,0.48875299096107483,0.21774500608444214,0.017868999391794205,947148,0.12006399780511856,0.16727900505065918,0.50895202159881592,0.19473199546337128,0.0089729996398091316,727858,0.10217099636793137,0.13989000022411346,0.46005800366401672,0.26614400744438171,0.031736999750137329,406285,0.11378499865531921,0.1571660041809082,0.48168399930000305,0.22569899260997772,0.021666999906301498,302667,0.12278199940919876,0.17004199326038361,0.48435398936271667,0.20540399849414825,0.017418000847101212,151909,0.11323200166225433,0.1392810046672821,0.47952398657798767,0.23829400539398193,0.029668999835848808
35008,6025440,3489459,0.11529599875211716,0.16033600270748138,0.48874500393867493,0.21774700284004211,0.017875999212265015,947187,0.12006399780511856,0.16727699339389801,0.50893497467041016,0.19474400579929352,0.0089790001511573792,727862,0.10219500213861465,0.13987000286579132,0.46003100275993347,0.26614499092102051,0.031759001314640045,406325,0.11375600099563599,0.1571819931268692,0.48174700140953064,0.22564400732517242,0.021670000627636909,302713,0.12274300307035446,0.17007499933242798,0.48432299494743347,0.2054159939289093,0.017441999167203903,151894,0.11321099847555161,0.13926799595355988,0.47956499457359314,0.23831099271774292,0.029645999893546104
35009,6025696,3489735,0.11530099809169769,0.16032500565052032,0.48873600363731384,0.2177560031414032,0.017882000654935837,947231,0.12006500363349915,0.16727499663829803,0.50893300771713257,0.19474600255489349,0.0089819999411702156,727855,0.10216300189495087,0.13990099728107452,0.46001899242401123,0.26613500714302063,0.031780999153852463,406279,0.1137470006942749,0.15721000730991364,0.48175498843193054,0.22561599314212799,0.021671999245882034,302736,0.12273699790239334,0.17007899284362793,0.48431301116943359,0.20543600618839264,0.017433999106287956,151860,0.11319600045681,0.13927300274372101,0.47961300611495972,0.23822599649429321,0.029691999778151512
35010,6025931,3489757,0.11530400067567825,0.16032400727272034,0.48872199654579163,0.21775999665260315,0.017890000715851784,947280,0.1200610026717186,0.16724500060081482,0.50895398855209351,0.19475799798965454,0.0089830001816153526,727911,0.10211999714374542,0.13990600407123566,0.4600369930267334,0.2661530077457428,0.031784001737833023,406322,0.11380399763584137,0.15726900100708008,0.4816800057888031,0.22557500004768372,0.021671999245882034,302789,0.12267599999904633,0.17007599771022797,0.48442301154136658,0.205376997590065,0.017448000609874725,151872,0.11313500255346298,0.13920900225639343,0.47962099313735962,0.23831899464130402,0.029715999960899353
35011,6026159,3489852,0.11529699712991714,0.16033799946308136,0.48870500922203064,0.21776500344276428,0.017893999814987183,947327,0.12006500363349915,0.16722600162029266,0.50897902250289917,0.19474099576473236,0.0089880004525184631,727945,0.10215499997138977,0.13989800214767456,0.45998001098632812,0.26617398858070374,0.031794000416994095,406337,0.11377999931573868,0.15722399950027466,0.48172101378440857,0.2255840003490448,0.021691000089049339,302845,0.12265399843454361,0.16999800503253937,0.48451200127601624,0.20538599789142609,0.017450999468564987,151853,0.11303000152111053,0.13921999931335449,0.47970101237297058,0.23830300569534302,0.029745999723672867
35012,6026399,3490027,0.11529400199651718,0.16033999621868134,0.48870798945426941,0.21775799989700317,0.017899999395012856,947337,0.12008199840784073,0.16719299554824829,0.50899702310562134,0.19473099708557129,0.0089969998225569725,728016,0.10215400159358978,0.13989399373531342,0.45996499061584473,0.26619601249694824,0.031791001558303833,406364,0.11377000063657761,0.15719200670719147,0.48171600699424744,0.22560299932956696,0.021718999370932579,302869,0.12266000360250473,0.16995500028133392,0.4845069944858551,0.20541900396347046,0.017459999769926071,151786,0.11304699629545212,0.13920900225639343,0.47952398657798767,0.2384209930896759,0.029798999428749084
35013,6026648,3490211,0.11528600007295609,0.16033199429512024,0.48870301246643066,0.21776600182056427,0.017913000658154488,947364,0.12005399912595749,0.16718700528144836,0.50902801752090454,0.19473500549793243,0.0089950002729892731,727991,0.10217399895191193,0.13990700244903564,0.45995199680328369,0.2661609947681427,0.031805001199245453,406445,0.1137939989566803,0.15721699595451355,0.48166701197624207,0.22561199963092804,0.021709999069571495,302878,0.12266000360250473,0.16991700232028961,0.48452499508857727,0.20542299747467041,0.017475999891757965,151759,0.113086998462677,0.13916100561618805,0.47951000928878784,0.23843100666999817,0.029810000211000443
35014,6026883,3490304,0.11528199911117554,0.16031999886035919,0.48871400952339172,0.21776300668716431,0.017921000719070435,947423,0.12004200369119644,0.16717800498008728,0.50904101133346558,0.19474099576473236,0.0089980000630021095,728037,0.10215300321578979,0.13991899788379669,0.4599129855632782,0.26618200540542603,0.03183399885892868,406470,0.11383599787950516,0.15723699331283569,0.48159500956535339,0.22561800479888916,0.021714000031352043,302907,0.12271100282669067,0.16991700232028961,0.48446899652481079,0.20542599260807037,0.017477000132203102,151742,0.113086998462677,0.1391569972038269,0.47948500514030457,0.23841099441051483,0.029859999194741249
35015,6027119,3490461,0.11527799814939499,0.16031800210475922,0.48870900273323059,0.21776700019836426,0.017929000779986382,947438,0.12002500146627426,0.16719099879264832,0.50905400514602661,0.19472800195217133,0.009002000093460083,728117,0.10215699672698975,0.13991400599479675,0.4599049985408783,0.26617801189422607,0.031844999641180038,406525,0.11383999884128571,0.15718799829483032,0.48161599040031433,0.22562700510025024,0.021727999672293663,302915,0.12269800156354904,0.16990900039672852,0.48447901010513306,0.2054239958524704,0.017489999532699585,151663,0.11311899870634079,0.13928200304508209,0.4794049859046936,0.23831799626350403,0.029874999076128006
35016,6027348,3490695,0.1152850016951561,0.16030800342559814,0.48869898915290833,0.21777400374412537,0.017934000119566917,947415,0.12002000212669373,0.16718100011348724,0.50905400514602661,0.19473600387573242,0.0090089999139308929,728143,0.10213799774646759,0.13991299271583557,0.45992100238800049,0.26617801189422607,0.031849998980760574,406508,0.11389700323343277,0.15717299282550812,0.48156198859214783,0.22562900185585022,0.021739000454545021,302902,0.12262400239706039,0.16992999613285065,0.48451301455497742,0.2054390013217926,0.017494000494480133,151685,0.11307000368833542,0.1392890065908432,0.4794670045375824,0.2383359968662262,0.029837999492883682
35017,6027612,3490836,0.11527500301599503,0.16030800342559814,0.48870000243186951,0.21777799725532532,0.017938999459147453,947426,0.12000200152397156,0.16716200113296509,0.50906598567962646,0.1947530061006546,0.0090169999748468399,728168,0.10214799642562866,0.1399109959602356,0.45992100238800049,0.26616001129150391,0.031858999282121658,406536,0.11389899998903275,0.15720599889755249,0.4815639853477478,0.2255840003490448,0.021747000515460968,302941,0.12267400324344635,0.16990800201892853,0.48442399501800537,0.20548899471759796,0.017504999414086342,151705,0.11311399936676025,0.13937599956989288,0.47928500175476074,0.2383510023355484,0.029874000698328018
35018,6027820,3490990,0.11526799947023392,0.160303995013237,0.48869699239730835,0.21778100728988647,0.017950000241398811,947487,0.11999700218439102,0.16715599596500397,0.50906097888946533,0.19476599991321564,0.0090199997648596764,728157,0.10212899744510651,0.13992999494075775,0.45991501212120056,0.26618701219558716,0.031838998198509216,406521,0.11391299962997437,0.15718500316143036,0.48152700066566467,0.22561399638652802,0.021759999915957451,302950,0.12263700366020203,0.16991299390792847,0.48442301154136658,0.20550599694252014,0.017520999535918236,151715,0.11311300098896027,0.13939300179481506,0.47937300801277161,0.23827600479125977,0.029844999313354492
35019,6028047,3491092,0.11526300013065338,0.160303995013237,0.48869600892066956,0.21778100728988647,0.017957000061869621,947493,0.11999499797821045,0.16713599860668182,0.50906598567962646,0.19478599727153778,0.009019000455737114,728275,0.10212899744510651,0.13995400071144104,0.45990601181983948,0.26615801453590393,0.031853001564741135,406535,0.1139409989118576,0.15716500580310822,0.48150300979614258,0.22562600672245026,0.021764000877737999,302960,0.12262000143527985,0.16995599865913391,0.48440098762512207,0.20547899603843689,0.01754399947822094,151692,0.11312399804592133,0.13926200568675995,0.47934600710868835,0.2383980005979538,0.02986999973654747
35020,6028259,3491252,0.11525499820709229,0.16030600666999817,0.48870000243186951,0.21777300536632538,0.017965000122785568,947528,0.11999499797821045,0.16712599992752075,0.50903701782226562,0.19481700658798218,0.0090229995548725128,728291,0.10210900008678436,0.13989299535751343,0.45999500155448914,0.26615700125694275,0.031846001744270325,406513,0.11394999921321869,0.1571040004491806,0.48148301243782043,0.22567999362945557,0.021782999858260155,302970,0.12257599830627441,0.17000000178813934,0.48436099290847778,0.20551200211048126,0.017550000920891762,151705,0.11316700279712677,0.13940200209617615,0.47908100485801697,0.23842300474643707,0.029927000403404236
35021,6028471,3491392,0.11524499952793121,0.16030299663543701,0.48870199918746948,0.21777999401092529,0.017969999462366104,947566,0.12000100314617157,0.16710899770259857,0.509024977684021,0.19483999907970428,0.0090239997953176498,728307,0.10213000327348709,0.13992500305175781,0.45996400713920593,0.26614099740982056,0.03184099867939949,406515,0.11392699927091599,0.15711599588394165,0.48143398761749268,0.22572100162506104,0.02180200070142746,303022,0.12256199866533279,0.16997399926185608,0.48438400030136108,0.20552000403404236,0.017559999600052834,151669,0.11310199648141861,0.13938899338245392,0.47900998592376709,0.23853300511837006,0.029967000707983971
35022,6028725,3491559,0.11524499952793121,0.16031500697135925,0.4886929988861084,0.21776999533176422,0.017977999523282051,947613,0.11997900158166885,0.16711300611495972,0.50903898477554321,0.19483700394630432,0.0090319998562335968,728308,0.10217099636793137,0.13988299667835236,0.45996299386024475,0.26611799001693726,0.031863998621702194,406517,0.11395800113677979,0.15707600116729736,0.48138698935508728,0.22579400241374969,0.021785000339150429,303076,0.12250400334596634,0.16994699835777283,0.48443999886512756,0.20554900169372559,0.017559999600052834,151652,0.11301500350236893,0.13942399621009827,0.47887301445007324,0.23873700201511383,0.02995000034570694
35023,6028978,3491700,0.11523599922657013,0.16032800078392029,0.48867899179458618,0.21776799857616425,0.017988000065088272,947670,0.11998599767684937,0.16710999608039856,0.50904500484466553,0.19482900202274323,0.0090300003066658974,728410,0.10218600183725357,0.13987499475479126,0.45996099710464478,0.266090989112854,0.031888999044895172,406512,0.1139179989695549,0.15707799792289734,0.48134100437164307,0.22587299346923828,0.021789999678730965,303078,0.12247700244188309,0.16992700099945068,0.48442599177360535,0.2056100070476532,0.017559999600052834,151608,0.11300200223922729,0.13944500684738159,0.47881400585174561,0.23881299793720245,0.029926000162959099
35024,6029200,3491806,0.11523000150918961,0.16031299531459808,0.48867601156234741,0.21778300404548645,0.01799900084733963,947724,0.11997999995946884,0.16711099445819855,0.50902199745178223,0.19485700130462646,0.0090300003066658974,728420,0.10215699672698975,0.13992999494075775,0.45994499325752258,0.26605701446533203,0.031911998987197876,406563,0.11391600221395493,0.15710499882698059,0.48137399554252625,0.22579300403594971,0.021811999380588531,303071,0.12251599878072739,0.16992099583148956,0.4844210147857666,0.20559200644493103,0.017550000920891762,151616,0.11314799636602402,0.13930599391460419,0.47876200079917908,0.23883399367332458,0.029951000586152077
35025,6029434,3491965,0.11523000150918961,0.16031099855899811,0.48867100477218628,0.21778100728988647,0.01800600066781044,947777,0.11997800320386887,0.16711600124835968,0.50899600982666016,0.19487999379634857,0.0090300003066658974,728449,0.10211300104856491,0.13995400071144104,0.4599510133266449,0.2660520076751709,0.03193100169301033,406551,0.11396799981594086,0.15710499882698059,0.48133900761604309,0.22576500475406647,0.02182300016283989,303088,0.1224759966135025,0.16990399360656738,0.48443999886512756,0.20563299953937531,0.017545999959111214,151604,0.11316999793052673,0.13937599956989288,0.47862899303436279,0.23889900743961334,0.029927000403404236
35026,6029655,3492105,0.11520999670028687,0.16032199561595917,0.48867300152778625,0.21778400242328644,0.018011000007390976,947829,0.119998998939991,0.16711999475955963,0.50896602869033813,0.1948850005865097,0.0090290000662207603,728541,0.10210999846458435,0.13994699716567993,0.45994400978088379,0.26607200503349304,0.03192799910902977,406510,0.11392299830913544,0.15706899762153625,0.48134401440620422,0.2258169949054718,0.02184700034558773,303088,0.12248600274324417,0.16986499726772308,0.48443999886512756,0.20564700663089752,0.017563000321388245,151582,0.11328499764204025,0.13943600654602051,0.47842800617218018,0.23892000317573547,0.029930999502539635
35027,6029893,3492292,0.11521299928426743,0.1603190004825592,0.4886620044708252,0.21778999269008636,0.018015999346971512,947852,0.11999999731779099,0.16710899770259857,0.50894498825073242,0.19491299986839294,0.0090319998562335968,728510,0.10205099731683731,0.13993999361991882,0.45995700359344482,0.26610499620437622,0.031947001814842224,406553,0.11388199776411057,0.15707899630069733,0.4814009964466095,0.22575899958610535,0.021879000589251518,303089,0.1224759966135025,0.16994999349117279,0.48438900709152222,0.20560300350189209,0.0175819993019104,151597,0.11331400275230408,0.13950100541114807,0.47840699553489685,0.23883700370788574,0.029941000044345856
35028,6030119,3492423,0.11520099639892578,0.16031999886035919,0.4886690080165863,0.21778300404548645,0.018025999888777733,947914,0.12000100314617157,0.1670839935541153,0.50894397497177124,0.19492900371551514,0.0090420003980398178,728549,0.10201899707317352,0.13997499644756317,0.45991098880767822,0.26613301038742065,0.031961001455783844,406556,0.11386600136756897,0.15707600116729736,0.4814000129699707,0.22576999664306641,0.02188899926841259,303085,0.12248700112104416,0.1699489951133728,0.48438200354576111,0.20559899508953094,0.017582999542355537,151592,0.11336400359869003,0.1394989937543869,0.47843599319458008,0.23874600231647491,0.029954999685287476
35029,6030370,3492582,0.11518599838018417,0.16032099723815918,0.48867601156234741,0.21778300404548645,0.01803399994969368,947960,0.11999999731779099,0.1670680046081543,0.50895702838897705,0.19493100047111511,0.0090439999476075172,728558,0.10204099863767624,0.13993899524211884,0.45990398526191711,0.26614800095558167,0.031966999173164368,406592,0.11390300095081329,0.15706899762153625,0.48129799962043762,0.22583800554275513,0.021891999989748001,303082,0.12252099812030792,0.16994099318981171,0.48436400294303894,0.20558099448680878,0.017593000084161758,151596,0.11328800022602081,0.1395220011472702,0.47844299674034119,0.23879300057888031,0.029954999685287476
35030,6030573,3492707,0.11517400294542313,0.16032600402832031,0.48866701126098633,0.2177949994802475,0.018038000911474228,947998,0.12000299990177155,0.16705900430679321,0.50895100831985474,0.19493399560451508,0.0090520000085234642,728670,0.10204800218343735,0.13992300629615784,0.45993500947952271,0.26614099740982056,0.031952999532222748,406548,0.11392000317573547,0.15703399479389191,0.48126199841499329,0.22585800290107727,0.021926000714302063,303078,0.12248300015926361,0.16996000707149506,0.48440700769424438,0.20552800595760345,0.017622999846935272,151572,0.11333899945020676,0.1395380049943924,0.47845199704170227,0.23870499432086945,0.029966000467538834
35031,6030795,3492817,0.11517100036144257,0.16032099723815918,0.4886620044708252,0.21780200302600861,0.018045000731945038,948066,0.11998599767684937,0.16706900298595428,0.5089460015296936,0.19494499266147614,0.0090539995580911636,728675,0.10205899924039841,0.13992500305175781,0.45995301008224487,0.26611000299453735,0.031952999532222748,406587,0.11392399668693542,0.15702399611473083,0.48121601343154907,0.22588300704956055,0.021952999755740166,303062,0.12248300015926361,0.16991899907588959,0.48442599177360535,0.20554499328136444,0.01762700080871582,151588,0.1133200004696846,0.13954900205135345,0.47848799824714661,0.23865300416946411,0.029989000409841537
35032,6031040,3493004,0.11516600102186203,0.16031700372695923,0.48867401480674744,0.21779799461364746,0.018045000731945038,948048,0.11997199803590775,0.16708299517631531,0.50893598794937134,0.19495099782943726,0.0090579995885491371,728702,0.10206799954175949,0.13992099463939667,0.45993301272392273,0.26611799001693726,0.031959999352693558,406614,0.11386200040578842,0.15705099701881409,0.48120099306106567,0.22587299346923828,0.02201399952173233,303092,0.12250400334596634,0.16990900039672852,0.48442399501800537,0.20554499328136444,0.017618000507354736,151580,0.11339200288057327,0.13951699435710907,0.47834101319313049,0.23873899877071381,0.030011000111699104
35033,6031258,3493228,0.11516500264406204,0.16031500697135925,0.48865699768066406,0.21781200170516968,0.018051000311970711,948060,0.11996500194072723,0.1670839935541153,0.50892597436904907,0.1949629932641983,0.0090619996190071106,728720,0.10204499959945679,0.13994300365447998,0.45992600917816162,0.2661060094833374,0.031980998814105988,406575,0.11391700059175491,0.15701699256896973,0.48121699690818787,0.22584299743175507,0.022005999460816383,303091,0.12249500304460526,0.1699489951133728,0.4844059944152832,0.20555199682712555,0.017598999664187431,151584,0.11336900293827057,0.13944099843502045,0.47846698760986328,0.23870599269866943,0.03001599945127964
35034,6031530,3493403,0.11516699939966202,0.16030199825763702,0.48865398764610291,0.21781599521636963,0.018061000853776932,948092,0.11997400224208832,0.16708700358867645,0.50890100002288818,0.19496899843215942,0.0090690003708004951,728742,0.10204800218343735,0.13997000455856323,0.45992100238800049,0.26606801152229309,0.031991999596357346,406601,0.11389099806547165,0.15699900686740875,0.48124799132347107,0.22585800290107727,0.022004000842571259,303115,0.12249799817800522,0.1699029952287674,0.4844299852848053,0.20555900037288666,0.017610000446438789,151577,0.11336199939250946,0.139506995677948,0.47837099432945251,0.23877599835395813,0.029984999448060989
35035,6031771,3493636,0.11516200006008148,0.16030600666999817,0.48865100741386414,0.21781699359416962,0.018063999712467194,948113,0.11996100097894669,0.16710799932479858,0.50888901948928833,0.19496999680995941,0.0090720001608133316,728778,0.10207600146532059,0.13993799686431885,0.45994499325752258,0.26604700088500977,0.031993001699447632,406532,0.11389300227165222,0.15692499279975891,0.48127299547195435,0.22589600086212158,0.022012999281287193,303146,0.12250900268554688,0.16992799937725067,0.48430100083351135,0.20564700663089752,0.017614999786019325,151566,0.1133430004119873,0.13943099975585938,0.47843199968338013,0.23873400688171387,0.030060000717639923
35036,6032012,3493790,0.11515799909830093,0.16030000150203705,0.48865398764610291,0.21781900525093079,0.018069000914692879,948146,0.11996400356292725,0.1670909970998764,0.50887000560760498,0.19499799609184265,0.0090770004317164421,728818,0.10201899707317352,0.13998100161552429,0.4599359929561615,0.26603999733924866,0.032023001462221146,406518,0.11391399800777435,0.15692299604415894,0.48128300905227661,0.22585199773311615,0.022028999403119087,303170,0.12254200130701065,0.16982600092887878,0.48430898785591125,0.20572599768638611,0.017596999183297157,151570,0.11332699656486511,0.13944700360298157,0.4785580039024353,0.23860900104045868,0.030059000477194786
35037,6032261,3493911,0.11515700072050095,0.16030099987983704,0.48864200711250305,0.21782000362873077,0.018078999593853951,948169,0.11993899941444397,0.16708299517631531,0.50890499353408813,0.19499899446964264,0.009073999710381031,728887,0.10197500139474869,0.14001299440860748,0.45993000268936157,0.26605901122093201,0.032023001462221146,406560,0.11391399800777435,0.15690900385379791,0.48127499222755432,0.22587099671363831,0.022030999884009361,303145,0.12260100245475769,0.16981600224971771,0.48430299758911133,0.20566399395465851,0.017614999786019325,151589,0.11331299692392349,0.13939699530601501,0.47861000895500183,0.23856599628925323,0.030114000663161278
35038,6032511,3493970,0.11515499651432037,0.16030199825763702,0.48863700032234192,0.21782000362873077,0.018086999654769897,948245,0.11993599683046341,0.16707099974155426,0.50892800092697144,0.19498799741268158,0.0090779997408390045,728845,0.10198699682950974,0.13998599350452423,0.4598889946937561,0.26611000299453735,0.032026998698711395,406600,0.11388599872589111,0.15689900517463684,0.4812990128993988,0.22587299346923828,0.022043999284505844,303204,0.12263999879360199,0.16980299353599548,0.48427098989486694,0.20566399395465851,0.017621999606490135,151647,0.11334899812936783,0.13943600654602051,0.47859200835227966,0.23852099478244781,0.03010299988090992
35039,6032747,3494250,0.11514899879693985,0.16030900180339813,0.48863300681114197,0.21781399846076965,0.018094999715685844,948242,0.11995100229978561,0.1670520007610321,0.50894302129745483,0.19497600197792053,0.0090779997408390045,728908,0.10200300067663193,0.13997399806976318,0.45986899733543396,0.26612699031829834,0.032026998698711395,406560,0.11381799727678299,0.15683500468730927,0.48134300112724304,0.22594499588012695,0.022058000788092613,303143,0.12260200083255768,0.16983400285243988,0.48419100046157837,0.20572799444198608,0.017644999548792839,151644,0.11341000348329544,0.13950400054454803,0.47856199741363525,0.23837399482727051,0.030150000005960464
