bacteria,drug,region,year,failure_rate,p5,p95,source_quality,notes
amoxicillin,s_aureus,north_america,2019,0.7224999999999999,0.5057499999999999,0.95,clinical_trial_rwe,clinical_surveillance_2019
amoxicillin,s_aureus,europe,2019,0.765,0.5355,0.95,clinical_trial_rwe,clinical_surveillance_2019
amoxicillin,s_aureus,asia,2019,0.95,0.6649999999999999,0.95,clinical_trial_rwe,clinical_surveillance_2019
amoxicillin,s_aureus,africa,2019,0.95,0.6649999999999999,0.95,clinical_trial_rwe,clinical_surveillance_2019
amoxicillin,s_aureus,south_america,2019,0.935,0.6545,0.95,clinical_trial_rwe,clinical_surveillance_2019
amoxicillin,s_aureus,oceania,2019,0.748,0.5236,0.95,clinical_trial_rwe,clinical_surveillance_2019
amoxicillin,s_aureus,north_america,2020,0.7441749999999999,0.5209225,0.95,clinical_trial_rwe,clinical_surveillance_2020
amoxicillin,s_aureus,europe,2020,0.78795,0.551565,0.95,clinical_trial_rwe,clinical_surveillance_2020
amoxicillin,s_aureus,asia,2020,0.95,0.6649999999999999,0.95,clinical_trial_rwe,clinical_surveillance_2020
amoxicillin,s_aureus,africa,2020,0.95,0.6649999999999999,0.95,clinical_trial_rwe,clinical_surveillance_2020
amoxicillin,s_aureus,south_america,2020,0.95,0.6649999999999999,0.95,clinical_trial_rwe,clinical_surveillance_2020
amoxicillin,s_aureus,oceania,2020,0.77044,0.539308,0.95,clinical_trial_rwe,clinical_surveillance_2020
amoxicillin,s_aureus,north_america,2021,0.7658499999999999,0.5360949999999999,0.95,clinical_trial_rwe,clinical_surveillance_2021
amoxicillin,s_aureus,europe,2021,0.8109000000000001,0.56763,0.95,clinical_trial_rwe,clinical_surveillance_2021
amoxicillin,s_aureus,asia,2021,0.95,0.6649999999999999,0.95,clinical_trial_rwe,clinical_surveillance_2021
amoxicillin,s_aureus,africa,2021,0.95,0.6649999999999999,0.95,clinical_trial_rwe,clinical_surveillance_2021
amoxicillin,s_aureus,south_america,2021,0.95,0.6649999999999999,0.95,clinical_trial_rwe,clinical_surveillance_2021
amoxicillin,s_aureus,oceania,2021,0.79288,0.555016,0.95,clinical_trial_rwe,clinical_surveillance_2021
amoxicillin,s_aureus,north_america,2022,0.7875249999999999,0.5512674999999999,0.95,clinical_trial_rwe,clinical_surveillance_2022
amoxicillin,s_aureus,europe,2022,0.8338500000000001,0.5836950000000001,0.95,clinical_trial_rwe,clinical_surveillance_2022
amoxicillin,s_aureus,asia,2022,0.95,0.6649999999999999,0.95,clinical_trial_rwe,clinical_surveillance_2022
amoxicillin,s_aureus,africa,2022,0.95,0.6649999999999999,0.95,clinical_trial_rwe,clinical_surveillance_2022
amoxicillin,s_aureus,south_america,2022,0.95,0.6649999999999999,0.95,clinical_trial_rwe,clinical_surveillance_2022
amoxicillin,s_aureus,oceania,2022,0.81532,0.570724,0.95,clinical_trial_rwe,clinical_surveillance_2022
amoxicillin,s_aureus,north_america,2023,0.8092,0.5664399999999999,0.95,clinical_trial_rwe,clinical_surveillance_2023
amoxicillin,s_aureus,europe,2023,0.8568000000000001,0.5997600000000001,0.95,clinical_trial_rwe,clinical_surveillance_2023
amoxicillin,s_aureus,asia,2023,0.95,0.6649999999999999,0.95,clinical_trial_rwe,clinical_surveillance_2023
amoxicillin,s_aureus,africa,2023,0.95,0.6649999999999999,0.95,clinical_trial_rwe,clinical_surveillance_2023
amoxicillin,s_aureus,south_america,2023,0.95,0.6649999999999999,0.95,clinical_trial_rwe,clinical_surveillance_2023
amoxicillin,s_aureus,oceania,2023,0.8377600000000001,0.586432,0.95,clinical_trial_rwe,clinical_surveillance_2023
amoxicillin,s_aureus,north_america,2024,0.8308749999999998,0.5816124999999999,0.95,clinical_trial_rwe,clinical_surveillance_2024
amoxicillin,s_aureus,europe,2024,0.8797499999999999,0.615825,0.95,clinical_trial_rwe,clinical_surveillance_2024
amoxicillin,s_aureus,asia,2024,0.95,0.6649999999999999,0.95,clinical_trial_rwe,clinical_surveillance_2024
amoxicillin,s_aureus,africa,2024,0.95,0.6649999999999999,0.95,clinical_trial_rwe,clinical_surveillance_2024
amoxicillin,s_aureus,south_america,2024,0.95,0.6649999999999999,0.95,clinical_trial_rwe,clinical_surveillance_2024
amoxicillin,s_aureus,oceania,2024,0.8602,0.6021399999999999,0.95,clinical_trial_rwe,clinical_surveillance_2024
amoxicillin,e_coli,north_america,2019,0.2975,0.20825,0.4165,clinical_trial_rwe,clinical_surveillance_2019
amoxicillin,e_coli,europe,2019,0.315,0.22049999999999997,0.44099999999999995,clinical_trial_rwe,clinical_surveillance_2019
amoxicillin,e_coli,asia,2019,0.40249999999999997,0.28174999999999994,0.5634999999999999,clinical_trial_rwe,clinical_surveillance_2019
amoxicillin,e_coli,africa,2019,0.4375,0.30624999999999997,0.6124999999999999,clinical_trial_rwe,clinical_surveillance_2019
amoxicillin,e_coli,south_america,2019,0.385,0.26949999999999996,0.5389999999999999,clinical_trial_rwe,clinical_surveillance_2019
amoxicillin,e_coli,oceania,2019,0.308,0.21559999999999999,0.43119999999999997,clinical_trial_rwe,clinical_surveillance_2019
amoxicillin,e_coli,north_america,2020,0.306425,0.21449749999999998,0.42899499999999996,clinical_trial_rwe,clinical_surveillance_2020
amoxicillin,e_coli,europe,2020,0.32445,0.22711499999999998,0.45422999999999997,clinical_trial_rwe,clinical_surveillance_2020
amoxicillin,e_coli,asia,2020,0.41457499999999997,0.2902025,0.580405,clinical_trial_rwe,clinical_surveillance_2020
amoxicillin,e_coli,africa,2020,0.450625,0.3154375,0.630875,clinical_trial_rwe,clinical_surveillance_2020
amoxicillin,e_coli,south_america,2020,0.39655,0.27758499999999997,0.5551699999999999,clinical_trial_rwe,clinical_surveillance_2020
amoxicillin,e_coli,oceania,2020,0.31724,0.222068,0.444136,clinical_trial_rwe,clinical_surveillance_2020
amoxicillin,e_coli,north_america,2021,0.31535,0.220745,0.44149,clinical_trial_rwe,clinical_surveillance_2021
amoxicillin,e_coli,europe,2021,0.33390000000000003,0.23373,0.46746,clinical_trial_rwe,clinical_surveillance_2021
amoxicillin,e_coli,asia,2021,0.42665,0.29865499999999995,0.5973099999999999,clinical_trial_rwe,clinical_surveillance_2021
amoxicillin,e_coli,africa,2021,0.46375,0.324625,0.64925,clinical_trial_rwe,clinical_surveillance_2021
amoxicillin,e_coli,south_america,2021,0.4081,0.28567,0.57134,clinical_trial_rwe,clinical_surveillance_2021
amoxicillin,e_coli,oceania,2021,0.32648,0.228536,0.457072,clinical_trial_rwe,clinical_surveillance_2021
amoxicillin,e_coli,north_america,2022,0.32427500000000004,0.2269925,0.453985,clinical_trial_rwe,clinical_surveillance_2022
amoxicillin,e_coli,europe,2022,0.34335000000000004,0.240345,0.48069,clinical_trial_rwe,clinical_surveillance_2022
amoxicillin,e_coli,asia,2022,0.438725,0.3071075,0.614215,clinical_trial_rwe,clinical_surveillance_2022
amoxicillin,e_coli,africa,2022,0.47687500000000005,0.3338125,0.667625,clinical_trial_rwe,clinical_surveillance_2022
amoxicillin,e_coli,south_america,2022,0.41965,0.293755,0.58751,clinical_trial_rwe,clinical_surveillance_2022
amoxicillin,e_coli,oceania,2022,0.33572,0.235004,0.470008,clinical_trial_rwe,clinical_surveillance_2022
amoxicillin,e_coli,north_america,2023,0.3332,0.23323999999999998,0.46647999999999995,clinical_trial_rwe,clinical_surveillance_2023
amoxicillin,e_coli,europe,2023,0.35280000000000006,0.24696,0.49392,clinical_trial_rwe,clinical_surveillance_2023
amoxicillin,e_coli,asia,2023,0.45080000000000003,0.31556,0.63112,clinical_trial_rwe,clinical_surveillance_2023
amoxicillin,e_coli,africa,2023,0.49000000000000005,0.343,0.686,clinical_trial_rwe,clinical_surveillance_2023
amoxicillin,e_coli,south_america,2023,0.4312,0.30184,0.60368,clinical_trial_rwe,clinical_surveillance_2023
amoxicillin,e_coli,oceania,2023,0.34496000000000004,0.24147200000000002,0.48294400000000004,clinical_trial_rwe,clinical_surveillance_2023
amoxicillin,e_coli,north_america,2024,0.34212499999999996,0.23948749999999996,0.47897499999999993,clinical_trial_rwe,clinical_surveillance_2024
amoxicillin,e_coli,europe,2024,0.36224999999999996,0.25357499999999994,0.5071499999999999,clinical_trial_rwe,clinical_surveillance_2024
amoxicillin,e_coli,asia,2024,0.4628749999999999,0.3240124999999999,0.6480249999999999,clinical_trial_rwe,clinical_surveillance_2024
amoxicillin,e_coli,africa,2024,0.5031249999999999,0.35218749999999993,0.7043749999999999,clinical_trial_rwe,clinical_surveillance_2024
amoxicillin,e_coli,south_america,2024,0.44275,0.30992499999999995,0.6198499999999999,clinical_trial_rwe,clinical_surveillance_2024
amoxicillin,e_coli,oceania,2024,0.35419999999999996,0.24793999999999997,0.49587999999999993,clinical_trial_rwe,clinical_surveillance_2024
amoxicillin,k_pneumoniae,north_america,2019,0.3825,0.26775,0.5355,clinical_trial_rwe,clinical_surveillance_2019
amoxicillin,k_pneumoniae,europe,2019,0.405,0.2835,0.567,clinical_trial_rwe,clinical_surveillance_2019
amoxicillin,k_pneumoniae,asia,2019,0.5175,0.36224999999999996,0.7244999999999999,clinical_trial_rwe,clinical_surveillance_2019
amoxicillin,k_pneumoniae,africa,2019,0.5625,0.39375,0.7875,clinical_trial_rwe,clinical_surveillance_2019
amoxicillin,k_pneumoniae,south_america,2019,0.49500000000000005,0.34650000000000003,0.6930000000000001,clinical_trial_rwe,clinical_surveillance_2019
amoxicillin,k_pneumoniae,oceania,2019,0.396,0.2772,0.5544,clinical_trial_rwe,clinical_surveillance_2019
amoxicillin,k_pneumoniae,north_america,2020,0.393975,0.2757825,0.551565,clinical_trial_rwe,clinical_surveillance_2020
amoxicillin,k_pneumoniae,europe,2020,0.41715,0.292005,0.58401,clinical_trial_rwe,clinical_surveillance_2020
amoxicillin,k_pneumoniae,asia,2020,0.533025,0.37311749999999994,0.7462349999999999,clinical_trial_rwe,clinical_surveillance_2020
amoxicillin,k_pneumoniae,africa,2020,0.579375,0.40556249999999994,0.8111249999999999,clinical_trial_rwe,clinical_surveillance_2020
amoxicillin,k_pneumoniae,south_america,2020,0.50985,0.356895,0.71379,clinical_trial_rwe,clinical_surveillance_2020
amoxicillin,k_pneumoniae,oceania,2020,0.40788,0.285516,0.571032,clinical_trial_rwe,clinical_surveillance_2020
amoxicillin,k_pneumoniae,north_america,2021,0.40545000000000003,0.283815,0.56763,clinical_trial_rwe,clinical_surveillance_2021
amoxicillin,k_pneumoniae,europe,2021,0.42930000000000007,0.30051000000000005,0.6010200000000001,clinical_trial_rwe,clinical_surveillance_2021
amoxicillin,k_pneumoniae,asia,2021,0.54855,0.38398499999999997,0.7679699999999999,clinical_trial_rwe,clinical_surveillance_2021
amoxicillin,k_pneumoniae,africa,2021,0.5962500000000001,0.417375,0.83475,clinical_trial_rwe,clinical_surveillance_2021
amoxicillin,k_pneumoniae,south_america,2021,0.5247,0.36729,0.73458,clinical_trial_rwe,clinical_surveillance_2021
amoxicillin,k_pneumoniae,oceania,2021,0.41976,0.293832,0.587664,clinical_trial_rwe,clinical_surveillance_2021
amoxicillin,k_pneumoniae,north_america,2022,0.41692500000000005,0.29184750000000004,0.5836950000000001,clinical_trial_rwe,clinical_surveillance_2022
amoxicillin,k_pneumoniae,europe,2022,0.44145000000000006,0.30901500000000004,0.6180300000000001,clinical_trial_rwe,clinical_surveillance_2022
amoxicillin,k_pneumoniae,asia,2022,0.564075,0.3948525,0.789705,clinical_trial_rwe,clinical_surveillance_2022
amoxicillin,k_pneumoniae,africa,2022,0.613125,0.4291875,0.858375,clinical_trial_rwe,clinical_surveillance_2022
amoxicillin,k_pneumoniae,south_america,2022,0.5395500000000001,0.37768500000000005,0.7553700000000001,clinical_trial_rwe,clinical_surveillance_2022
amoxicillin,k_pneumoniae,oceania,2022,0.4316400000000001,0.302148,0.604296,clinical_trial_rwe,clinical_surveillance_2022
amoxicillin,k_pneumoniae,north_america,2023,0.42840000000000006,0.29988000000000004,0.5997600000000001,clinical_trial_rwe,clinical_surveillance_2023
amoxicillin,k_pneumoniae,europe,2023,0.45360000000000006,0.31752,0.63504,clinical_trial_rwe,clinical_surveillance_2023
amoxicillin,k_pneumoniae,asia,2023,0.5796,0.40571999999999997,0.8114399999999999,clinical_trial_rwe,clinical_surveillance_2023
amoxicillin,k_pneumoniae,africa,2023,0.6300000000000001,0.44100000000000006,0.8820000000000001,clinical_trial_rwe,clinical_surveillance_2023
amoxicillin,k_pneumoniae,south_america,2023,0.5544000000000001,0.38808000000000004,0.7761600000000001,clinical_trial_rwe,clinical_surveillance_2023
amoxicillin,k_pneumoniae,oceania,2023,0.4435200000000001,0.310464,0.620928,clinical_trial_rwe,clinical_surveillance_2023
amoxicillin,k_pneumoniae,north_america,2024,0.43987499999999996,0.3079125,0.615825,clinical_trial_rwe,clinical_surveillance_2024
amoxicillin,k_pneumoniae,europe,2024,0.46575,0.32602499999999995,0.6520499999999999,clinical_trial_rwe,clinical_surveillance_2024
amoxicillin,k_pneumoniae,asia,2024,0.5951249999999999,0.4165874999999999,0.8331749999999998,clinical_trial_rwe,clinical_surveillance_2024
amoxicillin,k_pneumoniae,africa,2024,0.646875,0.45281249999999995,0.9056249999999999,clinical_trial_rwe,clinical_surveillance_2024
amoxicillin,k_pneumoniae,south_america,2024,0.56925,0.398475,0.79695,clinical_trial_rwe,clinical_surveillance_2024
amoxicillin,k_pneumoniae,oceania,2024,0.45539999999999997,0.31877999999999995,0.6375599999999999,clinical_trial_rwe,clinical_surveillance_2024
amoxicillin,p_aeruginosa,north_america,2019,0.8075,0.5652499999999999,0.95,clinical_trial_rwe,clinical_surveillance_2019
amoxicillin,p_aeruginosa,europe,2019,0.855,0.5984999999999999,0.95,clinical_trial_rwe,clinical_surveillance_2019
amoxicillin,p_aeruginosa,asia,2019,0.95,0.6649999999999999,0.95,clinical_trial_rwe,clinical_surveillance_2019
amoxicillin,p_aeruginosa,africa,2019,0.95,0.6649999999999999,0.95,clinical_trial_rwe,clinical_surveillance_2019
amoxicillin,p_aeruginosa,south_america,2019,0.95,0.6649999999999999,0.95,clinical_trial_rwe,clinical_surveillance_2019
amoxicillin,p_aeruginosa,oceania,2019,0.836,0.5851999999999999,0.95,clinical_trial_rwe,clinical_surveillance_2019
amoxicillin,p_aeruginosa,north_america,2020,0.831725,0.5822075,0.95,clinical_trial_rwe,clinical_surveillance_2020
amoxicillin,p_aeruginosa,europe,2020,0.88065,0.616455,0.95,clinical_trial_rwe,clinical_surveillance_2020
amoxicillin,p_aeruginosa,asia,2020,0.95,0.6649999999999999,0.95,clinical_trial_rwe,clinical_surveillance_2020
amoxicillin,p_aeruginosa,africa,2020,0.95,0.6649999999999999,0.95,clinical_trial_rwe,clinical_surveillance_2020
amoxicillin,p_aeruginosa,south_america,2020,0.95,0.6649999999999999,0.95,clinical_trial_rwe,clinical_surveillance_2020
amoxicillin,p_aeruginosa,oceania,2020,0.86108,0.602756,0.95,clinical_trial_rwe,clinical_surveillance_2020
amoxicillin,p_aeruginosa,north_america,2021,0.85595,0.599165,0.95,clinical_trial_rwe,clinical_surveillance_2021
amoxicillin,p_aeruginosa,europe,2021,0.9063,0.6344099999999999,0.95,clinical_trial_rwe,clinical_surveillance_2021
amoxicillin,p_aeruginosa,asia,2021,0.95,0.6649999999999999,0.95,clinical_trial_rwe,clinical_surveillance_2021
amoxicillin,p_aeruginosa,africa,2021,0.95,0.6649999999999999,0.95,clinical_trial_rwe,clinical_surveillance_2021
amoxicillin,p_aeruginosa,south_america,2021,0.95,0.6649999999999999,0.95,clinical_trial_rwe,clinical_surveillance_2021
amoxicillin,p_aeruginosa,oceania,2021,0.8861600000000001,0.620312,0.95,clinical_trial_rwe,clinical_surveillance_2021
amoxicillin,p_aeruginosa,north_america,2022,0.880175,0.6161225,0.95,clinical_trial_rwe,clinical_surveillance_2022
amoxicillin,p_aeruginosa,europe,2022,0.9319500000000001,0.652365,0.95,clinical_trial_rwe,clinical_surveillance_2022
amoxicillin,p_aeruginosa,asia,2022,0.95,0.6649999999999999,0.95,clinical_trial_rwe,clinical_surveillance_2022
amoxicillin,p_aeruginosa,africa,2022,0.95,0.6649999999999999,0.95,clinical_trial_rwe,clinical_surveillance_2022
amoxicillin,p_aeruginosa,south_america,2022,0.95,0.6649999999999999,0.95,clinical_trial_rwe,clinical_surveillance_2022
amoxicillin,p_aeruginosa,oceania,2022,0.91124,0.637868,0.95,clinical_trial_rwe,clinical_surveillance_2022
amoxicillin,p_aeruginosa,north_america,2023,0.9044000000000001,0.63308,0.95,clinical_trial_rwe,clinical_surveillance_2023
amoxicillin,p_aeruginosa,europe,2023,0.95,0.6649999999999999,0.95,clinical_trial_rwe,clinical_surveillance_2023
amoxicillin,p_aeruginosa,asia,2023,0.95,0.6649999999999999,0.95,clinical_trial_rwe,clinical_surveillance_2023
amoxicillin,p_aeruginosa,africa,2023,0.95,0.6649999999999999,0.95,clinical_trial_rwe,clinical_surveillance_2023
amoxicillin,p_aeruginosa,south_america,2023,0.95,0.6649999999999999,0.95,clinical_trial_rwe,clinical_surveillance_2023
amoxicillin,p_aeruginosa,oceania,2023,0.93632,0.655424,0.95,clinical_trial_rwe,clinical_surveillance_2023
amoxicillin,p_aeruginosa,north_america,2024,0.9286249999999999,0.6500374999999999,0.95,clinical_trial_rwe,clinical_surveillance_2024
amoxicillin,p_aeruginosa,europe,2024,0.95,0.6649999999999999,0.95,clinical_trial_rwe,clinical_surveillance_2024
amoxicillin,p_aeruginosa,asia,2024,0.95,0.6649999999999999,0.95,clinical_trial_rwe,clinical_surveillance_2024
amoxicillin,p_aeruginosa,africa,2024,0.95,0.6649999999999999,0.95,clinical_trial_rwe,clinical_surveillance_2024
amoxicillin,p_aeruginosa,south_america,2024,0.95,0.6649999999999999,0.95,clinical_trial_rwe,clinical_surveillance_2024
amoxicillin,p_aeruginosa,oceania,2024,0.95,0.6649999999999999,0.95,clinical_trial_rwe,clinical_surveillance_2024
amoxicillin_clavulanate,s_aureus,north_america,2019,0.6375,0.4462499999999999,0.8924999999999998,clinical_trial_rwe,clinical_surveillance_2019
amoxicillin_clavulanate,s_aureus,europe,2019,0.675,0.4725,0.945,clinical_trial_rwe,clinical_surveillance_2019
amoxicillin_clavulanate,s_aureus,asia,2019,0.8624999999999999,0.6037499999999999,0.95,clinical_trial_rwe,clinical_surveillance_2019
amoxicillin_clavulanate,s_aureus,africa,2019,0.9375,0.65625,0.95,clinical_trial_rwe,clinical_surveillance_2019
amoxicillin_clavulanate,s_aureus,south_america,2019,0.8250000000000001,0.5775,0.95,clinical_trial_rwe,clinical_surveillance_2019
amoxicillin_clavulanate,s_aureus,oceania,2019,0.66,0.46199999999999997,0.9239999999999999,clinical_trial_rwe,clinical_surveillance_2019
amoxicillin_clavulanate,s_aureus,north_america,2020,0.656625,0.4596375,0.919275,clinical_trial_rwe,clinical_surveillance_2020
amoxicillin_clavulanate,s_aureus,europe,2020,0.69525,0.48667499999999997,0.95,clinical_trial_rwe,clinical_surveillance_2020
amoxicillin_clavulanate,s_aureus,asia,2020,0.8883749999999999,0.6218624999999999,0.95,clinical_trial_rwe,clinical_surveillance_2020
amoxicillin_clavulanate,s_aureus,africa,2020,0.95,0.6649999999999999,0.95,clinical_trial_rwe,clinical_surveillance_2020
amoxicillin_clavulanate,s_aureus,south_america,2020,0.8497500000000001,0.594825,0.95,clinical_trial_rwe,clinical_surveillance_2020
amoxicillin_clavulanate,s_aureus,oceania,2020,0.6798000000000001,0.47586,0.95,clinical_trial_rwe,clinical_surveillance_2020
amoxicillin_clavulanate,s_aureus,north_america,2021,0.67575,0.4730249999999999,0.9460499999999998,clinical_trial_rwe,clinical_surveillance_2021
amoxicillin_clavulanate,s_aureus,europe,2021,0.7155000000000001,0.50085,0.95,clinical_trial_rwe,clinical_surveillance_2021
amoxicillin_clavulanate,s_aureus,asia,2021,0.91425,0.639975,0.95,clinical_trial_rwe,clinical_surveillance_2021
amoxicillin_clavulanate,s_aureus,africa,2021,0.95,0.6649999999999999,0.95,clinical_trial_rwe,clinical_surveillance_2021
amoxicillin_clavulanate,s_aureus,south_america,2021,0.8745000000000002,0.6121500000000001,0.95,clinical_trial_rwe,clinical_surveillance_2021
amoxicillin_clavulanate,s_aureus,oceania,2021,0.6996000000000001,0.48972000000000004,0.95,clinical_trial_rwe,clinical_surveillance_2021
amoxicillin_clavulanate,s_aureus,north_america,2022,0.694875,0.48641249999999997,0.95,clinical_trial_rwe,clinical_surveillance_2022
amoxicillin_clavulanate,s_aureus,europe,2022,0.7357500000000001,0.5150250000000001,0.95,clinical_trial_rwe,clinical_surveillance_2022
amoxicillin_clavulanate,s_aureus,asia,2022,0.940125,0.6580874999999999,0.95,clinical_trial_rwe,clinical_surveillance_2022
amoxicillin_clavulanate,s_aureus,africa,2022,0.95,0.6649999999999999,0.95,clinical_trial_rwe,clinical_surveillance_2022
amoxicillin_clavulanate,s_aureus,south_america,2022,0.8992500000000001,0.629475,0.95,clinical_trial_rwe,clinical_surveillance_2022
amoxicillin_clavulanate,s_aureus,oceania,2022,0.7194,0.50358,0.95,clinical_trial_rwe,clinical_surveillance_2022
amoxicillin_clavulanate,s_aureus,north_america,2023,0.714,0.49979999999999997,0.95,clinical_trial_rwe,clinical_surveillance_2023
amoxicillin_clavulanate,s_aureus,europe,2023,0.7560000000000001,0.5292,0.95,clinical_trial_rwe,clinical_surveillance_2023
amoxicillin_clavulanate,s_aureus,asia,2023,0.95,0.6649999999999999,0.95,clinical_trial_rwe,clinical_surveillance_2023
amoxicillin_clavulanate,s_aureus,africa,2023,0.95,0.6649999999999999,0.95,clinical_trial_rwe,clinical_surveillance_2023
amoxicillin_clavulanate,s_aureus,south_america,2023,0.9240000000000002,0.6468,0.95,clinical_trial_rwe,clinical_surveillance_2023
amoxicillin_clavulanate,s_aureus,oceania,2023,0.7392000000000001,0.51744,0.95,clinical_trial_rwe,clinical_surveillance_2023
amoxicillin_clavulanate,s_aureus,north_america,2024,0.7331249999999999,0.5131874999999999,0.95,clinical_trial_rwe,clinical_surveillance_2024
amoxicillin_clavulanate,s_aureus,europe,2024,0.77625,0.5433749999999999,0.95,clinical_trial_rwe,clinical_surveillance_2024
amoxicillin_clavulanate,s_aureus,asia,2024,0.95,0.6649999999999999,0.95,clinical_trial_rwe,clinical_surveillance_2024
amoxicillin_clavulanate,s_aureus,africa,2024,0.95,0.6649999999999999,0.95,clinical_trial_rwe,clinical_surveillance_2024
amoxicillin_clavulanate,s_aureus,south_america,2024,0.94875,0.664125,0.95,clinical_trial_rwe,clinical_surveillance_2024
amoxicillin_clavulanate,s_aureus,oceania,2024,0.759,0.5313,0.95,clinical_trial_rwe,clinical_surveillance_2024
amoxicillin_clavulanate,e_coli,north_america,2019,0.2125,0.14875,0.2975,clinical_trial_rwe,clinical_surveillance_2019
amoxicillin_clavulanate,e_coli,europe,2019,0.225,0.1575,0.315,clinical_trial_rwe,clinical_surveillance_2019
amoxicillin_clavulanate,e_coli,asia,2019,0.2875,0.20124999999999998,0.40249999999999997,clinical_trial_rwe,clinical_surveillance_2019
amoxicillin_clavulanate,e_coli,africa,2019,0.3125,0.21875,0.4375,clinical_trial_rwe,clinical_surveillance_2019
amoxicillin_clavulanate,e_coli,south_america,2019,0.275,0.1925,0.385,clinical_trial_rwe,clinical_surveillance_2019
amoxicillin_clavulanate,e_coli,oceania,2019,0.22,0.154,0.308,clinical_trial_rwe,clinical_surveillance_2019
amoxicillin_clavulanate,e_coli,north_america,2020,0.218875,0.15321249999999997,0.30642499999999995,clinical_trial_rwe,clinical_surveillance_2020
amoxicillin_clavulanate,e_coli,europe,2020,0.23175,0.162225,0.32445,clinical_trial_rwe,clinical_surveillance_2020
amoxicillin_clavulanate,e_coli,asia,2020,0.29612499999999997,0.20728749999999996,0.4145749999999999,clinical_trial_rwe,clinical_surveillance_2020
amoxicillin_clavulanate,e_coli,africa,2020,0.321875,0.2253125,0.450625,clinical_trial_rwe,clinical_surveillance_2020
amoxicillin_clavulanate,e_coli,south_america,2020,0.28325000000000006,0.19827500000000003,0.39655000000000007,clinical_trial_rwe,clinical_surveillance_2020
amoxicillin_clavulanate,e_coli,oceania,2020,0.2266,0.15861999999999998,0.31723999999999997,clinical_trial_rwe,clinical_surveillance_2020
amoxicillin_clavulanate,e_coli,north_america,2021,0.22525,0.15767499999999998,0.31534999999999996,clinical_trial_rwe,clinical_surveillance_2021
amoxicillin_clavulanate,e_coli,europe,2021,0.23850000000000002,0.16695000000000002,0.33390000000000003,clinical_trial_rwe,clinical_surveillance_2021
amoxicillin_clavulanate,e_coli,asia,2021,0.30474999999999997,0.21332499999999996,0.4266499999999999,clinical_trial_rwe,clinical_surveillance_2021
amoxicillin_clavulanate,e_coli,africa,2021,0.33125000000000004,0.23187500000000003,0.46375000000000005,clinical_trial_rwe,clinical_surveillance_2021
amoxicillin_clavulanate,e_coli,south_america,2021,0.29150000000000004,0.20405,0.4081,clinical_trial_rwe,clinical_surveillance_2021
amoxicillin_clavulanate,e_coli,oceania,2021,0.23320000000000002,0.16324,0.32648,clinical_trial_rwe,clinical_surveillance_2021
amoxicillin_clavulanate,e_coli,north_america,2022,0.231625,0.1621375,0.324275,clinical_trial_rwe,clinical_surveillance_2022
amoxicillin_clavulanate,e_coli,europe,2022,0.24525000000000002,0.171675,0.34335,clinical_trial_rwe,clinical_surveillance_2022
amoxicillin_clavulanate,e_coli,asia,2022,0.313375,0.2193625,0.438725,clinical_trial_rwe,clinical_surveillance_2022
amoxicillin_clavulanate,e_coli,africa,2022,0.340625,0.2384375,0.476875,clinical_trial_rwe,clinical_surveillance_2022
amoxicillin_clavulanate,e_coli,south_america,2022,0.29975000000000007,0.20982500000000004,0.4196500000000001,clinical_trial_rwe,clinical_surveillance_2022
amoxicillin_clavulanate,e_coli,oceania,2022,0.2398,0.16786,0.33572,clinical_trial_rwe,clinical_surveillance_2022
amoxicillin_clavulanate,e_coli,north_america,2023,0.23800000000000002,0.1666,0.3332,clinical_trial_rwe,clinical_surveillance_2023
amoxicillin_clavulanate,e_coli,europe,2023,0.25200000000000006,0.17640000000000003,0.35280000000000006,clinical_trial_rwe,clinical_surveillance_2023
amoxicillin_clavulanate,e_coli,asia,2023,0.322,0.2254,0.4508,clinical_trial_rwe,clinical_surveillance_2023
amoxicillin_clavulanate,e_coli,africa,2023,0.35000000000000003,0.245,0.49,clinical_trial_rwe,clinical_surveillance_2023
amoxicillin_clavulanate,e_coli,south_america,2023,0.30800000000000005,0.2156,0.4312,clinical_trial_rwe,clinical_surveillance_2023
amoxicillin_clavulanate,e_coli,oceania,2023,0.24640000000000004,0.17248000000000002,0.34496000000000004,clinical_trial_rwe,clinical_surveillance_2023
amoxicillin_clavulanate,e_coli,north_america,2024,0.24437499999999998,0.17106249999999998,0.34212499999999996,clinical_trial_rwe,clinical_surveillance_2024
amoxicillin_clavulanate,e_coli,europe,2024,0.25875,0.18112499999999998,0.36224999999999996,clinical_trial_rwe,clinical_surveillance_2024
amoxicillin_clavulanate,e_coli,asia,2024,0.33062499999999995,0.23143749999999993,0.46287499999999987,clinical_trial_rwe,clinical_surveillance_2024
amoxicillin_clavulanate,e_coli,africa,2024,0.359375,0.25156249999999997,0.5031249999999999,clinical_trial_rwe,clinical_surveillance_2024
amoxicillin_clavulanate,e_coli,south_america,2024,0.31625,0.22137499999999996,0.4427499999999999,clinical_trial_rwe,clinical_surveillance_2024
amoxicillin_clavulanate,e_coli,oceania,2024,0.253,0.17709999999999998,0.35419999999999996,clinical_trial_rwe,clinical_surveillance_2024
amoxicillin_clavulanate,k_pneumoniae,north_america,2019,0.2975,0.20825,0.4165,clinical_trial_rwe,clinical_surveillance_2019
amoxicillin_clavulanate,k_pneumoniae,europe,2019,0.315,0.22049999999999997,0.44099999999999995,clinical_trial_rwe,clinical_surveillance_2019
amoxicillin_clavulanate,k_pneumoniae,asia,2019,0.40249999999999997,0.28174999999999994,0.5634999999999999,clinical_trial_rwe,clinical_surveillance_2019
amoxicillin_clavulanate,k_pneumoniae,africa,2019,0.4375,0.30624999999999997,0.6124999999999999,clinical_trial_rwe,clinical_surveillance_2019
amoxicillin_clavulanate,k_pneumoniae,south_america,2019,0.385,0.26949999999999996,0.5389999999999999,clinical_trial_rwe,clinical_surveillance_2019
amoxicillin_clavulanate,k_pneumoniae,oceania,2019,0.308,0.21559999999999999,0.43119999999999997,clinical_trial_rwe,clinical_surveillance_2019
amoxicillin_clavulanate,k_pneumoniae,north_america,2020,0.306425,0.21449749999999998,0.42899499999999996,clinical_trial_rwe,clinical_surveillance_2020
amoxicillin_clavulanate,k_pneumoniae,europe,2020,0.32445,0.22711499999999998,0.45422999999999997,clinical_trial_rwe,clinical_surveillance_2020
amoxicillin_clavulanate,k_pneumoniae,asia,2020,0.41457499999999997,0.2902025,0.580405,clinical_trial_rwe,clinical_surveillance_2020
amoxicillin_clavulanate,k_pneumoniae,africa,2020,0.450625,0.3154375,0.630875,clinical_trial_rwe,clinical_surveillance_2020
amoxicillin_clavulanate,k_pneumoniae,south_america,2020,0.39655,0.27758499999999997,0.5551699999999999,clinical_trial_rwe,clinical_surveillance_2020
amoxicillin_clavulanate,k_pneumoniae,oceania,2020,0.31724,0.222068,0.444136,clinical_trial_rwe,clinical_surveillance_2020
amoxicillin_clavulanate,k_pneumoniae,north_america,2021,0.31535,0.220745,0.44149,clinical_trial_rwe,clinical_surveillance_2021
amoxicillin_clavulanate,k_pneumoniae,europe,2021,0.33390000000000003,0.23373,0.46746,clinical_trial_rwe,clinical_surveillance_2021
amoxicillin_clavulanate,k_pneumoniae,asia,2021,0.42665,0.29865499999999995,0.5973099999999999,clinical_trial_rwe,clinical_surveillance_2021
amoxicillin_clavulanate,k_pneumoniae,africa,2021,0.46375,0.324625,0.64925,clinical_trial_rwe,clinical_surveillance_2021
amoxicillin_clavulanate,k_pneumoniae,south_america,2021,0.4081,0.28567,0.57134,clinical_trial_rwe,clinical_surveillance_2021
amoxicillin_clavulanate,k_pneumoniae,oceania,2021,0.32648,0.228536,0.457072,clinical_trial_rwe,clinical_surveillance_2021
amoxicillin_clavulanate,k_pneumoniae,north_america,2022,0.32427500000000004,0.2269925,0.453985,clinical_trial_rwe,clinical_surveillance_2022
amoxicillin_clavulanate,k_pneumoniae,europe,2022,0.34335000000000004,0.240345,0.48069,clinical_trial_rwe,clinical_surveillance_2022
amoxicillin_clavulanate,k_pneumoniae,asia,2022,0.438725,0.3071075,0.614215,clinical_trial_rwe,clinical_surveillance_2022
amoxicillin_clavulanate,k_pneumoniae,africa,2022,0.47687500000000005,0.3338125,0.667625,clinical_trial_rwe,clinical_surveillance_2022
amoxicillin_clavulanate,k_pneumoniae,south_america,2022,0.41965,0.293755,0.58751,clinical_trial_rwe,clinical_surveillance_2022
amoxicillin_clavulanate,k_pneumoniae,oceania,2022,0.33572,0.235004,0.470008,clinical_trial_rwe,clinical_surveillance_2022
amoxicillin_clavulanate,k_pneumoniae,north_america,2023,0.3332,0.23323999999999998,0.46647999999999995,clinical_trial_rwe,clinical_surveillance_2023
amoxicillin_clavulanate,k_pneumoniae,europe,2023,0.35280000000000006,0.24696,0.49392,clinical_trial_rwe,clinical_surveillance_2023
amoxicillin_clavulanate,k_pneumoniae,asia,2023,0.45080000000000003,0.31556,0.63112,clinical_trial_rwe,clinical_surveillance_2023
amoxicillin_clavulanate,k_pneumoniae,africa,2023,0.49000000000000005,0.343,0.686,clinical_trial_rwe,clinical_surveillance_2023
amoxicillin_clavulanate,k_pneumoniae,south_america,2023,0.4312,0.30184,0.60368,clinical_trial_rwe,clinical_surveillance_2023
amoxicillin_clavulanate,k_pneumoniae,oceania,2023,0.34496000000000004,0.24147200000000002,0.48294400000000004,clinical_trial_rwe,clinical_surveillance_2023
amoxicillin_clavulanate,k_pneumoniae,north_america,2024,0.34212499999999996,0.23948749999999996,0.47897499999999993,clinical_trial_rwe,clinical_surveillance_2024
amoxicillin_clavulanate,k_pneumoniae,europe,2024,0.36224999999999996,0.25357499999999994,0.5071499999999999,clinical_trial_rwe,clinical_surveillance_2024
amoxicillin_clavulanate,k_pneumoniae,asia,2024,0.4628749999999999,0.3240124999999999,0.6480249999999999,clinical_trial_rwe,clinical_surveillance_2024
amoxicillin_clavulanate,k_pneumoniae,africa,2024,0.5031249999999999,0.35218749999999993,0.7043749999999999,clinical_trial_rwe,clinical_surveillance_2024
amoxicillin_clavulanate,k_pneumoniae,south_america,2024,0.44275,0.30992499999999995,0.6198499999999999,clinical_trial_rwe,clinical_surveillance_2024
amoxicillin_clavulanate,k_pneumoniae,oceania,2024,0.35419999999999996,0.24793999999999997,0.49587999999999993,clinical_trial_rwe,clinical_surveillance_2024
amoxicillin_clavulanate,p_aeruginosa,north_america,2019,0.765,0.5355,0.95,clinical_trial_rwe,clinical_surveillance_2019
amoxicillin_clavulanate,p_aeruginosa,europe,2019,0.81,0.567,0.95,clinical_trial_rwe,clinical_surveillance_2019
amoxicillin_clavulanate,p_aeruginosa,asia,2019,0.95,0.6649999999999999,0.95,clinical_trial_rwe,clinical_surveillance_2019
amoxicillin_clavulanate,p_aeruginosa,africa,2019,0.95,0.6649999999999999,0.95,clinical_trial_rwe,clinical_surveillance_2019
amoxicillin_clavulanate,p_aeruginosa,south_america,2019,0.95,0.6649999999999999,0.95,clinical_trial_rwe,clinical_surveillance_2019
amoxicillin_clavulanate,p_aeruginosa,oceania,2019,0.792,0.5544,0.95,clinical_trial_rwe,clinical_surveillance_2019
amoxicillin_clavulanate,p_aeruginosa,north_america,2020,0.78795,0.551565,0.95,clinical_trial_rwe,clinical_surveillance_2020
amoxicillin_clavulanate,p_aeruginosa,europe,2020,0.8343,0.58401,0.95,clinical_trial_rwe,clinical_surveillance_2020
amoxicillin_clavulanate,p_aeruginosa,asia,2020,0.95,0.6649999999999999,0.95,clinical_trial_rwe,clinical_surveillance_2020
amoxicillin_clavulanate,p_aeruginosa,africa,2020,0.95,0.6649999999999999,0.95,clinical_trial_rwe,clinical_surveillance_2020
amoxicillin_clavulanate,p_aeruginosa,south_america,2020,0.95,0.6649999999999999,0.95,clinical_trial_rwe,clinical_surveillance_2020
amoxicillin_clavulanate,p_aeruginosa,oceania,2020,0.81576,0.571032,0.95,clinical_trial_rwe,clinical_surveillance_2020
amoxicillin_clavulanate,p_aeruginosa,north_america,2021,0.8109000000000001,0.56763,0.95,clinical_trial_rwe,clinical_surveillance_2021
amoxicillin_clavulanate,p_aeruginosa,europe,2021,0.8586000000000001,0.6010200000000001,0.95,clinical_trial_rwe,clinical_surveillance_2021
amoxicillin_clavulanate,p_aeruginosa,asia,2021,0.95,0.6649999999999999,0.95,clinical_trial_rwe,clinical_surveillance_2021
amoxicillin_clavulanate,p_aeruginosa,africa,2021,0.95,0.6649999999999999,0.95,clinical_trial_rwe,clinical_surveillance_2021
amoxicillin_clavulanate,p_aeruginosa,south_america,2021,0.95,0.6649999999999999,0.95,clinical_trial_rwe,clinical_surveillance_2021
amoxicillin_clavulanate,p_aeruginosa,oceania,2021,0.83952,0.587664,0.95,clinical_trial_rwe,clinical_surveillance_2021
amoxicillin_clavulanate,p_aeruginosa,north_america,2022,0.8338500000000001,0.5836950000000001,0.95,clinical_trial_rwe,clinical_surveillance_2022
amoxicillin_clavulanate,p_aeruginosa,europe,2022,0.8829000000000001,0.6180300000000001,0.95,clinical_trial_rwe,clinical_surveillance_2022
amoxicillin_clavulanate,p_aeruginosa,asia,2022,0.95,0.6649999999999999,0.95,clinical_trial_rwe,clinical_surveillance_2022
amoxicillin_clavulanate,p_aeruginosa,africa,2022,0.95,0.6649999999999999,0.95,clinical_trial_rwe,clinical_surveillance_2022
amoxicillin_clavulanate,p_aeruginosa,south_america,2022,0.95,0.6649999999999999,0.95,clinical_trial_rwe,clinical_surveillance_2022
amoxicillin_clavulanate,p_aeruginosa,oceania,2022,0.8632800000000002,0.604296,0.95,clinical_trial_rwe,clinical_surveillance_2022
amoxicillin_clavulanate,p_aeruginosa,north_america,2023,0.8568000000000001,0.5997600000000001,0.95,clinical_trial_rwe,clinical_surveillance_2023
amoxicillin_clavulanate,p_aeruginosa,europe,2023,0.9072000000000001,0.63504,0.95,clinical_trial_rwe,clinical_surveillance_2023
amoxicillin_clavulanate,p_aeruginosa,asia,2023,0.95,0.6649999999999999,0.95,clinical_trial_rwe,clinical_surveillance_2023
amoxicillin_clavulanate,p_aeruginosa,africa,2023,0.95,0.6649999999999999,0.95,clinical_trial_rwe,clinical_surveillance_2023
amoxicillin_clavulanate,p_aeruginosa,south_america,2023,0.95,0.6649999999999999,0.95,clinical_trial_rwe,clinical_surveillance_2023
amoxicillin_clavulanate,p_aeruginosa,oceania,2023,0.8870400000000002,0.620928,0.95,clinical_trial_rwe,clinical_surveillance_2023
amoxicillin_clavulanate,p_aeruginosa,north_america,2024,0.8797499999999999,0.615825,0.95,clinical_trial_rwe,clinical_surveillance_2024
amoxicillin_clavulanate,p_aeruginosa,europe,2024,0.9315,0.6520499999999999,0.95,clinical_trial_rwe,clinical_surveillance_2024
amoxicillin_clavulanate,p_aeruginosa,asia,2024,0.95,0.6649999999999999,0.95,clinical_trial_rwe,clinical_surveillance_2024
amoxicillin_clavulanate,p_aeruginosa,africa,2024,0.95,0.6649999999999999,0.95,clinical_trial_rwe,clinical_surveillance_2024
amoxicillin_clavulanate,p_aeruginosa,south_america,2024,0.95,0.6649999999999999,0.95,clinical_trial_rwe,clinical_surveillance_2024
amoxicillin_clavulanate,p_aeruginosa,oceania,2024,0.9107999999999999,0.6375599999999999,0.95,clinical_trial_rwe,clinical_surveillance_2024
ampicillin,e_coli,north_america,2019,0.34,0.238,0.476,clinical_trial_rwe,clinical_surveillance_2019
ampicillin,e_coli,europe,2019,0.36000000000000004,0.252,0.504,clinical_trial_rwe,clinical_surveillance_2019
ampicillin,e_coli,asia,2019,0.45999999999999996,0.32199999999999995,0.6439999999999999,clinical_trial_rwe,clinical_surveillance_2019
ampicillin,e_coli,africa,2019,0.5,0.35,0.7,clinical_trial_rwe,clinical_surveillance_2019
ampicillin,e_coli,south_america,2019,0.44000000000000006,0.308,0.616,clinical_trial_rwe,clinical_surveillance_2019
ampicillin,e_coli,oceania,2019,0.35200000000000004,0.2464,0.4928,clinical_trial_rwe,clinical_surveillance_2019
ampicillin,e_coli,north_america,2020,0.3502,0.24514,0.49028,clinical_trial_rwe,clinical_surveillance_2020
ampicillin,e_coli,europe,2020,0.3708000000000001,0.25956,0.51912,clinical_trial_rwe,clinical_surveillance_2020
ampicillin,e_coli,asia,2020,0.4738,0.33165999999999995,0.6633199999999999,clinical_trial_rwe,clinical_surveillance_2020
ampicillin,e_coli,africa,2020,0.515,0.3605,0.721,clinical_trial_rwe,clinical_surveillance_2020
ampicillin,e_coli,south_america,2020,0.45320000000000005,0.31724,0.63448,clinical_trial_rwe,clinical_surveillance_2020
ampicillin,e_coli,oceania,2020,0.36256000000000005,0.253792,0.507584,clinical_trial_rwe,clinical_surveillance_2020
ampicillin,e_coli,north_america,2021,0.36040000000000005,0.25228,0.50456,clinical_trial_rwe,clinical_surveillance_2021
ampicillin,e_coli,europe,2021,0.38160000000000005,0.26712,0.53424,clinical_trial_rwe,clinical_surveillance_2021
ampicillin,e_coli,asia,2021,0.4876,0.34131999999999996,0.6826399999999999,clinical_trial_rwe,clinical_surveillance_2021
ampicillin,e_coli,africa,2021,0.53,0.371,0.742,clinical_trial_rwe,clinical_surveillance_2021
ampicillin,e_coli,south_america,2021,0.4664000000000001,0.32648000000000005,0.6529600000000001,clinical_trial_rwe,clinical_surveillance_2021
ampicillin,e_coli,oceania,2021,0.37312000000000006,0.261184,0.522368,clinical_trial_rwe,clinical_surveillance_2021
ampicillin,e_coli,north_america,2022,0.37060000000000004,0.25942000000000004,0.5188400000000001,clinical_trial_rwe,clinical_surveillance_2022
ampicillin,e_coli,europe,2022,0.3924000000000001,0.27468000000000004,0.5493600000000001,clinical_trial_rwe,clinical_surveillance_2022
ampicillin,e_coli,asia,2022,0.5014,0.35097999999999996,0.7019599999999999,clinical_trial_rwe,clinical_surveillance_2022
ampicillin,e_coli,africa,2022,0.545,0.3815,0.763,clinical_trial_rwe,clinical_surveillance_2022
ampicillin,e_coli,south_america,2022,0.4796000000000001,0.33572,0.67144,clinical_trial_rwe,clinical_surveillance_2022
ampicillin,e_coli,oceania,2022,0.3836800000000001,0.26857600000000004,0.5371520000000001,clinical_trial_rwe,clinical_surveillance_2022
ampicillin,e_coli,north_america,2023,0.3808000000000001,0.26656,0.53312,clinical_trial_rwe,clinical_surveillance_2023
ampicillin,e_coli,europe,2023,0.40320000000000006,0.28224000000000005,0.5644800000000001,clinical_trial_rwe,clinical_surveillance_2023
ampicillin,e_coli,asia,2023,0.5152,0.36063999999999996,0.7212799999999999,clinical_trial_rwe,clinical_surveillance_2023
ampicillin,e_coli,africa,2023,0.56,0.392,0.784,clinical_trial_rwe,clinical_surveillance_2023
ampicillin,e_coli,south_america,2023,0.4928000000000001,0.34496000000000004,0.6899200000000001,clinical_trial_rwe,clinical_surveillance_2023
ampicillin,e_coli,oceania,2023,0.3942400000000001,0.27596800000000005,0.5519360000000001,clinical_trial_rwe,clinical_surveillance_2023
ampicillin,e_coli,north_america,2024,0.391,0.2737,0.5474,clinical_trial_rwe,clinical_surveillance_2024
ampicillin,e_coli,europe,2024,0.41400000000000003,0.2898,0.5796,clinical_trial_rwe,clinical_surveillance_2024
ampicillin,e_coli,asia,2024,0.5289999999999999,0.3702999999999999,0.7405999999999998,clinical_trial_rwe,clinical_surveillance_2024
ampicillin,e_coli,africa,2024,0.575,0.40249999999999997,0.8049999999999999,clinical_trial_rwe,clinical_surveillance_2024
ampicillin,e_coli,south_america,2024,0.506,0.35419999999999996,0.7083999999999999,clinical_trial_rwe,clinical_surveillance_2024
ampicillin,e_coli,oceania,2024,0.4048,0.28336,0.56672,clinical_trial_rwe,clinical_surveillance_2024
ampicillin,k_pneumoniae,north_america,2019,0.425,0.2975,0.595,clinical_trial_rwe,clinical_surveillance_2019
ampicillin,k_pneumoniae,europe,2019,0.45,0.315,0.63,clinical_trial_rwe,clinical_surveillance_2019
ampicillin,k_pneumoniae,asia,2019,0.575,0.40249999999999997,0.8049999999999999,clinical_trial_rwe,clinical_surveillance_2019
ampicillin,k_pneumoniae,africa,2019,0.625,0.4375,0.875,clinical_trial_rwe,clinical_surveillance_2019
ampicillin,k_pneumoniae,south_america,2019,0.55,0.385,0.77,clinical_trial_rwe,clinical_surveillance_2019
ampicillin,k_pneumoniae,oceania,2019,0.44,0.308,0.616,clinical_trial_rwe,clinical_surveillance_2019
ampicillin,k_pneumoniae,north_america,2020,0.43775,0.30642499999999995,0.6128499999999999,clinical_trial_rwe,clinical_surveillance_2020
ampicillin,k_pneumoniae,europe,2020,0.4635,0.32445,0.6489,clinical_trial_rwe,clinical_surveillance_2020
ampicillin,k_pneumoniae,asia,2020,0.5922499999999999,0.4145749999999999,0.8291499999999998,clinical_trial_rwe,clinical_surveillance_2020
ampicillin,k_pneumoniae,africa,2020,0.64375,0.450625,0.90125,clinical_trial_rwe,clinical_surveillance_2020
ampicillin,k_pneumoniae,south_america,2020,0.5665000000000001,0.39655000000000007,0.7931000000000001,clinical_trial_rwe,clinical_surveillance_2020
ampicillin,k_pneumoniae,oceania,2020,0.4532,0.31723999999999997,0.6344799999999999,clinical_trial_rwe,clinical_surveillance_2020
ampicillin,k_pneumoniae,north_america,2021,0.4505,0.31534999999999996,0.6306999999999999,clinical_trial_rwe,clinical_surveillance_2021
ampicillin,k_pneumoniae,europe,2021,0.47700000000000004,0.33390000000000003,0.6678000000000001,clinical_trial_rwe,clinical_surveillance_2021
ampicillin,k_pneumoniae,asia,2021,0.6094999999999999,0.4266499999999999,0.8532999999999998,clinical_trial_rwe,clinical_surveillance_2021
ampicillin,k_pneumoniae,africa,2021,0.6625000000000001,0.46375000000000005,0.9275000000000001,clinical_trial_rwe,clinical_surveillance_2021
ampicillin,k_pneumoniae,south_america,2021,0.5830000000000001,0.4081,0.8162,clinical_trial_rwe,clinical_surveillance_2021
ampicillin,k_pneumoniae,oceania,2021,0.46640000000000004,0.32648,0.65296,clinical_trial_rwe,clinical_surveillance_2021
ampicillin,k_pneumoniae,north_america,2022,0.46325,0.324275,0.64855,clinical_trial_rwe,clinical_surveillance_2022
ampicillin,k_pneumoniae,europe,2022,0.49050000000000005,0.34335,0.6867,clinical_trial_rwe,clinical_surveillance_2022
ampicillin,k_pneumoniae,asia,2022,0.62675,0.438725,0.87745,clinical_trial_rwe,clinical_surveillance_2022
ampicillin,k_pneumoniae,africa,2022,0.68125,0.476875,0.95,clinical_trial_rwe,clinical_surveillance_2022
ampicillin,k_pneumoniae,south_america,2022,0.5995000000000001,0.4196500000000001,0.8393000000000002,clinical_trial_rwe,clinical_surveillance_2022
ampicillin,k_pneumoniae,oceania,2022,0.4796,0.33572,0.67144,clinical_trial_rwe,clinical_surveillance_2022
ampicillin,k_pneumoniae,north_america,2023,0.47600000000000003,0.3332,0.6664,clinical_trial_rwe,clinical_surveillance_2023
ampicillin,k_pneumoniae,europe,2023,0.5040000000000001,0.35280000000000006,0.7056000000000001,clinical_trial_rwe,clinical_surveillance_2023
ampicillin,k_pneumoniae,asia,2023,0.644,0.4508,0.9016,clinical_trial_rwe,clinical_surveillance_2023
ampicillin,k_pneumoniae,africa,2023,0.7000000000000001,0.49,0.95,clinical_trial_rwe,clinical_surveillance_2023
ampicillin,k_pneumoniae,south_america,2023,0.6160000000000001,0.4312,0.8624,clinical_trial_rwe,clinical_surveillance_2023
ampicillin,k_pneumoniae,oceania,2023,0.49280000000000007,0.34496000000000004,0.6899200000000001,clinical_trial_rwe,clinical_surveillance_2023
ampicillin,k_pneumoniae,north_america,2024,0.48874999999999996,0.34212499999999996,0.6842499999999999,clinical_trial_rwe,clinical_surveillance_2024
ampicillin,k_pneumoniae,europe,2024,0.5175,0.36224999999999996,0.7244999999999999,clinical_trial_rwe,clinical_surveillance_2024
ampicillin,k_pneumoniae,asia,2024,0.6612499999999999,0.46287499999999987,0.9257499999999997,clinical_trial_rwe,clinical_surveillance_2024
ampicillin,k_pneumoniae,africa,2024,0.71875,0.5031249999999999,0.95,clinical_trial_rwe,clinical_surveillance_2024
ampicillin,k_pneumoniae,south_america,2024,0.6325,0.4427499999999999,0.8854999999999998,clinical_trial_rwe,clinical_surveillance_2024
ampicillin,k_pneumoniae,oceania,2024,0.506,0.35419999999999996,0.7083999999999999,clinical_trial_rwe,clinical_surveillance_2024
ampicillin,enterococcus_faecalis,north_america,2019,0.17,0.119,0.238,clinical_trial_rwe,clinical_surveillance_2019
ampicillin,enterococcus_faecalis,europe,2019,0.18000000000000002,0.126,0.252,clinical_trial_rwe,clinical_surveillance_2019
ampicillin,enterococcus_faecalis,asia,2019,0.22999999999999998,0.16099999999999998,0.32199999999999995,clinical_trial_rwe,clinical_surveillance_2019
ampicillin,enterococcus_faecalis,africa,2019,0.25,0.175,0.35,clinical_trial_rwe,clinical_surveillance_2019
ampicillin,enterococcus_faecalis,south_america,2019,0.22000000000000003,0.154,0.308,clinical_trial_rwe,clinical_surveillance_2019
ampicillin,enterococcus_faecalis,oceania,2019,0.17600000000000002,0.1232,0.2464,clinical_trial_rwe,clinical_surveillance_2019
ampicillin,enterococcus_faecalis,north_america,2020,0.1751,0.12257,0.24514,clinical_trial_rwe,clinical_surveillance_2020
ampicillin,enterococcus_faecalis,europe,2020,0.18540000000000004,0.12978,0.25956,clinical_trial_rwe,clinical_surveillance_2020
ampicillin,enterococcus_faecalis,asia,2020,0.2369,0.16582999999999998,0.33165999999999995,clinical_trial_rwe,clinical_surveillance_2020
ampicillin,enterococcus_faecalis,africa,2020,0.2575,0.18025,0.3605,clinical_trial_rwe,clinical_surveillance_2020
ampicillin,enterococcus_faecalis,south_america,2020,0.22660000000000002,0.15862,0.31724,clinical_trial_rwe,clinical_surveillance_2020
ampicillin,enterococcus_faecalis,oceania,2020,0.18128000000000002,0.126896,0.253792,clinical_trial_rwe,clinical_surveillance_2020
ampicillin,enterococcus_faecalis,north_america,2021,0.18020000000000003,0.12614,0.25228,clinical_trial_rwe,clinical_surveillance_2021
ampicillin,enterococcus_faecalis,europe,2021,0.19080000000000003,0.13356,0.26712,clinical_trial_rwe,clinical_surveillance_2021
ampicillin,enterococcus_faecalis,asia,2021,0.2438,0.17065999999999998,0.34131999999999996,clinical_trial_rwe,clinical_surveillance_2021
ampicillin,enterococcus_faecalis,africa,2021,0.265,0.1855,0.371,clinical_trial_rwe,clinical_surveillance_2021
ampicillin,enterococcus_faecalis,south_america,2021,0.23320000000000005,0.16324000000000002,0.32648000000000005,clinical_trial_rwe,clinical_surveillance_2021
ampicillin,enterococcus_faecalis,oceania,2021,0.18656000000000003,0.130592,0.261184,clinical_trial_rwe,clinical_surveillance_2021
ampicillin,enterococcus_faecalis,north_america,2022,0.18530000000000002,0.12971000000000002,0.25942000000000004,clinical_trial_rwe,clinical_surveillance_2022
ampicillin,enterococcus_faecalis,europe,2022,0.19620000000000004,0.13734000000000002,0.27468000000000004,clinical_trial_rwe,clinical_surveillance_2022
ampicillin,enterococcus_faecalis,asia,2022,0.2507,0.17548999999999998,0.35097999999999996,clinical_trial_rwe,clinical_surveillance_2022
ampicillin,enterococcus_faecalis,africa,2022,0.2725,0.19075,0.3815,clinical_trial_rwe,clinical_surveillance_2022
ampicillin,enterococcus_faecalis,south_america,2022,0.23980000000000004,0.16786,0.33572,clinical_trial_rwe,clinical_surveillance_2022
ampicillin,enterococcus_faecalis,oceania,2022,0.19184000000000004,0.13428800000000002,0.26857600000000004,clinical_trial_rwe,clinical_surveillance_2022
ampicillin,enterococcus_faecalis,north_america,2023,0.19040000000000004,0.13328,0.26656,clinical_trial_rwe,clinical_surveillance_2023
ampicillin,enterococcus_faecalis,europe,2023,0.20160000000000003,0.14112000000000002,0.28224000000000005,clinical_trial_rwe,clinical_surveillance_2023
ampicillin,enterococcus_faecalis,asia,2023,0.2576,0.18031999999999998,0.36063999999999996,clinical_trial_rwe,clinical_surveillance_2023
ampicillin,enterococcus_faecalis,africa,2023,0.28,0.196,0.392,clinical_trial_rwe,clinical_surveillance_2023
ampicillin,enterococcus_faecalis,south_america,2023,0.24640000000000006,0.17248000000000002,0.34496000000000004,clinical_trial_rwe,clinical_surveillance_2023
ampicillin,enterococcus_faecalis,oceania,2023,0.19712000000000005,0.13798400000000002,0.27596800000000005,clinical_trial_rwe,clinical_surveillance_2023
ampicillin,enterococcus_faecalis,north_america,2024,0.1955,0.13685,0.2737,clinical_trial_rwe,clinical_surveillance_2024
ampicillin,enterococcus_faecalis,europe,2024,0.20700000000000002,0.1449,0.2898,clinical_trial_rwe,clinical_surveillance_2024
ampicillin,enterococcus_faecalis,asia,2024,0.26449999999999996,0.18514999999999995,0.3702999999999999,clinical_trial_rwe,clinical_surveillance_2024
ampicillin,enterococcus_faecalis,africa,2024,0.2875,0.20124999999999998,0.40249999999999997,clinical_trial_rwe,clinical_surveillance_2024
ampicillin,enterococcus_faecalis,south_america,2024,0.253,0.17709999999999998,0.35419999999999996,clinical_trial_rwe,clinical_surveillance_2024
ampicillin,enterococcus_faecalis,oceania,2024,0.2024,0.14168,0.28336,clinical_trial_rwe,clinical_surveillance_2024
piperacillin_tazobactam,e_coli,north_america,2019,0.1275,0.08925,0.1785,clinical_trial_rwe,clinical_surveillance_2019
piperacillin_tazobactam,e_coli,europe,2019,0.135,0.0945,0.189,clinical_trial_rwe,clinical_surveillance_2019
piperacillin_tazobactam,e_coli,asia,2019,0.1725,0.12074999999999998,0.24149999999999996,clinical_trial_rwe,clinical_surveillance_2019
piperacillin_tazobactam,e_coli,africa,2019,0.1875,0.13124999999999998,0.26249999999999996,clinical_trial_rwe,clinical_surveillance_2019
piperacillin_tazobactam,e_coli,south_america,2019,0.165,0.11549999999999999,0.23099999999999998,clinical_trial_rwe,clinical_surveillance_2019
piperacillin_tazobactam,e_coli,oceania,2019,0.132,0.0924,0.1848,clinical_trial_rwe,clinical_surveillance_2019
piperacillin_tazobactam,e_coli,north_america,2020,0.131325,0.0919275,0.183855,clinical_trial_rwe,clinical_surveillance_2020
piperacillin_tazobactam,e_coli,europe,2020,0.13905,0.097335,0.19467,clinical_trial_rwe,clinical_surveillance_2020
piperacillin_tazobactam,e_coli,asia,2020,0.177675,0.1243725,0.248745,clinical_trial_rwe,clinical_surveillance_2020
piperacillin_tazobactam,e_coli,africa,2020,0.193125,0.1351875,0.270375,clinical_trial_rwe,clinical_surveillance_2020
piperacillin_tazobactam,e_coli,south_america,2020,0.16995000000000002,0.118965,0.23793,clinical_trial_rwe,clinical_surveillance_2020
piperacillin_tazobactam,e_coli,oceania,2020,0.13596,0.09517199999999999,0.19034399999999999,clinical_trial_rwe,clinical_surveillance_2020
piperacillin_tazobactam,e_coli,north_america,2021,0.13515000000000002,0.09460500000000001,0.18921000000000002,clinical_trial_rwe,clinical_surveillance_2021
piperacillin_tazobactam,e_coli,europe,2021,0.1431,0.10017,0.20034,clinical_trial_rwe,clinical_surveillance_2021
piperacillin_tazobactam,e_coli,asia,2021,0.18284999999999998,0.12799499999999997,0.25598999999999994,clinical_trial_rwe,clinical_surveillance_2021
piperacillin_tazobactam,e_coli,africa,2021,0.19875,0.139125,0.27825,clinical_trial_rwe,clinical_surveillance_2021
piperacillin_tazobactam,e_coli,south_america,2021,0.17490000000000003,0.12243000000000001,0.24486000000000002,clinical_trial_rwe,clinical_surveillance_2021
piperacillin_tazobactam,e_coli,oceania,2021,0.13992000000000002,0.097944,0.195888,clinical_trial_rwe,clinical_surveillance_2021
piperacillin_tazobactam,e_coli,north_america,2022,0.13897500000000002,0.09728250000000001,0.19456500000000002,clinical_trial_rwe,clinical_surveillance_2022
piperacillin_tazobactam,e_coli,europe,2022,0.14715000000000003,0.10300500000000001,0.20601000000000003,clinical_trial_rwe,clinical_surveillance_2022
piperacillin_tazobactam,e_coli,asia,2022,0.188025,0.1316175,0.263235,clinical_trial_rwe,clinical_surveillance_2022
piperacillin_tazobactam,e_coli,africa,2022,0.20437500000000003,0.1430625,0.286125,clinical_trial_rwe,clinical_surveillance_2022
piperacillin_tazobactam,e_coli,south_america,2022,0.17985,0.125895,0.25179,clinical_trial_rwe,clinical_surveillance_2022
piperacillin_tazobactam,e_coli,oceania,2022,0.14388,0.100716,0.201432,clinical_trial_rwe,clinical_surveillance_2022
piperacillin_tazobactam,e_coli,north_america,2023,0.1428,0.09996000000000001,0.19992000000000001,clinical_trial_rwe,clinical_surveillance_2023
piperacillin_tazobactam,e_coli,europe,2023,0.15120000000000003,0.10584000000000002,0.21168000000000003,clinical_trial_rwe,clinical_surveillance_2023
piperacillin_tazobactam,e_coli,asia,2023,0.1932,0.13524,0.27048,clinical_trial_rwe,clinical_surveillance_2023
piperacillin_tazobactam,e_coli,africa,2023,0.21000000000000002,0.147,0.294,clinical_trial_rwe,clinical_surveillance_2023
piperacillin_tazobactam,e_coli,south_america,2023,0.18480000000000002,0.12936,0.25872,clinical_trial_rwe,clinical_surveillance_2023
piperacillin_tazobactam,e_coli,oceania,2023,0.14784000000000003,0.10348800000000001,0.20697600000000002,clinical_trial_rwe,clinical_surveillance_2023
piperacillin_tazobactam,e_coli,north_america,2024,0.14662499999999998,0.10263749999999998,0.20527499999999996,clinical_trial_rwe,clinical_surveillance_2024
piperacillin_tazobactam,e_coli,europe,2024,0.15525,0.108675,0.21735,clinical_trial_rwe,clinical_surveillance_2024
piperacillin_tazobactam,e_coli,asia,2024,0.19837499999999997,0.13886249999999997,0.27772499999999994,clinical_trial_rwe,clinical_surveillance_2024
piperacillin_tazobactam,e_coli,africa,2024,0.21562499999999998,0.15093749999999997,0.30187499999999995,clinical_trial_rwe,clinical_surveillance_2024
piperacillin_tazobactam,e_coli,south_america,2024,0.18975,0.132825,0.26565,clinical_trial_rwe,clinical_surveillance_2024
piperacillin_tazobactam,e_coli,oceania,2024,0.1518,0.10626,0.21252,clinical_trial_rwe,clinical_surveillance_2024
piperacillin_tazobactam,k_pneumoniae,north_america,2019,0.2125,0.14875,0.2975,clinical_trial_rwe,clinical_surveillance_2019
piperacillin_tazobactam,k_pneumoniae,europe,2019,0.225,0.1575,0.315,clinical_trial_rwe,clinical_surveillance_2019
piperacillin_tazobactam,k_pneumoniae,asia,2019,0.2875,0.20124999999999998,0.40249999999999997,clinical_trial_rwe,clinical_surveillance_2019
piperacillin_tazobactam,k_pneumoniae,africa,2019,0.3125,0.21875,0.4375,clinical_trial_rwe,clinical_surveillance_2019
piperacillin_tazobactam,k_pneumoniae,south_america,2019,0.275,0.1925,0.385,clinical_trial_rwe,clinical_surveillance_2019
piperacillin_tazobactam,k_pneumoniae,oceania,2019,0.22,0.154,0.308,clinical_trial_rwe,clinical_surveillance_2019
piperacillin_tazobactam,k_pneumoniae,north_america,2020,0.218875,0.15321249999999997,0.30642499999999995,clinical_trial_rwe,clinical_surveillance_2020
piperacillin_tazobactam,k_pneumoniae,europe,2020,0.23175,0.162225,0.32445,clinical_trial_rwe,clinical_surveillance_2020
piperacillin_tazobactam,k_pneumoniae,asia,2020,0.29612499999999997,0.20728749999999996,0.4145749999999999,clinical_trial_rwe,clinical_surveillance_2020
piperacillin_tazobactam,k_pneumoniae,africa,2020,0.321875,0.2253125,0.450625,clinical_trial_rwe,clinical_surveillance_2020
piperacillin_tazobactam,k_pneumoniae,south_america,2020,0.28325000000000006,0.19827500000000003,0.39655000000000007,clinical_trial_rwe,clinical_surveillance_2020
piperacillin_tazobactam,k_pneumoniae,oceania,2020,0.2266,0.15861999999999998,0.31723999999999997,clinical_trial_rwe,clinical_surveillance_2020
piperacillin_tazobactam,k_pneumoniae,north_america,2021,0.22525,0.15767499999999998,0.31534999999999996,clinical_trial_rwe,clinical_surveillance_2021
piperacillin_tazobactam,k_pneumoniae,europe,2021,0.23850000000000002,0.16695000000000002,0.33390000000000003,clinical_trial_rwe,clinical_surveillance_2021
piperacillin_tazobactam,k_pneumoniae,asia,2021,0.30474999999999997,0.21332499999999996,0.4266499999999999,clinical_trial_rwe,clinical_surveillance_2021
piperacillin_tazobactam,k_pneumoniae,africa,2021,0.33125000000000004,0.23187500000000003,0.46375000000000005,clinical_trial_rwe,clinical_surveillance_2021
piperacillin_tazobactam,k_pneumoniae,south_america,2021,0.29150000000000004,0.20405,0.4081,clinical_trial_rwe,clinical_surveillance_2021
piperacillin_tazobactam,k_pneumoniae,oceania,2021,0.23320000000000002,0.16324,0.32648,clinical_trial_rwe,clinical_surveillance_2021
piperacillin_tazobactam,k_pneumoniae,north_america,2022,0.231625,0.1621375,0.324275,clinical_trial_rwe,clinical_surveillance_2022
piperacillin_tazobactam,k_pneumoniae,europe,2022,0.24525000000000002,0.171675,0.34335,clinical_trial_rwe,clinical_surveillance_2022
piperacillin_tazobactam,k_pneumoniae,asia,2022,0.313375,0.2193625,0.438725,clinical_trial_rwe,clinical_surveillance_2022
piperacillin_tazobactam,k_pneumoniae,africa,2022,0.340625,0.2384375,0.476875,clinical_trial_rwe,clinical_surveillance_2022
piperacillin_tazobactam,k_pneumoniae,south_america,2022,0.29975000000000007,0.20982500000000004,0.4196500000000001,clinical_trial_rwe,clinical_surveillance_2022
piperacillin_tazobactam,k_pneumoniae,oceania,2022,0.2398,0.16786,0.33572,clinical_trial_rwe,clinical_surveillance_2022
piperacillin_tazobactam,k_pneumoniae,north_america,2023,0.23800000000000002,0.1666,0.3332,clinical_trial_rwe,clinical_surveillance_2023
piperacillin_tazobactam,k_pneumoniae,europe,2023,0.25200000000000006,0.17640000000000003,0.35280000000000006,clinical_trial_rwe,clinical_surveillance_2023
piperacillin_tazobactam,k_pneumoniae,asia,2023,0.322,0.2254,0.4508,clinical_trial_rwe,clinical_surveillance_2023
piperacillin_tazobactam,k_pneumoniae,africa,2023,0.35000000000000003,0.245,0.49,clinical_trial_rwe,clinical_surveillance_2023
piperacillin_tazobactam,k_pneumoniae,south_america,2023,0.30800000000000005,0.2156,0.4312,clinical_trial_rwe,clinical_surveillance_2023
piperacillin_tazobactam,k_pneumoniae,oceania,2023,0.24640000000000004,0.17248000000000002,0.34496000000000004,clinical_trial_rwe,clinical_surveillance_2023
piperacillin_tazobactam,k_pneumoniae,north_america,2024,0.24437499999999998,0.17106249999999998,0.34212499999999996,clinical_trial_rwe,clinical_surveillance_2024
piperacillin_tazobactam,k_pneumoniae,europe,2024,0.25875,0.18112499999999998,0.36224999999999996,clinical_trial_rwe,clinical_surveillance_2024
piperacillin_tazobactam,k_pneumoniae,asia,2024,0.33062499999999995,0.23143749999999993,0.46287499999999987,clinical_trial_rwe,clinical_surveillance_2024
piperacillin_tazobactam,k_pneumoniae,africa,2024,0.359375,0.25156249999999997,0.5031249999999999,clinical_trial_rwe,clinical_surveillance_2024
piperacillin_tazobactam,k_pneumoniae,south_america,2024,0.31625,0.22137499999999996,0.4427499999999999,clinical_trial_rwe,clinical_surveillance_2024
piperacillin_tazobactam,k_pneumoniae,oceania,2024,0.253,0.17709999999999998,0.35419999999999996,clinical_trial_rwe,clinical_surveillance_2024
piperacillin_tazobactam,p_aeruginosa,north_america,2019,0.2975,0.20825,0.4165,clinical_trial_rwe,clinical_surveillance_2019
piperacillin_tazobactam,p_aeruginosa,europe,2019,0.315,0.22049999999999997,0.44099999999999995,clinical_trial_rwe,clinical_surveillance_2019
piperacillin_tazobactam,p_aeruginosa,asia,2019,0.40249999999999997,0.28174999999999994,0.5634999999999999,clinical_trial_rwe,clinical_surveillance_2019
piperacillin_tazobactam,p_aeruginosa,africa,2019,0.4375,0.30624999999999997,0.6124999999999999,clinical_trial_rwe,clinical_surveillance_2019
piperacillin_tazobactam,p_aeruginosa,south_america,2019,0.385,0.26949999999999996,0.5389999999999999,clinical_trial_rwe,clinical_surveillance_2019
piperacillin_tazobactam,p_aeruginosa,oceania,2019,0.308,0.21559999999999999,0.43119999999999997,clinical_trial_rwe,clinical_surveillance_2019
piperacillin_tazobactam,p_aeruginosa,north_america,2020,0.306425,0.21449749999999998,0.42899499999999996,clinical_trial_rwe,clinical_surveillance_2020
piperacillin_tazobactam,p_aeruginosa,europe,2020,0.32445,0.22711499999999998,0.45422999999999997,clinical_trial_rwe,clinical_surveillance_2020
piperacillin_tazobactam,p_aeruginosa,asia,2020,0.41457499999999997,0.2902025,0.580405,clinical_trial_rwe,clinical_surveillance_2020
piperacillin_tazobactam,p_aeruginosa,africa,2020,0.450625,0.3154375,0.630875,clinical_trial_rwe,clinical_surveillance_2020
piperacillin_tazobactam,p_aeruginosa,south_america,2020,0.39655,0.27758499999999997,0.5551699999999999,clinical_trial_rwe,clinical_surveillance_2020
piperacillin_tazobactam,p_aeruginosa,oceania,2020,0.31724,0.222068,0.444136,clinical_trial_rwe,clinical_surveillance_2020
piperacillin_tazobactam,p_aeruginosa,north_america,2021,0.31535,0.220745,0.44149,clinical_trial_rwe,clinical_surveillance_2021
piperacillin_tazobactam,p_aeruginosa,europe,2021,0.33390000000000003,0.23373,0.46746,clinical_trial_rwe,clinical_surveillance_2021
piperacillin_tazobactam,p_aeruginosa,asia,2021,0.42665,0.29865499999999995,0.5973099999999999,clinical_trial_rwe,clinical_surveillance_2021
piperacillin_tazobactam,p_aeruginosa,africa,2021,0.46375,0.324625,0.64925,clinical_trial_rwe,clinical_surveillance_2021
piperacillin_tazobactam,p_aeruginosa,south_america,2021,0.4081,0.28567,0.57134,clinical_trial_rwe,clinical_surveillance_2021
piperacillin_tazobactam,p_aeruginosa,oceania,2021,0.32648,0.228536,0.457072,clinical_trial_rwe,clinical_surveillance_2021
piperacillin_tazobactam,p_aeruginosa,north_america,2022,0.32427500000000004,0.2269925,0.453985,clinical_trial_rwe,clinical_surveillance_2022
piperacillin_tazobactam,p_aeruginosa,europe,2022,0.34335000000000004,0.240345,0.48069,clinical_trial_rwe,clinical_surveillance_2022
piperacillin_tazobactam,p_aeruginosa,asia,2022,0.438725,0.3071075,0.614215,clinical_trial_rwe,clinical_surveillance_2022
piperacillin_tazobactam,p_aeruginosa,africa,2022,0.47687500000000005,0.3338125,0.667625,clinical_trial_rwe,clinical_surveillance_2022
piperacillin_tazobactam,p_aeruginosa,south_america,2022,0.41965,0.293755,0.58751,clinical_trial_rwe,clinical_surveillance_2022
piperacillin_tazobactam,p_aeruginosa,oceania,2022,0.33572,0.235004,0.470008,clinical_trial_rwe,clinical_surveillance_2022
piperacillin_tazobactam,p_aeruginosa,north_america,2023,0.3332,0.23323999999999998,0.46647999999999995,clinical_trial_rwe,clinical_surveillance_2023
piperacillin_tazobactam,p_aeruginosa,europe,2023,0.35280000000000006,0.24696,0.49392,clinical_trial_rwe,clinical_surveillance_2023
piperacillin_tazobactam,p_aeruginosa,asia,2023,0.45080000000000003,0.31556,0.63112,clinical_trial_rwe,clinical_surveillance_2023
piperacillin_tazobactam,p_aeruginosa,africa,2023,0.49000000000000005,0.343,0.686,clinical_trial_rwe,clinical_surveillance_2023
piperacillin_tazobactam,p_aeruginosa,south_america,2023,0.4312,0.30184,0.60368,clinical_trial_rwe,clinical_surveillance_2023
piperacillin_tazobactam,p_aeruginosa,oceania,2023,0.34496000000000004,0.24147200000000002,0.48294400000000004,clinical_trial_rwe,clinical_surveillance_2023
piperacillin_tazobactam,p_aeruginosa,north_america,2024,0.34212499999999996,0.23948749999999996,0.47897499999999993,clinical_trial_rwe,clinical_surveillance_2024
piperacillin_tazobactam,p_aeruginosa,europe,2024,0.36224999999999996,0.25357499999999994,0.5071499999999999,clinical_trial_rwe,clinical_surveillance_2024
piperacillin_tazobactam,p_aeruginosa,asia,2024,0.4628749999999999,0.3240124999999999,0.6480249999999999,clinical_trial_rwe,clinical_surveillance_2024
piperacillin_tazobactam,p_aeruginosa,africa,2024,0.5031249999999999,0.35218749999999993,0.7043749999999999,clinical_trial_rwe,clinical_surveillance_2024
piperacillin_tazobactam,p_aeruginosa,south_america,2024,0.44275,0.30992499999999995,0.6198499999999999,clinical_trial_rwe,clinical_surveillance_2024
piperacillin_tazobactam,p_aeruginosa,oceania,2024,0.35419999999999996,0.24793999999999997,0.49587999999999993,clinical_trial_rwe,clinical_surveillance_2024
ceftriaxone,e_coli,north_america,2019,0.17,0.119,0.238,clinical_trial_rwe,clinical_surveillance_2019
ceftriaxone,e_coli,europe,2019,0.18000000000000002,0.126,0.252,clinical_trial_rwe,clinical_surveillance_2019
ceftriaxone,e_coli,asia,2019,0.22999999999999998,0.16099999999999998,0.32199999999999995,clinical_trial_rwe,clinical_surveillance_2019
ceftriaxone,e_coli,africa,2019,0.25,0.175,0.35,clinical_trial_rwe,clinical_surveillance_2019
ceftriaxone,e_coli,south_america,2019,0.22000000000000003,0.154,0.308,clinical_trial_rwe,clinical_surveillance_2019
ceftriaxone,e_coli,oceania,2019,0.17600000000000002,0.1232,0.2464,clinical_trial_rwe,clinical_surveillance_2019
ceftriaxone,e_coli,north_america,2020,0.1751,0.12257,0.24514,clinical_trial_rwe,clinical_surveillance_2020
ceftriaxone,e_coli,europe,2020,0.18540000000000004,0.12978,0.25956,clinical_trial_rwe,clinical_surveillance_2020
ceftriaxone,e_coli,asia,2020,0.2369,0.16582999999999998,0.33165999999999995,clinical_trial_rwe,clinical_surveillance_2020
ceftriaxone,e_coli,africa,2020,0.2575,0.18025,0.3605,clinical_trial_rwe,clinical_surveillance_2020
ceftriaxone,e_coli,south_america,2020,0.22660000000000002,0.15862,0.31724,clinical_trial_rwe,clinical_surveillance_2020
ceftriaxone,e_coli,oceania,2020,0.18128000000000002,0.126896,0.253792,clinical_trial_rwe,clinical_surveillance_2020
ceftriaxone,e_coli,north_america,2021,0.18020000000000003,0.12614,0.25228,clinical_trial_rwe,clinical_surveillance_2021
ceftriaxone,e_coli,europe,2021,0.19080000000000003,0.13356,0.26712,clinical_trial_rwe,clinical_surveillance_2021
ceftriaxone,e_coli,asia,2021,0.2438,0.17065999999999998,0.34131999999999996,clinical_trial_rwe,clinical_surveillance_2021
ceftriaxone,e_coli,africa,2021,0.265,0.1855,0.371,clinical_trial_rwe,clinical_surveillance_2021
ceftriaxone,e_coli,south_america,2021,0.23320000000000005,0.16324000000000002,0.32648000000000005,clinical_trial_rwe,clinical_surveillance_2021
ceftriaxone,e_coli,oceania,2021,0.18656000000000003,0.130592,0.261184,clinical_trial_rwe,clinical_surveillance_2021
ceftriaxone,e_coli,north_america,2022,0.18530000000000002,0.12971000000000002,0.25942000000000004,clinical_trial_rwe,clinical_surveillance_2022
ceftriaxone,e_coli,europe,2022,0.19620000000000004,0.13734000000000002,0.27468000000000004,clinical_trial_rwe,clinical_surveillance_2022
ceftriaxone,e_coli,asia,2022,0.2507,0.17548999999999998,0.35097999999999996,clinical_trial_rwe,clinical_surveillance_2022
ceftriaxone,e_coli,africa,2022,0.2725,0.19075,0.3815,clinical_trial_rwe,clinical_surveillance_2022
ceftriaxone,e_coli,south_america,2022,0.23980000000000004,0.16786,0.33572,clinical_trial_rwe,clinical_surveillance_2022
ceftriaxone,e_coli,oceania,2022,0.19184000000000004,0.13428800000000002,0.26857600000000004,clinical_trial_rwe,clinical_surveillance_2022
ceftriaxone,e_coli,north_america,2023,0.19040000000000004,0.13328,0.26656,clinical_trial_rwe,clinical_surveillance_2023
ceftriaxone,e_coli,europe,2023,0.20160000000000003,0.14112000000000002,0.28224000000000005,clinical_trial_rwe,clinical_surveillance_2023
ceftriaxone,e_coli,asia,2023,0.2576,0.18031999999999998,0.36063999999999996,clinical_trial_rwe,clinical_surveillance_2023
ceftriaxone,e_coli,africa,2023,0.28,0.196,0.392,clinical_trial_rwe,clinical_surveillance_2023
ceftriaxone,e_coli,south_america,2023,0.24640000000000006,0.17248000000000002,0.34496000000000004,clinical_trial_rwe,clinical_surveillance_2023
ceftriaxone,e_coli,oceania,2023,0.19712000000000005,0.13798400000000002,0.27596800000000005,clinical_trial_rwe,clinical_surveillance_2023
ceftriaxone,e_coli,north_america,2024,0.1955,0.13685,0.2737,clinical_trial_rwe,clinical_surveillance_2024
ceftriaxone,e_coli,europe,2024,0.20700000000000002,0.1449,0.2898,clinical_trial_rwe,clinical_surveillance_2024
ceftriaxone,e_coli,asia,2024,0.26449999999999996,0.18514999999999995,0.3702999999999999,clinical_trial_rwe,clinical_surveillance_2024
ceftriaxone,e_coli,africa,2024,0.2875,0.20124999999999998,0.40249999999999997,clinical_trial_rwe,clinical_surveillance_2024
ceftriaxone,e_coli,south_america,2024,0.253,0.17709999999999998,0.35419999999999996,clinical_trial_rwe,clinical_surveillance_2024
ceftriaxone,e_coli,oceania,2024,0.2024,0.14168,0.28336,clinical_trial_rwe,clinical_surveillance_2024
ceftriaxone,k_pneumoniae,north_america,2019,0.255,0.1785,0.357,clinical_trial_rwe,clinical_surveillance_2019
ceftriaxone,k_pneumoniae,europe,2019,0.27,0.189,0.378,clinical_trial_rwe,clinical_surveillance_2019
ceftriaxone,k_pneumoniae,asia,2019,0.345,0.24149999999999996,0.48299999999999993,clinical_trial_rwe,clinical_surveillance_2019
ceftriaxone,k_pneumoniae,africa,2019,0.375,0.26249999999999996,0.5249999999999999,clinical_trial_rwe,clinical_surveillance_2019
ceftriaxone,k_pneumoniae,south_america,2019,0.33,0.23099999999999998,0.46199999999999997,clinical_trial_rwe,clinical_surveillance_2019
ceftriaxone,k_pneumoniae,oceania,2019,0.264,0.1848,0.3696,clinical_trial_rwe,clinical_surveillance_2019
ceftriaxone,k_pneumoniae,north_america,2020,0.26265,0.183855,0.36771,clinical_trial_rwe,clinical_surveillance_2020
ceftriaxone,k_pneumoniae,europe,2020,0.2781,0.19467,0.38934,clinical_trial_rwe,clinical_surveillance_2020
ceftriaxone,k_pneumoniae,asia,2020,0.35535,0.248745,0.49749,clinical_trial_rwe,clinical_surveillance_2020
ceftriaxone,k_pneumoniae,africa,2020,0.38625,0.270375,0.54075,clinical_trial_rwe,clinical_surveillance_2020
ceftriaxone,k_pneumoniae,south_america,2020,0.33990000000000004,0.23793,0.47586,clinical_trial_rwe,clinical_surveillance_2020
ceftriaxone,k_pneumoniae,oceania,2020,0.27192,0.19034399999999999,0.38068799999999997,clinical_trial_rwe,clinical_surveillance_2020
ceftriaxone,k_pneumoniae,north_america,2021,0.27030000000000004,0.18921000000000002,0.37842000000000003,clinical_trial_rwe,clinical_surveillance_2021
ceftriaxone,k_pneumoniae,europe,2021,0.2862,0.20034,0.40068,clinical_trial_rwe,clinical_surveillance_2021
ceftriaxone,k_pneumoniae,asia,2021,0.36569999999999997,0.25598999999999994,0.5119799999999999,clinical_trial_rwe,clinical_surveillance_2021
ceftriaxone,k_pneumoniae,africa,2021,0.3975,0.27825,0.5565,clinical_trial_rwe,clinical_surveillance_2021
ceftriaxone,k_pneumoniae,south_america,2021,0.34980000000000006,0.24486000000000002,0.48972000000000004,clinical_trial_rwe,clinical_surveillance_2021
ceftriaxone,k_pneumoniae,oceania,2021,0.27984000000000003,0.195888,0.391776,clinical_trial_rwe,clinical_surveillance_2021
ceftriaxone,k_pneumoniae,north_america,2022,0.27795000000000003,0.19456500000000002,0.38913000000000003,clinical_trial_rwe,clinical_surveillance_2022
ceftriaxone,k_pneumoniae,europe,2022,0.29430000000000006,0.20601000000000003,0.41202000000000005,clinical_trial_rwe,clinical_surveillance_2022
ceftriaxone,k_pneumoniae,asia,2022,0.37605,0.263235,0.52647,clinical_trial_rwe,clinical_surveillance_2022
ceftriaxone,k_pneumoniae,africa,2022,0.40875000000000006,0.286125,0.57225,clinical_trial_rwe,clinical_surveillance_2022
ceftriaxone,k_pneumoniae,south_america,2022,0.3597,0.25179,0.50358,clinical_trial_rwe,clinical_surveillance_2022
ceftriaxone,k_pneumoniae,oceania,2022,0.28776,0.201432,0.402864,clinical_trial_rwe,clinical_surveillance_2022
ceftriaxone,k_pneumoniae,north_america,2023,0.2856,0.19992000000000001,0.39984000000000003,clinical_trial_rwe,clinical_surveillance_2023
ceftriaxone,k_pneumoniae,europe,2023,0.30240000000000006,0.21168000000000003,0.42336000000000007,clinical_trial_rwe,clinical_surveillance_2023
ceftriaxone,k_pneumoniae,asia,2023,0.3864,0.27048,0.54096,clinical_trial_rwe,clinical_surveillance_2023
ceftriaxone,k_pneumoniae,africa,2023,0.42000000000000004,0.294,0.588,clinical_trial_rwe,clinical_surveillance_2023
ceftriaxone,k_pneumoniae,south_america,2023,0.36960000000000004,0.25872,0.51744,clinical_trial_rwe,clinical_surveillance_2023
ceftriaxone,k_pneumoniae,oceania,2023,0.29568000000000005,0.20697600000000002,0.41395200000000004,clinical_trial_rwe,clinical_surveillance_2023
ceftriaxone,k_pneumoniae,north_america,2024,0.29324999999999996,0.20527499999999996,0.4105499999999999,clinical_trial_rwe,clinical_surveillance_2024
ceftriaxone,k_pneumoniae,europe,2024,0.3105,0.21735,0.4347,clinical_trial_rwe,clinical_surveillance_2024
ceftriaxone,k_pneumoniae,asia,2024,0.39674999999999994,0.27772499999999994,0.5554499999999999,clinical_trial_rwe,clinical_surveillance_2024
ceftriaxone,k_pneumoniae,africa,2024,0.43124999999999997,0.30187499999999995,0.6037499999999999,clinical_trial_rwe,clinical_surveillance_2024
ceftriaxone,k_pneumoniae,south_america,2024,0.3795,0.26565,0.5313,clinical_trial_rwe,clinical_surveillance_2024
ceftriaxone,k_pneumoniae,oceania,2024,0.3036,0.21252,0.42504,clinical_trial_rwe,clinical_surveillance_2024
ceftriaxone,s_pneumoniae,north_america,2019,0.1275,0.08925,0.1785,clinical_trial_rwe,clinical_surveillance_2019
ceftriaxone,s_pneumoniae,europe,2019,0.135,0.0945,0.189,clinical_trial_rwe,clinical_surveillance_2019
ceftriaxone,s_pneumoniae,asia,2019,0.1725,0.12074999999999998,0.24149999999999996,clinical_trial_rwe,clinical_surveillance_2019
ceftriaxone,s_pneumoniae,africa,2019,0.1875,0.13124999999999998,0.26249999999999996,clinical_trial_rwe,clinical_surveillance_2019
ceftriaxone,s_pneumoniae,south_america,2019,0.165,0.11549999999999999,0.23099999999999998,clinical_trial_rwe,clinical_surveillance_2019
ceftriaxone,s_pneumoniae,oceania,2019,0.132,0.0924,0.1848,clinical_trial_rwe,clinical_surveillance_2019
ceftriaxone,s_pneumoniae,north_america,2020,0.131325,0.0919275,0.183855,clinical_trial_rwe,clinical_surveillance_2020
ceftriaxone,s_pneumoniae,europe,2020,0.13905,0.097335,0.19467,clinical_trial_rwe,clinical_surveillance_2020
ceftriaxone,s_pneumoniae,asia,2020,0.177675,0.1243725,0.248745,clinical_trial_rwe,clinical_surveillance_2020
ceftriaxone,s_pneumoniae,africa,2020,0.193125,0.1351875,0.270375,clinical_trial_rwe,clinical_surveillance_2020
ceftriaxone,s_pneumoniae,south_america,2020,0.16995000000000002,0.118965,0.23793,clinical_trial_rwe,clinical_surveillance_2020
ceftriaxone,s_pneumoniae,oceania,2020,0.13596,0.09517199999999999,0.19034399999999999,clinical_trial_rwe,clinical_surveillance_2020
ceftriaxone,s_pneumoniae,north_america,2021,0.13515000000000002,0.09460500000000001,0.18921000000000002,clinical_trial_rwe,clinical_surveillance_2021
ceftriaxone,s_pneumoniae,europe,2021,0.1431,0.10017,0.20034,clinical_trial_rwe,clinical_surveillance_2021
ceftriaxone,s_pneumoniae,asia,2021,0.18284999999999998,0.12799499999999997,0.25598999999999994,clinical_trial_rwe,clinical_surveillance_2021
ceftriaxone,s_pneumoniae,africa,2021,0.19875,0.139125,0.27825,clinical_trial_rwe,clinical_surveillance_2021
ceftriaxone,s_pneumoniae,south_america,2021,0.17490000000000003,0.12243000000000001,0.24486000000000002,clinical_trial_rwe,clinical_surveillance_2021
ceftriaxone,s_pneumoniae,oceania,2021,0.13992000000000002,0.097944,0.195888,clinical_trial_rwe,clinical_surveillance_2021
ceftriaxone,s_pneumoniae,north_america,2022,0.13897500000000002,0.09728250000000001,0.19456500000000002,clinical_trial_rwe,clinical_surveillance_2022
ceftriaxone,s_pneumoniae,europe,2022,0.14715000000000003,0.10300500000000001,0.20601000000000003,clinical_trial_rwe,clinical_surveillance_2022
ceftriaxone,s_pneumoniae,asia,2022,0.188025,0.1316175,0.263235,clinical_trial_rwe,clinical_surveillance_2022
ceftriaxone,s_pneumoniae,africa,2022,0.20437500000000003,0.1430625,0.286125,clinical_trial_rwe,clinical_surveillance_2022
ceftriaxone,s_pneumoniae,south_america,2022,0.17985,0.125895,0.25179,clinical_trial_rwe,clinical_surveillance_2022
ceftriaxone,s_pneumoniae,oceania,2022,0.14388,0.100716,0.201432,clinical_trial_rwe,clinical_surveillance_2022
ceftriaxone,s_pneumoniae,north_america,2023,0.1428,0.09996000000000001,0.19992000000000001,clinical_trial_rwe,clinical_surveillance_2023
ceftriaxone,s_pneumoniae,europe,2023,0.15120000000000003,0.10584000000000002,0.21168000000000003,clinical_trial_rwe,clinical_surveillance_2023
ceftriaxone,s_pneumoniae,asia,2023,0.1932,0.13524,0.27048,clinical_trial_rwe,clinical_surveillance_2023
ceftriaxone,s_pneumoniae,africa,2023,0.21000000000000002,0.147,0.294,clinical_trial_rwe,clinical_surveillance_2023
ceftriaxone,s_pneumoniae,south_america,2023,0.18480000000000002,0.12936,0.25872,clinical_trial_rwe,clinical_surveillance_2023
ceftriaxone,s_pneumoniae,oceania,2023,0.14784000000000003,0.10348800000000001,0.20697600000000002,clinical_trial_rwe,clinical_surveillance_2023
ceftriaxone,s_pneumoniae,north_america,2024,0.14662499999999998,0.10263749999999998,0.20527499999999996,clinical_trial_rwe,clinical_surveillance_2024
ceftriaxone,s_pneumoniae,europe,2024,0.15525,0.108675,0.21735,clinical_trial_rwe,clinical_surveillance_2024
ceftriaxone,s_pneumoniae,asia,2024,0.19837499999999997,0.13886249999999997,0.27772499999999994,clinical_trial_rwe,clinical_surveillance_2024
ceftriaxone,s_pneumoniae,africa,2024,0.21562499999999998,0.15093749999999997,0.30187499999999995,clinical_trial_rwe,clinical_surveillance_2024
ceftriaxone,s_pneumoniae,south_america,2024,0.18975,0.132825,0.26565,clinical_trial_rwe,clinical_surveillance_2024
ceftriaxone,s_pneumoniae,oceania,2024,0.1518,0.10626,0.21252,clinical_trial_rwe,clinical_surveillance_2024
ceftazidime,p_aeruginosa,north_america,2019,0.34,0.238,0.476,clinical_trial_rwe,clinical_surveillance_2019
ceftazidime,p_aeruginosa,europe,2019,0.36000000000000004,0.252,0.504,clinical_trial_rwe,clinical_surveillance_2019
ceftazidime,p_aeruginosa,asia,2019,0.45999999999999996,0.32199999999999995,0.6439999999999999,clinical_trial_rwe,clinical_surveillance_2019
ceftazidime,p_aeruginosa,africa,2019,0.5,0.35,0.7,clinical_trial_rwe,clinical_surveillance_2019
ceftazidime,p_aeruginosa,south_america,2019,0.44000000000000006,0.308,0.616,clinical_trial_rwe,clinical_surveillance_2019
ceftazidime,p_aeruginosa,oceania,2019,0.35200000000000004,0.2464,0.4928,clinical_trial_rwe,clinical_surveillance_2019
ceftazidime,p_aeruginosa,north_america,2020,0.3502,0.24514,0.49028,clinical_trial_rwe,clinical_surveillance_2020
ceftazidime,p_aeruginosa,europe,2020,0.3708000000000001,0.25956,0.51912,clinical_trial_rwe,clinical_surveillance_2020
ceftazidime,p_aeruginosa,asia,2020,0.4738,0.33165999999999995,0.6633199999999999,clinical_trial_rwe,clinical_surveillance_2020
ceftazidime,p_aeruginosa,africa,2020,0.515,0.3605,0.721,clinical_trial_rwe,clinical_surveillance_2020
ceftazidime,p_aeruginosa,south_america,2020,0.45320000000000005,0.31724,0.63448,clinical_trial_rwe,clinical_surveillance_2020
ceftazidime,p_aeruginosa,oceania,2020,0.36256000000000005,0.253792,0.507584,clinical_trial_rwe,clinical_surveillance_2020
ceftazidime,p_aeruginosa,north_america,2021,0.36040000000000005,0.25228,0.50456,clinical_trial_rwe,clinical_surveillance_2021
ceftazidime,p_aeruginosa,europe,2021,0.38160000000000005,0.26712,0.53424,clinical_trial_rwe,clinical_surveillance_2021
ceftazidime,p_aeruginosa,asia,2021,0.4876,0.34131999999999996,0.6826399999999999,clinical_trial_rwe,clinical_surveillance_2021
ceftazidime,p_aeruginosa,africa,2021,0.53,0.371,0.742,clinical_trial_rwe,clinical_surveillance_2021
ceftazidime,p_aeruginosa,south_america,2021,0.4664000000000001,0.32648000000000005,0.6529600000000001,clinical_trial_rwe,clinical_surveillance_2021
ceftazidime,p_aeruginosa,oceania,2021,0.37312000000000006,0.261184,0.522368,clinical_trial_rwe,clinical_surveillance_2021
ceftazidime,p_aeruginosa,north_america,2022,0.37060000000000004,0.25942000000000004,0.5188400000000001,clinical_trial_rwe,clinical_surveillance_2022
ceftazidime,p_aeruginosa,europe,2022,0.3924000000000001,0.27468000000000004,0.5493600000000001,clinical_trial_rwe,clinical_surveillance_2022
ceftazidime,p_aeruginosa,asia,2022,0.5014,0.35097999999999996,0.7019599999999999,clinical_trial_rwe,clinical_surveillance_2022
ceftazidime,p_aeruginosa,africa,2022,0.545,0.3815,0.763,clinical_trial_rwe,clinical_surveillance_2022
ceftazidime,p_aeruginosa,south_america,2022,0.4796000000000001,0.33572,0.67144,clinical_trial_rwe,clinical_surveillance_2022
ceftazidime,p_aeruginosa,oceania,2022,0.3836800000000001,0.26857600000000004,0.5371520000000001,clinical_trial_rwe,clinical_surveillance_2022
ceftazidime,p_aeruginosa,north_america,2023,0.3808000000000001,0.26656,0.53312,clinical_trial_rwe,clinical_surveillance_2023
ceftazidime,p_aeruginosa,europe,2023,0.40320000000000006,0.28224000000000005,0.5644800000000001,clinical_trial_rwe,clinical_surveillance_2023
ceftazidime,p_aeruginosa,asia,2023,0.5152,0.36063999999999996,0.7212799999999999,clinical_trial_rwe,clinical_surveillance_2023
ceftazidime,p_aeruginosa,africa,2023,0.56,0.392,0.784,clinical_trial_rwe,clinical_surveillance_2023
ceftazidime,p_aeruginosa,south_america,2023,0.4928000000000001,0.34496000000000004,0.6899200000000001,clinical_trial_rwe,clinical_surveillance_2023
ceftazidime,p_aeruginosa,oceania,2023,0.3942400000000001,0.27596800000000005,0.5519360000000001,clinical_trial_rwe,clinical_surveillance_2023
ceftazidime,p_aeruginosa,north_america,2024,0.391,0.2737,0.5474,clinical_trial_rwe,clinical_surveillance_2024
ceftazidime,p_aeruginosa,europe,2024,0.41400000000000003,0.2898,0.5796,clinical_trial_rwe,clinical_surveillance_2024
ceftazidime,p_aeruginosa,asia,2024,0.5289999999999999,0.3702999999999999,0.7405999999999998,clinical_trial_rwe,clinical_surveillance_2024
ceftazidime,p_aeruginosa,africa,2024,0.575,0.40249999999999997,0.8049999999999999,clinical_trial_rwe,clinical_surveillance_2024
ceftazidime,p_aeruginosa,south_america,2024,0.506,0.35419999999999996,0.7083999999999999,clinical_trial_rwe,clinical_surveillance_2024
ceftazidime,p_aeruginosa,oceania,2024,0.4048,0.28336,0.56672,clinical_trial_rwe,clinical_surveillance_2024
ceftazidime,k_pneumoniae,north_america,2019,0.2125,0.14875,0.2975,clinical_trial_rwe,clinical_surveillance_2019
ceftazidime,k_pneumoniae,europe,2019,0.225,0.1575,0.315,clinical_trial_rwe,clinical_surveillance_2019
ceftazidime,k_pneumoniae,asia,2019,0.2875,0.20124999999999998,0.40249999999999997,clinical_trial_rwe,clinical_surveillance_2019
ceftazidime,k_pneumoniae,africa,2019,0.3125,0.21875,0.4375,clinical_trial_rwe,clinical_surveillance_2019
ceftazidime,k_pneumoniae,south_america,2019,0.275,0.1925,0.385,clinical_trial_rwe,clinical_surveillance_2019
ceftazidime,k_pneumoniae,oceania,2019,0.22,0.154,0.308,clinical_trial_rwe,clinical_surveillance_2019
ceftazidime,k_pneumoniae,north_america,2020,0.218875,0.15321249999999997,0.30642499999999995,clinical_trial_rwe,clinical_surveillance_2020
ceftazidime,k_pneumoniae,europe,2020,0.23175,0.162225,0.32445,clinical_trial_rwe,clinical_surveillance_2020
ceftazidime,k_pneumoniae,asia,2020,0.29612499999999997,0.20728749999999996,0.4145749999999999,clinical_trial_rwe,clinical_surveillance_2020
ceftazidime,k_pneumoniae,africa,2020,0.321875,0.2253125,0.450625,clinical_trial_rwe,clinical_surveillance_2020
ceftazidime,k_pneumoniae,south_america,2020,0.28325000000000006,0.19827500000000003,0.39655000000000007,clinical_trial_rwe,clinical_surveillance_2020
ceftazidime,k_pneumoniae,oceania,2020,0.2266,0.15861999999999998,0.31723999999999997,clinical_trial_rwe,clinical_surveillance_2020
ceftazidime,k_pneumoniae,north_america,2021,0.22525,0.15767499999999998,0.31534999999999996,clinical_trial_rwe,clinical_surveillance_2021
ceftazidime,k_pneumoniae,europe,2021,0.23850000000000002,0.16695000000000002,0.33390000000000003,clinical_trial_rwe,clinical_surveillance_2021
ceftazidime,k_pneumoniae,asia,2021,0.30474999999999997,0.21332499999999996,0.4266499999999999,clinical_trial_rwe,clinical_surveillance_2021
ceftazidime,k_pneumoniae,africa,2021,0.33125000000000004,0.23187500000000003,0.46375000000000005,clinical_trial_rwe,clinical_surveillance_2021
ceftazidime,k_pneumoniae,south_america,2021,0.29150000000000004,0.20405,0.4081,clinical_trial_rwe,clinical_surveillance_2021
ceftazidime,k_pneumoniae,oceania,2021,0.23320000000000002,0.16324,0.32648,clinical_trial_rwe,clinical_surveillance_2021
ceftazidime,k_pneumoniae,north_america,2022,0.231625,0.1621375,0.324275,clinical_trial_rwe,clinical_surveillance_2022
ceftazidime,k_pneumoniae,europe,2022,0.24525000000000002,0.171675,0.34335,clinical_trial_rwe,clinical_surveillance_2022
ceftazidime,k_pneumoniae,asia,2022,0.313375,0.2193625,0.438725,clinical_trial_rwe,clinical_surveillance_2022
ceftazidime,k_pneumoniae,africa,2022,0.340625,0.2384375,0.476875,clinical_trial_rwe,clinical_surveillance_2022
ceftazidime,k_pneumoniae,south_america,2022,0.29975000000000007,0.20982500000000004,0.4196500000000001,clinical_trial_rwe,clinical_surveillance_2022
ceftazidime,k_pneumoniae,oceania,2022,0.2398,0.16786,0.33572,clinical_trial_rwe,clinical_surveillance_2022
ceftazidime,k_pneumoniae,north_america,2023,0.23800000000000002,0.1666,0.3332,clinical_trial_rwe,clinical_surveillance_2023
ceftazidime,k_pneumoniae,europe,2023,0.25200000000000006,0.17640000000000003,0.35280000000000006,clinical_trial_rwe,clinical_surveillance_2023
ceftazidime,k_pneumoniae,asia,2023,0.322,0.2254,0.4508,clinical_trial_rwe,clinical_surveillance_2023
ceftazidime,k_pneumoniae,africa,2023,0.35000000000000003,0.245,0.49,clinical_trial_rwe,clinical_surveillance_2023
ceftazidime,k_pneumoniae,south_america,2023,0.30800000000000005,0.2156,0.4312,clinical_trial_rwe,clinical_surveillance_2023
ceftazidime,k_pneumoniae,oceania,2023,0.24640000000000004,0.17248000000000002,0.34496000000000004,clinical_trial_rwe,clinical_surveillance_2023
ceftazidime,k_pneumoniae,north_america,2024,0.24437499999999998,0.17106249999999998,0.34212499999999996,clinical_trial_rwe,clinical_surveillance_2024
ceftazidime,k_pneumoniae,europe,2024,0.25875,0.18112499999999998,0.36224999999999996,clinical_trial_rwe,clinical_surveillance_2024
ceftazidime,k_pneumoniae,asia,2024,0.33062499999999995,0.23143749999999993,0.46287499999999987,clinical_trial_rwe,clinical_surveillance_2024
ceftazidime,k_pneumoniae,africa,2024,0.359375,0.25156249999999997,0.5031249999999999,clinical_trial_rwe,clinical_surveillance_2024
ceftazidime,k_pneumoniae,south_america,2024,0.31625,0.22137499999999996,0.4427499999999999,clinical_trial_rwe,clinical_surveillance_2024
ceftazidime,k_pneumoniae,oceania,2024,0.253,0.17709999999999998,0.35419999999999996,clinical_trial_rwe,clinical_surveillance_2024
ceftazidime,e_coli,north_america,2019,0.153,0.10709999999999999,0.21419999999999997,clinical_trial_rwe,clinical_surveillance_2019
ceftazidime,e_coli,europe,2019,0.162,0.1134,0.2268,clinical_trial_rwe,clinical_surveillance_2019
ceftazidime,e_coli,asia,2019,0.207,0.14489999999999997,0.28979999999999995,clinical_trial_rwe,clinical_surveillance_2019
ceftazidime,e_coli,africa,2019,0.22499999999999998,0.15749999999999997,0.31499999999999995,clinical_trial_rwe,clinical_surveillance_2019
ceftazidime,e_coli,south_america,2019,0.198,0.1386,0.2772,clinical_trial_rwe,clinical_surveillance_2019
ceftazidime,e_coli,oceania,2019,0.15839999999999999,0.11087999999999998,0.22175999999999996,clinical_trial_rwe,clinical_surveillance_2019
ceftazidime,e_coli,north_america,2020,0.15759,0.110313,0.220626,clinical_trial_rwe,clinical_surveillance_2020
ceftazidime,e_coli,europe,2020,0.16686,0.116802,0.233604,clinical_trial_rwe,clinical_surveillance_2020
ceftazidime,e_coli,asia,2020,0.21320999999999998,0.149247,0.298494,clinical_trial_rwe,clinical_surveillance_2020
ceftazidime,e_coli,africa,2020,0.23174999999999998,0.16222499999999998,0.32444999999999996,clinical_trial_rwe,clinical_surveillance_2020
ceftazidime,e_coli,south_america,2020,0.20394,0.142758,0.285516,clinical_trial_rwe,clinical_surveillance_2020
ceftazidime,e_coli,oceania,2020,0.163152,0.11420639999999999,0.22841279999999997,clinical_trial_rwe,clinical_surveillance_2020
ceftazidime,e_coli,north_america,2021,0.16218000000000002,0.113526,0.227052,clinical_trial_rwe,clinical_surveillance_2021
ceftazidime,e_coli,europe,2021,0.17172,0.120204,0.240408,clinical_trial_rwe,clinical_surveillance_2021
ceftazidime,e_coli,asia,2021,0.21942,0.15359399999999998,0.30718799999999996,clinical_trial_rwe,clinical_surveillance_2021
ceftazidime,e_coli,africa,2021,0.2385,0.16695,0.3339,clinical_trial_rwe,clinical_surveillance_2021
ceftazidime,e_coli,south_america,2021,0.20988,0.146916,0.293832,clinical_trial_rwe,clinical_surveillance_2021
ceftazidime,e_coli,oceania,2021,0.167904,0.11753279999999999,0.23506559999999999,clinical_trial_rwe,clinical_surveillance_2021
ceftazidime,e_coli,north_america,2022,0.16677,0.116739,0.233478,clinical_trial_rwe,clinical_surveillance_2022
ceftazidime,e_coli,europe,2022,0.17658000000000001,0.12360600000000001,0.24721200000000002,clinical_trial_rwe,clinical_surveillance_2022
ceftazidime,e_coli,asia,2022,0.22563,0.157941,0.315882,clinical_trial_rwe,clinical_surveillance_2022
ceftazidime,e_coli,africa,2022,0.24525,0.171675,0.34335,clinical_trial_rwe,clinical_surveillance_2022
ceftazidime,e_coli,south_america,2022,0.21582000000000004,0.151074,0.302148,clinical_trial_rwe,clinical_surveillance_2022
ceftazidime,e_coli,oceania,2022,0.172656,0.1208592,0.2417184,clinical_trial_rwe,clinical_surveillance_2022
ceftazidime,e_coli,north_america,2023,0.17136,0.119952,0.239904,clinical_trial_rwe,clinical_surveillance_2023
ceftazidime,e_coli,europe,2023,0.18144000000000002,0.127008,0.254016,clinical_trial_rwe,clinical_surveillance_2023
ceftazidime,e_coli,asia,2023,0.23184000000000002,0.16228800000000002,0.32457600000000003,clinical_trial_rwe,clinical_surveillance_2023
ceftazidime,e_coli,africa,2023,0.252,0.1764,0.3528,clinical_trial_rwe,clinical_surveillance_2023
ceftazidime,e_coli,south_america,2023,0.22176000000000004,0.155232,0.310464,clinical_trial_rwe,clinical_surveillance_2023
ceftazidime,e_coli,oceania,2023,0.177408,0.1241856,0.2483712,clinical_trial_rwe,clinical_surveillance_2023
ceftazidime,e_coli,north_america,2024,0.17595,0.12316499999999998,0.24632999999999997,clinical_trial_rwe,clinical_surveillance_2024
ceftazidime,e_coli,europe,2024,0.1863,0.13041,0.26082,clinical_trial_rwe,clinical_surveillance_2024
ceftazidime,e_coli,asia,2024,0.23804999999999996,0.16663499999999995,0.3332699999999999,clinical_trial_rwe,clinical_surveillance_2024
ceftazidime,e_coli,africa,2024,0.25875,0.18112499999999998,0.36224999999999996,clinical_trial_rwe,clinical_surveillance_2024
ceftazidime,e_coli,south_america,2024,0.22769999999999999,0.15938999999999998,0.31877999999999995,clinical_trial_rwe,clinical_surveillance_2024
ceftazidime,e_coli,oceania,2024,0.18215999999999996,0.12751199999999996,0.2550239999999999,clinical_trial_rwe,clinical_surveillance_2024
cefepime,p_aeruginosa,north_america,2019,0.2975,0.20825,0.4165,clinical_trial_rwe,clinical_surveillance_2019
cefepime,p_aeruginosa,europe,2019,0.315,0.22049999999999997,0.44099999999999995,clinical_trial_rwe,clinical_surveillance_2019
cefepime,p_aeruginosa,asia,2019,0.40249999999999997,0.28174999999999994,0.5634999999999999,clinical_trial_rwe,clinical_surveillance_2019
cefepime,p_aeruginosa,africa,2019,0.4375,0.30624999999999997,0.6124999999999999,clinical_trial_rwe,clinical_surveillance_2019
cefepime,p_aeruginosa,south_america,2019,0.385,0.26949999999999996,0.5389999999999999,clinical_trial_rwe,clinical_surveillance_2019
cefepime,p_aeruginosa,oceania,2019,0.308,0.21559999999999999,0.43119999999999997,clinical_trial_rwe,clinical_surveillance_2019
cefepime,p_aeruginosa,north_america,2020,0.306425,0.21449749999999998,0.42899499999999996,clinical_trial_rwe,clinical_surveillance_2020
cefepime,p_aeruginosa,europe,2020,0.32445,0.22711499999999998,0.45422999999999997,clinical_trial_rwe,clinical_surveillance_2020
cefepime,p_aeruginosa,asia,2020,0.41457499999999997,0.2902025,0.580405,clinical_trial_rwe,clinical_surveillance_2020
cefepime,p_aeruginosa,africa,2020,0.450625,0.3154375,0.630875,clinical_trial_rwe,clinical_surveillance_2020
cefepime,p_aeruginosa,south_america,2020,0.39655,0.27758499999999997,0.5551699999999999,clinical_trial_rwe,clinical_surveillance_2020
cefepime,p_aeruginosa,oceania,2020,0.31724,0.222068,0.444136,clinical_trial_rwe,clinical_surveillance_2020
cefepime,p_aeruginosa,north_america,2021,0.31535,0.220745,0.44149,clinical_trial_rwe,clinical_surveillance_2021
cefepime,p_aeruginosa,europe,2021,0.33390000000000003,0.23373,0.46746,clinical_trial_rwe,clinical_surveillance_2021
cefepime,p_aeruginosa,asia,2021,0.42665,0.29865499999999995,0.5973099999999999,clinical_trial_rwe,clinical_surveillance_2021
cefepime,p_aeruginosa,africa,2021,0.46375,0.324625,0.64925,clinical_trial_rwe,clinical_surveillance_2021
cefepime,p_aeruginosa,south_america,2021,0.4081,0.28567,0.57134,clinical_trial_rwe,clinical_surveillance_2021
cefepime,p_aeruginosa,oceania,2021,0.32648,0.228536,0.457072,clinical_trial_rwe,clinical_surveillance_2021
cefepime,p_aeruginosa,north_america,2022,0.32427500000000004,0.2269925,0.453985,clinical_trial_rwe,clinical_surveillance_2022
cefepime,p_aeruginosa,europe,2022,0.34335000000000004,0.240345,0.48069,clinical_trial_rwe,clinical_surveillance_2022
cefepime,p_aeruginosa,asia,2022,0.438725,0.3071075,0.614215,clinical_trial_rwe,clinical_surveillance_2022
cefepime,p_aeruginosa,africa,2022,0.47687500000000005,0.3338125,0.667625,clinical_trial_rwe,clinical_surveillance_2022
cefepime,p_aeruginosa,south_america,2022,0.41965,0.293755,0.58751,clinical_trial_rwe,clinical_surveillance_2022
cefepime,p_aeruginosa,oceania,2022,0.33572,0.235004,0.470008,clinical_trial_rwe,clinical_surveillance_2022
cefepime,p_aeruginosa,north_america,2023,0.3332,0.23323999999999998,0.46647999999999995,clinical_trial_rwe,clinical_surveillance_2023
cefepime,p_aeruginosa,europe,2023,0.35280000000000006,0.24696,0.49392,clinical_trial_rwe,clinical_surveillance_2023
cefepime,p_aeruginosa,asia,2023,0.45080000000000003,0.31556,0.63112,clinical_trial_rwe,clinical_surveillance_2023
cefepime,p_aeruginosa,africa,2023,0.49000000000000005,0.343,0.686,clinical_trial_rwe,clinical_surveillance_2023
cefepime,p_aeruginosa,south_america,2023,0.4312,0.30184,0.60368,clinical_trial_rwe,clinical_surveillance_2023
cefepime,p_aeruginosa,oceania,2023,0.34496000000000004,0.24147200000000002,0.48294400000000004,clinical_trial_rwe,clinical_surveillance_2023
cefepime,p_aeruginosa,north_america,2024,0.34212499999999996,0.23948749999999996,0.47897499999999993,clinical_trial_rwe,clinical_surveillance_2024
cefepime,p_aeruginosa,europe,2024,0.36224999999999996,0.25357499999999994,0.5071499999999999,clinical_trial_rwe,clinical_surveillance_2024
cefepime,p_aeruginosa,asia,2024,0.4628749999999999,0.3240124999999999,0.6480249999999999,clinical_trial_rwe,clinical_surveillance_2024
cefepime,p_aeruginosa,africa,2024,0.5031249999999999,0.35218749999999993,0.7043749999999999,clinical_trial_rwe,clinical_surveillance_2024
cefepime,p_aeruginosa,south_america,2024,0.44275,0.30992499999999995,0.6198499999999999,clinical_trial_rwe,clinical_surveillance_2024
cefepime,p_aeruginosa,oceania,2024,0.35419999999999996,0.24793999999999997,0.49587999999999993,clinical_trial_rwe,clinical_surveillance_2024
cefepime,k_pneumoniae,north_america,2019,0.187,0.1309,0.2618,clinical_trial_rwe,clinical_surveillance_2019
cefepime,k_pneumoniae,europe,2019,0.198,0.1386,0.2772,clinical_trial_rwe,clinical_surveillance_2019
cefepime,k_pneumoniae,asia,2019,0.253,0.17709999999999998,0.35419999999999996,clinical_trial_rwe,clinical_surveillance_2019
cefepime,k_pneumoniae,africa,2019,0.275,0.1925,0.385,clinical_trial_rwe,clinical_surveillance_2019
cefepime,k_pneumoniae,south_america,2019,0.24200000000000002,0.1694,0.3388,clinical_trial_rwe,clinical_surveillance_2019
cefepime,k_pneumoniae,oceania,2019,0.1936,0.13551999999999997,0.27103999999999995,clinical_trial_rwe,clinical_surveillance_2019
cefepime,k_pneumoniae,north_america,2020,0.19261,0.134827,0.269654,clinical_trial_rwe,clinical_surveillance_2020
cefepime,k_pneumoniae,europe,2020,0.20394,0.142758,0.285516,clinical_trial_rwe,clinical_surveillance_2020
cefepime,k_pneumoniae,asia,2020,0.26059,0.182413,0.364826,clinical_trial_rwe,clinical_surveillance_2020
cefepime,k_pneumoniae,africa,2020,0.28325000000000006,0.19827500000000003,0.39655000000000007,clinical_trial_rwe,clinical_surveillance_2020
cefepime,k_pneumoniae,south_america,2020,0.24926000000000004,0.17448200000000003,0.34896400000000005,clinical_trial_rwe,clinical_surveillance_2020
cefepime,k_pneumoniae,oceania,2020,0.199408,0.1395856,0.2791712,clinical_trial_rwe,clinical_surveillance_2020
cefepime,k_pneumoniae,north_america,2021,0.19822,0.138754,0.277508,clinical_trial_rwe,clinical_surveillance_2021
cefepime,k_pneumoniae,europe,2021,0.20988,0.146916,0.293832,clinical_trial_rwe,clinical_surveillance_2021
cefepime,k_pneumoniae,asia,2021,0.26818000000000003,0.187726,0.375452,clinical_trial_rwe,clinical_surveillance_2021
cefepime,k_pneumoniae,africa,2021,0.29150000000000004,0.20405,0.4081,clinical_trial_rwe,clinical_surveillance_2021
cefepime,k_pneumoniae,south_america,2021,0.25652,0.179564,0.359128,clinical_trial_rwe,clinical_surveillance_2021
cefepime,k_pneumoniae,oceania,2021,0.205216,0.1436512,0.2873024,clinical_trial_rwe,clinical_surveillance_2021
cefepime,k_pneumoniae,north_america,2022,0.20383,0.142681,0.285362,clinical_trial_rwe,clinical_surveillance_2022
cefepime,k_pneumoniae,europe,2022,0.21582000000000004,0.151074,0.302148,clinical_trial_rwe,clinical_surveillance_2022
cefepime,k_pneumoniae,asia,2022,0.27577,0.193039,0.386078,clinical_trial_rwe,clinical_surveillance_2022
cefepime,k_pneumoniae,africa,2022,0.29975000000000007,0.20982500000000004,0.4196500000000001,clinical_trial_rwe,clinical_surveillance_2022
cefepime,k_pneumoniae,south_america,2022,0.26378,0.184646,0.369292,clinical_trial_rwe,clinical_surveillance_2022
cefepime,k_pneumoniae,oceania,2022,0.21102400000000002,0.1477168,0.2954336,clinical_trial_rwe,clinical_surveillance_2022
cefepime,k_pneumoniae,north_america,2023,0.20944000000000002,0.146608,0.293216,clinical_trial_rwe,clinical_surveillance_2023
cefepime,k_pneumoniae,europe,2023,0.22176000000000004,0.155232,0.310464,clinical_trial_rwe,clinical_surveillance_2023
cefepime,k_pneumoniae,asia,2023,0.28336000000000006,0.19835200000000003,0.39670400000000006,clinical_trial_rwe,clinical_surveillance_2023
cefepime,k_pneumoniae,africa,2023,0.30800000000000005,0.2156,0.4312,clinical_trial_rwe,clinical_surveillance_2023
cefepime,k_pneumoniae,south_america,2023,0.27104000000000006,0.18972800000000004,0.37945600000000007,clinical_trial_rwe,clinical_surveillance_2023
cefepime,k_pneumoniae,oceania,2023,0.21683200000000002,0.1517824,0.3035648,clinical_trial_rwe,clinical_surveillance_2023
cefepime,k_pneumoniae,north_america,2024,0.21505,0.15053499999999997,0.30106999999999995,clinical_trial_rwe,clinical_surveillance_2024
cefepime,k_pneumoniae,europe,2024,0.22769999999999999,0.15938999999999998,0.31877999999999995,clinical_trial_rwe,clinical_surveillance_2024
cefepime,k_pneumoniae,asia,2024,0.29095,0.20366499999999998,0.40732999999999997,clinical_trial_rwe,clinical_surveillance_2024
cefepime,k_pneumoniae,africa,2024,0.31625,0.22137499999999996,0.4427499999999999,clinical_trial_rwe,clinical_surveillance_2024
cefepime,k_pneumoniae,south_america,2024,0.2783,0.19480999999999998,0.38961999999999997,clinical_trial_rwe,clinical_surveillance_2024
cefepime,k_pneumoniae,oceania,2024,0.22263999999999998,0.155848,0.311696,clinical_trial_rwe,clinical_surveillance_2024
cefepime,e_coli,north_america,2019,0.1275,0.08925,0.1785,clinical_trial_rwe,clinical_surveillance_2019
cefepime,e_coli,europe,2019,0.135,0.0945,0.189,clinical_trial_rwe,clinical_surveillance_2019
cefepime,e_coli,asia,2019,0.1725,0.12074999999999998,0.24149999999999996,clinical_trial_rwe,clinical_surveillance_2019
cefepime,e_coli,africa,2019,0.1875,0.13124999999999998,0.26249999999999996,clinical_trial_rwe,clinical_surveillance_2019
cefepime,e_coli,south_america,2019,0.165,0.11549999999999999,0.23099999999999998,clinical_trial_rwe,clinical_surveillance_2019
cefepime,e_coli,oceania,2019,0.132,0.0924,0.1848,clinical_trial_rwe,clinical_surveillance_2019
cefepime,e_coli,north_america,2020,0.131325,0.0919275,0.183855,clinical_trial_rwe,clinical_surveillance_2020
cefepime,e_coli,europe,2020,0.13905,0.097335,0.19467,clinical_trial_rwe,clinical_surveillance_2020
cefepime,e_coli,asia,2020,0.177675,0.1243725,0.248745,clinical_trial_rwe,clinical_surveillance_2020
cefepime,e_coli,africa,2020,0.193125,0.1351875,0.270375,clinical_trial_rwe,clinical_surveillance_2020
cefepime,e_coli,south_america,2020,0.16995000000000002,0.118965,0.23793,clinical_trial_rwe,clinical_surveillance_2020
cefepime,e_coli,oceania,2020,0.13596,0.09517199999999999,0.19034399999999999,clinical_trial_rwe,clinical_surveillance_2020
cefepime,e_coli,north_america,2021,0.13515000000000002,0.09460500000000001,0.18921000000000002,clinical_trial_rwe,clinical_surveillance_2021
cefepime,e_coli,europe,2021,0.1431,0.10017,0.20034,clinical_trial_rwe,clinical_surveillance_2021
cefepime,e_coli,asia,2021,0.18284999999999998,0.12799499999999997,0.25598999999999994,clinical_trial_rwe,clinical_surveillance_2021
cefepime,e_coli,africa,2021,0.19875,0.139125,0.27825,clinical_trial_rwe,clinical_surveillance_2021
cefepime,e_coli,south_america,2021,0.17490000000000003,0.12243000000000001,0.24486000000000002,clinical_trial_rwe,clinical_surveillance_2021
cefepime,e_coli,oceania,2021,0.13992000000000002,0.097944,0.195888,clinical_trial_rwe,clinical_surveillance_2021
cefepime,e_coli,north_america,2022,0.13897500000000002,0.09728250000000001,0.19456500000000002,clinical_trial_rwe,clinical_surveillance_2022
cefepime,e_coli,europe,2022,0.14715000000000003,0.10300500000000001,0.20601000000000003,clinical_trial_rwe,clinical_surveillance_2022
cefepime,e_coli,asia,2022,0.188025,0.1316175,0.263235,clinical_trial_rwe,clinical_surveillance_2022
cefepime,e_coli,africa,2022,0.20437500000000003,0.1430625,0.286125,clinical_trial_rwe,clinical_surveillance_2022
cefepime,e_coli,south_america,2022,0.17985,0.125895,0.25179,clinical_trial_rwe,clinical_surveillance_2022
cefepime,e_coli,oceania,2022,0.14388,0.100716,0.201432,clinical_trial_rwe,clinical_surveillance_2022
cefepime,e_coli,north_america,2023,0.1428,0.09996000000000001,0.19992000000000001,clinical_trial_rwe,clinical_surveillance_2023
cefepime,e_coli,europe,2023,0.15120000000000003,0.10584000000000002,0.21168000000000003,clinical_trial_rwe,clinical_surveillance_2023
cefepime,e_coli,asia,2023,0.1932,0.13524,0.27048,clinical_trial_rwe,clinical_surveillance_2023
cefepime,e_coli,africa,2023,0.21000000000000002,0.147,0.294,clinical_trial_rwe,clinical_surveillance_2023
cefepime,e_coli,south_america,2023,0.18480000000000002,0.12936,0.25872,clinical_trial_rwe,clinical_surveillance_2023
cefepime,e_coli,oceania,2023,0.14784000000000003,0.10348800000000001,0.20697600000000002,clinical_trial_rwe,clinical_surveillance_2023
cefepime,e_coli,north_america,2024,0.14662499999999998,0.10263749999999998,0.20527499999999996,clinical_trial_rwe,clinical_surveillance_2024
cefepime,e_coli,europe,2024,0.15525,0.108675,0.21735,clinical_trial_rwe,clinical_surveillance_2024
cefepime,e_coli,asia,2024,0.19837499999999997,0.13886249999999997,0.27772499999999994,clinical_trial_rwe,clinical_surveillance_2024
cefepime,e_coli,africa,2024,0.21562499999999998,0.15093749999999997,0.30187499999999995,clinical_trial_rwe,clinical_surveillance_2024
cefepime,e_coli,south_america,2024,0.18975,0.132825,0.26565,clinical_trial_rwe,clinical_surveillance_2024
cefepime,e_coli,oceania,2024,0.1518,0.10626,0.21252,clinical_trial_rwe,clinical_surveillance_2024
meropenem,k_pneumoniae,north_america,2019,0.1275,0.08925,0.1785,clinical_trial_rwe,clinical_surveillance_2019
meropenem,k_pneumoniae,europe,2019,0.135,0.0945,0.189,clinical_trial_rwe,clinical_surveillance_2019
meropenem,k_pneumoniae,asia,2019,0.1725,0.12074999999999998,0.24149999999999996,clinical_trial_rwe,clinical_surveillance_2019
meropenem,k_pneumoniae,africa,2019,0.1875,0.13124999999999998,0.26249999999999996,clinical_trial_rwe,clinical_surveillance_2019
meropenem,k_pneumoniae,south_america,2019,0.165,0.11549999999999999,0.23099999999999998,clinical_trial_rwe,clinical_surveillance_2019
meropenem,k_pneumoniae,oceania,2019,0.132,0.0924,0.1848,clinical_trial_rwe,clinical_surveillance_2019
meropenem,k_pneumoniae,north_america,2020,0.131325,0.0919275,0.183855,clinical_trial_rwe,clinical_surveillance_2020
meropenem,k_pneumoniae,europe,2020,0.13905,0.097335,0.19467,clinical_trial_rwe,clinical_surveillance_2020
meropenem,k_pneumoniae,asia,2020,0.177675,0.1243725,0.248745,clinical_trial_rwe,clinical_surveillance_2020
meropenem,k_pneumoniae,africa,2020,0.193125,0.1351875,0.270375,clinical_trial_rwe,clinical_surveillance_2020
meropenem,k_pneumoniae,south_america,2020,0.16995000000000002,0.118965,0.23793,clinical_trial_rwe,clinical_surveillance_2020
meropenem,k_pneumoniae,oceania,2020,0.13596,0.09517199999999999,0.19034399999999999,clinical_trial_rwe,clinical_surveillance_2020
meropenem,k_pneumoniae,north_america,2021,0.13515000000000002,0.09460500000000001,0.18921000000000002,clinical_trial_rwe,clinical_surveillance_2021
meropenem,k_pneumoniae,europe,2021,0.1431,0.10017,0.20034,clinical_trial_rwe,clinical_surveillance_2021
meropenem,k_pneumoniae,asia,2021,0.18284999999999998,0.12799499999999997,0.25598999999999994,clinical_trial_rwe,clinical_surveillance_2021
meropenem,k_pneumoniae,africa,2021,0.19875,0.139125,0.27825,clinical_trial_rwe,clinical_surveillance_2021
meropenem,k_pneumoniae,south_america,2021,0.17490000000000003,0.12243000000000001,0.24486000000000002,clinical_trial_rwe,clinical_surveillance_2021
meropenem,k_pneumoniae,oceania,2021,0.13992000000000002,0.097944,0.195888,clinical_trial_rwe,clinical_surveillance_2021
meropenem,k_pneumoniae,north_america,2022,0.13897500000000002,0.09728250000000001,0.19456500000000002,clinical_trial_rwe,clinical_surveillance_2022
meropenem,k_pneumoniae,europe,2022,0.14715000000000003,0.10300500000000001,0.20601000000000003,clinical_trial_rwe,clinical_surveillance_2022
meropenem,k_pneumoniae,asia,2022,0.188025,0.1316175,0.263235,clinical_trial_rwe,clinical_surveillance_2022
meropenem,k_pneumoniae,africa,2022,0.20437500000000003,0.1430625,0.286125,clinical_trial_rwe,clinical_surveillance_2022
meropenem,k_pneumoniae,south_america,2022,0.17985,0.125895,0.25179,clinical_trial_rwe,clinical_surveillance_2022
meropenem,k_pneumoniae,oceania,2022,0.14388,0.100716,0.201432,clinical_trial_rwe,clinical_surveillance_2022
meropenem,k_pneumoniae,north_america,2023,0.1428,0.09996000000000001,0.19992000000000001,clinical_trial_rwe,clinical_surveillance_2023
meropenem,k_pneumoniae,europe,2023,0.15120000000000003,0.10584000000000002,0.21168000000000003,clinical_trial_rwe,clinical_surveillance_2023
meropenem,k_pneumoniae,asia,2023,0.1932,0.13524,0.27048,clinical_trial_rwe,clinical_surveillance_2023
meropenem,k_pneumoniae,africa,2023,0.21000000000000002,0.147,0.294,clinical_trial_rwe,clinical_surveillance_2023
meropenem,k_pneumoniae,south_america,2023,0.18480000000000002,0.12936,0.25872,clinical_trial_rwe,clinical_surveillance_2023
meropenem,k_pneumoniae,oceania,2023,0.14784000000000003,0.10348800000000001,0.20697600000000002,clinical_trial_rwe,clinical_surveillance_2023
meropenem,k_pneumoniae,north_america,2024,0.14662499999999998,0.10263749999999998,0.20527499999999996,clinical_trial_rwe,clinical_surveillance_2024
meropenem,k_pneumoniae,europe,2024,0.15525,0.108675,0.21735,clinical_trial_rwe,clinical_surveillance_2024
meropenem,k_pneumoniae,asia,2024,0.19837499999999997,0.13886249999999997,0.27772499999999994,clinical_trial_rwe,clinical_surveillance_2024
meropenem,k_pneumoniae,africa,2024,0.21562499999999998,0.15093749999999997,0.30187499999999995,clinical_trial_rwe,clinical_surveillance_2024
meropenem,k_pneumoniae,south_america,2024,0.18975,0.132825,0.26565,clinical_trial_rwe,clinical_surveillance_2024
meropenem,k_pneumoniae,oceania,2024,0.1518,0.10626,0.21252,clinical_trial_rwe,clinical_surveillance_2024
meropenem,p_aeruginosa,north_america,2019,0.2125,0.14875,0.2975,clinical_trial_rwe,clinical_surveillance_2019
meropenem,p_aeruginosa,europe,2019,0.225,0.1575,0.315,clinical_trial_rwe,clinical_surveillance_2019
meropenem,p_aeruginosa,asia,2019,0.2875,0.20124999999999998,0.40249999999999997,clinical_trial_rwe,clinical_surveillance_2019
meropenem,p_aeruginosa,africa,2019,0.3125,0.21875,0.4375,clinical_trial_rwe,clinical_surveillance_2019
meropenem,p_aeruginosa,south_america,2019,0.275,0.1925,0.385,clinical_trial_rwe,clinical_surveillance_2019
meropenem,p_aeruginosa,oceania,2019,0.22,0.154,0.308,clinical_trial_rwe,clinical_surveillance_2019
meropenem,p_aeruginosa,north_america,2020,0.218875,0.15321249999999997,0.30642499999999995,clinical_trial_rwe,clinical_surveillance_2020
meropenem,p_aeruginosa,europe,2020,0.23175,0.162225,0.32445,clinical_trial_rwe,clinical_surveillance_2020
meropenem,p_aeruginosa,asia,2020,0.29612499999999997,0.20728749999999996,0.4145749999999999,clinical_trial_rwe,clinical_surveillance_2020
meropenem,p_aeruginosa,africa,2020,0.321875,0.2253125,0.450625,clinical_trial_rwe,clinical_surveillance_2020
meropenem,p_aeruginosa,south_america,2020,0.28325000000000006,0.19827500000000003,0.39655000000000007,clinical_trial_rwe,clinical_surveillance_2020
meropenem,p_aeruginosa,oceania,2020,0.2266,0.15861999999999998,0.31723999999999997,clinical_trial_rwe,clinical_surveillance_2020
meropenem,p_aeruginosa,north_america,2021,0.22525,0.15767499999999998,0.31534999999999996,clinical_trial_rwe,clinical_surveillance_2021
meropenem,p_aeruginosa,europe,2021,0.23850000000000002,0.16695000000000002,0.33390000000000003,clinical_trial_rwe,clinical_surveillance_2021
meropenem,p_aeruginosa,asia,2021,0.30474999999999997,0.21332499999999996,0.4266499999999999,clinical_trial_rwe,clinical_surveillance_2021
meropenem,p_aeruginosa,africa,2021,0.33125000000000004,0.23187500000000003,0.46375000000000005,clinical_trial_rwe,clinical_surveillance_2021
meropenem,p_aeruginosa,south_america,2021,0.29150000000000004,0.20405,0.4081,clinical_trial_rwe,clinical_surveillance_2021
meropenem,p_aeruginosa,oceania,2021,0.23320000000000002,0.16324,0.32648,clinical_trial_rwe,clinical_surveillance_2021
meropenem,p_aeruginosa,north_america,2022,0.231625,0.1621375,0.324275,clinical_trial_rwe,clinical_surveillance_2022
meropenem,p_aeruginosa,europe,2022,0.24525000000000002,0.171675,0.34335,clinical_trial_rwe,clinical_surveillance_2022
meropenem,p_aeruginosa,asia,2022,0.313375,0.2193625,0.438725,clinical_trial_rwe,clinical_surveillance_2022
meropenem,p_aeruginosa,africa,2022,0.340625,0.2384375,0.476875,clinical_trial_rwe,clinical_surveillance_2022
meropenem,p_aeruginosa,south_america,2022,0.29975000000000007,0.20982500000000004,0.4196500000000001,clinical_trial_rwe,clinical_surveillance_2022
meropenem,p_aeruginosa,oceania,2022,0.2398,0.16786,0.33572,clinical_trial_rwe,clinical_surveillance_2022
meropenem,p_aeruginosa,north_america,2023,0.23800000000000002,0.1666,0.3332,clinical_trial_rwe,clinical_surveillance_2023
meropenem,p_aeruginosa,europe,2023,0.25200000000000006,0.17640000000000003,0.35280000000000006,clinical_trial_rwe,clinical_surveillance_2023
meropenem,p_aeruginosa,asia,2023,0.322,0.2254,0.4508,clinical_trial_rwe,clinical_surveillance_2023
meropenem,p_aeruginosa,africa,2023,0.35000000000000003,0.245,0.49,clinical_trial_rwe,clinical_surveillance_2023
meropenem,p_aeruginosa,south_america,2023,0.30800000000000005,0.2156,0.4312,clinical_trial_rwe,clinical_surveillance_2023
meropenem,p_aeruginosa,oceania,2023,0.24640000000000004,0.17248000000000002,0.34496000000000004,clinical_trial_rwe,clinical_surveillance_2023
meropenem,p_aeruginosa,north_america,2024,0.24437499999999998,0.17106249999999998,0.34212499999999996,clinical_trial_rwe,clinical_surveillance_2024
meropenem,p_aeruginosa,europe,2024,0.25875,0.18112499999999998,0.36224999999999996,clinical_trial_rwe,clinical_surveillance_2024
meropenem,p_aeruginosa,asia,2024,0.33062499999999995,0.23143749999999993,0.46287499999999987,clinical_trial_rwe,clinical_surveillance_2024
meropenem,p_aeruginosa,africa,2024,0.359375,0.25156249999999997,0.5031249999999999,clinical_trial_rwe,clinical_surveillance_2024
meropenem,p_aeruginosa,south_america,2024,0.31625,0.22137499999999996,0.4427499999999999,clinical_trial_rwe,clinical_surveillance_2024
meropenem,p_aeruginosa,oceania,2024,0.253,0.17709999999999998,0.35419999999999996,clinical_trial_rwe,clinical_surveillance_2024
meropenem,a_baumannii,north_america,2019,0.3825,0.26775,0.5355,clinical_trial_rwe,clinical_surveillance_2019
meropenem,a_baumannii,europe,2019,0.405,0.2835,0.567,clinical_trial_rwe,clinical_surveillance_2019
meropenem,a_baumannii,asia,2019,0.5175,0.36224999999999996,0.7244999999999999,clinical_trial_rwe,clinical_surveillance_2019
meropenem,a_baumannii,africa,2019,0.5625,0.39375,0.7875,clinical_trial_rwe,clinical_surveillance_2019
meropenem,a_baumannii,south_america,2019,0.49500000000000005,0.34650000000000003,0.6930000000000001,clinical_trial_rwe,clinical_surveillance_2019
meropenem,a_baumannii,oceania,2019,0.396,0.2772,0.5544,clinical_trial_rwe,clinical_surveillance_2019
meropenem,a_baumannii,north_america,2020,0.393975,0.2757825,0.551565,clinical_trial_rwe,clinical_surveillance_2020
meropenem,a_baumannii,europe,2020,0.41715,0.292005,0.58401,clinical_trial_rwe,clinical_surveillance_2020
meropenem,a_baumannii,asia,2020,0.533025,0.37311749999999994,0.7462349999999999,clinical_trial_rwe,clinical_surveillance_2020
meropenem,a_baumannii,africa,2020,0.579375,0.40556249999999994,0.8111249999999999,clinical_trial_rwe,clinical_surveillance_2020
meropenem,a_baumannii,south_america,2020,0.50985,0.356895,0.71379,clinical_trial_rwe,clinical_surveillance_2020
meropenem,a_baumannii,oceania,2020,0.40788,0.285516,0.571032,clinical_trial_rwe,clinical_surveillance_2020
meropenem,a_baumannii,north_america,2021,0.40545000000000003,0.283815,0.56763,clinical_trial_rwe,clinical_surveillance_2021
meropenem,a_baumannii,europe,2021,0.42930000000000007,0.30051000000000005,0.6010200000000001,clinical_trial_rwe,clinical_surveillance_2021
meropenem,a_baumannii,asia,2021,0.54855,0.38398499999999997,0.7679699999999999,clinical_trial_rwe,clinical_surveillance_2021
meropenem,a_baumannii,africa,2021,0.5962500000000001,0.417375,0.83475,clinical_trial_rwe,clinical_surveillance_2021
meropenem,a_baumannii,south_america,2021,0.5247,0.36729,0.73458,clinical_trial_rwe,clinical_surveillance_2021
meropenem,a_baumannii,oceania,2021,0.41976,0.293832,0.587664,clinical_trial_rwe,clinical_surveillance_2021
meropenem,a_baumannii,north_america,2022,0.41692500000000005,0.29184750000000004,0.5836950000000001,clinical_trial_rwe,clinical_surveillance_2022
meropenem,a_baumannii,europe,2022,0.44145000000000006,0.30901500000000004,0.6180300000000001,clinical_trial_rwe,clinical_surveillance_2022
meropenem,a_baumannii,asia,2022,0.564075,0.3948525,0.789705,clinical_trial_rwe,clinical_surveillance_2022
meropenem,a_baumannii,africa,2022,0.613125,0.4291875,0.858375,clinical_trial_rwe,clinical_surveillance_2022
meropenem,a_baumannii,south_america,2022,0.5395500000000001,0.37768500000000005,0.7553700000000001,clinical_trial_rwe,clinical_surveillance_2022
meropenem,a_baumannii,oceania,2022,0.4316400000000001,0.302148,0.604296,clinical_trial_rwe,clinical_surveillance_2022
meropenem,a_baumannii,north_america,2023,0.42840000000000006,0.29988000000000004,0.5997600000000001,clinical_trial_rwe,clinical_surveillance_2023
meropenem,a_baumannii,europe,2023,0.45360000000000006,0.31752,0.63504,clinical_trial_rwe,clinical_surveillance_2023
meropenem,a_baumannii,asia,2023,0.5796,0.40571999999999997,0.8114399999999999,clinical_trial_rwe,clinical_surveillance_2023
meropenem,a_baumannii,africa,2023,0.6300000000000001,0.44100000000000006,0.8820000000000001,clinical_trial_rwe,clinical_surveillance_2023
meropenem,a_baumannii,south_america,2023,0.5544000000000001,0.38808000000000004,0.7761600000000001,clinical_trial_rwe,clinical_surveillance_2023
meropenem,a_baumannii,oceania,2023,0.4435200000000001,0.310464,0.620928,clinical_trial_rwe,clinical_surveillance_2023
meropenem,a_baumannii,north_america,2024,0.43987499999999996,0.3079125,0.615825,clinical_trial_rwe,clinical_surveillance_2024
meropenem,a_baumannii,europe,2024,0.46575,0.32602499999999995,0.6520499999999999,clinical_trial_rwe,clinical_surveillance_2024
meropenem,a_baumannii,asia,2024,0.5951249999999999,0.4165874999999999,0.8331749999999998,clinical_trial_rwe,clinical_surveillance_2024
meropenem,a_baumannii,africa,2024,0.646875,0.45281249999999995,0.9056249999999999,clinical_trial_rwe,clinical_surveillance_2024
meropenem,a_baumannii,south_america,2024,0.56925,0.398475,0.79695,clinical_trial_rwe,clinical_surveillance_2024
meropenem,a_baumannii,oceania,2024,0.45539999999999997,0.31877999999999995,0.6375599999999999,clinical_trial_rwe,clinical_surveillance_2024
imipenem,k_pneumoniae,north_america,2019,0.153,0.10709999999999999,0.21419999999999997,clinical_trial_rwe,clinical_surveillance_2019
imipenem,k_pneumoniae,europe,2019,0.162,0.1134,0.2268,clinical_trial_rwe,clinical_surveillance_2019
imipenem,k_pneumoniae,asia,2019,0.207,0.14489999999999997,0.28979999999999995,clinical_trial_rwe,clinical_surveillance_2019
imipenem,k_pneumoniae,africa,2019,0.22499999999999998,0.15749999999999997,0.31499999999999995,clinical_trial_rwe,clinical_surveillance_2019
imipenem,k_pneumoniae,south_america,2019,0.198,0.1386,0.2772,clinical_trial_rwe,clinical_surveillance_2019
imipenem,k_pneumoniae,oceania,2019,0.15839999999999999,0.11087999999999998,0.22175999999999996,clinical_trial_rwe,clinical_surveillance_2019
imipenem,k_pneumoniae,north_america,2020,0.15759,0.110313,0.220626,clinical_trial_rwe,clinical_surveillance_2020
imipenem,k_pneumoniae,europe,2020,0.16686,0.116802,0.233604,clinical_trial_rwe,clinical_surveillance_2020
imipenem,k_pneumoniae,asia,2020,0.21320999999999998,0.149247,0.298494,clinical_trial_rwe,clinical_surveillance_2020
imipenem,k_pneumoniae,africa,2020,0.23174999999999998,0.16222499999999998,0.32444999999999996,clinical_trial_rwe,clinical_surveillance_2020
imipenem,k_pneumoniae,south_america,2020,0.20394,0.142758,0.285516,clinical_trial_rwe,clinical_surveillance_2020
imipenem,k_pneumoniae,oceania,2020,0.163152,0.11420639999999999,0.22841279999999997,clinical_trial_rwe,clinical_surveillance_2020
imipenem,k_pneumoniae,north_america,2021,0.16218000000000002,0.113526,0.227052,clinical_trial_rwe,clinical_surveillance_2021
imipenem,k_pneumoniae,europe,2021,0.17172,0.120204,0.240408,clinical_trial_rwe,clinical_surveillance_2021
imipenem,k_pneumoniae,asia,2021,0.21942,0.15359399999999998,0.30718799999999996,clinical_trial_rwe,clinical_surveillance_2021
imipenem,k_pneumoniae,africa,2021,0.2385,0.16695,0.3339,clinical_trial_rwe,clinical_surveillance_2021
imipenem,k_pneumoniae,south_america,2021,0.20988,0.146916,0.293832,clinical_trial_rwe,clinical_surveillance_2021
imipenem,k_pneumoniae,oceania,2021,0.167904,0.11753279999999999,0.23506559999999999,clinical_trial_rwe,clinical_surveillance_2021
imipenem,k_pneumoniae,north_america,2022,0.16677,0.116739,0.233478,clinical_trial_rwe,clinical_surveillance_2022
imipenem,k_pneumoniae,europe,2022,0.17658000000000001,0.12360600000000001,0.24721200000000002,clinical_trial_rwe,clinical_surveillance_2022
imipenem,k_pneumoniae,asia,2022,0.22563,0.157941,0.315882,clinical_trial_rwe,clinical_surveillance_2022
imipenem,k_pneumoniae,africa,2022,0.24525,0.171675,0.34335,clinical_trial_rwe,clinical_surveillance_2022
imipenem,k_pneumoniae,south_america,2022,0.21582000000000004,0.151074,0.302148,clinical_trial_rwe,clinical_surveillance_2022
imipenem,k_pneumoniae,oceania,2022,0.172656,0.1208592,0.2417184,clinical_trial_rwe,clinical_surveillance_2022
imipenem,k_pneumoniae,north_america,2023,0.17136,0.119952,0.239904,clinical_trial_rwe,clinical_surveillance_2023
imipenem,k_pneumoniae,europe,2023,0.18144000000000002,0.127008,0.254016,clinical_trial_rwe,clinical_surveillance_2023
imipenem,k_pneumoniae,asia,2023,0.23184000000000002,0.16228800000000002,0.32457600000000003,clinical_trial_rwe,clinical_surveillance_2023
imipenem,k_pneumoniae,africa,2023,0.252,0.1764,0.3528,clinical_trial_rwe,clinical_surveillance_2023
imipenem,k_pneumoniae,south_america,2023,0.22176000000000004,0.155232,0.310464,clinical_trial_rwe,clinical_surveillance_2023
imipenem,k_pneumoniae,oceania,2023,0.177408,0.1241856,0.2483712,clinical_trial_rwe,clinical_surveillance_2023
imipenem,k_pneumoniae,north_america,2024,0.17595,0.12316499999999998,0.24632999999999997,clinical_trial_rwe,clinical_surveillance_2024
imipenem,k_pneumoniae,europe,2024,0.1863,0.13041,0.26082,clinical_trial_rwe,clinical_surveillance_2024
imipenem,k_pneumoniae,asia,2024,0.23804999999999996,0.16663499999999995,0.3332699999999999,clinical_trial_rwe,clinical_surveillance_2024
imipenem,k_pneumoniae,africa,2024,0.25875,0.18112499999999998,0.36224999999999996,clinical_trial_rwe,clinical_surveillance_2024
imipenem,k_pneumoniae,south_america,2024,0.22769999999999999,0.15938999999999998,0.31877999999999995,clinical_trial_rwe,clinical_surveillance_2024
imipenem,k_pneumoniae,oceania,2024,0.18215999999999996,0.12751199999999996,0.2550239999999999,clinical_trial_rwe,clinical_surveillance_2024
imipenem,p_aeruginosa,north_america,2019,0.255,0.1785,0.357,clinical_trial_rwe,clinical_surveillance_2019
imipenem,p_aeruginosa,europe,2019,0.27,0.189,0.378,clinical_trial_rwe,clinical_surveillance_2019
imipenem,p_aeruginosa,asia,2019,0.345,0.24149999999999996,0.48299999999999993,clinical_trial_rwe,clinical_surveillance_2019
imipenem,p_aeruginosa,africa,2019,0.375,0.26249999999999996,0.5249999999999999,clinical_trial_rwe,clinical_surveillance_2019
imipenem,p_aeruginosa,south_america,2019,0.33,0.23099999999999998,0.46199999999999997,clinical_trial_rwe,clinical_surveillance_2019
imipenem,p_aeruginosa,oceania,2019,0.264,0.1848,0.3696,clinical_trial_rwe,clinical_surveillance_2019
imipenem,p_aeruginosa,north_america,2020,0.26265,0.183855,0.36771,clinical_trial_rwe,clinical_surveillance_2020
imipenem,p_aeruginosa,europe,2020,0.2781,0.19467,0.38934,clinical_trial_rwe,clinical_surveillance_2020
imipenem,p_aeruginosa,asia,2020,0.35535,0.248745,0.49749,clinical_trial_rwe,clinical_surveillance_2020
imipenem,p_aeruginosa,africa,2020,0.38625,0.270375,0.54075,clinical_trial_rwe,clinical_surveillance_2020
imipenem,p_aeruginosa,south_america,2020,0.33990000000000004,0.23793,0.47586,clinical_trial_rwe,clinical_surveillance_2020
imipenem,p_aeruginosa,oceania,2020,0.27192,0.19034399999999999,0.38068799999999997,clinical_trial_rwe,clinical_surveillance_2020
imipenem,p_aeruginosa,north_america,2021,0.27030000000000004,0.18921000000000002,0.37842000000000003,clinical_trial_rwe,clinical_surveillance_2021
imipenem,p_aeruginosa,europe,2021,0.2862,0.20034,0.40068,clinical_trial_rwe,clinical_surveillance_2021
imipenem,p_aeruginosa,asia,2021,0.36569999999999997,0.25598999999999994,0.5119799999999999,clinical_trial_rwe,clinical_surveillance_2021
imipenem,p_aeruginosa,africa,2021,0.3975,0.27825,0.5565,clinical_trial_rwe,clinical_surveillance_2021
imipenem,p_aeruginosa,south_america,2021,0.34980000000000006,0.24486000000000002,0.48972000000000004,clinical_trial_rwe,clinical_surveillance_2021
imipenem,p_aeruginosa,oceania,2021,0.27984000000000003,0.195888,0.391776,clinical_trial_rwe,clinical_surveillance_2021
imipenem,p_aeruginosa,north_america,2022,0.27795000000000003,0.19456500000000002,0.38913000000000003,clinical_trial_rwe,clinical_surveillance_2022
imipenem,p_aeruginosa,europe,2022,0.29430000000000006,0.20601000000000003,0.41202000000000005,clinical_trial_rwe,clinical_surveillance_2022
imipenem,p_aeruginosa,asia,2022,0.37605,0.263235,0.52647,clinical_trial_rwe,clinical_surveillance_2022
imipenem,p_aeruginosa,africa,2022,0.40875000000000006,0.286125,0.57225,clinical_trial_rwe,clinical_surveillance_2022
imipenem,p_aeruginosa,south_america,2022,0.3597,0.25179,0.50358,clinical_trial_rwe,clinical_surveillance_2022
imipenem,p_aeruginosa,oceania,2022,0.28776,0.201432,0.402864,clinical_trial_rwe,clinical_surveillance_2022
imipenem,p_aeruginosa,north_america,2023,0.2856,0.19992000000000001,0.39984000000000003,clinical_trial_rwe,clinical_surveillance_2023
imipenem,p_aeruginosa,europe,2023,0.30240000000000006,0.21168000000000003,0.42336000000000007,clinical_trial_rwe,clinical_surveillance_2023
imipenem,p_aeruginosa,asia,2023,0.3864,0.27048,0.54096,clinical_trial_rwe,clinical_surveillance_2023
imipenem,p_aeruginosa,africa,2023,0.42000000000000004,0.294,0.588,clinical_trial_rwe,clinical_surveillance_2023
imipenem,p_aeruginosa,south_america,2023,0.36960000000000004,0.25872,0.51744,clinical_trial_rwe,clinical_surveillance_2023
imipenem,p_aeruginosa,oceania,2023,0.29568000000000005,0.20697600000000002,0.41395200000000004,clinical_trial_rwe,clinical_surveillance_2023
imipenem,p_aeruginosa,north_america,2024,0.29324999999999996,0.20527499999999996,0.4105499999999999,clinical_trial_rwe,clinical_surveillance_2024
imipenem,p_aeruginosa,europe,2024,0.3105,0.21735,0.4347,clinical_trial_rwe,clinical_surveillance_2024
imipenem,p_aeruginosa,asia,2024,0.39674999999999994,0.27772499999999994,0.5554499999999999,clinical_trial_rwe,clinical_surveillance_2024
imipenem,p_aeruginosa,africa,2024,0.43124999999999997,0.30187499999999995,0.6037499999999999,clinical_trial_rwe,clinical_surveillance_2024
imipenem,p_aeruginosa,south_america,2024,0.3795,0.26565,0.5313,clinical_trial_rwe,clinical_surveillance_2024
imipenem,p_aeruginosa,oceania,2024,0.3036,0.21252,0.42504,clinical_trial_rwe,clinical_surveillance_2024
imipenem,a_baumannii,north_america,2019,0.425,0.2975,0.595,clinical_trial_rwe,clinical_surveillance_2019
imipenem,a_baumannii,europe,2019,0.45,0.315,0.63,clinical_trial_rwe,clinical_surveillance_2019
imipenem,a_baumannii,asia,2019,0.575,0.40249999999999997,0.8049999999999999,clinical_trial_rwe,clinical_surveillance_2019
imipenem,a_baumannii,africa,2019,0.625,0.4375,0.875,clinical_trial_rwe,clinical_surveillance_2019
imipenem,a_baumannii,south_america,2019,0.55,0.385,0.77,clinical_trial_rwe,clinical_surveillance_2019
imipenem,a_baumannii,oceania,2019,0.44,0.308,0.616,clinical_trial_rwe,clinical_surveillance_2019
imipenem,a_baumannii,north_america,2020,0.43775,0.30642499999999995,0.6128499999999999,clinical_trial_rwe,clinical_surveillance_2020
imipenem,a_baumannii,europe,2020,0.4635,0.32445,0.6489,clinical_trial_rwe,clinical_surveillance_2020
imipenem,a_baumannii,asia,2020,0.5922499999999999,0.4145749999999999,0.8291499999999998,clinical_trial_rwe,clinical_surveillance_2020
imipenem,a_baumannii,africa,2020,0.64375,0.450625,0.90125,clinical_trial_rwe,clinical_surveillance_2020
imipenem,a_baumannii,south_america,2020,0.5665000000000001,0.39655000000000007,0.7931000000000001,clinical_trial_rwe,clinical_surveillance_2020
imipenem,a_baumannii,oceania,2020,0.4532,0.31723999999999997,0.6344799999999999,clinical_trial_rwe,clinical_surveillance_2020
imipenem,a_baumannii,north_america,2021,0.4505,0.31534999999999996,0.6306999999999999,clinical_trial_rwe,clinical_surveillance_2021
imipenem,a_baumannii,europe,2021,0.47700000000000004,0.33390000000000003,0.6678000000000001,clinical_trial_rwe,clinical_surveillance_2021
imipenem,a_baumannii,asia,2021,0.6094999999999999,0.4266499999999999,0.8532999999999998,clinical_trial_rwe,clinical_surveillance_2021
imipenem,a_baumannii,africa,2021,0.6625000000000001,0.46375000000000005,0.9275000000000001,clinical_trial_rwe,clinical_surveillance_2021
imipenem,a_baumannii,south_america,2021,0.5830000000000001,0.4081,0.8162,clinical_trial_rwe,clinical_surveillance_2021
imipenem,a_baumannii,oceania,2021,0.46640000000000004,0.32648,0.65296,clinical_trial_rwe,clinical_surveillance_2021
imipenem,a_baumannii,north_america,2022,0.46325,0.324275,0.64855,clinical_trial_rwe,clinical_surveillance_2022
imipenem,a_baumannii,europe,2022,0.49050000000000005,0.34335,0.6867,clinical_trial_rwe,clinical_surveillance_2022
imipenem,a_baumannii,asia,2022,0.62675,0.438725,0.87745,clinical_trial_rwe,clinical_surveillance_2022
imipenem,a_baumannii,africa,2022,0.68125,0.476875,0.95,clinical_trial_rwe,clinical_surveillance_2022
imipenem,a_baumannii,south_america,2022,0.5995000000000001,0.4196500000000001,0.8393000000000002,clinical_trial_rwe,clinical_surveillance_2022
imipenem,a_baumannii,oceania,2022,0.4796,0.33572,0.67144,clinical_trial_rwe,clinical_surveillance_2022
imipenem,a_baumannii,north_america,2023,0.47600000000000003,0.3332,0.6664,clinical_trial_rwe,clinical_surveillance_2023
imipenem,a_baumannii,europe,2023,0.5040000000000001,0.35280000000000006,0.7056000000000001,clinical_trial_rwe,clinical_surveillance_2023
imipenem,a_baumannii,asia,2023,0.644,0.4508,0.9016,clinical_trial_rwe,clinical_surveillance_2023
imipenem,a_baumannii,africa,2023,0.7000000000000001,0.49,0.95,clinical_trial_rwe,clinical_surveillance_2023
imipenem,a_baumannii,south_america,2023,0.6160000000000001,0.4312,0.8624,clinical_trial_rwe,clinical_surveillance_2023
imipenem,a_baumannii,oceania,2023,0.49280000000000007,0.34496000000000004,0.6899200000000001,clinical_trial_rwe,clinical_surveillance_2023
imipenem,a_baumannii,north_america,2024,0.48874999999999996,0.34212499999999996,0.6842499999999999,clinical_trial_rwe,clinical_surveillance_2024
imipenem,a_baumannii,europe,2024,0.5175,0.36224999999999996,0.7244999999999999,clinical_trial_rwe,clinical_surveillance_2024
imipenem,a_baumannii,asia,2024,0.6612499999999999,0.46287499999999987,0.9257499999999997,clinical_trial_rwe,clinical_surveillance_2024
imipenem,a_baumannii,africa,2024,0.71875,0.5031249999999999,0.95,clinical_trial_rwe,clinical_surveillance_2024
imipenem,a_baumannii,south_america,2024,0.6325,0.4427499999999999,0.8854999999999998,clinical_trial_rwe,clinical_surveillance_2024
imipenem,a_baumannii,oceania,2024,0.506,0.35419999999999996,0.7083999999999999,clinical_trial_rwe,clinical_surveillance_2024
ciprofloxacin,e_coli,north_america,2019,0.4675,0.32725,0.6545,clinical_trial_rwe,clinical_surveillance_2019
ciprofloxacin,e_coli,europe,2019,0.49500000000000005,0.34650000000000003,0.6930000000000001,clinical_trial_rwe,clinical_surveillance_2019
ciprofloxacin,e_coli,asia,2019,0.6325,0.4427499999999999,0.8854999999999998,clinical_trial_rwe,clinical_surveillance_2019
ciprofloxacin,e_coli,africa,2019,0.6875,0.48124999999999996,0.95,clinical_trial_rwe,clinical_surveillance_2019
ciprofloxacin,e_coli,south_america,2019,0.6050000000000001,0.42350000000000004,0.8470000000000001,clinical_trial_rwe,clinical_surveillance_2019
ciprofloxacin,e_coli,oceania,2019,0.48400000000000004,0.3388,0.6776,clinical_trial_rwe,clinical_surveillance_2019
ciprofloxacin,e_coli,north_america,2020,0.48152500000000004,0.3370675,0.674135,clinical_trial_rwe,clinical_surveillance_2020
ciprofloxacin,e_coli,europe,2020,0.50985,0.356895,0.71379,clinical_trial_rwe,clinical_surveillance_2020
ciprofloxacin,e_coli,asia,2020,0.6514749999999999,0.4560324999999999,0.9120649999999998,clinical_trial_rwe,clinical_surveillance_2020
ciprofloxacin,e_coli,africa,2020,0.708125,0.49568749999999995,0.95,clinical_trial_rwe,clinical_surveillance_2020
ciprofloxacin,e_coli,south_america,2020,0.6231500000000001,0.43620500000000006,0.8724100000000001,clinical_trial_rwe,clinical_surveillance_2020
ciprofloxacin,e_coli,oceania,2020,0.4985200000000001,0.34896400000000005,0.6979280000000001,clinical_trial_rwe,clinical_surveillance_2020
ciprofloxacin,e_coli,north_america,2021,0.49555000000000005,0.346885,0.69377,clinical_trial_rwe,clinical_surveillance_2021
ciprofloxacin,e_coli,europe,2021,0.5247,0.36729,0.73458,clinical_trial_rwe,clinical_surveillance_2021
ciprofloxacin,e_coli,asia,2021,0.67045,0.469315,0.93863,clinical_trial_rwe,clinical_surveillance_2021
ciprofloxacin,e_coli,africa,2021,0.72875,0.5101249999999999,0.95,clinical_trial_rwe,clinical_surveillance_2021
ciprofloxacin,e_coli,south_america,2021,0.6413000000000001,0.44891000000000003,0.8978200000000001,clinical_trial_rwe,clinical_surveillance_2021
ciprofloxacin,e_coli,oceania,2021,0.51304,0.359128,0.718256,clinical_trial_rwe,clinical_surveillance_2021
ciprofloxacin,e_coli,north_america,2022,0.5095750000000001,0.35670250000000003,0.7134050000000001,clinical_trial_rwe,clinical_surveillance_2022
ciprofloxacin,e_coli,europe,2022,0.5395500000000001,0.37768500000000005,0.7553700000000001,clinical_trial_rwe,clinical_surveillance_2022
ciprofloxacin,e_coli,asia,2022,0.689425,0.48259749999999996,0.95,clinical_trial_rwe,clinical_surveillance_2022
ciprofloxacin,e_coli,africa,2022,0.749375,0.5245624999999999,0.95,clinical_trial_rwe,clinical_surveillance_2022
ciprofloxacin,e_coli,south_america,2022,0.6594500000000002,0.4616150000000001,0.9232300000000002,clinical_trial_rwe,clinical_surveillance_2022
ciprofloxacin,e_coli,oceania,2022,0.52756,0.369292,0.738584,clinical_trial_rwe,clinical_surveillance_2022
ciprofloxacin,e_coli,north_america,2023,0.5236000000000001,0.36652,0.73304,clinical_trial_rwe,clinical_surveillance_2023
ciprofloxacin,e_coli,europe,2023,0.5544000000000001,0.38808000000000004,0.7761600000000001,clinical_trial_rwe,clinical_surveillance_2023
ciprofloxacin,e_coli,asia,2023,0.7084,0.49588,0.95,clinical_trial_rwe,clinical_surveillance_2023
ciprofloxacin,e_coli,africa,2023,0.77,0.5389999999999999,0.95,clinical_trial_rwe,clinical_surveillance_2023
ciprofloxacin,e_coli,south_america,2023,0.6776000000000002,0.47432000000000013,0.9486400000000003,clinical_trial_rwe,clinical_surveillance_2023
ciprofloxacin,e_coli,oceania,2023,0.5420800000000001,0.37945600000000007,0.7589120000000001,clinical_trial_rwe,clinical_surveillance_2023
ciprofloxacin,e_coli,north_america,2024,0.537625,0.3763375,0.752675,clinical_trial_rwe,clinical_surveillance_2024
ciprofloxacin,e_coli,europe,2024,0.56925,0.398475,0.79695,clinical_trial_rwe,clinical_surveillance_2024
ciprofloxacin,e_coli,asia,2024,0.7273749999999999,0.5091624999999999,0.95,clinical_trial_rwe,clinical_surveillance_2024
ciprofloxacin,e_coli,africa,2024,0.7906249999999999,0.5534374999999999,0.95,clinical_trial_rwe,clinical_surveillance_2024
ciprofloxacin,e_coli,south_america,2024,0.6957500000000001,0.48702500000000004,0.95,clinical_trial_rwe,clinical_surveillance_2024
ciprofloxacin,e_coli,oceania,2024,0.5566,0.38961999999999997,0.7792399999999999,clinical_trial_rwe,clinical_surveillance_2024
ciprofloxacin,k_pneumoniae,north_america,2019,0.3825,0.26775,0.5355,clinical_trial_rwe,clinical_surveillance_2019
ciprofloxacin,k_pneumoniae,europe,2019,0.405,0.2835,0.567,clinical_trial_rwe,clinical_surveillance_2019
ciprofloxacin,k_pneumoniae,asia,2019,0.5175,0.36224999999999996,0.7244999999999999,clinical_trial_rwe,clinical_surveillance_2019
ciprofloxacin,k_pneumoniae,africa,2019,0.5625,0.39375,0.7875,clinical_trial_rwe,clinical_surveillance_2019
ciprofloxacin,k_pneumoniae,south_america,2019,0.49500000000000005,0.34650000000000003,0.6930000000000001,clinical_trial_rwe,clinical_surveillance_2019
ciprofloxacin,k_pneumoniae,oceania,2019,0.396,0.2772,0.5544,clinical_trial_rwe,clinical_surveillance_2019
ciprofloxacin,k_pneumoniae,north_america,2020,0.393975,0.2757825,0.551565,clinical_trial_rwe,clinical_surveillance_2020
ciprofloxacin,k_pneumoniae,europe,2020,0.41715,0.292005,0.58401,clinical_trial_rwe,clinical_surveillance_2020
ciprofloxacin,k_pneumoniae,asia,2020,0.533025,0.37311749999999994,0.7462349999999999,clinical_trial_rwe,clinical_surveillance_2020
ciprofloxacin,k_pneumoniae,africa,2020,0.579375,0.40556249999999994,0.8111249999999999,clinical_trial_rwe,clinical_surveillance_2020
ciprofloxacin,k_pneumoniae,south_america,2020,0.50985,0.356895,0.71379,clinical_trial_rwe,clinical_surveillance_2020
ciprofloxacin,k_pneumoniae,oceania,2020,0.40788,0.285516,0.571032,clinical_trial_rwe,clinical_surveillance_2020
ciprofloxacin,k_pneumoniae,north_america,2021,0.40545000000000003,0.283815,0.56763,clinical_trial_rwe,clinical_surveillance_2021
ciprofloxacin,k_pneumoniae,europe,2021,0.42930000000000007,0.30051000000000005,0.6010200000000001,clinical_trial_rwe,clinical_surveillance_2021
ciprofloxacin,k_pneumoniae,asia,2021,0.54855,0.38398499999999997,0.7679699999999999,clinical_trial_rwe,clinical_surveillance_2021
ciprofloxacin,k_pneumoniae,africa,2021,0.5962500000000001,0.417375,0.83475,clinical_trial_rwe,clinical_surveillance_2021
ciprofloxacin,k_pneumoniae,south_america,2021,0.5247,0.36729,0.73458,clinical_trial_rwe,clinical_surveillance_2021
ciprofloxacin,k_pneumoniae,oceania,2021,0.41976,0.293832,0.587664,clinical_trial_rwe,clinical_surveillance_2021
ciprofloxacin,k_pneumoniae,north_america,2022,0.41692500000000005,0.29184750000000004,0.5836950000000001,clinical_trial_rwe,clinical_surveillance_2022
ciprofloxacin,k_pneumoniae,europe,2022,0.44145000000000006,0.30901500000000004,0.6180300000000001,clinical_trial_rwe,clinical_surveillance_2022
ciprofloxacin,k_pneumoniae,asia,2022,0.564075,0.3948525,0.789705,clinical_trial_rwe,clinical_surveillance_2022
ciprofloxacin,k_pneumoniae,africa,2022,0.613125,0.4291875,0.858375,clinical_trial_rwe,clinical_surveillance_2022
ciprofloxacin,k_pneumoniae,south_america,2022,0.5395500000000001,0.37768500000000005,0.7553700000000001,clinical_trial_rwe,clinical_surveillance_2022
ciprofloxacin,k_pneumoniae,oceania,2022,0.4316400000000001,0.302148,0.604296,clinical_trial_rwe,clinical_surveillance_2022
ciprofloxacin,k_pneumoniae,north_america,2023,0.42840000000000006,0.29988000000000004,0.5997600000000001,clinical_trial_rwe,clinical_surveillance_2023
ciprofloxacin,k_pneumoniae,europe,2023,0.45360000000000006,0.31752,0.63504,clinical_trial_rwe,clinical_surveillance_2023
ciprofloxacin,k_pneumoniae,asia,2023,0.5796,0.40571999999999997,0.8114399999999999,clinical_trial_rwe,clinical_surveillance_2023
ciprofloxacin,k_pneumoniae,africa,2023,0.6300000000000001,0.44100000000000006,0.8820000000000001,clinical_trial_rwe,clinical_surveillance_2023
ciprofloxacin,k_pneumoniae,south_america,2023,0.5544000000000001,0.38808000000000004,0.7761600000000001,clinical_trial_rwe,clinical_surveillance_2023
ciprofloxacin,k_pneumoniae,oceania,2023,0.4435200000000001,0.310464,0.620928,clinical_trial_rwe,clinical_surveillance_2023
ciprofloxacin,k_pneumoniae,north_america,2024,0.43987499999999996,0.3079125,0.615825,clinical_trial_rwe,clinical_surveillance_2024
ciprofloxacin,k_pneumoniae,europe,2024,0.46575,0.32602499999999995,0.6520499999999999,clinical_trial_rwe,clinical_surveillance_2024
ciprofloxacin,k_pneumoniae,asia,2024,0.5951249999999999,0.4165874999999999,0.8331749999999998,clinical_trial_rwe,clinical_surveillance_2024
ciprofloxacin,k_pneumoniae,africa,2024,0.646875,0.45281249999999995,0.9056249999999999,clinical_trial_rwe,clinical_surveillance_2024
ciprofloxacin,k_pneumoniae,south_america,2024,0.56925,0.398475,0.79695,clinical_trial_rwe,clinical_surveillance_2024
ciprofloxacin,k_pneumoniae,oceania,2024,0.45539999999999997,0.31877999999999995,0.6375599999999999,clinical_trial_rwe,clinical_surveillance_2024
ciprofloxacin,p_aeruginosa,north_america,2019,0.34,0.238,0.476,clinical_trial_rwe,clinical_surveillance_2019
ciprofloxacin,p_aeruginosa,europe,2019,0.36000000000000004,0.252,0.504,clinical_trial_rwe,clinical_surveillance_2019
ciprofloxacin,p_aeruginosa,asia,2019,0.45999999999999996,0.32199999999999995,0.6439999999999999,clinical_trial_rwe,clinical_surveillance_2019
ciprofloxacin,p_aeruginosa,africa,2019,0.5,0.35,0.7,clinical_trial_rwe,clinical_surveillance_2019
ciprofloxacin,p_aeruginosa,south_america,2019,0.44000000000000006,0.308,0.616,clinical_trial_rwe,clinical_surveillance_2019
ciprofloxacin,p_aeruginosa,oceania,2019,0.35200000000000004,0.2464,0.4928,clinical_trial_rwe,clinical_surveillance_2019
ciprofloxacin,p_aeruginosa,north_america,2020,0.3502,0.24514,0.49028,clinical_trial_rwe,clinical_surveillance_2020
ciprofloxacin,p_aeruginosa,europe,2020,0.3708000000000001,0.25956,0.51912,clinical_trial_rwe,clinical_surveillance_2020
ciprofloxacin,p_aeruginosa,asia,2020,0.4738,0.33165999999999995,0.6633199999999999,clinical_trial_rwe,clinical_surveillance_2020
ciprofloxacin,p_aeruginosa,africa,2020,0.515,0.3605,0.721,clinical_trial_rwe,clinical_surveillance_2020
ciprofloxacin,p_aeruginosa,south_america,2020,0.45320000000000005,0.31724,0.63448,clinical_trial_rwe,clinical_surveillance_2020
ciprofloxacin,p_aeruginosa,oceania,2020,0.36256000000000005,0.253792,0.507584,clinical_trial_rwe,clinical_surveillance_2020
ciprofloxacin,p_aeruginosa,north_america,2021,0.36040000000000005,0.25228,0.50456,clinical_trial_rwe,clinical_surveillance_2021
ciprofloxacin,p_aeruginosa,europe,2021,0.38160000000000005,0.26712,0.53424,clinical_trial_rwe,clinical_surveillance_2021
ciprofloxacin,p_aeruginosa,asia,2021,0.4876,0.34131999999999996,0.6826399999999999,clinical_trial_rwe,clinical_surveillance_2021
ciprofloxacin,p_aeruginosa,africa,2021,0.53,0.371,0.742,clinical_trial_rwe,clinical_surveillance_2021
ciprofloxacin,p_aeruginosa,south_america,2021,0.4664000000000001,0.32648000000000005,0.6529600000000001,clinical_trial_rwe,clinical_surveillance_2021
ciprofloxacin,p_aeruginosa,oceania,2021,0.37312000000000006,0.261184,0.522368,clinical_trial_rwe,clinical_surveillance_2021
ciprofloxacin,p_aeruginosa,north_america,2022,0.37060000000000004,0.25942000000000004,0.5188400000000001,clinical_trial_rwe,clinical_surveillance_2022
ciprofloxacin,p_aeruginosa,europe,2022,0.3924000000000001,0.27468000000000004,0.5493600000000001,clinical_trial_rwe,clinical_surveillance_2022
ciprofloxacin,p_aeruginosa,asia,2022,0.5014,0.35097999999999996,0.7019599999999999,clinical_trial_rwe,clinical_surveillance_2022
ciprofloxacin,p_aeruginosa,africa,2022,0.545,0.3815,0.763,clinical_trial_rwe,clinical_surveillance_2022
ciprofloxacin,p_aeruginosa,south_america,2022,0.4796000000000001,0.33572,0.67144,clinical_trial_rwe,clinical_surveillance_2022
ciprofloxacin,p_aeruginosa,oceania,2022,0.3836800000000001,0.26857600000000004,0.5371520000000001,clinical_trial_rwe,clinical_surveillance_2022
ciprofloxacin,p_aeruginosa,north_america,2023,0.3808000000000001,0.26656,0.53312,clinical_trial_rwe,clinical_surveillance_2023
ciprofloxacin,p_aeruginosa,europe,2023,0.40320000000000006,0.28224000000000005,0.5644800000000001,clinical_trial_rwe,clinical_surveillance_2023
ciprofloxacin,p_aeruginosa,asia,2023,0.5152,0.36063999999999996,0.7212799999999999,clinical_trial_rwe,clinical_surveillance_2023
ciprofloxacin,p_aeruginosa,africa,2023,0.56,0.392,0.784,clinical_trial_rwe,clinical_surveillance_2023
ciprofloxacin,p_aeruginosa,south_america,2023,0.4928000000000001,0.34496000000000004,0.6899200000000001,clinical_trial_rwe,clinical_surveillance_2023
ciprofloxacin,p_aeruginosa,oceania,2023,0.3942400000000001,0.27596800000000005,0.5519360000000001,clinical_trial_rwe,clinical_surveillance_2023
ciprofloxacin,p_aeruginosa,north_america,2024,0.391,0.2737,0.5474,clinical_trial_rwe,clinical_surveillance_2024
ciprofloxacin,p_aeruginosa,europe,2024,0.41400000000000003,0.2898,0.5796,clinical_trial_rwe,clinical_surveillance_2024
ciprofloxacin,p_aeruginosa,asia,2024,0.5289999999999999,0.3702999999999999,0.7405999999999998,clinical_trial_rwe,clinical_surveillance_2024
ciprofloxacin,p_aeruginosa,africa,2024,0.575,0.40249999999999997,0.8049999999999999,clinical_trial_rwe,clinical_surveillance_2024
ciprofloxacin,p_aeruginosa,south_america,2024,0.506,0.35419999999999996,0.7083999999999999,clinical_trial_rwe,clinical_surveillance_2024
ciprofloxacin,p_aeruginosa,oceania,2024,0.4048,0.28336,0.56672,clinical_trial_rwe,clinical_surveillance_2024
levofloxacin,s_pneumoniae,north_america,2019,0.2125,0.14875,0.2975,clinical_trial_rwe,clinical_surveillance_2019
levofloxacin,s_pneumoniae,europe,2019,0.225,0.1575,0.315,clinical_trial_rwe,clinical_surveillance_2019
levofloxacin,s_pneumoniae,asia,2019,0.2875,0.20124999999999998,0.40249999999999997,clinical_trial_rwe,clinical_surveillance_2019
levofloxacin,s_pneumoniae,africa,2019,0.3125,0.21875,0.4375,clinical_trial_rwe,clinical_surveillance_2019
levofloxacin,s_pneumoniae,south_america,2019,0.275,0.1925,0.385,clinical_trial_rwe,clinical_surveillance_2019
levofloxacin,s_pneumoniae,oceania,2019,0.22,0.154,0.308,clinical_trial_rwe,clinical_surveillance_2019
levofloxacin,s_pneumoniae,north_america,2020,0.218875,0.15321249999999997,0.30642499999999995,clinical_trial_rwe,clinical_surveillance_2020
levofloxacin,s_pneumoniae,europe,2020,0.23175,0.162225,0.32445,clinical_trial_rwe,clinical_surveillance_2020
levofloxacin,s_pneumoniae,asia,2020,0.29612499999999997,0.20728749999999996,0.4145749999999999,clinical_trial_rwe,clinical_surveillance_2020
levofloxacin,s_pneumoniae,africa,2020,0.321875,0.2253125,0.450625,clinical_trial_rwe,clinical_surveillance_2020
levofloxacin,s_pneumoniae,south_america,2020,0.28325000000000006,0.19827500000000003,0.39655000000000007,clinical_trial_rwe,clinical_surveillance_2020
levofloxacin,s_pneumoniae,oceania,2020,0.2266,0.15861999999999998,0.31723999999999997,clinical_trial_rwe,clinical_surveillance_2020
levofloxacin,s_pneumoniae,north_america,2021,0.22525,0.15767499999999998,0.31534999999999996,clinical_trial_rwe,clinical_surveillance_2021
levofloxacin,s_pneumoniae,europe,2021,0.23850000000000002,0.16695000000000002,0.33390000000000003,clinical_trial_rwe,clinical_surveillance_2021
levofloxacin,s_pneumoniae,asia,2021,0.30474999999999997,0.21332499999999996,0.4266499999999999,clinical_trial_rwe,clinical_surveillance_2021
levofloxacin,s_pneumoniae,africa,2021,0.33125000000000004,0.23187500000000003,0.46375000000000005,clinical_trial_rwe,clinical_surveillance_2021
levofloxacin,s_pneumoniae,south_america,2021,0.29150000000000004,0.20405,0.4081,clinical_trial_rwe,clinical_surveillance_2021
levofloxacin,s_pneumoniae,oceania,2021,0.23320000000000002,0.16324,0.32648,clinical_trial_rwe,clinical_surveillance_2021
levofloxacin,s_pneumoniae,north_america,2022,0.231625,0.1621375,0.324275,clinical_trial_rwe,clinical_surveillance_2022
levofloxacin,s_pneumoniae,europe,2022,0.24525000000000002,0.171675,0.34335,clinical_trial_rwe,clinical_surveillance_2022
levofloxacin,s_pneumoniae,asia,2022,0.313375,0.2193625,0.438725,clinical_trial_rwe,clinical_surveillance_2022
levofloxacin,s_pneumoniae,africa,2022,0.340625,0.2384375,0.476875,clinical_trial_rwe,clinical_surveillance_2022
levofloxacin,s_pneumoniae,south_america,2022,0.29975000000000007,0.20982500000000004,0.4196500000000001,clinical_trial_rwe,clinical_surveillance_2022
levofloxacin,s_pneumoniae,oceania,2022,0.2398,0.16786,0.33572,clinical_trial_rwe,clinical_surveillance_2022
levofloxacin,s_pneumoniae,north_america,2023,0.23800000000000002,0.1666,0.3332,clinical_trial_rwe,clinical_surveillance_2023
levofloxacin,s_pneumoniae,europe,2023,0.25200000000000006,0.17640000000000003,0.35280000000000006,clinical_trial_rwe,clinical_surveillance_2023
levofloxacin,s_pneumoniae,asia,2023,0.322,0.2254,0.4508,clinical_trial_rwe,clinical_surveillance_2023
levofloxacin,s_pneumoniae,africa,2023,0.35000000000000003,0.245,0.49,clinical_trial_rwe,clinical_surveillance_2023
levofloxacin,s_pneumoniae,south_america,2023,0.30800000000000005,0.2156,0.4312,clinical_trial_rwe,clinical_surveillance_2023
levofloxacin,s_pneumoniae,oceania,2023,0.24640000000000004,0.17248000000000002,0.34496000000000004,clinical_trial_rwe,clinical_surveillance_2023
levofloxacin,s_pneumoniae,north_america,2024,0.24437499999999998,0.17106249999999998,0.34212499999999996,clinical_trial_rwe,clinical_surveillance_2024
levofloxacin,s_pneumoniae,europe,2024,0.25875,0.18112499999999998,0.36224999999999996,clinical_trial_rwe,clinical_surveillance_2024
levofloxacin,s_pneumoniae,asia,2024,0.33062499999999995,0.23143749999999993,0.46287499999999987,clinical_trial_rwe,clinical_surveillance_2024
levofloxacin,s_pneumoniae,africa,2024,0.359375,0.25156249999999997,0.5031249999999999,clinical_trial_rwe,clinical_surveillance_2024
levofloxacin,s_pneumoniae,south_america,2024,0.31625,0.22137499999999996,0.4427499999999999,clinical_trial_rwe,clinical_surveillance_2024
levofloxacin,s_pneumoniae,oceania,2024,0.253,0.17709999999999998,0.35419999999999996,clinical_trial_rwe,clinical_surveillance_2024
levofloxacin,e_coli,north_america,2019,0.425,0.2975,0.595,clinical_trial_rwe,clinical_surveillance_2019
levofloxacin,e_coli,europe,2019,0.45,0.315,0.63,clinical_trial_rwe,clinical_surveillance_2019
levofloxacin,e_coli,asia,2019,0.575,0.40249999999999997,0.8049999999999999,clinical_trial_rwe,clinical_surveillance_2019
levofloxacin,e_coli,africa,2019,0.625,0.4375,0.875,clinical_trial_rwe,clinical_surveillance_2019
levofloxacin,e_coli,south_america,2019,0.55,0.385,0.77,clinical_trial_rwe,clinical_surveillance_2019
levofloxacin,e_coli,oceania,2019,0.44,0.308,0.616,clinical_trial_rwe,clinical_surveillance_2019
levofloxacin,e_coli,north_america,2020,0.43775,0.30642499999999995,0.6128499999999999,clinical_trial_rwe,clinical_surveillance_2020
levofloxacin,e_coli,europe,2020,0.4635,0.32445,0.6489,clinical_trial_rwe,clinical_surveillance_2020
levofloxacin,e_coli,asia,2020,0.5922499999999999,0.4145749999999999,0.8291499999999998,clinical_trial_rwe,clinical_surveillance_2020
levofloxacin,e_coli,africa,2020,0.64375,0.450625,0.90125,clinical_trial_rwe,clinical_surveillance_2020
levofloxacin,e_coli,south_america,2020,0.5665000000000001,0.39655000000000007,0.7931000000000001,clinical_trial_rwe,clinical_surveillance_2020
levofloxacin,e_coli,oceania,2020,0.4532,0.31723999999999997,0.6344799999999999,clinical_trial_rwe,clinical_surveillance_2020
levofloxacin,e_coli,north_america,2021,0.4505,0.31534999999999996,0.6306999999999999,clinical_trial_rwe,clinical_surveillance_2021
levofloxacin,e_coli,europe,2021,0.47700000000000004,0.33390000000000003,0.6678000000000001,clinical_trial_rwe,clinical_surveillance_2021
levofloxacin,e_coli,asia,2021,0.6094999999999999,0.4266499999999999,0.8532999999999998,clinical_trial_rwe,clinical_surveillance_2021
levofloxacin,e_coli,africa,2021,0.6625000000000001,0.46375000000000005,0.9275000000000001,clinical_trial_rwe,clinical_surveillance_2021
levofloxacin,e_coli,south_america,2021,0.5830000000000001,0.4081,0.8162,clinical_trial_rwe,clinical_surveillance_2021
levofloxacin,e_coli,oceania,2021,0.46640000000000004,0.32648,0.65296,clinical_trial_rwe,clinical_surveillance_2021
levofloxacin,e_coli,north_america,2022,0.46325,0.324275,0.64855,clinical_trial_rwe,clinical_surveillance_2022
levofloxacin,e_coli,europe,2022,0.49050000000000005,0.34335,0.6867,clinical_trial_rwe,clinical_surveillance_2022
levofloxacin,e_coli,asia,2022,0.62675,0.438725,0.87745,clinical_trial_rwe,clinical_surveillance_2022
levofloxacin,e_coli,africa,2022,0.68125,0.476875,0.95,clinical_trial_rwe,clinical_surveillance_2022
levofloxacin,e_coli,south_america,2022,0.5995000000000001,0.4196500000000001,0.8393000000000002,clinical_trial_rwe,clinical_surveillance_2022
levofloxacin,e_coli,oceania,2022,0.4796,0.33572,0.67144,clinical_trial_rwe,clinical_surveillance_2022
levofloxacin,e_coli,north_america,2023,0.47600000000000003,0.3332,0.6664,clinical_trial_rwe,clinical_surveillance_2023
levofloxacin,e_coli,europe,2023,0.5040000000000001,0.35280000000000006,0.7056000000000001,clinical_trial_rwe,clinical_surveillance_2023
levofloxacin,e_coli,asia,2023,0.644,0.4508,0.9016,clinical_trial_rwe,clinical_surveillance_2023
levofloxacin,e_coli,africa,2023,0.7000000000000001,0.49,0.95,clinical_trial_rwe,clinical_surveillance_2023
levofloxacin,e_coli,south_america,2023,0.6160000000000001,0.4312,0.8624,clinical_trial_rwe,clinical_surveillance_2023
levofloxacin,e_coli,oceania,2023,0.49280000000000007,0.34496000000000004,0.6899200000000001,clinical_trial_rwe,clinical_surveillance_2023
levofloxacin,e_coli,north_america,2024,0.48874999999999996,0.34212499999999996,0.6842499999999999,clinical_trial_rwe,clinical_surveillance_2024
levofloxacin,e_coli,europe,2024,0.5175,0.36224999999999996,0.7244999999999999,clinical_trial_rwe,clinical_surveillance_2024
levofloxacin,e_coli,asia,2024,0.6612499999999999,0.46287499999999987,0.9257499999999997,clinical_trial_rwe,clinical_surveillance_2024
levofloxacin,e_coli,africa,2024,0.71875,0.5031249999999999,0.95,clinical_trial_rwe,clinical_surveillance_2024
levofloxacin,e_coli,south_america,2024,0.6325,0.4427499999999999,0.8854999999999998,clinical_trial_rwe,clinical_surveillance_2024
levofloxacin,e_coli,oceania,2024,0.506,0.35419999999999996,0.7083999999999999,clinical_trial_rwe,clinical_surveillance_2024
levofloxacin,k_pneumoniae,north_america,2019,0.34,0.238,0.476,clinical_trial_rwe,clinical_surveillance_2019
levofloxacin,k_pneumoniae,europe,2019,0.36000000000000004,0.252,0.504,clinical_trial_rwe,clinical_surveillance_2019
levofloxacin,k_pneumoniae,asia,2019,0.45999999999999996,0.32199999999999995,0.6439999999999999,clinical_trial_rwe,clinical_surveillance_2019
levofloxacin,k_pneumoniae,africa,2019,0.5,0.35,0.7,clinical_trial_rwe,clinical_surveillance_2019
levofloxacin,k_pneumoniae,south_america,2019,0.44000000000000006,0.308,0.616,clinical_trial_rwe,clinical_surveillance_2019
levofloxacin,k_pneumoniae,oceania,2019,0.35200000000000004,0.2464,0.4928,clinical_trial_rwe,clinical_surveillance_2019
levofloxacin,k_pneumoniae,north_america,2020,0.3502,0.24514,0.49028,clinical_trial_rwe,clinical_surveillance_2020
levofloxacin,k_pneumoniae,europe,2020,0.3708000000000001,0.25956,0.51912,clinical_trial_rwe,clinical_surveillance_2020
levofloxacin,k_pneumoniae,asia,2020,0.4738,0.33165999999999995,0.6633199999999999,clinical_trial_rwe,clinical_surveillance_2020
levofloxacin,k_pneumoniae,africa,2020,0.515,0.3605,0.721,clinical_trial_rwe,clinical_surveillance_2020
levofloxacin,k_pneumoniae,south_america,2020,0.45320000000000005,0.31724,0.63448,clinical_trial_rwe,clinical_surveillance_2020
levofloxacin,k_pneumoniae,oceania,2020,0.36256000000000005,0.253792,0.507584,clinical_trial_rwe,clinical_surveillance_2020
levofloxacin,k_pneumoniae,north_america,2021,0.36040000000000005,0.25228,0.50456,clinical_trial_rwe,clinical_surveillance_2021
levofloxacin,k_pneumoniae,europe,2021,0.38160000000000005,0.26712,0.53424,clinical_trial_rwe,clinical_surveillance_2021
levofloxacin,k_pneumoniae,asia,2021,0.4876,0.34131999999999996,0.6826399999999999,clinical_trial_rwe,clinical_surveillance_2021
levofloxacin,k_pneumoniae,africa,2021,0.53,0.371,0.742,clinical_trial_rwe,clinical_surveillance_2021
levofloxacin,k_pneumoniae,south_america,2021,0.4664000000000001,0.32648000000000005,0.6529600000000001,clinical_trial_rwe,clinical_surveillance_2021
levofloxacin,k_pneumoniae,oceania,2021,0.37312000000000006,0.261184,0.522368,clinical_trial_rwe,clinical_surveillance_2021
levofloxacin,k_pneumoniae,north_america,2022,0.37060000000000004,0.25942000000000004,0.5188400000000001,clinical_trial_rwe,clinical_surveillance_2022
levofloxacin,k_pneumoniae,europe,2022,0.3924000000000001,0.27468000000000004,0.5493600000000001,clinical_trial_rwe,clinical_surveillance_2022
levofloxacin,k_pneumoniae,asia,2022,0.5014,0.35097999999999996,0.7019599999999999,clinical_trial_rwe,clinical_surveillance_2022
levofloxacin,k_pneumoniae,africa,2022,0.545,0.3815,0.763,clinical_trial_rwe,clinical_surveillance_2022
levofloxacin,k_pneumoniae,south_america,2022,0.4796000000000001,0.33572,0.67144,clinical_trial_rwe,clinical_surveillance_2022
levofloxacin,k_pneumoniae,oceania,2022,0.3836800000000001,0.26857600000000004,0.5371520000000001,clinical_trial_rwe,clinical_surveillance_2022
levofloxacin,k_pneumoniae,north_america,2023,0.3808000000000001,0.26656,0.53312,clinical_trial_rwe,clinical_surveillance_2023
levofloxacin,k_pneumoniae,europe,2023,0.40320000000000006,0.28224000000000005,0.5644800000000001,clinical_trial_rwe,clinical_surveillance_2023
levofloxacin,k_pneumoniae,asia,2023,0.5152,0.36063999999999996,0.7212799999999999,clinical_trial_rwe,clinical_surveillance_2023
levofloxacin,k_pneumoniae,africa,2023,0.56,0.392,0.784,clinical_trial_rwe,clinical_surveillance_2023
levofloxacin,k_pneumoniae,south_america,2023,0.4928000000000001,0.34496000000000004,0.6899200000000001,clinical_trial_rwe,clinical_surveillance_2023
levofloxacin,k_pneumoniae,oceania,2023,0.3942400000000001,0.27596800000000005,0.5519360000000001,clinical_trial_rwe,clinical_surveillance_2023
levofloxacin,k_pneumoniae,north_america,2024,0.391,0.2737,0.5474,clinical_trial_rwe,clinical_surveillance_2024
levofloxacin,k_pneumoniae,europe,2024,0.41400000000000003,0.2898,0.5796,clinical_trial_rwe,clinical_surveillance_2024
levofloxacin,k_pneumoniae,asia,2024,0.5289999999999999,0.3702999999999999,0.7405999999999998,clinical_trial_rwe,clinical_surveillance_2024
levofloxacin,k_pneumoniae,africa,2024,0.575,0.40249999999999997,0.8049999999999999,clinical_trial_rwe,clinical_surveillance_2024
levofloxacin,k_pneumoniae,south_america,2024,0.506,0.35419999999999996,0.7083999999999999,clinical_trial_rwe,clinical_surveillance_2024
levofloxacin,k_pneumoniae,oceania,2024,0.4048,0.28336,0.56672,clinical_trial_rwe,clinical_surveillance_2024
vancomycin,s_aureus,north_america,2019,0.068,0.05,0.0952,clinical_trial_rwe,clinical_surveillance_2019
vancomycin,s_aureus,europe,2019,0.07200000000000001,0.0504,0.1008,clinical_trial_rwe,clinical_surveillance_2019
vancomycin,s_aureus,asia,2019,0.092,0.0644,0.1288,clinical_trial_rwe,clinical_surveillance_2019
vancomycin,s_aureus,africa,2019,0.1,0.06999999999999999,0.13999999999999999,clinical_trial_rwe,clinical_surveillance_2019
vancomycin,s_aureus,south_america,2019,0.08800000000000001,0.0616,0.1232,clinical_trial_rwe,clinical_surveillance_2019
vancomycin,s_aureus,oceania,2019,0.0704,0.05,0.09856,clinical_trial_rwe,clinical_surveillance_2019
vancomycin,s_aureus,north_america,2020,0.07004,0.05,0.098056,clinical_trial_rwe,clinical_surveillance_2020
vancomycin,s_aureus,europe,2020,0.07416,0.051912,0.103824,clinical_trial_rwe,clinical_surveillance_2020
vancomycin,s_aureus,asia,2020,0.09476,0.06633199999999999,0.13266399999999998,clinical_trial_rwe,clinical_surveillance_2020
vancomycin,s_aureus,africa,2020,0.10300000000000001,0.0721,0.1442,clinical_trial_rwe,clinical_surveillance_2020
vancomycin,s_aureus,south_america,2020,0.09064000000000001,0.063448,0.126896,clinical_trial_rwe,clinical_surveillance_2020
vancomycin,s_aureus,oceania,2020,0.07251200000000001,0.0507584,0.1015168,clinical_trial_rwe,clinical_surveillance_2020
vancomycin,s_aureus,north_america,2021,0.07208,0.050456,0.100912,clinical_trial_rwe,clinical_surveillance_2021
vancomycin,s_aureus,europe,2021,0.07632000000000001,0.053424000000000006,0.10684800000000001,clinical_trial_rwe,clinical_surveillance_2021
vancomycin,s_aureus,asia,2021,0.09752000000000001,0.068264,0.136528,clinical_trial_rwe,clinical_surveillance_2021
vancomycin,s_aureus,africa,2021,0.10600000000000001,0.0742,0.1484,clinical_trial_rwe,clinical_surveillance_2021
vancomycin,s_aureus,south_america,2021,0.09328000000000002,0.065296,0.130592,clinical_trial_rwe,clinical_surveillance_2021
vancomycin,s_aureus,oceania,2021,0.07462400000000001,0.05223680000000001,0.10447360000000001,clinical_trial_rwe,clinical_surveillance_2021
vancomycin,s_aureus,north_america,2022,0.07412,0.051884,0.103768,clinical_trial_rwe,clinical_surveillance_2022
vancomycin,s_aureus,europe,2022,0.07848000000000001,0.054936,0.109872,clinical_trial_rwe,clinical_surveillance_2022
vancomycin,s_aureus,asia,2022,0.10028000000000001,0.070196,0.140392,clinical_trial_rwe,clinical_surveillance_2022
vancomycin,s_aureus,africa,2022,0.10900000000000001,0.0763,0.1526,clinical_trial_rwe,clinical_surveillance_2022
vancomycin,s_aureus,south_america,2022,0.09592000000000002,0.06714400000000001,0.13428800000000002,clinical_trial_rwe,clinical_surveillance_2022
vancomycin,s_aureus,oceania,2022,0.07673600000000001,0.053715200000000005,0.10743040000000001,clinical_trial_rwe,clinical_surveillance_2022
vancomycin,s_aureus,north_america,2023,0.07616000000000002,0.05331200000000001,0.10662400000000002,clinical_trial_rwe,clinical_surveillance_2023
vancomycin,s_aureus,europe,2023,0.08064000000000002,0.056448000000000005,0.11289600000000001,clinical_trial_rwe,clinical_surveillance_2023
vancomycin,s_aureus,asia,2023,0.10304,0.072128,0.144256,clinical_trial_rwe,clinical_surveillance_2023
vancomycin,s_aureus,africa,2023,0.11200000000000002,0.07840000000000001,0.15680000000000002,clinical_trial_rwe,clinical_surveillance_2023
vancomycin,s_aureus,south_america,2023,0.09856000000000002,0.06899200000000001,0.13798400000000002,clinical_trial_rwe,clinical_surveillance_2023
vancomycin,s_aureus,oceania,2023,0.07884800000000002,0.05519360000000001,0.11038720000000002,clinical_trial_rwe,clinical_surveillance_2023
vancomycin,s_aureus,north_america,2024,0.0782,0.05474,0.10948,clinical_trial_rwe,clinical_surveillance_2024
vancomycin,s_aureus,europe,2024,0.0828,0.05796,0.11592,clinical_trial_rwe,clinical_surveillance_2024
vancomycin,s_aureus,asia,2024,0.10579999999999999,0.07405999999999999,0.14811999999999997,clinical_trial_rwe,clinical_surveillance_2024
vancomycin,s_aureus,africa,2024,0.11499999999999999,0.08049999999999999,0.16099999999999998,clinical_trial_rwe,clinical_surveillance_2024
vancomycin,s_aureus,south_america,2024,0.1012,0.07084,0.14168,clinical_trial_rwe,clinical_surveillance_2024
vancomycin,s_aureus,oceania,2024,0.08096,0.056672,0.113344,clinical_trial_rwe,clinical_surveillance_2024
vancomycin,enterococcus_faecium,north_america,2019,0.2975,0.20825,0.4165,clinical_trial_rwe,clinical_surveillance_2019
vancomycin,enterococcus_faecium,europe,2019,0.315,0.22049999999999997,0.44099999999999995,clinical_trial_rwe,clinical_surveillance_2019
vancomycin,enterococcus_faecium,asia,2019,0.40249999999999997,0.28174999999999994,0.5634999999999999,clinical_trial_rwe,clinical_surveillance_2019
vancomycin,enterococcus_faecium,africa,2019,0.4375,0.30624999999999997,0.6124999999999999,clinical_trial_rwe,clinical_surveillance_2019
vancomycin,enterococcus_faecium,south_america,2019,0.385,0.26949999999999996,0.5389999999999999,clinical_trial_rwe,clinical_surveillance_2019
vancomycin,enterococcus_faecium,oceania,2019,0.308,0.21559999999999999,0.43119999999999997,clinical_trial_rwe,clinical_surveillance_2019
vancomycin,enterococcus_faecium,north_america,2020,0.306425,0.21449749999999998,0.42899499999999996,clinical_trial_rwe,clinical_surveillance_2020
vancomycin,enterococcus_faecium,europe,2020,0.32445,0.22711499999999998,0.45422999999999997,clinical_trial_rwe,clinical_surveillance_2020
vancomycin,enterococcus_faecium,asia,2020,0.41457499999999997,0.2902025,0.580405,clinical_trial_rwe,clinical_surveillance_2020
vancomycin,enterococcus_faecium,africa,2020,0.450625,0.3154375,0.630875,clinical_trial_rwe,clinical_surveillance_2020
vancomycin,enterococcus_faecium,south_america,2020,0.39655,0.27758499999999997,0.5551699999999999,clinical_trial_rwe,clinical_surveillance_2020
vancomycin,enterococcus_faecium,oceania,2020,0.31724,0.222068,0.444136,clinical_trial_rwe,clinical_surveillance_2020
vancomycin,enterococcus_faecium,north_america,2021,0.31535,0.220745,0.44149,clinical_trial_rwe,clinical_surveillance_2021
vancomycin,enterococcus_faecium,europe,2021,0.33390000000000003,0.23373,0.46746,clinical_trial_rwe,clinical_surveillance_2021
vancomycin,enterococcus_faecium,asia,2021,0.42665,0.29865499999999995,0.5973099999999999,clinical_trial_rwe,clinical_surveillance_2021
vancomycin,enterococcus_faecium,africa,2021,0.46375,0.324625,0.64925,clinical_trial_rwe,clinical_surveillance_2021
vancomycin,enterococcus_faecium,south_america,2021,0.4081,0.28567,0.57134,clinical_trial_rwe,clinical_surveillance_2021
vancomycin,enterococcus_faecium,oceania,2021,0.32648,0.228536,0.457072,clinical_trial_rwe,clinical_surveillance_2021
vancomycin,enterococcus_faecium,north_america,2022,0.32427500000000004,0.2269925,0.453985,clinical_trial_rwe,clinical_surveillance_2022
vancomycin,enterococcus_faecium,europe,2022,0.34335000000000004,0.240345,0.48069,clinical_trial_rwe,clinical_surveillance_2022
vancomycin,enterococcus_faecium,asia,2022,0.438725,0.3071075,0.614215,clinical_trial_rwe,clinical_surveillance_2022
vancomycin,enterococcus_faecium,africa,2022,0.47687500000000005,0.3338125,0.667625,clinical_trial_rwe,clinical_surveillance_2022
vancomycin,enterococcus_faecium,south_america,2022,0.41965,0.293755,0.58751,clinical_trial_rwe,clinical_surveillance_2022
vancomycin,enterococcus_faecium,oceania,2022,0.33572,0.235004,0.470008,clinical_trial_rwe,clinical_surveillance_2022
vancomycin,enterococcus_faecium,north_america,2023,0.3332,0.23323999999999998,0.46647999999999995,clinical_trial_rwe,clinical_surveillance_2023
vancomycin,enterococcus_faecium,europe,2023,0.35280000000000006,0.24696,0.49392,clinical_trial_rwe,clinical_surveillance_2023
vancomycin,enterococcus_faecium,asia,2023,0.45080000000000003,0.31556,0.63112,clinical_trial_rwe,clinical_surveillance_2023
vancomycin,enterococcus_faecium,africa,2023,0.49000000000000005,0.343,0.686,clinical_trial_rwe,clinical_surveillance_2023
vancomycin,enterococcus_faecium,south_america,2023,0.4312,0.30184,0.60368,clinical_trial_rwe,clinical_surveillance_2023
vancomycin,enterococcus_faecium,oceania,2023,0.34496000000000004,0.24147200000000002,0.48294400000000004,clinical_trial_rwe,clinical_surveillance_2023
vancomycin,enterococcus_faecium,north_america,2024,0.34212499999999996,0.23948749999999996,0.47897499999999993,clinical_trial_rwe,clinical_surveillance_2024
vancomycin,enterococcus_faecium,europe,2024,0.36224999999999996,0.25357499999999994,0.5071499999999999,clinical_trial_rwe,clinical_surveillance_2024
vancomycin,enterococcus_faecium,asia,2024,0.4628749999999999,0.3240124999999999,0.6480249999999999,clinical_trial_rwe,clinical_surveillance_2024
vancomycin,enterococcus_faecium,africa,2024,0.5031249999999999,0.35218749999999993,0.7043749999999999,clinical_trial_rwe,clinical_surveillance_2024
vancomycin,enterococcus_faecium,south_america,2024,0.44275,0.30992499999999995,0.6198499999999999,clinical_trial_rwe,clinical_surveillance_2024
vancomycin,enterococcus_faecium,oceania,2024,0.35419999999999996,0.24793999999999997,0.49587999999999993,clinical_trial_rwe,clinical_surveillance_2024
vancomycin,enterococcus_faecalis,north_america,2019,0.102,0.07139999999999999,0.14279999999999998,clinical_trial_rwe,clinical_surveillance_2019
vancomycin,enterococcus_faecalis,europe,2019,0.108,0.0756,0.1512,clinical_trial_rwe,clinical_surveillance_2019
vancomycin,enterococcus_faecalis,asia,2019,0.13799999999999998,0.09659999999999998,0.19319999999999996,clinical_trial_rwe,clinical_surveillance_2019
vancomycin,enterococcus_faecalis,africa,2019,0.15,0.105,0.21,clinical_trial_rwe,clinical_surveillance_2019
vancomycin,enterococcus_faecalis,south_america,2019,0.132,0.0924,0.1848,clinical_trial_rwe,clinical_surveillance_2019
vancomycin,enterococcus_faecalis,oceania,2019,0.1056,0.07392,0.14784,clinical_trial_rwe,clinical_surveillance_2019
vancomycin,enterococcus_faecalis,north_america,2020,0.10506,0.073542,0.147084,clinical_trial_rwe,clinical_surveillance_2020
vancomycin,enterococcus_faecalis,europe,2020,0.11124,0.07786799999999999,0.15573599999999999,clinical_trial_rwe,clinical_surveillance_2020
vancomycin,enterococcus_faecalis,asia,2020,0.14214,0.09949799999999999,0.19899599999999998,clinical_trial_rwe,clinical_surveillance_2020
vancomycin,enterococcus_faecalis,africa,2020,0.1545,0.10815,0.2163,clinical_trial_rwe,clinical_surveillance_2020
vancomycin,enterococcus_faecalis,south_america,2020,0.13596,0.09517199999999999,0.19034399999999999,clinical_trial_rwe,clinical_surveillance_2020
vancomycin,enterococcus_faecalis,oceania,2020,0.108768,0.0761376,0.1522752,clinical_trial_rwe,clinical_surveillance_2020
vancomycin,enterococcus_faecalis,north_america,2021,0.10812,0.07568399999999999,0.15136799999999997,clinical_trial_rwe,clinical_surveillance_2021
vancomycin,enterococcus_faecalis,europe,2021,0.11448,0.080136,0.160272,clinical_trial_rwe,clinical_surveillance_2021
vancomycin,enterococcus_faecalis,asia,2021,0.14628,0.10239599999999999,0.20479199999999997,clinical_trial_rwe,clinical_surveillance_2021
vancomycin,enterococcus_faecalis,africa,2021,0.159,0.1113,0.2226,clinical_trial_rwe,clinical_surveillance_2021
vancomycin,enterococcus_faecalis,south_america,2021,0.13992000000000002,0.097944,0.195888,clinical_trial_rwe,clinical_surveillance_2021
vancomycin,enterococcus_faecalis,oceania,2021,0.11193600000000001,0.0783552,0.1567104,clinical_trial_rwe,clinical_surveillance_2021
vancomycin,enterococcus_faecalis,north_america,2022,0.11118,0.07782599999999999,0.15565199999999998,clinical_trial_rwe,clinical_surveillance_2022
vancomycin,enterococcus_faecalis,europe,2022,0.11772,0.082404,0.164808,clinical_trial_rwe,clinical_surveillance_2022
vancomycin,enterococcus_faecalis,asia,2022,0.15042,0.105294,0.210588,clinical_trial_rwe,clinical_surveillance_2022
vancomycin,enterococcus_faecalis,africa,2022,0.1635,0.11445,0.2289,clinical_trial_rwe,clinical_surveillance_2022
vancomycin,enterococcus_faecalis,south_america,2022,0.14388,0.100716,0.201432,clinical_trial_rwe,clinical_surveillance_2022
vancomycin,enterococcus_faecalis,oceania,2022,0.11510400000000001,0.0805728,0.1611456,clinical_trial_rwe,clinical_surveillance_2022
vancomycin,enterococcus_faecalis,north_america,2023,0.11424000000000001,0.079968,0.159936,clinical_trial_rwe,clinical_surveillance_2023
vancomycin,enterococcus_faecalis,europe,2023,0.12096000000000001,0.084672,0.169344,clinical_trial_rwe,clinical_surveillance_2023
vancomycin,enterococcus_faecalis,asia,2023,0.15456,0.108192,0.216384,clinical_trial_rwe,clinical_surveillance_2023
vancomycin,enterococcus_faecalis,africa,2023,0.168,0.1176,0.2352,clinical_trial_rwe,clinical_surveillance_2023
vancomycin,enterococcus_faecalis,south_america,2023,0.14784000000000003,0.10348800000000001,0.20697600000000002,clinical_trial_rwe,clinical_surveillance_2023
vancomycin,enterococcus_faecalis,oceania,2023,0.11827200000000002,0.0827904,0.1655808,clinical_trial_rwe,clinical_surveillance_2023
vancomycin,enterococcus_faecalis,north_america,2024,0.11729999999999999,0.08210999999999999,0.16421999999999998,clinical_trial_rwe,clinical_surveillance_2024
vancomycin,enterococcus_faecalis,europe,2024,0.12419999999999999,0.08693999999999999,0.17387999999999998,clinical_trial_rwe,clinical_surveillance_2024
vancomycin,enterococcus_faecalis,asia,2024,0.15869999999999998,0.11108999999999998,0.22217999999999996,clinical_trial_rwe,clinical_surveillance_2024
vancomycin,enterococcus_faecalis,africa,2024,0.1725,0.12074999999999998,0.24149999999999996,clinical_trial_rwe,clinical_surveillance_2024
vancomycin,enterococcus_faecalis,south_america,2024,0.1518,0.10626,0.21252,clinical_trial_rwe,clinical_surveillance_2024
vancomycin,enterococcus_faecalis,oceania,2024,0.12143999999999999,0.08500799999999999,0.17001599999999997,clinical_trial_rwe,clinical_surveillance_2024
gentamicin,e_coli,north_america,2019,0.255,0.1785,0.357,clinical_trial_rwe,clinical_surveillance_2019
gentamicin,e_coli,europe,2019,0.27,0.189,0.378,clinical_trial_rwe,clinical_surveillance_2019
gentamicin,e_coli,asia,2019,0.345,0.24149999999999996,0.48299999999999993,clinical_trial_rwe,clinical_surveillance_2019
gentamicin,e_coli,africa,2019,0.375,0.26249999999999996,0.5249999999999999,clinical_trial_rwe,clinical_surveillance_2019
gentamicin,e_coli,south_america,2019,0.33,0.23099999999999998,0.46199999999999997,clinical_trial_rwe,clinical_surveillance_2019
gentamicin,e_coli,oceania,2019,0.264,0.1848,0.3696,clinical_trial_rwe,clinical_surveillance_2019
gentamicin,e_coli,north_america,2020,0.26265,0.183855,0.36771,clinical_trial_rwe,clinical_surveillance_2020
gentamicin,e_coli,europe,2020,0.2781,0.19467,0.38934,clinical_trial_rwe,clinical_surveillance_2020
gentamicin,e_coli,asia,2020,0.35535,0.248745,0.49749,clinical_trial_rwe,clinical_surveillance_2020
gentamicin,e_coli,africa,2020,0.38625,0.270375,0.54075,clinical_trial_rwe,clinical_surveillance_2020
gentamicin,e_coli,south_america,2020,0.33990000000000004,0.23793,0.47586,clinical_trial_rwe,clinical_surveillance_2020
gentamicin,e_coli,oceania,2020,0.27192,0.19034399999999999,0.38068799999999997,clinical_trial_rwe,clinical_surveillance_2020
gentamicin,e_coli,north_america,2021,0.27030000000000004,0.18921000000000002,0.37842000000000003,clinical_trial_rwe,clinical_surveillance_2021
gentamicin,e_coli,europe,2021,0.2862,0.20034,0.40068,clinical_trial_rwe,clinical_surveillance_2021
gentamicin,e_coli,asia,2021,0.36569999999999997,0.25598999999999994,0.5119799999999999,clinical_trial_rwe,clinical_surveillance_2021
gentamicin,e_coli,africa,2021,0.3975,0.27825,0.5565,clinical_trial_rwe,clinical_surveillance_2021
gentamicin,e_coli,south_america,2021,0.34980000000000006,0.24486000000000002,0.48972000000000004,clinical_trial_rwe,clinical_surveillance_2021
gentamicin,e_coli,oceania,2021,0.27984000000000003,0.195888,0.391776,clinical_trial_rwe,clinical_surveillance_2021
gentamicin,e_coli,north_america,2022,0.27795000000000003,0.19456500000000002,0.38913000000000003,clinical_trial_rwe,clinical_surveillance_2022
gentamicin,e_coli,europe,2022,0.29430000000000006,0.20601000000000003,0.41202000000000005,clinical_trial_rwe,clinical_surveillance_2022
gentamicin,e_coli,asia,2022,0.37605,0.263235,0.52647,clinical_trial_rwe,clinical_surveillance_2022
gentamicin,e_coli,africa,2022,0.40875000000000006,0.286125,0.57225,clinical_trial_rwe,clinical_surveillance_2022
gentamicin,e_coli,south_america,2022,0.3597,0.25179,0.50358,clinical_trial_rwe,clinical_surveillance_2022
gentamicin,e_coli,oceania,2022,0.28776,0.201432,0.402864,clinical_trial_rwe,clinical_surveillance_2022
gentamicin,e_coli,north_america,2023,0.2856,0.19992000000000001,0.39984000000000003,clinical_trial_rwe,clinical_surveillance_2023
gentamicin,e_coli,europe,2023,0.30240000000000006,0.21168000000000003,0.42336000000000007,clinical_trial_rwe,clinical_surveillance_2023
gentamicin,e_coli,asia,2023,0.3864,0.27048,0.54096,clinical_trial_rwe,clinical_surveillance_2023
gentamicin,e_coli,africa,2023,0.42000000000000004,0.294,0.588,clinical_trial_rwe,clinical_surveillance_2023
gentamicin,e_coli,south_america,2023,0.36960000000000004,0.25872,0.51744,clinical_trial_rwe,clinical_surveillance_2023
gentamicin,e_coli,oceania,2023,0.29568000000000005,0.20697600000000002,0.41395200000000004,clinical_trial_rwe,clinical_surveillance_2023
gentamicin,e_coli,north_america,2024,0.29324999999999996,0.20527499999999996,0.4105499999999999,clinical_trial_rwe,clinical_surveillance_2024
gentamicin,e_coli,europe,2024,0.3105,0.21735,0.4347,clinical_trial_rwe,clinical_surveillance_2024
gentamicin,e_coli,asia,2024,0.39674999999999994,0.27772499999999994,0.5554499999999999,clinical_trial_rwe,clinical_surveillance_2024
gentamicin,e_coli,africa,2024,0.43124999999999997,0.30187499999999995,0.6037499999999999,clinical_trial_rwe,clinical_surveillance_2024
gentamicin,e_coli,south_america,2024,0.3795,0.26565,0.5313,clinical_trial_rwe,clinical_surveillance_2024
gentamicin,e_coli,oceania,2024,0.3036,0.21252,0.42504,clinical_trial_rwe,clinical_surveillance_2024
gentamicin,k_pneumoniae,north_america,2019,0.2975,0.20825,0.4165,clinical_trial_rwe,clinical_surveillance_2019
gentamicin,k_pneumoniae,europe,2019,0.315,0.22049999999999997,0.44099999999999995,clinical_trial_rwe,clinical_surveillance_2019
gentamicin,k_pneumoniae,asia,2019,0.40249999999999997,0.28174999999999994,0.5634999999999999,clinical_trial_rwe,clinical_surveillance_2019
gentamicin,k_pneumoniae,africa,2019,0.4375,0.30624999999999997,0.6124999999999999,clinical_trial_rwe,clinical_surveillance_2019
gentamicin,k_pneumoniae,south_america,2019,0.385,0.26949999999999996,0.5389999999999999,clinical_trial_rwe,clinical_surveillance_2019
gentamicin,k_pneumoniae,oceania,2019,0.308,0.21559999999999999,0.43119999999999997,clinical_trial_rwe,clinical_surveillance_2019
gentamicin,k_pneumoniae,north_america,2020,0.306425,0.21449749999999998,0.42899499999999996,clinical_trial_rwe,clinical_surveillance_2020
gentamicin,k_pneumoniae,europe,2020,0.32445,0.22711499999999998,0.45422999999999997,clinical_trial_rwe,clinical_surveillance_2020
gentamicin,k_pneumoniae,asia,2020,0.41457499999999997,0.2902025,0.580405,clinical_trial_rwe,clinical_surveillance_2020
gentamicin,k_pneumoniae,africa,2020,0.450625,0.3154375,0.630875,clinical_trial_rwe,clinical_surveillance_2020
gentamicin,k_pneumoniae,south_america,2020,0.39655,0.27758499999999997,0.5551699999999999,clinical_trial_rwe,clinical_surveillance_2020
gentamicin,k_pneumoniae,oceania,2020,0.31724,0.222068,0.444136,clinical_trial_rwe,clinical_surveillance_2020
gentamicin,k_pneumoniae,north_america,2021,0.31535,0.220745,0.44149,clinical_trial_rwe,clinical_surveillance_2021
gentamicin,k_pneumoniae,europe,2021,0.33390000000000003,0.23373,0.46746,clinical_trial_rwe,clinical_surveillance_2021
gentamicin,k_pneumoniae,asia,2021,0.42665,0.29865499999999995,0.5973099999999999,clinical_trial_rwe,clinical_surveillance_2021
gentamicin,k_pneumoniae,africa,2021,0.46375,0.324625,0.64925,clinical_trial_rwe,clinical_surveillance_2021
gentamicin,k_pneumoniae,south_america,2021,0.4081,0.28567,0.57134,clinical_trial_rwe,clinical_surveillance_2021
gentamicin,k_pneumoniae,oceania,2021,0.32648,0.228536,0.457072,clinical_trial_rwe,clinical_surveillance_2021
gentamicin,k_pneumoniae,north_america,2022,0.32427500000000004,0.2269925,0.453985,clinical_trial_rwe,clinical_surveillance_2022
gentamicin,k_pneumoniae,europe,2022,0.34335000000000004,0.240345,0.48069,clinical_trial_rwe,clinical_surveillance_2022
gentamicin,k_pneumoniae,asia,2022,0.438725,0.3071075,0.614215,clinical_trial_rwe,clinical_surveillance_2022
gentamicin,k_pneumoniae,africa,2022,0.47687500000000005,0.3338125,0.667625,clinical_trial_rwe,clinical_surveillance_2022
gentamicin,k_pneumoniae,south_america,2022,0.41965,0.293755,0.58751,clinical_trial_rwe,clinical_surveillance_2022
gentamicin,k_pneumoniae,oceania,2022,0.33572,0.235004,0.470008,clinical_trial_rwe,clinical_surveillance_2022
gentamicin,k_pneumoniae,north_america,2023,0.3332,0.23323999999999998,0.46647999999999995,clinical_trial_rwe,clinical_surveillance_2023
gentamicin,k_pneumoniae,europe,2023,0.35280000000000006,0.24696,0.49392,clinical_trial_rwe,clinical_surveillance_2023
gentamicin,k_pneumoniae,asia,2023,0.45080000000000003,0.31556,0.63112,clinical_trial_rwe,clinical_surveillance_2023
gentamicin,k_pneumoniae,africa,2023,0.49000000000000005,0.343,0.686,clinical_trial_rwe,clinical_surveillance_2023
gentamicin,k_pneumoniae,south_america,2023,0.4312,0.30184,0.60368,clinical_trial_rwe,clinical_surveillance_2023
gentamicin,k_pneumoniae,oceania,2023,0.34496000000000004,0.24147200000000002,0.48294400000000004,clinical_trial_rwe,clinical_surveillance_2023
gentamicin,k_pneumoniae,north_america,2024,0.34212499999999996,0.23948749999999996,0.47897499999999993,clinical_trial_rwe,clinical_surveillance_2024
gentamicin,k_pneumoniae,europe,2024,0.36224999999999996,0.25357499999999994,0.5071499999999999,clinical_trial_rwe,clinical_surveillance_2024
gentamicin,k_pneumoniae,asia,2024,0.4628749999999999,0.3240124999999999,0.6480249999999999,clinical_trial_rwe,clinical_surveillance_2024
gentamicin,k_pneumoniae,africa,2024,0.5031249999999999,0.35218749999999993,0.7043749999999999,clinical_trial_rwe,clinical_surveillance_2024
gentamicin,k_pneumoniae,south_america,2024,0.44275,0.30992499999999995,0.6198499999999999,clinical_trial_rwe,clinical_surveillance_2024
gentamicin,k_pneumoniae,oceania,2024,0.35419999999999996,0.24793999999999997,0.49587999999999993,clinical_trial_rwe,clinical_surveillance_2024
gentamicin,p_aeruginosa,north_america,2019,0.3825,0.26775,0.5355,clinical_trial_rwe,clinical_surveillance_2019
gentamicin,p_aeruginosa,europe,2019,0.405,0.2835,0.567,clinical_trial_rwe,clinical_surveillance_2019
gentamicin,p_aeruginosa,asia,2019,0.5175,0.36224999999999996,0.7244999999999999,clinical_trial_rwe,clinical_surveillance_2019
gentamicin,p_aeruginosa,africa,2019,0.5625,0.39375,0.7875,clinical_trial_rwe,clinical_surveillance_2019
gentamicin,p_aeruginosa,south_america,2019,0.49500000000000005,0.34650000000000003,0.6930000000000001,clinical_trial_rwe,clinical_surveillance_2019
gentamicin,p_aeruginosa,oceania,2019,0.396,0.2772,0.5544,clinical_trial_rwe,clinical_surveillance_2019
gentamicin,p_aeruginosa,north_america,2020,0.393975,0.2757825,0.551565,clinical_trial_rwe,clinical_surveillance_2020
gentamicin,p_aeruginosa,europe,2020,0.41715,0.292005,0.58401,clinical_trial_rwe,clinical_surveillance_2020
gentamicin,p_aeruginosa,asia,2020,0.533025,0.37311749999999994,0.7462349999999999,clinical_trial_rwe,clinical_surveillance_2020
gentamicin,p_aeruginosa,africa,2020,0.579375,0.40556249999999994,0.8111249999999999,clinical_trial_rwe,clinical_surveillance_2020
gentamicin,p_aeruginosa,south_america,2020,0.50985,0.356895,0.71379,clinical_trial_rwe,clinical_surveillance_2020
gentamicin,p_aeruginosa,oceania,2020,0.40788,0.285516,0.571032,clinical_trial_rwe,clinical_surveillance_2020
gentamicin,p_aeruginosa,north_america,2021,0.40545000000000003,0.283815,0.56763,clinical_trial_rwe,clinical_surveillance_2021
gentamicin,p_aeruginosa,europe,2021,0.42930000000000007,0.30051000000000005,0.6010200000000001,clinical_trial_rwe,clinical_surveillance_2021
gentamicin,p_aeruginosa,asia,2021,0.54855,0.38398499999999997,0.7679699999999999,clinical_trial_rwe,clinical_surveillance_2021
gentamicin,p_aeruginosa,africa,2021,0.5962500000000001,0.417375,0.83475,clinical_trial_rwe,clinical_surveillance_2021
gentamicin,p_aeruginosa,south_america,2021,0.5247,0.36729,0.73458,clinical_trial_rwe,clinical_surveillance_2021
gentamicin,p_aeruginosa,oceania,2021,0.41976,0.293832,0.587664,clinical_trial_rwe,clinical_surveillance_2021
gentamicin,p_aeruginosa,north_america,2022,0.41692500000000005,0.29184750000000004,0.5836950000000001,clinical_trial_rwe,clinical_surveillance_2022
gentamicin,p_aeruginosa,europe,2022,0.44145000000000006,0.30901500000000004,0.6180300000000001,clinical_trial_rwe,clinical_surveillance_2022
gentamicin,p_aeruginosa,asia,2022,0.564075,0.3948525,0.789705,clinical_trial_rwe,clinical_surveillance_2022
gentamicin,p_aeruginosa,africa,2022,0.613125,0.4291875,0.858375,clinical_trial_rwe,clinical_surveillance_2022
gentamicin,p_aeruginosa,south_america,2022,0.5395500000000001,0.37768500000000005,0.7553700000000001,clinical_trial_rwe,clinical_surveillance_2022
gentamicin,p_aeruginosa,oceania,2022,0.4316400000000001,0.302148,0.604296,clinical_trial_rwe,clinical_surveillance_2022
gentamicin,p_aeruginosa,north_america,2023,0.42840000000000006,0.29988000000000004,0.5997600000000001,clinical_trial_rwe,clinical_surveillance_2023
gentamicin,p_aeruginosa,europe,2023,0.45360000000000006,0.31752,0.63504,clinical_trial_rwe,clinical_surveillance_2023
gentamicin,p_aeruginosa,asia,2023,0.5796,0.40571999999999997,0.8114399999999999,clinical_trial_rwe,clinical_surveillance_2023
gentamicin,p_aeruginosa,africa,2023,0.6300000000000001,0.44100000000000006,0.8820000000000001,clinical_trial_rwe,clinical_surveillance_2023
gentamicin,p_aeruginosa,south_america,2023,0.5544000000000001,0.38808000000000004,0.7761600000000001,clinical_trial_rwe,clinical_surveillance_2023
gentamicin,p_aeruginosa,oceania,2023,0.4435200000000001,0.310464,0.620928,clinical_trial_rwe,clinical_surveillance_2023
gentamicin,p_aeruginosa,north_america,2024,0.43987499999999996,0.3079125,0.615825,clinical_trial_rwe,clinical_surveillance_2024
gentamicin,p_aeruginosa,europe,2024,0.46575,0.32602499999999995,0.6520499999999999,clinical_trial_rwe,clinical_surveillance_2024
gentamicin,p_aeruginosa,asia,2024,0.5951249999999999,0.4165874999999999,0.8331749999999998,clinical_trial_rwe,clinical_surveillance_2024
gentamicin,p_aeruginosa,africa,2024,0.646875,0.45281249999999995,0.9056249999999999,clinical_trial_rwe,clinical_surveillance_2024
gentamicin,p_aeruginosa,south_america,2024,0.56925,0.398475,0.79695,clinical_trial_rwe,clinical_surveillance_2024
gentamicin,p_aeruginosa,oceania,2024,0.45539999999999997,0.31877999999999995,0.6375599999999999,clinical_trial_rwe,clinical_surveillance_2024
colistin,a_baumannii,north_america,2019,0.2125,0.14875,0.2975,clinical_trial_rwe,clinical_surveillance_2019
colistin,a_baumannii,europe,2019,0.225,0.1575,0.315,clinical_trial_rwe,clinical_surveillance_2019
colistin,a_baumannii,asia,2019,0.2875,0.20124999999999998,0.40249999999999997,clinical_trial_rwe,clinical_surveillance_2019
colistin,a_baumannii,africa,2019,0.3125,0.21875,0.4375,clinical_trial_rwe,clinical_surveillance_2019
colistin,a_baumannii,south_america,2019,0.275,0.1925,0.385,clinical_trial_rwe,clinical_surveillance_2019
colistin,a_baumannii,oceania,2019,0.22,0.154,0.308,clinical_trial_rwe,clinical_surveillance_2019
colistin,a_baumannii,north_america,2020,0.218875,0.15321249999999997,0.30642499999999995,clinical_trial_rwe,clinical_surveillance_2020
colistin,a_baumannii,europe,2020,0.23175,0.162225,0.32445,clinical_trial_rwe,clinical_surveillance_2020
colistin,a_baumannii,asia,2020,0.29612499999999997,0.20728749999999996,0.4145749999999999,clinical_trial_rwe,clinical_surveillance_2020
colistin,a_baumannii,africa,2020,0.321875,0.2253125,0.450625,clinical_trial_rwe,clinical_surveillance_2020
colistin,a_baumannii,south_america,2020,0.28325000000000006,0.19827500000000003,0.39655000000000007,clinical_trial_rwe,clinical_surveillance_2020
colistin,a_baumannii,oceania,2020,0.2266,0.15861999999999998,0.31723999999999997,clinical_trial_rwe,clinical_surveillance_2020
colistin,a_baumannii,north_america,2021,0.22525,0.15767499999999998,0.31534999999999996,clinical_trial_rwe,clinical_surveillance_2021
colistin,a_baumannii,europe,2021,0.23850000000000002,0.16695000000000002,0.33390000000000003,clinical_trial_rwe,clinical_surveillance_2021
colistin,a_baumannii,asia,2021,0.30474999999999997,0.21332499999999996,0.4266499999999999,clinical_trial_rwe,clinical_surveillance_2021
colistin,a_baumannii,africa,2021,0.33125000000000004,0.23187500000000003,0.46375000000000005,clinical_trial_rwe,clinical_surveillance_2021
colistin,a_baumannii,south_america,2021,0.29150000000000004,0.20405,0.4081,clinical_trial_rwe,clinical_surveillance_2021
colistin,a_baumannii,oceania,2021,0.23320000000000002,0.16324,0.32648,clinical_trial_rwe,clinical_surveillance_2021
colistin,a_baumannii,north_america,2022,0.231625,0.1621375,0.324275,clinical_trial_rwe,clinical_surveillance_2022
colistin,a_baumannii,europe,2022,0.24525000000000002,0.171675,0.34335,clinical_trial_rwe,clinical_surveillance_2022
colistin,a_baumannii,asia,2022,0.313375,0.2193625,0.438725,clinical_trial_rwe,clinical_surveillance_2022
colistin,a_baumannii,africa,2022,0.340625,0.2384375,0.476875,clinical_trial_rwe,clinical_surveillance_2022
colistin,a_baumannii,south_america,2022,0.29975000000000007,0.20982500000000004,0.4196500000000001,clinical_trial_rwe,clinical_surveillance_2022
colistin,a_baumannii,oceania,2022,0.2398,0.16786,0.33572,clinical_trial_rwe,clinical_surveillance_2022
colistin,a_baumannii,north_america,2023,0.23800000000000002,0.1666,0.3332,clinical_trial_rwe,clinical_surveillance_2023
colistin,a_baumannii,europe,2023,0.25200000000000006,0.17640000000000003,0.35280000000000006,clinical_trial_rwe,clinical_surveillance_2023
colistin,a_baumannii,asia,2023,0.322,0.2254,0.4508,clinical_trial_rwe,clinical_surveillance_2023
colistin,a_baumannii,africa,2023,0.35000000000000003,0.245,0.49,clinical_trial_rwe,clinical_surveillance_2023
colistin,a_baumannii,south_america,2023,0.30800000000000005,0.2156,0.4312,clinical_trial_rwe,clinical_surveillance_2023
colistin,a_baumannii,oceania,2023,0.24640000000000004,0.17248000000000002,0.34496000000000004,clinical_trial_rwe,clinical_surveillance_2023
colistin,a_baumannii,north_america,2024,0.24437499999999998,0.17106249999999998,0.34212499999999996,clinical_trial_rwe,clinical_surveillance_2024
colistin,a_baumannii,europe,2024,0.25875,0.18112499999999998,0.36224999999999996,clinical_trial_rwe,clinical_surveillance_2024
colistin,a_baumannii,asia,2024,0.33062499999999995,0.23143749999999993,0.46287499999999987,clinical_trial_rwe,clinical_surveillance_2024
colistin,a_baumannii,africa,2024,0.359375,0.25156249999999997,0.5031249999999999,clinical_trial_rwe,clinical_surveillance_2024
colistin,a_baumannii,south_america,2024,0.31625,0.22137499999999996,0.4427499999999999,clinical_trial_rwe,clinical_surveillance_2024
colistin,a_baumannii,oceania,2024,0.253,0.17709999999999998,0.35419999999999996,clinical_trial_rwe,clinical_surveillance_2024
colistin,k_pneumoniae,north_america,2019,0.17,0.119,0.238,clinical_trial_rwe,clinical_surveillance_2019
colistin,k_pneumoniae,europe,2019,0.18000000000000002,0.126,0.252,clinical_trial_rwe,clinical_surveillance_2019
colistin,k_pneumoniae,asia,2019,0.22999999999999998,0.16099999999999998,0.32199999999999995,clinical_trial_rwe,clinical_surveillance_2019
colistin,k_pneumoniae,africa,2019,0.25,0.175,0.35,clinical_trial_rwe,clinical_surveillance_2019
colistin,k_pneumoniae,south_america,2019,0.22000000000000003,0.154,0.308,clinical_trial_rwe,clinical_surveillance_2019
colistin,k_pneumoniae,oceania,2019,0.17600000000000002,0.1232,0.2464,clinical_trial_rwe,clinical_surveillance_2019
colistin,k_pneumoniae,north_america,2020,0.1751,0.12257,0.24514,clinical_trial_rwe,clinical_surveillance_2020
colistin,k_pneumoniae,europe,2020,0.18540000000000004,0.12978,0.25956,clinical_trial_rwe,clinical_surveillance_2020
colistin,k_pneumoniae,asia,2020,0.2369,0.16582999999999998,0.33165999999999995,clinical_trial_rwe,clinical_surveillance_2020
colistin,k_pneumoniae,africa,2020,0.2575,0.18025,0.3605,clinical_trial_rwe,clinical_surveillance_2020
colistin,k_pneumoniae,south_america,2020,0.22660000000000002,0.15862,0.31724,clinical_trial_rwe,clinical_surveillance_2020
colistin,k_pneumoniae,oceania,2020,0.18128000000000002,0.126896,0.253792,clinical_trial_rwe,clinical_surveillance_2020
colistin,k_pneumoniae,north_america,2021,0.18020000000000003,0.12614,0.25228,clinical_trial_rwe,clinical_surveillance_2021
colistin,k_pneumoniae,europe,2021,0.19080000000000003,0.13356,0.26712,clinical_trial_rwe,clinical_surveillance_2021
colistin,k_pneumoniae,asia,2021,0.2438,0.17065999999999998,0.34131999999999996,clinical_trial_rwe,clinical_surveillance_2021
colistin,k_pneumoniae,africa,2021,0.265,0.1855,0.371,clinical_trial_rwe,clinical_surveillance_2021
colistin,k_pneumoniae,south_america,2021,0.23320000000000005,0.16324000000000002,0.32648000000000005,clinical_trial_rwe,clinical_surveillance_2021
colistin,k_pneumoniae,oceania,2021,0.18656000000000003,0.130592,0.261184,clinical_trial_rwe,clinical_surveillance_2021
colistin,k_pneumoniae,north_america,2022,0.18530000000000002,0.12971000000000002,0.25942000000000004,clinical_trial_rwe,clinical_surveillance_2022
colistin,k_pneumoniae,europe,2022,0.19620000000000004,0.13734000000000002,0.27468000000000004,clinical_trial_rwe,clinical_surveillance_2022
colistin,k_pneumoniae,asia,2022,0.2507,0.17548999999999998,0.35097999999999996,clinical_trial_rwe,clinical_surveillance_2022
colistin,k_pneumoniae,africa,2022,0.2725,0.19075,0.3815,clinical_trial_rwe,clinical_surveillance_2022
colistin,k_pneumoniae,south_america,2022,0.23980000000000004,0.16786,0.33572,clinical_trial_rwe,clinical_surveillance_2022
colistin,k_pneumoniae,oceania,2022,0.19184000000000004,0.13428800000000002,0.26857600000000004,clinical_trial_rwe,clinical_surveillance_2022
colistin,k_pneumoniae,north_america,2023,0.19040000000000004,0.13328,0.26656,clinical_trial_rwe,clinical_surveillance_2023
colistin,k_pneumoniae,europe,2023,0.20160000000000003,0.14112000000000002,0.28224000000000005,clinical_trial_rwe,clinical_surveillance_2023
colistin,k_pneumoniae,asia,2023,0.2576,0.18031999999999998,0.36063999999999996,clinical_trial_rwe,clinical_surveillance_2023
colistin,k_pneumoniae,africa,2023,0.28,0.196,0.392,clinical_trial_rwe,clinical_surveillance_2023
colistin,k_pneumoniae,south_america,2023,0.24640000000000006,0.17248000000000002,0.34496000000000004,clinical_trial_rwe,clinical_surveillance_2023
colistin,k_pneumoniae,oceania,2023,0.19712000000000005,0.13798400000000002,0.27596800000000005,clinical_trial_rwe,clinical_surveillance_2023
colistin,k_pneumoniae,north_america,2024,0.1955,0.13685,0.2737,clinical_trial_rwe,clinical_surveillance_2024
colistin,k_pneumoniae,europe,2024,0.20700000000000002,0.1449,0.2898,clinical_trial_rwe,clinical_surveillance_2024
colistin,k_pneumoniae,asia,2024,0.26449999999999996,0.18514999999999995,0.3702999999999999,clinical_trial_rwe,clinical_surveillance_2024
colistin,k_pneumoniae,africa,2024,0.2875,0.20124999999999998,0.40249999999999997,clinical_trial_rwe,clinical_surveillance_2024
colistin,k_pneumoniae,south_america,2024,0.253,0.17709999999999998,0.35419999999999996,clinical_trial_rwe,clinical_surveillance_2024
colistin,k_pneumoniae,oceania,2024,0.2024,0.14168,0.28336,clinical_trial_rwe,clinical_surveillance_2024
colistin,p_aeruginosa,north_america,2019,0.255,0.1785,0.357,clinical_trial_rwe,clinical_surveillance_2019
colistin,p_aeruginosa,europe,2019,0.27,0.189,0.378,clinical_trial_rwe,clinical_surveillance_2019
colistin,p_aeruginosa,asia,2019,0.345,0.24149999999999996,0.48299999999999993,clinical_trial_rwe,clinical_surveillance_2019
colistin,p_aeruginosa,africa,2019,0.375,0.26249999999999996,0.5249999999999999,clinical_trial_rwe,clinical_surveillance_2019
colistin,p_aeruginosa,south_america,2019,0.33,0.23099999999999998,0.46199999999999997,clinical_trial_rwe,clinical_surveillance_2019
colistin,p_aeruginosa,oceania,2019,0.264,0.1848,0.3696,clinical_trial_rwe,clinical_surveillance_2019
colistin,p_aeruginosa,north_america,2020,0.26265,0.183855,0.36771,clinical_trial_rwe,clinical_surveillance_2020
colistin,p_aeruginosa,europe,2020,0.2781,0.19467,0.38934,clinical_trial_rwe,clinical_surveillance_2020
colistin,p_aeruginosa,asia,2020,0.35535,0.248745,0.49749,clinical_trial_rwe,clinical_surveillance_2020
colistin,p_aeruginosa,africa,2020,0.38625,0.270375,0.54075,clinical_trial_rwe,clinical_surveillance_2020
colistin,p_aeruginosa,south_america,2020,0.33990000000000004,0.23793,0.47586,clinical_trial_rwe,clinical_surveillance_2020
colistin,p_aeruginosa,oceania,2020,0.27192,0.19034399999999999,0.38068799999999997,clinical_trial_rwe,clinical_surveillance_2020
colistin,p_aeruginosa,north_america,2021,0.27030000000000004,0.18921000000000002,0.37842000000000003,clinical_trial_rwe,clinical_surveillance_2021
colistin,p_aeruginosa,europe,2021,0.2862,0.20034,0.40068,clinical_trial_rwe,clinical_surveillance_2021
colistin,p_aeruginosa,asia,2021,0.36569999999999997,0.25598999999999994,0.5119799999999999,clinical_trial_rwe,clinical_surveillance_2021
colistin,p_aeruginosa,africa,2021,0.3975,0.27825,0.5565,clinical_trial_rwe,clinical_surveillance_2021
colistin,p_aeruginosa,south_america,2021,0.34980000000000006,0.24486000000000002,0.48972000000000004,clinical_trial_rwe,clinical_surveillance_2021
colistin,p_aeruginosa,oceania,2021,0.27984000000000003,0.195888,0.391776,clinical_trial_rwe,clinical_surveillance_2021
colistin,p_aeruginosa,north_america,2022,0.27795000000000003,0.19456500000000002,0.38913000000000003,clinical_trial_rwe,clinical_surveillance_2022
colistin,p_aeruginosa,europe,2022,0.29430000000000006,0.20601000000000003,0.41202000000000005,clinical_trial_rwe,clinical_surveillance_2022
colistin,p_aeruginosa,asia,2022,0.37605,0.263235,0.52647,clinical_trial_rwe,clinical_surveillance_2022
colistin,p_aeruginosa,africa,2022,0.40875000000000006,0.286125,0.57225,clinical_trial_rwe,clinical_surveillance_2022
colistin,p_aeruginosa,south_america,2022,0.3597,0.25179,0.50358,clinical_trial_rwe,clinical_surveillance_2022
colistin,p_aeruginosa,oceania,2022,0.28776,0.201432,0.402864,clinical_trial_rwe,clinical_surveillance_2022
colistin,p_aeruginosa,north_america,2023,0.2856,0.19992000000000001,0.39984000000000003,clinical_trial_rwe,clinical_surveillance_2023
colistin,p_aeruginosa,europe,2023,0.30240000000000006,0.21168000000000003,0.42336000000000007,clinical_trial_rwe,clinical_surveillance_2023
colistin,p_aeruginosa,asia,2023,0.3864,0.27048,0.54096,clinical_trial_rwe,clinical_surveillance_2023
colistin,p_aeruginosa,africa,2023,0.42000000000000004,0.294,0.588,clinical_trial_rwe,clinical_surveillance_2023
colistin,p_aeruginosa,south_america,2023,0.36960000000000004,0.25872,0.51744,clinical_trial_rwe,clinical_surveillance_2023
colistin,p_aeruginosa,oceania,2023,0.29568000000000005,0.20697600000000002,0.41395200000000004,clinical_trial_rwe,clinical_surveillance_2023
colistin,p_aeruginosa,north_america,2024,0.29324999999999996,0.20527499999999996,0.4105499999999999,clinical_trial_rwe,clinical_surveillance_2024
colistin,p_aeruginosa,europe,2024,0.3105,0.21735,0.4347,clinical_trial_rwe,clinical_surveillance_2024
colistin,p_aeruginosa,asia,2024,0.39674999999999994,0.27772499999999994,0.5554499999999999,clinical_trial_rwe,clinical_surveillance_2024
colistin,p_aeruginosa,africa,2024,0.43124999999999997,0.30187499999999995,0.6037499999999999,clinical_trial_rwe,clinical_surveillance_2024
colistin,p_aeruginosa,south_america,2024,0.3795,0.26565,0.5313,clinical_trial_rwe,clinical_surveillance_2024
colistin,p_aeruginosa,oceania,2024,0.3036,0.21252,0.42504,clinical_trial_rwe,clinical_surveillance_2024
