run,bacteria,class,original_paired_drugs,original_paired_simulation_mean_percent,original_paired_reference_mean_percent,original_simulation_only_mean_percent,legacy_unpaired_reference_mean_percent,selected_paired_drugs,selected_paired_simulation_mean_percent,selected_paired_reference_mean_percent,selected_simulation_only_mean_percent
fff164402,Acinetobacter baumannii,Aminoglycosides (J01G),amikacin;gentamicin;tobramycin,27.8,46.666666666666664,27.8,46.666666666666664,amikacin;gentamicin;tobramycin,27.8,46.666666666666664,27.8
fff164402,Acinetobacter baumannii,Beta-lactamase combinations (J01CR),piperacillin_tazobactam;ticarcillin_clavulanate,40.77,47.5,40.77,47.5,piperacillin_tazobactam;ticarcillin_clavulanate,40.77,47.5,40.77
fff164402,Acinetobacter baumannii,Carbapenems (J01DH),imipenem_c;meropenem,41.19,52.5,41.19,52.5,imipenem_c;meropenem,41.19,52.5,41.19
fff164402,Acinetobacter baumannii,Cephalosporins 3G,ceftazidime,41.95,65.0,41.95,65.0,ceftazidime,41.95,65.0,41.95
fff164402,Acinetobacter baumannii,Cephalosporins 4G,cefepime,41.95,55.0,41.95,55.0,cefepime,41.95,55.00000000000001,41.95
fff164402,Acinetobacter baumannii,Fluoroquinolones (J01M),ciprofloxacin;levofloxacin;moxifloxacin;ofloxacin,50.6875,68.25,50.6875,68.25,ciprofloxacin;levofloxacin;moxifloxacin;ofloxacin,50.6875,68.25,50.6875
fff164402,Acinetobacter baumannii,Novel BL/BLI,ceftazidime_avibactam;meropenem_vaborbactam,40.614999999999995,21.5,40.614999999999995,21.5,ceftazidime_avibactam;meropenem_vaborbactam,40.614999999999995,21.5,40.614999999999995
fff164402,Acinetobacter baumannii,Penicillins (J01C),piperacillin;ticarcillin,41.22,67.5,41.22,67.5,piperacillin;ticarcillin,41.22,67.5,41.22
fff164402,Acinetobacter baumannii,Polymyxins (J01XB),colistin,8.89,12.0,8.89,12.0,colistin,8.89,12.0,8.89
fff164402,Acinetobacter baumannii,Siderophore Cephalosporins,cefiderocol,0.0,5.0,0.0,5.0,cefiderocol,0.0,5.0,0.0
fff164402,Acinetobacter baumannii,Tetracyclines (J01A),doxycycline;minocycline;tigecycline,14.993333333333332,51.666666666666664,14.993333333333332,51.666666666666664,minocycline;tigecycline,22.49,50.0,22.49
fff164402,Bacteroides fragilis,Beta-lactamase combinations (J01CR),amoxicillin_clavulanate;ampicillin_sulbactam;piperacillin_tazobactam;ticarcillin_clavulanate,23.52,23.25,23.52,23.25,amoxicillin_clavulanate;ampicillin_sulbactam;piperacillin_tazobactam;ticarcillin_clavulanate,23.52,23.25,23.52
fff164402,Bacteroides fragilis,Carbapenems (J01DH),ertapenem;imipenem_c;meropenem,12.78,6.0,12.78,6.0,ertapenem;imipenem_c;meropenem,12.78,6.0,12.78
fff164402,Bacteroides fragilis,Cephalosporins 3G,cefixime;ceftazidime;ceftriaxone,40.07,75.0,40.07,75.0,ceftazidime;ceftriaxone,40.07,75.0,40.07
fff164402,Bacteroides fragilis,Cephalosporins 3G/BLI,ceftolozane_tazobactam,23.34,4.0,23.34,4.0,ceftolozane_tazobactam,23.34,4.0,23.34
fff164402,Bacteroides fragilis,Cephalosporins 4G,cefepime,40.07,70.0,40.07,70.0,cefepime,40.07,70.0,40.07
fff164402,Bacteroides fragilis,Chloramphenicol (J01BA),chloramphenicol,61.99,20.0,61.99,20.0,chloramphenicol,61.99,20.0,61.99
fff164402,Bacteroides fragilis,Fluoroquinolones (J01M),ciprofloxacin;levofloxacin;moxifloxacin;ofloxacin,32.69499999999999,35.0,32.69499999999999,35.0,ciprofloxacin;levofloxacin;moxifloxacin;ofloxacin,32.69499999999999,35.0,32.69499999999999
fff164402,Bacteroides fragilis,Lincosamides (J01FF),clindamycin,8.43,40.0,8.43,40.0,clindamycin,8.43,40.0,8.43
fff164402,Bacteroides fragilis,Macrolides (J01F),,,,,,,,,
fff164402,Bacteroides fragilis,Nitroimidazoles,metronidazole,1.58,5.0,1.58,5.0,metronidazole,1.58,5.0,1.58
fff164402,Bacteroides fragilis,Novel BL/BLI,ceftazidime_avibactam;meropenem_vaborbactam,15.149999999999999,12.5,15.149999999999999,12.5,ceftazidime_avibactam;meropenem_vaborbactam,15.149999999999999,12.5,15.149999999999999
fff164402,Bacteroides fragilis,Oxazolidinones (J01XX),,,,,,,,,
fff164402,Bacteroides fragilis,Penicillins (J01C),ampicillin,40.07,90.0,40.07,90.0,ampicillin,40.07,90.0,40.07
fff164402,Bacteroides fragilis,Streptogramins (J01FG),,,,,,,,,
fff164402,Bacteroides fragilis,Sulfonamides (J01E),trim_sulf,4.43,30.0,4.43,30.0,trim_sulf,4.43,30.0,4.43
fff164402,Bacteroides fragilis,Tetracyclines (J01A),doxycycline;minocycline;tetracycline;tigecycline,60.662499999999994,43.75,60.662499999999994,43.75,doxycycline;minocycline;tetracycline;tigecycline,60.662499999999994,43.75,60.662499999999994
fff164402,Bordetella pertussis,Aminoglycosides (J01G),amikacin;gentamicin;tobramycin,4.44,20.0,4.44,20.0,amikacin;gentamicin;tobramycin,4.44,20.0,4.44
fff164402,Bordetella pertussis,Beta-lactamase combinations (J01CR),,,,,,,,,
fff164402,Bordetella pertussis,Carbapenems (J01DH),,,,,,,,,
fff164402,Bordetella pertussis,Cephalosporins 3G,,,,3.59,,,,,3.59
fff164402,Bordetella pertussis,Cephalosporins 3G/BLI,ceftolozane_tazobactam,0.48,4.0,0.48,4.0,ceftolozane_tazobactam,0.48,4.0,0.48
fff164402,Bordetella pertussis,Chloramphenicol (J01BA),chloramphenicol,16.96,15.0,16.96,15.0,chloramphenicol,16.96,15.0,16.96
fff164402,Bordetella pertussis,Fluoroquinolones (J01M),ciprofloxacin;levofloxacin;moxifloxacin;ofloxacin,3.675,12.5,3.675,12.5,ciprofloxacin;levofloxacin;moxifloxacin;ofloxacin,3.675,12.5,3.675
fff164402,Bordetella pertussis,Lincosamides (J01FF),,,,,,,,,
fff164402,Bordetella pertussis,Macrolides (J01F),azithromycin;clarithromycin;erythromycin,7.53,8.333333333333334,7.53,8.333333333333334,azithromycin;clarithromycin;erythromycin,7.53,8.333333333333334,7.53
fff164402,Bordetella pertussis,Novel BL/BLI,,,,0.0,,,,,
fff164402,Bordetella pertussis,Penicillins (J01C),,,,,,,,,
fff164402,Bordetella pertussis,Siderophore Cephalosporins,cefiderocol,0.0,1.0,0.0,1.0,cefiderocol,0.0,1.0,0.0
fff164402,Bordetella pertussis,Sulfonamides (J01E),trim_sulf,3.49,20.0,3.49,20.0,trim_sulf,3.49,20.0,3.49
fff164402,Bordetella pertussis,Tetracyclines (J01A),doxycycline;minocycline;tetracycline,14.229999999999999,10.0,14.229999999999999,10.0,doxycycline;minocycline;tetracycline,14.229999999999999,10.0,14.229999999999999
fff164402,Burkholderia cepacia complex,Beta-lactamase combinations (J01CR),,,,0.0,,,,,0.0
fff164402,Burkholderia cepacia complex,Carbapenems (J01DH),meropenem,0.0,10.0,0.0,10.0,meropenem,0.0,10.0,0.0
fff164402,Burkholderia cepacia complex,Cephalosporins 3G,ceftazidime,0.0,15.0,0.0,15.0,ceftazidime,0.0,15.0,0.0
fff164402,Burkholderia cepacia complex,Cephalosporins 3G/BLI,,,,,,,,,
fff164402,Burkholderia cepacia complex,Cephalosporins 4G,,,,0.0,,,,,0.0
fff164402,Burkholderia cepacia complex,Chloramphenicol (J01BA),,,,25.06,,,,,25.06
fff164402,Burkholderia cepacia complex,Fluoroquinolones (J01M),levofloxacin,0.39,20.0,4.1000000000000005,20.0,levofloxacin,0.39,20.0,4.1000000000000005
fff164402,Burkholderia cepacia complex,Novel BL/BLI,,,,0.0,,,,,0.0
fff164402,Burkholderia cepacia complex,Penicillins (J01C),,,,0.0,,,,,0.0
fff164402,Burkholderia cepacia complex,Siderophore Cephalosporins,,,,0.0,,,,,0.0
fff164402,Burkholderia cepacia complex,Sulfonamides (J01E),trim_sulf,2.64,10.0,2.64,10.0,trim_sulf,2.64,10.0,2.64
fff164402,Burkholderia cepacia complex,Tetracyclines (J01A),minocycline,14.76,5.0,14.76,5.0,minocycline,14.76,5.0,14.76
fff164402,Campylobacter jejuni,Aminoglycosides (J01G),amikacin;gentamicin;tobramycin,0.0,11.666666666666666,0.0,11.666666666666666,amikacin;gentamicin;tobramycin,0.0,11.666666666666666,0.0
fff164402,Campylobacter jejuni,Beta-lactamase combinations (J01CR),,,,,,,,,
fff164402,Campylobacter jejuni,Carbapenems (J01DH),,,,,,,,,
fff164402,Campylobacter jejuni,Cephalosporins 3G,,,,0.0,,,,,
fff164402,Campylobacter jejuni,Cephalosporins 4G,,,,,,,,,
fff164402,Campylobacter jejuni,Chloramphenicol (J01BA),chloramphenicol,22.64,15.0,22.64,15.0,chloramphenicol,22.64,15.0,22.64
fff164402,Campylobacter jejuni,Fluoroquinolones (J01M),ciprofloxacin;levofloxacin;moxifloxacin;ofloxacin,25.46,52.5,25.46,52.5,ciprofloxacin;levofloxacin;moxifloxacin;ofloxacin,25.46,52.5,25.46
fff164402,Campylobacter jejuni,Fosfomycin (J01XX01),,,,,,,,,
fff164402,Campylobacter jejuni,Lincosamides (J01FF),clindamycin,2.96,12.0,2.96,12.0,clindamycin,2.96,12.0,2.96
fff164402,Campylobacter jejuni,Macrolides (J01F),azithromycin;clarithromycin;erythromycin,8.85,7.0,8.85,7.0,azithromycin;clarithromycin;erythromycin,8.85,7.0,8.85
fff164402,Campylobacter jejuni,Nitrofurans (J01XE),,,,,,,,,
fff164402,Campylobacter jejuni,Novel BL/BLI,,,,0.0,,,,,
fff164402,Campylobacter jejuni,Penicillins (J01C),,,,,,,,,
fff164402,Campylobacter jejuni,Tetracyclines (J01A),doxycycline;minocycline;tetracycline;tigecycline,44.152499999999996,38.75,44.152499999999996,38.75,doxycycline;minocycline;tetracycline;tigecycline,44.152499999999996,38.75,44.152499999999996
fff164402,Chlamydia trachomatis,Beta-lactamase combinations (J01CR),,,,,,,,,
fff164402,Chlamydia trachomatis,Chloramphenicol (J01BA),chloramphenicol,11.34,10.0,11.34,10.0,,,,11.34
fff164402,Chlamydia trachomatis,Fluoroquinolones (J01M),ciprofloxacin;levofloxacin;moxifloxacin;ofloxacin,5.095000000000001,7.5,5.095000000000001,7.5,,,,5.095000000000001
fff164402,Chlamydia trachomatis,Lincosamides (J01FF),clindamycin,12.0,20.0,12.0,20.0,,,,12.0
fff164402,Chlamydia trachomatis,Macrolides (J01F),azithromycin;clarithromycin;erythromycin,7.36,8.333333333333334,7.36,8.333333333333334,,,,7.36
fff164402,Chlamydia trachomatis,Penicillins (J01C),,,,,,,,,
fff164402,Chlamydia trachomatis,Sulfonamides (J01E),,,,,,,,,
fff164402,Chlamydia trachomatis,Tetracyclines (J01A),doxycycline;minocycline;tetracycline;tigecycline,16.7325,5.0,16.7325,5.0,,,,16.7325
fff164402,Citrobacter spp.,Aminoglycosides (J01G),amikacin;gentamicin;tobramycin,23.19,30.0,23.19,30.0,amikacin;gentamicin;tobramycin,23.19,30.0,23.19
fff164402,Citrobacter spp.,Anti-MRSA Cephalosporins (5G),,,,,,,,,
fff164402,Citrobacter spp.,Beta-lactamase combinations (J01CR),amoxicillin_clavulanate;ampicillin_sulbactam;piperacillin_tazobactam;ticarcillin_clavulanate,16.33,26.25,16.33,26.25,piperacillin_tazobactam;ticarcillin_clavulanate,32.66,25.0,32.66
fff164402,Citrobacter spp.,Carbapenems (J01DH),ertapenem;imipenem_c;meropenem,22.820000000000004,11.666666666666666,22.820000000000004,11.666666666666666,ertapenem;imipenem_c;meropenem,22.820000000000004,11.666666666666666,22.820000000000004
fff164402,Citrobacter spp.,Cephalosporins 1-2G,cefuroxime,34.05,30.0,34.05,30.0,cefuroxime,34.05,30.0,34.05
fff164402,Citrobacter spp.,Cephalosporins 3G,cefixime;ceftazidime;ceftriaxone,34.05,28.333333333333332,34.05,28.333333333333332,cefixime;ceftazidime;ceftriaxone,34.05,28.333333333333332,34.05
fff164402,Citrobacter spp.,Cephalosporins 3G/BLI,ceftolozane_tazobactam,32.66,4.0,32.66,4.0,ceftolozane_tazobactam,32.66,4.0,32.66
fff164402,Citrobacter spp.,Cephalosporins 4G,cefepime,34.05,30.0,34.05,30.0,cefepime,34.05,30.0,34.05
fff164402,Citrobacter spp.,Chloramphenicol (J01BA),chloramphenicol,29.61,25.0,29.61,25.0,chloramphenicol,29.61,25.0,29.61
fff164402,Citrobacter spp.,Fluoroquinolones (J01M),ciprofloxacin;levofloxacin;moxifloxacin;ofloxacin,34.0075,33.75,34.0075,33.75,ciprofloxacin;levofloxacin;moxifloxacin;ofloxacin,34.0075,33.75,34.0075
fff164402,Citrobacter spp.,Fosfomycin (J01XX01),fosfomycin,5.08,15.0,5.08,15.0,fosfomycin,5.08,15.0,5.08
fff164402,Citrobacter spp.,Monobactams,aztreonam,32.55,30.0,32.55,30.0,aztreonam,32.55,30.0,32.55
fff164402,Citrobacter spp.,Nitrofurans (J01XE),nitrofurantoin,5.56,15.0,5.56,15.0,nitrofurantoin,5.56,15.0,5.56
fff164402,Citrobacter spp.,Novel BL/BLI,aztreonam_avibactam;ceftazidime_avibactam;meropenem_vaborbactam,27.52,10.0,27.52,10.0,aztreonam_avibactam;ceftazidime_avibactam;meropenem_vaborbactam,27.52,10.0,27.52
fff164402,Citrobacter spp.,Penicillins (J01C),piperacillin;ticarcillin,34.06,30.0,34.06,30.0,piperacillin;ticarcillin,34.06,30.0,34.06
fff164402,Citrobacter spp.,Polymyxins (J01XB),colistin,2.64,20.0,2.64,20.0,colistin,2.64,20.0,2.64
fff164402,Citrobacter spp.,Siderophore Cephalosporins,cefiderocol,0.01,1.0,0.01,1.0,cefiderocol,0.01,1.0,0.01
fff164402,Citrobacter spp.,Sulfonamides (J01E),sulfanilamide;trim_sulf,14.68,20.0,14.68,20.0,sulfanilamide;trim_sulf,14.68,20.0,14.68
fff164402,Citrobacter spp.,Tetracyclines (J01A),doxycycline;minocycline;tetracycline;tigecycline,32.1725,18.75,32.1725,18.75,doxycycline;minocycline;tetracycline;tigecycline,32.1725,18.75,32.1725
fff164402,Clostridioides difficile,Anti-MRSA Cephalosporins (5G),,,,,,,,,
fff164402,Clostridioides difficile,Beta-lactamase combinations (J01CR),,,,,,,,,
fff164402,Clostridioides difficile,Carbapenems (J01DH),,,,,,,,,
fff164402,Clostridioides difficile,Chloramphenicol (J01BA),,,,,,,,,
fff164402,Clostridioides difficile,Fidaxomicin,fidaxomicin,0.0,5.0,0.0,5.0,fidaxomicin,0.0,5.0,0.0
fff164402,Clostridioides difficile,Fluoroquinolones (J01M),,,,,,,,,
fff164402,Clostridioides difficile,Fusidic acid (J01XC),,,,,,,,,
fff164402,Clostridioides difficile,Glycopeptides (J01XA),teicoplanin,0.0,10.0,0.0,10.0,teicoplanin,0.0,10.0,0.0
fff164402,Clostridioides difficile,Lincosamides (J01FF),,,,,,,,,
fff164402,Clostridioides difficile,Lipoglycopeptides,dalbavancin,0.0,10.0,0.0,10.0,dalbavancin,0.0,10.0,0.0
fff164402,Clostridioides difficile,Lipopeptides (J01XX09),,,,,,,,,
fff164402,Clostridioides difficile,Macrolides (J01F),,,,,,,,,
fff164402,Clostridioides difficile,Nitroimidazoles,metronidazole,1.29,5.0,1.29,5.0,metronidazole,1.29,5.0,1.29
fff164402,Clostridioides difficile,Novel BL/BLI,,,,,,,,,
fff164402,Clostridioides difficile,Oxazolidinones (J01XX),linezolid;tedizolid,5.09,10.0,5.09,10.0,linezolid;tedizolid,5.09,10.0,5.09
fff164402,Clostridioides difficile,Penicillins (J01C),,,,,,,,,
fff164402,Clostridioides difficile,Streptogramins (J01FG),,,,,,,,,
fff164402,Clostridioides difficile,Tetracyclines (J01A),doxycycline;minocycline;tetracycline,17.44,10.0,17.44,10.0,doxycycline;minocycline;tetracycline,17.44,10.0,17.44
fff164402,Enterobacter cloacae,Aminoglycosides (J01G),amikacin;gentamicin;tobramycin,34.29,30.0,34.29,30.0,amikacin;gentamicin;tobramycin,34.29,30.0,34.29
fff164402,Enterobacter cloacae,Beta-lactamase combinations (J01CR),amoxicillin_clavulanate;ampicillin_sulbactam;piperacillin_tazobactam;ticarcillin_clavulanate,38.035,38.75,38.035,38.75,piperacillin_tazobactam;ticarcillin_clavulanate,76.07,32.5,76.07
fff164402,Enterobacter cloacae,Carbapenems (J01DH),ertapenem;imipenem_c;meropenem,75.83,16.666666666666668,75.83,16.666666666666668,ertapenem;imipenem_c;meropenem,75.83,16.666666666666668,75.83
fff164402,Enterobacter cloacae,Cephalosporins 1-2G,cefazolin;cefuroxime;cephalexin,25.433333333333334,56.666666666666664,25.433333333333334,56.666666666666664,cefuroxime,76.3,50.0,76.3
fff164402,Enterobacter cloacae,Cephalosporins 3G,cefixime;ceftazidime;ceftriaxone,50.86666666666667,60.0,50.86666666666667,60.0,ceftazidime;ceftriaxone,76.3,55.0,76.3
fff164402,Enterobacter cloacae,Cephalosporins 3G/BLI,ceftolozane_tazobactam,76.07,4.0,76.07,4.0,ceftolozane_tazobactam,76.07,4.0,76.07
fff164402,Enterobacter cloacae,Cephalosporins 4G,cefepime,76.3,35.0,76.3,35.0,cefepime,76.3,35.0,76.3
fff164402,Enterobacter cloacae,Chloramphenicol (J01BA),chloramphenicol,68.95,30.0,68.95,30.0,chloramphenicol,68.95,30.0,68.95
fff164402,Enterobacter cloacae,Fluoroquinolones (J01M),ciprofloxacin;levofloxacin;moxifloxacin;ofloxacin,63.17,33.75,63.17,33.75,ciprofloxacin;levofloxacin;moxifloxacin;ofloxacin,63.17,33.75,63.17
fff164402,Enterobacter cloacae,Fosfomycin (J01XX01),fosfomycin,33.74,25.0,33.74,25.0,fosfomycin,33.74,25.0,33.74
fff164402,Enterobacter cloacae,Monobactams,aztreonam,45.3,40.0,45.3,40.0,aztreonam,45.3,40.0,45.3
fff164402,Enterobacter cloacae,Nitrofurans (J01XE),nitrofurantoin,12.94,25.0,12.94,25.0,nitrofurantoin,12.94,25.0,12.94
fff164402,Enterobacter cloacae,Novel BL/BLI,aztreonam_avibactam;ceftazidime_avibactam;meropenem_vaborbactam,63.873333333333335,13.333333333333334,63.873333333333335,13.333333333333334,aztreonam_avibactam;ceftazidime_avibactam;meropenem_vaborbactam,63.873333333333335,13.333333333333334,63.873333333333335
fff164402,Enterobacter cloacae,Penicillins (J01C),amoxicillin;ampicillin;piperacillin;ticarcillin,38.15,48.75,38.15,48.75,piperacillin;ticarcillin,76.3,37.5,76.3
fff164402,Enterobacter cloacae,Polymyxins (J01XB),colistin,44.79,20.0,44.79,20.0,colistin,44.79,20.0,44.79
fff164402,Enterobacter cloacae,Siderophore Cephalosporins,cefiderocol,0.0,1.0,0.0,1.0,cefiderocol,0.0,1.0,0.0
fff164402,Enterobacter cloacae,Sulfonamides (J01E),sulfanilamide;trim_sulf,72.78,27.5,72.78,27.5,sulfanilamide;trim_sulf,72.78,27.5,72.78
fff164402,Enterobacter cloacae,Tetracyclines (J01A),doxycycline;minocycline;tetracycline;tigecycline,55.4325,18.75,55.4325,18.75,doxycycline;minocycline;tetracycline;tigecycline,55.4325,18.75,55.4325
fff164402,Enterobacter spp.,Aminoglycosides (J01G),amikacin;gentamicin;tobramycin,29.429999999999996,30.0,29.429999999999996,30.0,amikacin;gentamicin;tobramycin,29.429999999999996,30.0,29.429999999999996
fff164402,Enterobacter spp.,Anti-MRSA Cephalosporins (5G),,,,,,,,,
fff164402,Enterobacter spp.,Beta-lactamase combinations (J01CR),amoxicillin_clavulanate;ampicillin_sulbactam;piperacillin_tazobactam;ticarcillin_clavulanate,51.72,32.5,51.72,32.5,amoxicillin_clavulanate;ampicillin_sulbactam;piperacillin_tazobactam;ticarcillin_clavulanate,51.72,32.5,51.72
fff164402,Enterobacter spp.,Carbapenems (J01DH),ertapenem;imipenem_c;meropenem,49.47,16.666666666666668,49.47,16.666666666666668,ertapenem;imipenem_c;meropenem,49.47,16.666666666666668,49.47
fff164402,Enterobacter spp.,Cephalosporins 1-2G,cefuroxime,52.43,35.0,52.43,35.0,cefuroxime,52.43,35.0,52.43
fff164402,Enterobacter spp.,Cephalosporins 3G,cefixime;ceftazidime;ceftriaxone,52.43,45.0,52.43,45.0,cefixime;ceftazidime;ceftriaxone,52.43,45.0,52.43
fff164402,Enterobacter spp.,Cephalosporins 3G/BLI,ceftolozane_tazobactam,51.72,4.0,51.72,4.0,ceftolozane_tazobactam,51.72,4.0,51.72
fff164402,Enterobacter spp.,Cephalosporins 4G,cefepime,52.43,30.0,52.43,30.0,cefepime,52.43,30.0,52.43
fff164402,Enterobacter spp.,Chloramphenicol (J01BA),chloramphenicol,39.8,30.0,39.8,30.0,chloramphenicol,39.8,30.0,39.8
fff164402,Enterobacter spp.,Fluoroquinolones (J01M),ciprofloxacin;levofloxacin;moxifloxacin;ofloxacin,49.879999999999995,33.75,49.879999999999995,33.75,ciprofloxacin;levofloxacin;moxifloxacin;ofloxacin,49.879999999999995,33.75,49.879999999999995
fff164402,Enterobacter spp.,Fosfomycin (J01XX01),fosfomycin,6.39,25.0,6.39,25.0,fosfomycin,6.39,25.0,6.39
fff164402,Enterobacter spp.,Monobactams,aztreonam,49.98,35.0,49.98,35.0,aztreonam,49.98,35.0,49.98
fff164402,Enterobacter spp.,Nitrofurans (J01XE),nitrofurantoin,6.4,25.0,6.4,25.0,nitrofurantoin,6.4,25.0,6.4
fff164402,Enterobacter spp.,Novel BL/BLI,aztreonam_avibactam;ceftazidime_avibactam;meropenem_vaborbactam,49.78333333333333,10.0,49.78333333333333,10.0,aztreonam_avibactam;ceftazidime_avibactam;meropenem_vaborbactam,49.78333333333333,10.0,49.78333333333333
fff164402,Enterobacter spp.,Penicillins (J01C),piperacillin;ticarcillin,52.48,32.5,52.48,32.5,piperacillin;ticarcillin,52.48,32.5,52.48
fff164402,Enterobacter spp.,Polymyxins (J01XB),colistin,12.96,20.0,12.96,20.0,colistin,12.96,20.0,12.96
fff164402,Enterobacter spp.,Siderophore Cephalosporins,cefiderocol,0.02,1.0,0.02,1.0,cefiderocol,0.02,1.0,0.02
fff164402,Enterobacter spp.,Sulfonamides (J01E),sulfanilamide;trim_sulf,18.94,22.5,18.94,22.5,sulfanilamide;trim_sulf,18.94,22.5,18.94
fff164402,Enterobacter spp.,Tetracyclines (J01A),doxycycline;minocycline;tetracycline;tigecycline,39.574999999999996,18.75,39.574999999999996,18.75,doxycycline;minocycline;tetracycline;tigecycline,39.574999999999996,18.75,39.574999999999996
fff164402,Enterococcus faecalis,Anti-MRSA Cephalosporins (5G),,,,,,,,,
fff164402,Enterococcus faecalis,Beta-lactamase combinations (J01CR),amoxicillin_clavulanate;ampicillin_sulbactam;piperacillin_tazobactam;ticarcillin_clavulanate,2.69,15.0,2.69,15.0,amoxicillin_clavulanate;ampicillin_sulbactam;piperacillin_tazobactam;ticarcillin_clavulanate,2.69,15.0,2.69
fff164402,Enterococcus faecalis,Carbapenems (J01DH),imipenem_c;meropenem,0.0,2.0,0.0,2.0,imipenem_c;meropenem,0.0,2.0,0.0
fff164402,Enterococcus faecalis,Chloramphenicol (J01BA),chloramphenicol,32.28,25.0,32.28,25.0,chloramphenicol,32.28,25.0,32.28
fff164402,Enterococcus faecalis,Fluoroquinolones (J01M),ciprofloxacin;levofloxacin;moxifloxacin;ofloxacin,24.107499999999998,33.75,24.107499999999998,33.75,ciprofloxacin;levofloxacin;moxifloxacin;ofloxacin,24.107499999999998,33.75,24.107499999999998
fff164402,Enterococcus faecalis,Fosfomycin (J01XX01),fosfomycin,0.9,10.0,0.9,10.0,fosfomycin,0.9,10.0,0.9
fff164402,Enterococcus faecalis,Glycopeptides (J01XA),teicoplanin;vancomycin,0.41500000000000004,7.5,0.41500000000000004,7.5,teicoplanin;vancomycin,0.41500000000000004,7.5,0.41500000000000004
fff164402,Enterococcus faecalis,Lipoglycopeptides,dalbavancin,0.33,10.0,0.33,10.0,dalbavancin,0.33,10.0,0.33
fff164402,Enterococcus faecalis,Lipopeptides (J01XX09),daptomycin,0.81,5.0,0.81,5.0,daptomycin,0.81,5.0,0.81
fff164402,Enterococcus faecalis,Macrolides (J01F),azithromycin;clarithromycin;erythromycin,31.95,38.333333333333336,31.95,38.333333333333336,azithromycin;clarithromycin;erythromycin,31.95,38.333333333333336,31.95
fff164402,Enterococcus faecalis,Nitrofurans (J01XE),nitrofurantoin,2.78,10.0,2.78,10.0,nitrofurantoin,2.78,10.0,2.78
fff164402,Enterococcus faecalis,Novel BL/BLI,meropenem_vaborbactam,0.0,20.0,0.0,20.0,meropenem_vaborbactam,0.0,20.0,0.0
fff164402,Enterococcus faecalis,Oxazolidinones (J01XX),linezolid;tedizolid,6.44,5.0,6.44,5.0,linezolid;tedizolid,6.44,5.0,6.44
fff164402,Enterococcus faecalis,Penicillins (J01C),amoxicillin;ampicillin;penicillin_g;piperacillin;ticarcillin,2.69,14.0,2.69,14.0,amoxicillin;ampicillin;penicillin_g;piperacillin;ticarcillin,2.69,14.0,2.69
fff164402,Enterococcus faecalis,Tetracyclines (J01A),doxycycline;minocycline;tetracycline;tigecycline,34.4075,13.75,34.4075,13.75,doxycycline;minocycline;tetracycline;tigecycline,34.4075,13.75,34.4075
fff164402,Enterococcus faecium,Anti-MRSA Cephalosporins (5G),,,,,,,,,
fff164402,Enterococcus faecium,Beta-lactamase combinations (J01CR),,,,1.92,,,,,1.92
fff164402,Enterococcus faecium,Chloramphenicol (J01BA),chloramphenicol,54.98,65.0,54.98,65.0,chloramphenicol,54.98,65.0,54.98
fff164402,Enterococcus faecium,Fidaxomicin,,,,,,,,,
fff164402,Enterococcus faecium,Fluoroquinolones (J01M),ciprofloxacin;levofloxacin;moxifloxacin;ofloxacin,28.43,68.75,28.43,68.75,ciprofloxacin;levofloxacin;moxifloxacin;ofloxacin,28.43,68.75,28.43
fff164402,Enterococcus faecium,Fosfomycin (J01XX01),fosfomycin,16.1,60.0,16.1,60.0,fosfomycin,16.1,60.0,16.1
fff164402,Enterococcus faecium,Glycopeptides (J01XA),teicoplanin;vancomycin,46.885000000000005,42.5,46.885000000000005,42.5,teicoplanin;vancomycin,46.885000000000005,42.5,46.885000000000005
fff164402,Enterococcus faecium,Lincosamides (J01FF),clindamycin,48.59,65.0,48.59,65.0,clindamycin,48.59,65.0,48.59
fff164402,Enterococcus faecium,Lipoglycopeptides,dalbavancin,44.06,45.0,44.06,45.0,dalbavancin,44.06,45.0,44.06
fff164402,Enterococcus faecium,Lipopeptides (J01XX09),daptomycin,1.49,10.0,1.49,10.0,daptomycin,1.49,10.0,1.49
fff164402,Enterococcus faecium,Macrolides (J01F),azithromycin;clarithromycin;erythromycin,38.82,58.333333333333336,38.82,58.333333333333336,azithromycin;clarithromycin;erythromycin,38.82,58.333333333333336,38.82
fff164402,Enterococcus faecium,Nitrofurans (J01XE),nitrofurantoin,44.77,60.0,44.77,60.0,nitrofurantoin,44.77,60.0,44.77
fff164402,Enterococcus faecium,Oxazolidinones (J01XX),linezolid;tedizolid,32.26,10.0,32.26,10.0,tedizolid,32.26,10.0,32.26
fff164402,Enterococcus faecium,Penicillins (J01C),,,,1.92,,,,,1.92
fff164402,Enterococcus faecium,Streptogramins (J01FG),quinu_dalfo,0.0,50.0,0.0,50.0,quinu_dalfo,0.0,50.0,0.0
fff164402,Enterococcus faecium,Tetracyclines (J01A),doxycycline;minocycline;tetracycline;tigecycline,38.004999999999995,43.75,38.004999999999995,43.75,doxycycline;minocycline;tetracycline,39.37,45.0,38.004999999999995
fff164402,Escherichia coli,Aminoglycosides (J01G),amikacin;gentamicin;tobramycin,20.78,10.666666666666666,20.78,10.666666666666666,amikacin;gentamicin;tobramycin,20.78,10.666666666666666,20.78
fff164402,Escherichia coli,Anti-MRSA Cephalosporins (5G),ceftaroline,44.54,12.0,44.54,12.0,ceftaroline,44.54,12.0,44.54
fff164402,Escherichia coli,Beta-lactamase combinations (J01CR),amoxicillin_clavulanate;ampicillin_sulbactam;piperacillin_tazobactam;ticarcillin_clavulanate,21.15,15.5,21.15,15.5,amoxicillin_clavulanate;ampicillin_sulbactam;piperacillin_tazobactam;ticarcillin_clavulanate,21.15,15.5,21.15
fff164402,Escherichia coli,Carbapenems (J01DH),ertapenem;imipenem_c;meropenem,10.88,3.3333333333333335,10.88,3.3333333333333335,ertapenem;imipenem_c;meropenem,10.88,3.3333333333333335,10.88
fff164402,Escherichia coli,Cephalosporins 1-2G,cefazolin;cefuroxime;cephalexin,44.54,41.666666666666664,44.54,41.666666666666664,cefazolin;cefuroxime;cephalexin,44.54,41.666666666666664,44.54
fff164402,Escherichia coli,Cephalosporins 3G,cefixime;ceftazidime;ceftriaxone,44.54,18.666666666666668,44.54,18.666666666666668,cefixime;ceftazidime;ceftriaxone,44.54,18.666666666666668,44.54
fff164402,Escherichia coli,Cephalosporins 3G/BLI,ceftolozane_tazobactam,21.09,4.0,21.09,4.0,ceftolozane_tazobactam,21.09,4.0,21.09
fff164402,Escherichia coli,Cephalosporins 4G,cefepime,44.54,15.0,44.54,15.0,cefepime,44.54,15.0,44.54
fff164402,Escherichia coli,Chloramphenicol (J01BA),chloramphenicol,24.14,12.0,24.14,12.0,chloramphenicol,24.14,12.0,24.14
fff164402,Escherichia coli,Fluoroquinolones (J01M),ciprofloxacin;levofloxacin;moxifloxacin;ofloxacin,37.08,30.5,37.08,30.5,ciprofloxacin;levofloxacin;moxifloxacin;ofloxacin,37.08,30.5,37.08
fff164402,Escherichia coli,Fosfomycin (J01XX01),fosfomycin,11.16,8.0,11.16,8.0,fosfomycin,11.16,8.0,11.16
fff164402,Escherichia coli,Monobactams,aztreonam,40.62,18.0,40.62,18.0,aztreonam,40.62,18.0,40.62
fff164402,Escherichia coli,Nitrofurans (J01XE),nitrofurantoin,7.0,8.0,7.0,8.0,nitrofurantoin,7.0,8.0,7.0
fff164402,Escherichia coli,Novel BL/BLI,aztreonam_avibactam;ceftazidime_avibactam;meropenem_vaborbactam,8.15,2.0,8.15,2.0,aztreonam_avibactam;ceftazidime_avibactam;meropenem_vaborbactam,8.15,2.0,8.15
fff164402,Escherichia coli,Penicillins (J01C),amoxicillin;ampicillin;piperacillin;ticarcillin,44.65,42.25,44.65,42.25,amoxicillin;ampicillin;piperacillin;ticarcillin,44.65,42.25,44.65
fff164402,Escherichia coli,Polymyxins (J01XB),colistin,2.81,1.0,2.81,1.0,colistin,2.81,1.0,2.81
fff164402,Escherichia coli,Siderophore Cephalosporins,cefiderocol,0.0,1.0,0.0,1.0,cefiderocol,0.0,1.0,0.0
fff164402,Escherichia coli,Sulfonamides (J01E),sulfanilamide;trim_sulf,55.7,38.5,55.7,38.5,sulfanilamide;trim_sulf,55.7,38.5,55.7
fff164402,Escherichia coli,Tetracyclines (J01A),doxycycline;minocycline;tetracycline;tigecycline,55.2725,38.75,55.2725,38.75,doxycycline;minocycline;tetracycline;tigecycline,55.2725,38.75,55.2725
fff164402,Haemophilus influenzae,Aminoglycosides (J01G),amikacin;gentamicin;tobramycin,12.229999999999999,20.0,12.229999999999999,20.0,amikacin;gentamicin;tobramycin,12.229999999999999,20.0,12.229999999999999
fff164402,Haemophilus influenzae,Anti-MRSA Cephalosporins (5G),ceftaroline,16.73,20.0,16.73,20.0,ceftaroline,16.73,20.0,16.73
fff164402,Haemophilus influenzae,Beta-lactamase combinations (J01CR),amoxicillin_clavulanate;ampicillin_sulbactam;piperacillin_tazobactam;ticarcillin_clavulanate,15.73,10.0,15.73,10.0,amoxicillin_clavulanate;ampicillin_sulbactam;piperacillin_tazobactam;ticarcillin_clavulanate,15.73,10.0,15.73
fff164402,Haemophilus influenzae,Carbapenems (J01DH),ertapenem;imipenem_c;meropenem,13.18,5.0,13.18,5.0,ertapenem;imipenem_c;meropenem,13.18,5.0,13.18
fff164402,Haemophilus influenzae,Cephalosporins 1-2G,cefazolin;cefuroxime;cephalexin,16.73,38.333333333333336,16.73,38.333333333333336,cefazolin;cefuroxime;cephalexin,16.73,38.333333333333336,16.73
fff164402,Haemophilus influenzae,Cephalosporins 3G,cefixime;ceftazidime;ceftriaxone,16.73,11.666666666666666,16.73,11.666666666666666,cefixime;ceftazidime;ceftriaxone,16.73,11.666666666666666,16.73
fff164402,Haemophilus influenzae,Cephalosporins 3G/BLI,ceftolozane_tazobactam,15.72,4.0,15.72,4.0,ceftolozane_tazobactam,15.72,4.0,15.72
fff164402,Haemophilus influenzae,Cephalosporins 4G,cefepime,16.73,15.0,16.73,15.0,cefepime,16.73,15.0,16.73
fff164402,Haemophilus influenzae,Chloramphenicol (J01BA),chloramphenicol,10.2,15.0,10.2,15.0,chloramphenicol,10.2,15.0,10.2
fff164402,Haemophilus influenzae,Fluoroquinolones (J01M),ciprofloxacin;levofloxacin;moxifloxacin;ofloxacin,12.9325,12.5,12.9325,12.5,ciprofloxacin;levofloxacin;moxifloxacin;ofloxacin,12.9325,12.5,12.9325
fff164402,Haemophilus influenzae,Macrolides (J01F),azithromycin;clarithromycin;erythromycin,14.5,28.333333333333332,14.5,28.333333333333332,azithromycin;clarithromycin;erythromycin,14.5,28.333333333333332,14.5
fff164402,Haemophilus influenzae,Monobactams,aztreonam,14.68,15.0,14.68,15.0,aztreonam,14.68,15.0,14.68
fff164402,Haemophilus influenzae,Novel BL/BLI,aztreonam_avibactam;ceftazidime_avibactam;meropenem_vaborbactam,13.456666666666665,5.0,13.456666666666665,5.0,aztreonam_avibactam;ceftazidime_avibactam;meropenem_vaborbactam,13.456666666666665,5.0,13.456666666666665
fff164402,Haemophilus influenzae,Penicillins (J01C),amoxicillin;ampicillin;penicillin_g;piperacillin;ticarcillin,47.72,34.0,47.72,34.0,amoxicillin;ampicillin;penicillin_g;piperacillin;ticarcillin,47.72,34.0,47.72
fff164402,Haemophilus influenzae,Siderophore Cephalosporins,cefiderocol,0.0,1.0,0.0,1.0,cefiderocol,0.0,1.0,0.0
fff164402,Haemophilus influenzae,Sulfonamides (J01E),trim_sulf,6.22,20.0,6.22,20.0,trim_sulf,6.22,20.0,6.22
fff164402,Haemophilus influenzae,Tetracyclines (J01A),doxycycline;minocycline;tetracycline;tigecycline,10.192499999999999,13.75,10.192499999999999,13.75,doxycycline;minocycline;tetracycline;tigecycline,10.192499999999999,13.75,10.192499999999999
fff164402,Helicobacter pylori,Aminoglycosides (J01G),,,,,,,,,
fff164402,Helicobacter pylori,Beta-lactamase combinations (J01CR),amoxicillin_clavulanate;ampicillin_sulbactam,3.65,10.0,3.65,10.0,amoxicillin_clavulanate;ampicillin_sulbactam,3.65,10.0,3.65
fff164402,Helicobacter pylori,Carbapenems (J01DH),,,,,,,,,
fff164402,Helicobacter pylori,Cephalosporins 1-2G,,,,,,,,,
fff164402,Helicobacter pylori,Cephalosporins 3G,,,,,,,,,
fff164402,Helicobacter pylori,Chloramphenicol (J01BA),chloramphenicol,12.9,20.0,12.9,20.0,chloramphenicol,12.9,20.0,12.9
fff164402,Helicobacter pylori,Fluoroquinolones (J01M),ciprofloxacin;levofloxacin;moxifloxacin;ofloxacin,5.012500000000001,12.0,5.012500000000001,12.0,ciprofloxacin;levofloxacin;moxifloxacin;ofloxacin,5.012500000000001,12.0,5.012500000000001
fff164402,Helicobacter pylori,Fosfomycin (J01XX01),,,,,,,,,
fff164402,Helicobacter pylori,Macrolides (J01F),azithromycin;clarithromycin;erythromycin,6.31,7.0,6.31,7.0,azithromycin;clarithromycin;erythromycin,6.31,7.000000000000001,6.31
fff164402,Helicobacter pylori,Nitrofurans (J01XE),,,,,,,,,
fff164402,Helicobacter pylori,Nitroimidazoles,metronidazole,2.64,50.0,2.64,50.0,metronidazole,2.64,50.0,2.64
fff164402,Helicobacter pylori,Novel BL/BLI,,,,,,,,,
fff164402,Helicobacter pylori,Oxazolidinones (J01XX),,,,,,,,,
fff164402,Helicobacter pylori,Penicillins (J01C),amoxicillin;ampicillin,3.65,4.0,3.65,4.0,amoxicillin;ampicillin,3.65,4.0,3.65
fff164402,Helicobacter pylori,Tetracyclines (J01A),doxycycline;minocycline;tetracycline,25.03,8.0,25.03,8.0,doxycycline;minocycline;tetracycline,25.03,8.0,25.03
fff164402,Invasive non-typhoidal Salmonella spp.,Aminoglycosides (J01G),amikacin;gentamicin;tobramycin,21.850000000000005,30.0,21.850000000000005,30.0,amikacin;gentamicin;tobramycin,21.850000000000005,30.0,21.850000000000005
fff164402,Invasive non-typhoidal Salmonella spp.,Beta-lactamase combinations (J01CR),amoxicillin_clavulanate;ampicillin_sulbactam;piperacillin_tazobactam;ticarcillin_clavulanate,6.21,22.5,6.21,22.5,amoxicillin_clavulanate;ampicillin_sulbactam;piperacillin_tazobactam;ticarcillin_clavulanate,6.21,22.5,6.21
fff164402,Invasive non-typhoidal Salmonella spp.,Carbapenems (J01DH),ertapenem;imipenem_c;meropenem,2.43,10.0,2.43,10.0,ertapenem;imipenem_c;meropenem,2.43,10.0,2.43
fff164402,Invasive non-typhoidal Salmonella spp.,Cephalosporins 1-2G,cefazolin;cefuroxime;cephalexin,33.26,38.333333333333336,33.26,38.333333333333336,cefazolin;cefuroxime;cephalexin,33.26,38.333333333333336,33.26
fff164402,Invasive non-typhoidal Salmonella spp.,Cephalosporins 3G,cefixime;ceftazidime;ceftriaxone,33.26,21.666666666666668,33.26,21.666666666666668,cefixime;ceftazidime;ceftriaxone,33.26,21.666666666666668,33.26
fff164402,Invasive non-typhoidal Salmonella spp.,Cephalosporins 3G/BLI,ceftolozane_tazobactam,6.19,4.0,6.19,4.0,ceftolozane_tazobactam,6.19,4.0,6.19
fff164402,Invasive non-typhoidal Salmonella spp.,Cephalosporins 4G,cefepime,33.26,30.0,33.26,30.0,cefepime,33.26,30.0,33.26
fff164402,Invasive non-typhoidal Salmonella spp.,Chloramphenicol (J01BA),chloramphenicol,16.28,35.0,16.28,35.0,chloramphenicol,16.28,35.0,16.28
fff164402,Invasive non-typhoidal Salmonella spp.,Fluoroquinolones (J01M),ciprofloxacin;levofloxacin;moxifloxacin;ofloxacin,23.52,38.75,23.52,38.75,ciprofloxacin;levofloxacin;moxifloxacin;ofloxacin,23.52,38.75,23.52
fff164402,Invasive non-typhoidal Salmonella spp.,Macrolides (J01F),,,,,,,,,
fff164402,Invasive non-typhoidal Salmonella spp.,Monobactams,aztreonam,32.87,25.0,32.87,25.0,aztreonam,32.87,25.0,32.87
fff164402,Invasive non-typhoidal Salmonella spp.,Nitrofurans (J01XE),,,,,,,,,
fff164402,Invasive non-typhoidal Salmonella spp.,Novel BL/BLI,aztreonam_avibactam;ceftazidime_avibactam;meropenem_vaborbactam,1.87,10.0,1.87,10.0,aztreonam_avibactam;ceftazidime_avibactam;meropenem_vaborbactam,1.87,10.0,1.87
fff164402,Invasive non-typhoidal Salmonella spp.,Penicillins (J01C),amoxicillin;ampicillin;piperacillin;ticarcillin,33.35,43.75,33.35,43.75,amoxicillin;ampicillin;piperacillin;ticarcillin,33.35,43.75,33.35
fff164402,Invasive non-typhoidal Salmonella spp.,Polymyxins (J01XB),colistin,0.18,20.0,0.18,20.0,colistin,0.18,20.0,0.18
fff164402,Invasive non-typhoidal Salmonella spp.,Siderophore Cephalosporins,cefiderocol,0.0,1.0,0.0,1.0,cefiderocol,0.0,1.0,0.0
fff164402,Invasive non-typhoidal Salmonella spp.,Sulfonamides (J01E),sulfanilamide;trim_sulf,11.71,25.0,11.71,25.0,trim_sulf,23.42,40.0,23.42
fff164402,Invasive non-typhoidal Salmonella spp.,Tetracyclines (J01A),doxycycline;minocycline;tetracycline;tigecycline,23.095000000000002,18.75,23.095000000000002,18.75,doxycycline;minocycline;tetracycline;tigecycline,23.095000000000002,18.75,23.095000000000002
fff164402,Klebsiella pneumoniae,Aminoglycosides (J01G),amikacin;gentamicin;tobramycin,23.320000000000004,16.0,23.320000000000004,16.0,amikacin;gentamicin;tobramycin,23.320000000000004,16.0,23.320000000000004
fff164402,Klebsiella pneumoniae,Anti-MRSA Cephalosporins (5G),ceftaroline,48.19,25.0,48.19,25.0,ceftaroline,48.19,25.0,48.19
fff164402,Klebsiella pneumoniae,Beta-lactamase combinations (J01CR),amoxicillin_clavulanate;ampicillin_sulbactam;piperacillin_tazobactam;ticarcillin_clavulanate,47.89,29.0,47.89,29.0,amoxicillin_clavulanate;ampicillin_sulbactam;piperacillin_tazobactam;ticarcillin_clavulanate,47.89,29.0,47.89
fff164402,Klebsiella pneumoniae,Carbapenems (J01DH),ertapenem;imipenem_c;meropenem,47.73,13.0,47.73,13.0,ertapenem;imipenem_c;meropenem,47.73,13.0,47.73
fff164402,Klebsiella pneumoniae,Cephalosporins 1-2G,cefazolin;cefuroxime;cephalexin,48.19,65.0,48.19,65.0,cefazolin;cefuroxime;cephalexin,48.19,65.0,48.19
fff164402,Klebsiella pneumoniae,Cephalosporins 3G,cefixime;ceftazidime;ceftriaxone,48.19,34.0,48.19,34.0,cefixime;ceftazidime;ceftriaxone,48.19,34.0,48.19
fff164402,Klebsiella pneumoniae,Cephalosporins 3G/BLI,ceftolozane_tazobactam,47.88,4.0,47.88,4.0,ceftolozane_tazobactam,47.88,4.0,47.88
fff164402,Klebsiella pneumoniae,Cephalosporins 4G,cefepime,48.19,28.0,48.19,28.0,cefepime,48.19,28.000000000000004,48.19
fff164402,Klebsiella pneumoniae,Chloramphenicol (J01BA),chloramphenicol,36.45,18.0,36.45,18.0,chloramphenicol,36.45,18.0,36.45
fff164402,Klebsiella pneumoniae,Fluoroquinolones (J01M),ciprofloxacin;levofloxacin;moxifloxacin;ofloxacin,41.997499999999995,36.5,41.997499999999995,36.5,ciprofloxacin;levofloxacin;moxifloxacin;ofloxacin,41.997499999999995,36.5,41.997499999999995
fff164402,Klebsiella pneumoniae,Fosfomycin (J01XX01),fosfomycin,16.07,30.0,16.07,30.0,fosfomycin,16.07,30.0,16.07
fff164402,Klebsiella pneumoniae,Monobactams,aztreonam,28.96,32.0,28.96,32.0,aztreonam,28.96,32.0,28.96
fff164402,Klebsiella pneumoniae,Nitrofurans (J01XE),,,,,,,,,
fff164402,Klebsiella pneumoniae,Novel BL/BLI,aztreonam_avibactam;ceftazidime_avibactam;meropenem_vaborbactam,36.81666666666666,7.0,36.81666666666666,7.0,aztreonam_avibactam;ceftazidime_avibactam;meropenem_vaborbactam,36.81666666666666,7.0,36.81666666666666
fff164402,Klebsiella pneumoniae,Penicillins (J01C),piperacillin;ticarcillin,24.095,37.5,24.095,37.5,piperacillin,48.19,35.0,48.19
fff164402,Klebsiella pneumoniae,Polymyxins (J01XB),colistin,10.43,8.0,10.43,8.0,colistin,10.43,8.0,10.43
fff164402,Klebsiella pneumoniae,Siderophore Cephalosporins,cefiderocol,0.01,1.0,0.01,1.0,cefiderocol,0.01,1.0,0.01
fff164402,Klebsiella pneumoniae,Sulfonamides (J01E),sulfanilamide;trim_sulf,43.59,47.5,43.59,47.5,sulfanilamide;trim_sulf,43.59,47.5,43.59
fff164402,Klebsiella pneumoniae,Tetracyclines (J01A),doxycycline;minocycline;tetracycline;tigecycline,36.962500000000006,28.75,36.962500000000006,28.75,doxycycline;minocycline;tetracycline;tigecycline,36.962500000000006,28.75,36.962500000000006
fff164402,Legionella pneumophila,Aminoglycosides (J01G),,,,,,,,,
fff164402,Legionella pneumophila,Carbapenems (J01DH),,,,,,,,,
fff164402,Legionella pneumophila,Cephalosporins 3G,,,,0.0,,,,,
fff164402,Legionella pneumophila,Chloramphenicol (J01BA),,,,,,,,,
fff164402,Legionella pneumophila,Fluoroquinolones (J01M),ciprofloxacin;levofloxacin;moxifloxacin,0.02,1.0,0.02,1.0,ciprofloxacin;levofloxacin;moxifloxacin,0.02,1.0,0.02
fff164402,Legionella pneumophila,Fusidic acid (J01XC),,,,,,,,,
fff164402,Legionella pneumophila,Macrolides (J01F),azithromycin;clarithromycin;erythromycin,0.33,1.0,0.33,1.0,azithromycin;clarithromycin;erythromycin,0.33,1.0,0.33
fff164402,Legionella pneumophila,Novel BL/BLI,,,,,,,,,
fff164402,Legionella pneumophila,Sulfonamides (J01E),,,,,,,,,
fff164402,Legionella pneumophila,Tetracyclines (J01A),,,,0.08,,,,,0.08
fff164402,Listeria monocytogenes,Aminoglycosides (J01G),,,,,,,,,
fff164402,Listeria monocytogenes,Beta-lactamase combinations (J01CR),amoxicillin_clavulanate;ampicillin_sulbactam;piperacillin_tazobactam,0.0,8.333333333333334,0.0,8.333333333333334,,,,0.0
fff164402,Listeria monocytogenes,Carbapenems (J01DH),,,,0.0,,,,,0.0
fff164402,Listeria monocytogenes,Chloramphenicol (J01BA),chloramphenicol,29.89,10.0,29.89,10.0,,,,29.89
fff164402,Listeria monocytogenes,Fluoroquinolones (J01M),ciprofloxacin;levofloxacin;moxifloxacin;ofloxacin,10.522499999999999,7.5,10.522499999999999,7.5,,,,10.522499999999999
fff164402,Listeria monocytogenes,Fosfomycin (J01XX01),,,,,,,,,
fff164402,Listeria monocytogenes,Glycopeptides (J01XA),,,,,,,,,
fff164402,Listeria monocytogenes,Lincosamides (J01FF),,,,,,,,,
fff164402,Listeria monocytogenes,Lipoglycopeptides,,,,,,,,,
fff164402,Listeria monocytogenes,Macrolides (J01F),azithromycin;clarithromycin;erythromycin,5.400000000000001,13.333333333333334,5.400000000000001,13.333333333333334,,,,5.400000000000001
fff164402,Listeria monocytogenes,Novel BL/BLI,ceftazidime_avibactam,0.0,10.0,0.0,10.0,,,,
fff164402,Listeria monocytogenes,Oxazolidinones (J01XX),,,,,,,,,
fff164402,Listeria monocytogenes,Penicillins (J01C),amoxicillin;ampicillin;penicillin_g;piperacillin;ticarcillin,0.0,9.0,0.0,9.0,,,,0.0
fff164402,Listeria monocytogenes,Streptogramins (J01FG),,,,,,,,,
fff164402,Listeria monocytogenes,Sulfonamides (J01E),trim_sulf,3.47,5.0,3.47,5.0,,,,3.47
fff164402,Listeria monocytogenes,Tetracyclines (J01A),doxycycline;minocycline;tetracycline,30.95,10.0,30.95,10.0,,,,30.95
fff164402,Moraxella catarrhalis,Aminoglycosides (J01G),,,,,,,,,
fff164402,Moraxella catarrhalis,Anti-MRSA Cephalosporins (5G),,,,,,,,,
fff164402,Moraxella catarrhalis,Beta-lactamase combinations (J01CR),amoxicillin_clavulanate;ampicillin_sulbactam;piperacillin_tazobactam;ticarcillin_clavulanate,4.05,10.0,4.05,10.0,amoxicillin_clavulanate;ampicillin_sulbactam;piperacillin_tazobactam;ticarcillin_clavulanate,4.05,10.0,4.05
fff164402,Moraxella catarrhalis,Carbapenems (J01DH),ertapenem;imipenem_c;meropenem,3.9599999999999995,5.0,3.9599999999999995,5.0,ertapenem;imipenem_c;meropenem,3.9599999999999995,5.0,3.9599999999999995
fff164402,Moraxella catarrhalis,Cephalosporins 1-2G,cefazolin;cefuroxime;cephalexin,4.17,15.0,4.17,15.0,cefazolin;cefuroxime;cephalexin,4.17,15.0,4.17
fff164402,Moraxella catarrhalis,Cephalosporins 3G,cefixime;ceftazidime;ceftriaxone,4.17,5.0,4.17,5.0,cefixime;ceftazidime;ceftriaxone,4.17,5.0,4.17
fff164402,Moraxella catarrhalis,Cephalosporins 3G/BLI,ceftolozane_tazobactam,4.05,4.0,4.05,4.0,ceftolozane_tazobactam,4.05,4.0,4.05
fff164402,Moraxella catarrhalis,Cephalosporins 4G,cefepime,4.17,5.0,4.17,5.0,cefepime,4.17,5.0,4.17
fff164402,Moraxella catarrhalis,Chloramphenicol (J01BA),chloramphenicol,1.21,5.0,1.21,5.0,chloramphenicol,1.21,5.0,1.21
fff164402,Moraxella catarrhalis,Fluoroquinolones (J01M),ciprofloxacin;levofloxacin;moxifloxacin;ofloxacin,0.895,5.0,0.895,5.0,ciprofloxacin;levofloxacin;moxifloxacin;ofloxacin,0.895,5.0,0.895
fff164402,Moraxella catarrhalis,Fusidic acid (J01XC),,,,,,,,,
fff164402,Moraxella catarrhalis,Macrolides (J01F),azithromycin;clarithromycin;erythromycin,3.16,18.333333333333332,3.16,18.333333333333332,azithromycin;clarithromycin;erythromycin,3.16,18.333333333333332,3.16
fff164402,Moraxella catarrhalis,Monobactams,aztreonam,0.37,5.0,0.37,5.0,aztreonam,0.37,5.0,0.37
fff164402,Moraxella catarrhalis,Novel BL/BLI,aztreonam_avibactam;ceftazidime_avibactam;meropenem_vaborbactam,2.65,5.0,2.65,5.0,aztreonam_avibactam;ceftazidime_avibactam;meropenem_vaborbactam,2.65,5.0,2.65
fff164402,Moraxella catarrhalis,Penicillins (J01C),amoxicillin;ampicillin;penicillin_g;piperacillin;ticarcillin,30.339999999999996,59.0,30.339999999999996,59.0,amoxicillin;ampicillin;penicillin_g;piperacillin;ticarcillin,30.339999999999996,59.0,30.339999999999996
fff164402,Moraxella catarrhalis,Pleuromutilins,,,,,,,,,
fff164402,Moraxella catarrhalis,Siderophore Cephalosporins,cefiderocol,0.0,1.0,0.0,1.0,cefiderocol,0.0,1.0,0.0
fff164402,Moraxella catarrhalis,Sulfonamides (J01E),trim_sulf,0.52,10.0,0.52,10.0,trim_sulf,0.52,10.0,0.52
fff164402,Moraxella catarrhalis,Tetracyclines (J01A),doxycycline;minocycline;tetracycline;tigecycline,1.7149999999999999,10.0,1.7149999999999999,10.0,doxycycline;minocycline;tetracycline;tigecycline,1.7149999999999999,10.0,1.7149999999999999
fff164402,Morganella spp.,Aminoglycosides (J01G),amikacin;gentamicin;tobramycin,26.94,30.0,26.94,30.0,amikacin;gentamicin;tobramycin,26.94,30.0,26.94
fff164402,Morganella spp.,Anti-MRSA Cephalosporins (5G),,,,,,,,,
fff164402,Morganella spp.,Beta-lactamase combinations (J01CR),amoxicillin_clavulanate;ampicillin_sulbactam;piperacillin_tazobactam;ticarcillin_clavulanate,14.45,32.5,14.45,32.5,piperacillin_tazobactam;ticarcillin_clavulanate,28.9,30.0,28.9
fff164402,Morganella spp.,Carbapenems (J01DH),ertapenem;imipenem_c;meropenem,28.66,11.666666666666666,28.66,11.666666666666666,ertapenem;imipenem_c;meropenem,28.66,11.666666666666666,28.66
fff164402,Morganella spp.,Cephalosporins 3G,cefixime;ceftazidime;ceftriaxone,29.48,36.666666666666664,29.48,36.666666666666664,cefixime;ceftazidime;ceftriaxone,29.48,36.666666666666664,29.48
fff164402,Morganella spp.,Cephalosporins 3G/BLI,ceftolozane_tazobactam,28.81,4.0,28.81,4.0,ceftolozane_tazobactam,28.81,4.0,28.81
fff164402,Morganella spp.,Cephalosporins 4G,cefepime,29.48,35.0,29.48,35.0,cefepime,29.48,35.0,29.48
fff164402,Morganella spp.,Chloramphenicol (J01BA),chloramphenicol,30.18,30.0,30.18,30.0,chloramphenicol,30.18,30.0,30.18
fff164402,Morganella spp.,Fluoroquinolones (J01M),ciprofloxacin;levofloxacin;moxifloxacin;ofloxacin,33.025000000000006,33.75,33.025000000000006,33.75,ciprofloxacin;levofloxacin;moxifloxacin;ofloxacin,33.025000000000006,33.75,33.025000000000006
fff164402,Morganella spp.,Monobactams,aztreonam,17.14,30.0,17.14,30.0,aztreonam,17.14,30.0,17.14
fff164402,Morganella spp.,Novel BL/BLI,aztreonam_avibactam;ceftazidime_avibactam;meropenem_vaborbactam,21.123333333333335,10.0,21.123333333333335,10.0,aztreonam_avibactam;ceftazidime_avibactam;meropenem_vaborbactam,21.123333333333335,10.0,21.123333333333335
fff164402,Morganella spp.,Penicillins (J01C),amoxicillin;ampicillin;piperacillin;ticarcillin,14.745,38.75,14.745,38.75,piperacillin;ticarcillin,29.49,37.5,29.49
fff164402,Morganella spp.,Siderophore Cephalosporins,cefiderocol,0.0,1.0,0.0,1.0,cefiderocol,0.0,1.0,0.0
fff164402,Morganella spp.,Sulfonamides (J01E),sulfanilamide;trim_sulf,6.99,27.5,6.99,27.5,trim_sulf,13.98,35.0,13.98
fff164402,Mycoplasma genitalium,Chloramphenicol (J01BA),,,,41.91,,,,,41.91
fff164402,Mycoplasma genitalium,Fluoroquinolones (J01M),ciprofloxacin;levofloxacin;moxifloxacin;ofloxacin,38.3625,45.0,38.3625,45.0,ciprofloxacin;levofloxacin;moxifloxacin;ofloxacin,38.3625,45.0,38.3625
fff164402,Mycoplasma genitalium,Fusidic acid (J01XC),,,,,,,,,
fff164402,Mycoplasma genitalium,Macrolides (J01F),azithromycin;clarithromycin;erythromycin,46.64000000000001,55.0,46.64000000000001,55.0,azithromycin;clarithromycin;erythromycin,46.64000000000001,55.00000000000001,46.64000000000001
fff164402,Mycoplasma genitalium,Nitroimidazoles,,,,,,,,,
fff164402,Mycoplasma genitalium,Tetracyclines (J01A),doxycycline;minocycline;tetracycline;tigecycline,48.93,32.5,48.93,32.5,doxycycline;minocycline;tetracycline;tigecycline,48.93,32.5,48.93
fff164402,Mycoplasma pneumoniae,Chloramphenicol (J01BA),,,,,,,,,
fff164402,Mycoplasma pneumoniae,Fluoroquinolones (J01M),ciprofloxacin;levofloxacin;moxifloxacin,0.04,2.0,0.04,2.0,ciprofloxacin;levofloxacin;moxifloxacin,0.04,2.0,0.04
fff164402,Mycoplasma pneumoniae,Macrolides (J01F),azithromycin;clarithromycin;erythromycin,29.81,20.0,29.81,20.0,azithromycin;clarithromycin;erythromycin,29.81,20.0,29.81
fff164402,Mycoplasma pneumoniae,Streptogramins (J01FG),,,,,,,,,
fff164402,Mycoplasma pneumoniae,Tetracyclines (J01A),doxycycline;tetracycline,4.02,1.0,3.0149999999999997,1.0,doxycycline;tetracycline,4.02,1.0,3.0149999999999997
fff164402,Neisseria gonorrhoeae,Aminoglycosides (J01G),amikacin;gentamicin;tobramycin,6.62,5.0,6.62,5.0,amikacin;gentamicin;tobramycin,6.62,5.0,6.62
fff164402,Neisseria gonorrhoeae,Anti-MRSA Cephalosporins (5G),,,,,,,,,
fff164402,Neisseria gonorrhoeae,Beta-lactamase combinations (J01CR),amoxicillin_clavulanate;ampicillin_sulbactam;piperacillin_tazobactam;ticarcillin_clavulanate,5.54,45.0,5.54,45.0,amoxicillin_clavulanate;ampicillin_sulbactam;piperacillin_tazobactam;ticarcillin_clavulanate,5.54,45.0,5.54
fff164402,Neisseria gonorrhoeae,Carbapenems (J01DH),,,,0.0,,,,,0.0
fff164402,Neisseria gonorrhoeae,Cephalosporins 1-2G,cefazolin;cefuroxime;cephalexin,5.54,53.333333333333336,5.54,53.333333333333336,cefazolin;cefuroxime;cephalexin,5.54,53.333333333333336,5.54
fff164402,Neisseria gonorrhoeae,Cephalosporins 3G,cefixime;ceftazidime;ceftriaxone,5.54,9.666666666666666,5.54,9.666666666666666,cefixime;ceftazidime;ceftriaxone,5.54,9.666666666666666,5.54
fff164402,Neisseria gonorrhoeae,Cephalosporins 3G/BLI,ceftolozane_tazobactam,5.54,4.0,5.54,4.0,ceftolozane_tazobactam,5.54,4.0,5.54
fff164402,Neisseria gonorrhoeae,Cephalosporins 4G,cefepime,5.54,20.0,5.54,20.0,cefepime,5.54,20.0,5.54
fff164402,Neisseria gonorrhoeae,Chloramphenicol (J01BA),chloramphenicol,73.39,60.0,73.39,60.0,chloramphenicol,73.39,60.0,73.39
fff164402,Neisseria gonorrhoeae,Fluoroquinolones (J01M),ciprofloxacin;levofloxacin;moxifloxacin;ofloxacin,85.29,80.0,85.29,80.0,ciprofloxacin;levofloxacin;moxifloxacin;ofloxacin,85.29,80.0,85.29
fff164402,Neisseria gonorrhoeae,Macrolides (J01F),azithromycin;clarithromycin;erythromycin,10.74,31.666666666666668,10.74,31.666666666666668,azithromycin;clarithromycin;erythromycin,10.74,31.666666666666668,10.74
fff164402,Neisseria gonorrhoeae,Monobactams,aztreonam,5.54,25.0,5.54,25.0,aztreonam,5.54,25.0,5.54
fff164402,Neisseria gonorrhoeae,Novel BL/BLI,aztreonam_avibactam;ceftazidime_avibactam;meropenem_vaborbactam,3.6933333333333334,30.0,3.6933333333333334,30.0,aztreonam_avibactam;ceftazidime_avibactam;meropenem_vaborbactam,3.6933333333333334,30.0,3.6933333333333334
fff164402,Neisseria gonorrhoeae,Penicillins (J01C),amoxicillin;ampicillin;penicillin_g;piperacillin;ticarcillin,12.48,46.0,12.48,46.0,amoxicillin;ampicillin;penicillin_g;piperacillin;ticarcillin,12.48,46.0,12.48
fff164402,Neisseria gonorrhoeae,Siderophore Cephalosporins,cefiderocol,0.0,1.0,0.0,1.0,cefiderocol,0.0,1.0,0.0
fff164402,Neisseria gonorrhoeae,Sulfonamides (J01E),trim_sulf,35.75,70.0,35.75,70.0,trim_sulf,35.75,70.0,35.75
fff164402,Neisseria gonorrhoeae,Tetracyclines (J01A),doxycycline;minocycline;tetracycline,73.39,65.0,73.39,65.0,doxycycline;minocycline;tetracycline,73.39,65.0,73.39
fff164402,Neisseria meningitidis,Aminoglycosides (J01G),amikacin;gentamicin;tobramycin,0.02,4.333333333333333,0.02,4.333333333333333,amikacin;gentamicin;tobramycin,0.02,4.333333333333333,0.02
fff164402,Neisseria meningitidis,Anti-MRSA Cephalosporins (5G),,,,,,,,,
fff164402,Neisseria meningitidis,Beta-lactamase combinations (J01CR),amoxicillin_clavulanate;ampicillin_sulbactam;piperacillin_tazobactam;ticarcillin_clavulanate,0.28,12.0,0.28,12.0,amoxicillin_clavulanate;ampicillin_sulbactam;piperacillin_tazobactam;ticarcillin_clavulanate,0.28,12.0,0.28
fff164402,Neisseria meningitidis,Carbapenems (J01DH),ertapenem;imipenem_c;meropenem,0.16,0.10000000000000002,0.16,0.10000000000000002,ertapenem;imipenem_c;meropenem,0.16,0.10000000000000002,0.16
fff164402,Neisseria meningitidis,Cephalosporins 1-2G,cefazolin;cefuroxime;cephalexin,0.33,11.333333333333334,0.33,11.333333333333334,cefazolin;cefuroxime;cephalexin,0.33,11.333333333333334,0.33
fff164402,Neisseria meningitidis,Cephalosporins 3G,cefixime;ceftazidime;ceftriaxone,0.33,2.0,0.33,2.0,cefixime;ceftazidime;ceftriaxone,0.33,2.0,0.33
fff164402,Neisseria meningitidis,Cephalosporins 3G/BLI,ceftolozane_tazobactam,0.28,4.0,0.28,4.0,ceftolozane_tazobactam,0.28,4.0,0.28
fff164402,Neisseria meningitidis,Cephalosporins 4G,cefepime,0.33,2.0,0.33,2.0,cefepime,0.33,2.0,0.33
fff164402,Neisseria meningitidis,Chloramphenicol (J01BA),chloramphenicol,0.02,8.0,0.02,8.0,chloramphenicol,0.02,8.0,0.02
fff164402,Neisseria meningitidis,Fluoroquinolones (J01M),ciprofloxacin;levofloxacin;moxifloxacin;ofloxacin,2.32,4.0,2.32,4.0,ciprofloxacin;levofloxacin;moxifloxacin;ofloxacin,2.32,4.0,2.32
fff164402,Neisseria meningitidis,Fosfomycin (J01XX01),,,,,,,,,
fff164402,Neisseria meningitidis,Macrolides (J01F),azithromycin;clarithromycin;erythromycin,0.26,7.333333333333333,0.26,7.333333333333333,azithromycin;clarithromycin;erythromycin,0.26,7.333333333333333,0.26
fff164402,Neisseria meningitidis,Monobactams,aztreonam,0.18,2.0,0.18,2.0,aztreonam,0.18,2.0,0.18
fff164402,Neisseria meningitidis,Nitrofurans (J01XE),,,,,,,,,
fff164402,Neisseria meningitidis,Novel BL/BLI,aztreonam_avibactam;ceftazidime_avibactam;meropenem_vaborbactam,0.10666666666666667,0.10000000000000002,0.10666666666666667,0.10000000000000002,aztreonam_avibactam;ceftazidime_avibactam;meropenem_vaborbactam,0.10666666666666667,0.10000000000000002,0.10666666666666667
fff164402,Neisseria meningitidis,Penicillins (J01C),amoxicillin;ampicillin;penicillin_g;piperacillin;ticarcillin,0.33,16.8,0.33,16.8,amoxicillin;ampicillin;penicillin_g;piperacillin;ticarcillin,0.33,16.8,0.33
fff164402,Neisseria meningitidis,Siderophore Cephalosporins,cefiderocol,0.0,1.0,0.0,1.0,cefiderocol,0.0,1.0,0.0
fff164402,Neisseria meningitidis,Sulfonamides (J01E),trim_sulf,7.36,10.0,7.36,10.0,trim_sulf,7.36,10.0,7.36
fff164402,Neisseria meningitidis,Tetracyclines (J01A),doxycycline;minocycline;tetracycline,4.6066666666666665,6.333333333333333,4.6066666666666665,6.333333333333333,doxycycline;minocycline;tetracycline,4.6066666666666665,6.333333333333333,4.6066666666666665
fff164402,Proteus spp.,Aminoglycosides (J01G),amikacin;gentamicin;tobramycin,30.37,30.0,30.37,30.0,amikacin;gentamicin;tobramycin,30.37,30.0,30.37
fff164402,Proteus spp.,Anti-MRSA Cephalosporins (5G),,,,,,,,,
fff164402,Proteus spp.,Beta-lactamase combinations (J01CR),amoxicillin_clavulanate;ampicillin_sulbactam;piperacillin_tazobactam;ticarcillin_clavulanate,32.0,21.25,32.0,21.25,amoxicillin_clavulanate;ampicillin_sulbactam;piperacillin_tazobactam;ticarcillin_clavulanate,32.0,21.25,32.0
fff164402,Proteus spp.,Carbapenems (J01DH),ertapenem;imipenem_c;meropenem,31.59,10.0,31.59,10.0,ertapenem;imipenem_c;meropenem,31.59,10.0,31.59
fff164402,Proteus spp.,Cephalosporins 1-2G,cefazolin;cefuroxime;cephalexin,32.32,28.333333333333332,32.32,28.333333333333332,cefazolin;cefuroxime;cephalexin,32.32,28.333333333333332,32.32
fff164402,Proteus spp.,Cephalosporins 3G,cefixime;ceftazidime;ceftriaxone,32.32,21.666666666666668,32.32,21.666666666666668,cefixime;ceftazidime;ceftriaxone,32.32,21.666666666666668,32.32
fff164402,Proteus spp.,Cephalosporins 3G/BLI,ceftolozane_tazobactam,31.99,4.0,31.99,4.0,ceftolozane_tazobactam,31.99,4.0,31.99
fff164402,Proteus spp.,Cephalosporins 4G,cefepime,32.32,20.0,32.32,20.0,cefepime,32.32,20.0,32.32
fff164402,Proteus spp.,Chloramphenicol (J01BA),chloramphenicol,29.15,25.0,29.15,25.0,chloramphenicol,29.15,25.0,29.15
fff164402,Proteus spp.,Fluoroquinolones (J01M),ciprofloxacin;levofloxacin;moxifloxacin;ofloxacin,31.947500000000005,28.75,31.947500000000005,28.75,ciprofloxacin;levofloxacin;moxifloxacin;ofloxacin,31.947500000000005,28.75,31.947500000000005
fff164402,Proteus spp.,Fosfomycin (J01XX01),fosfomycin,9.35,10.0,9.35,10.0,fosfomycin,9.35,10.0,9.35
fff164402,Proteus spp.,Monobactams,aztreonam,29.31,25.0,29.31,25.0,aztreonam,29.31,25.0,29.31
fff164402,Proteus spp.,Novel BL/BLI,aztreonam_avibactam;ceftazidime_avibactam;meropenem_vaborbactam,24.74,10.0,24.74,10.0,aztreonam_avibactam;ceftazidime_avibactam;meropenem_vaborbactam,24.74,10.0,24.74
fff164402,Proteus spp.,Penicillins (J01C),amoxicillin;ampicillin;piperacillin;ticarcillin,33.02,28.75,33.02,28.75,amoxicillin;ampicillin;piperacillin;ticarcillin,33.02,28.75,33.02
fff164402,Proteus spp.,Siderophore Cephalosporins,cefiderocol,0.01,1.0,0.01,1.0,cefiderocol,0.01,1.0,0.01
fff164402,Proteus spp.,Sulfonamides (J01E),sulfanilamide;trim_sulf,26.74,25.0,26.74,25.0,sulfanilamide;trim_sulf,26.74,25.0,26.74
fff164402,Providencia stuartii,Aminoglycosides (J01G),amikacin;gentamicin;tobramycin,19.896666666666665,53.333333333333336,19.896666666666665,53.333333333333336,amikacin,59.69,45.0,59.69
fff164402,Providencia stuartii,Beta-lactamase combinations (J01CR),amoxicillin_clavulanate;ampicillin_sulbactam;piperacillin_tazobactam;ticarcillin_clavulanate,31.11,43.75,31.11,43.75,piperacillin_tazobactam;ticarcillin_clavulanate,62.22,40.0,62.22
fff164402,Providencia stuartii,Carbapenems (J01DH),ertapenem;imipenem_c;meropenem,49.74,21.666666666666668,49.74,21.666666666666668,ertapenem;imipenem_c;meropenem,49.74,21.666666666666668,49.74
fff164402,Providencia stuartii,Cephalosporins 1-2G,cefuroxime,63.13,55.0,63.13,55.0,cefuroxime,63.13,55.00000000000001,63.13
fff164402,Providencia stuartii,Cephalosporins 3G,cefixime;ceftazidime;ceftriaxone,63.13,51.666666666666664,63.13,51.666666666666664,cefixime;ceftazidime;ceftriaxone,63.13,51.666666666666664,63.13
fff164402,Providencia stuartii,Cephalosporins 3G/BLI,ceftolozane_tazobactam,62.07,4.0,62.07,4.0,ceftolozane_tazobactam,62.07,4.0,62.07
fff164402,Providencia stuartii,Cephalosporins 4G,cefepime,63.13,50.0,63.13,50.0,cefepime,63.13,50.0,63.13
fff164402,Providencia stuartii,Chloramphenicol (J01BA),chloramphenicol,15.77,45.0,15.77,45.0,chloramphenicol,15.77,45.0,15.77
fff164402,Providencia stuartii,Fluoroquinolones (J01M),ciprofloxacin;levofloxacin;moxifloxacin;ofloxacin,61.9675,52.5,61.9675,52.5,ciprofloxacin;levofloxacin;moxifloxacin;ofloxacin,61.9675,52.5,61.9675
fff164402,Providencia stuartii,Monobactams,aztreonam,63.13,50.0,63.13,50.0,aztreonam,63.13,50.0,63.13
fff164402,Providencia stuartii,Novel BL/BLI,aztreonam_avibactam;ceftazidime_avibactam;meropenem_vaborbactam,40.85,18.333333333333332,40.85,18.333333333333332,aztreonam_avibactam;ceftazidime_avibactam;meropenem_vaborbactam,40.85,18.333333333333332,40.85
fff164402,Providencia stuartii,Penicillins (J01C),piperacillin;ticarcillin,63.13,55.0,63.13,55.0,piperacillin;ticarcillin,63.13,55.00000000000001,63.13
fff164402,Providencia stuartii,Siderophore Cephalosporins,cefiderocol,0.0,1.0,0.0,1.0,cefiderocol,0.0,1.0,0.0
fff164402,Providencia stuartii,Sulfonamides (J01E),trim_sulf,62.96,55.0,62.96,55.0,trim_sulf,62.96,55.00000000000001,62.96
fff164402,Pseudomonas aeruginosa,Aminoglycosides (J01G),amikacin;gentamicin;tobramycin,15.46,13.666666666666666,15.46,13.666666666666666,amikacin;gentamicin;tobramycin,15.46,13.666666666666666,15.46
fff164402,Pseudomonas aeruginosa,Beta-lactamase combinations (J01CR),piperacillin_tazobactam;ticarcillin_clavulanate,11.06,18.5,11.06,18.5,piperacillin_tazobactam;ticarcillin_clavulanate,11.06,18.5,11.06
fff164402,Pseudomonas aeruginosa,Carbapenems (J01DH),imipenem_c;meropenem,13.02,26.5,13.02,26.5,imipenem_c;meropenem,13.02,26.5,13.02
fff164402,Pseudomonas aeruginosa,Cephalosporins 3G,ceftazidime,11.25,22.0,11.25,22.0,ceftazidime,11.25,22.0,11.25
fff164402,Pseudomonas aeruginosa,Cephalosporins 3G/BLI,ceftolozane_tazobactam,10.75,8.0,10.75,8.0,ceftolozane_tazobactam,10.75,8.0,10.75
fff164402,Pseudomonas aeruginosa,Cephalosporins 4G,cefepime,11.25,18.0,11.25,18.0,cefepime,11.25,18.0,11.25
fff164402,Pseudomonas aeruginosa,Fluoroquinolones (J01M),ciprofloxacin;levofloxacin;moxifloxacin;ofloxacin,20.1825,26.5,20.1825,26.5,ciprofloxacin;levofloxacin;moxifloxacin;ofloxacin,20.1825,26.5,20.1825
fff164402,Pseudomonas aeruginosa,Fosfomycin (J01XX01),,,,0.3,,,,,0.3
fff164402,Pseudomonas aeruginosa,Monobactams,aztreonam,5.55,22.0,5.55,22.0,aztreonam,5.55,22.0,5.55
fff164402,Pseudomonas aeruginosa,Novel BL/BLI,aztreonam_avibactam;ceftazidime_avibactam;meropenem_vaborbactam,9.543333333333335,8.666666666666666,9.543333333333335,8.666666666666666,aztreonam_avibactam;ceftazidime_avibactam;meropenem_vaborbactam,9.543333333333335,8.666666666666666,9.543333333333335
fff164402,Pseudomonas aeruginosa,Penicillins (J01C),piperacillin;ticarcillin,11.22,27.5,11.22,27.5,piperacillin;ticarcillin,11.22,27.5,11.22
fff164402,Pseudomonas aeruginosa,Polymyxins (J01XB),colistin,0.03,3.0,0.03,3.0,colistin,0.03,3.0,0.03
fff164402,Pseudomonas aeruginosa,Siderophore Cephalosporins,cefiderocol,0.0,5.0,0.0,5.0,cefiderocol,0.0,5.0,0.0
fff164402,Salmonella enterica serovar paratyphi a,Aminoglycosides (J01G),amikacin;gentamicin;tobramycin,35.81,30.0,35.81,30.0,amikacin;gentamicin;tobramycin,35.81,30.0,35.81
fff164402,Salmonella enterica serovar paratyphi a,Beta-lactamase combinations (J01CR),amoxicillin_clavulanate;ampicillin_sulbactam;piperacillin_tazobactam;ticarcillin_clavulanate,33.36,22.5,33.36,22.5,amoxicillin_clavulanate;ampicillin_sulbactam;piperacillin_tazobactam;ticarcillin_clavulanate,33.36,22.5,33.36
fff164402,Salmonella enterica serovar paratyphi a,Carbapenems (J01DH),ertapenem;imipenem_c;meropenem,3.33,10.0,3.33,10.0,ertapenem;imipenem_c;meropenem,3.33,10.0,3.33
fff164402,Salmonella enterica serovar paratyphi a,Cephalosporins 1-2G,cefazolin;cefuroxime;cephalexin,54.81,38.333333333333336,54.81,38.333333333333336,cefazolin;cefuroxime;cephalexin,54.81,38.333333333333336,54.81
fff164402,Salmonella enterica serovar paratyphi a,Cephalosporins 3G,cefixime;ceftazidime;ceftriaxone,54.81,16.666666666666668,54.81,16.666666666666668,cefixime;ceftazidime;ceftriaxone,54.81,16.666666666666668,54.81
fff164402,Salmonella enterica serovar paratyphi a,Cephalosporins 3G/BLI,ceftolozane_tazobactam,33.01,4.0,33.01,4.0,ceftolozane_tazobactam,33.01,4.0,33.01
fff164402,Salmonella enterica serovar paratyphi a,Cephalosporins 4G,cefepime,54.81,25.0,54.81,25.0,cefepime,54.81,25.0,54.81
fff164402,Salmonella enterica serovar paratyphi a,Chloramphenicol (J01BA),chloramphenicol,26.13,35.0,26.13,35.0,chloramphenicol,26.13,35.0,26.13
fff164402,Salmonella enterica serovar paratyphi a,Fluoroquinolones (J01M),ciprofloxacin;levofloxacin;moxifloxacin;ofloxacin,16.545,33.75,16.545,33.75,ciprofloxacin;levofloxacin;moxifloxacin;ofloxacin,16.545,33.75,16.545
fff164402,Salmonella enterica serovar paratyphi a,Macrolides (J01F),,,,,,,,,
fff164402,Salmonella enterica serovar paratyphi a,Monobactams,aztreonam,54.14,25.0,54.14,25.0,aztreonam,54.14,25.0,54.14
fff164402,Salmonella enterica serovar paratyphi a,Nitrofurans (J01XE),,,,,,,,,
fff164402,Salmonella enterica serovar paratyphi a,Novel BL/BLI,aztreonam_avibactam;ceftazidime_avibactam;meropenem_vaborbactam,2.8800000000000003,10.0,2.8800000000000003,10.0,aztreonam_avibactam;ceftazidime_avibactam;meropenem_vaborbactam,2.8800000000000003,10.0,2.8800000000000003
fff164402,Salmonella enterica serovar paratyphi a,Penicillins (J01C),amoxicillin;ampicillin;piperacillin;ticarcillin,54.82,40.0,54.82,40.0,amoxicillin;ampicillin;piperacillin;ticarcillin,54.82,40.0,54.82
fff164402,Salmonella enterica serovar paratyphi a,Polymyxins (J01XB),colistin,0.01,20.0,0.01,20.0,colistin,0.01,20.0,0.01
fff164402,Salmonella enterica serovar paratyphi a,Siderophore Cephalosporins,cefiderocol,0.0,1.0,0.0,1.0,cefiderocol,0.0,1.0,0.0
fff164402,Salmonella enterica serovar paratyphi a,Sulfonamides (J01E),sulfanilamide;trim_sulf,0.25,25.0,0.25,25.0,trim_sulf,0.5,40.0,0.5
fff164402,Salmonella enterica serovar paratyphi a,Tetracyclines (J01A),doxycycline;minocycline;tetracycline;tigecycline,32.8225,18.75,32.8225,18.75,doxycycline;minocycline;tetracycline;tigecycline,32.8225,18.75,32.8225
fff164402,Salmonella enterica serovar typhi,Aminoglycosides (J01G),amikacin;gentamicin;tobramycin,49.94,30.0,49.94,30.0,amikacin;gentamicin;tobramycin,49.94,30.0,49.94
fff164402,Salmonella enterica serovar typhi,Beta-lactamase combinations (J01CR),amoxicillin_clavulanate;ampicillin_sulbactam;piperacillin_tazobactam;ticarcillin_clavulanate,50.68,22.5,50.68,22.5,amoxicillin_clavulanate;ampicillin_sulbactam;piperacillin_tazobactam;ticarcillin_clavulanate,50.68,22.5,50.68
fff164402,Salmonella enterica serovar typhi,Carbapenems (J01DH),ertapenem;imipenem_c;meropenem,3.17,10.0,3.17,10.0,ertapenem;imipenem_c;meropenem,3.17,10.0,3.17
fff164402,Salmonella enterica serovar typhi,Cephalosporins 1-2G,cefazolin;cefuroxime;cephalexin,57.87,38.333333333333336,57.87,38.333333333333336,cefazolin;cefuroxime;cephalexin,57.87,38.333333333333336,57.87
fff164402,Salmonella enterica serovar typhi,Cephalosporins 3G,cefixime;ceftazidime;ceftriaxone,57.87,16.666666666666668,57.87,16.666666666666668,cefixime;ceftazidime;ceftriaxone,57.87,16.666666666666668,57.87
fff164402,Salmonella enterica serovar typhi,Cephalosporins 3G/BLI,ceftolozane_tazobactam,50.68,4.0,50.68,4.0,ceftolozane_tazobactam,50.68,4.0,50.68
fff164402,Salmonella enterica serovar typhi,Cephalosporins 4G,cefepime,57.87,25.0,57.87,25.0,cefepime,57.87,25.0,57.87
fff164402,Salmonella enterica serovar typhi,Chloramphenicol (J01BA),chloramphenicol,58.86,35.0,58.86,35.0,chloramphenicol,58.86,35.0,58.86
fff164402,Salmonella enterica serovar typhi,Fluoroquinolones (J01M),ciprofloxacin;levofloxacin;moxifloxacin;ofloxacin,29.5325,33.75,29.5325,33.75,ciprofloxacin;levofloxacin;moxifloxacin;ofloxacin,29.5325,33.75,29.5325
fff164402,Salmonella enterica serovar typhi,Macrolides (J01F),,,,,,,,,
fff164402,Salmonella enterica serovar typhi,Monobactams,aztreonam,57.24,25.0,57.24,25.0,aztreonam,57.24,25.0,57.24
fff164402,Salmonella enterica serovar typhi,Nitrofurans (J01XE),,,,,,,,,
fff164402,Salmonella enterica serovar typhi,Novel BL/BLI,aztreonam_avibactam;ceftazidime_avibactam;meropenem_vaborbactam,2.6266666666666665,10.0,2.6266666666666665,10.0,aztreonam_avibactam;ceftazidime_avibactam;meropenem_vaborbactam,2.6266666666666665,10.0,2.6266666666666665
fff164402,Salmonella enterica serovar typhi,Penicillins (J01C),amoxicillin;ampicillin;piperacillin;ticarcillin,59.0,40.0,59.0,40.0,amoxicillin;ampicillin;piperacillin;ticarcillin,59.0,40.0,59.0
fff164402,Salmonella enterica serovar typhi,Polymyxins (J01XB),colistin,0.03,20.0,0.03,20.0,colistin,0.03,20.0,0.03
fff164402,Salmonella enterica serovar typhi,Siderophore Cephalosporins,cefiderocol,0.0,1.0,0.0,1.0,cefiderocol,0.0,1.0,0.0
fff164402,Salmonella enterica serovar typhi,Sulfonamides (J01E),sulfanilamide;trim_sulf,0.55,25.0,0.55,25.0,trim_sulf,1.1,40.0,1.1
fff164402,Salmonella enterica serovar typhi,Tetracyclines (J01A),doxycycline;minocycline;tetracycline;tigecycline,63.1175,18.75,63.1175,18.75,doxycycline;minocycline;tetracycline;tigecycline,63.1175,18.75,63.1175
fff164402,Serratia spp.,Aminoglycosides (J01G),amikacin;gentamicin;tobramycin,25.33,35.0,25.33,35.0,amikacin;gentamicin;tobramycin,25.33,35.0,25.33
fff164402,Serratia spp.,Beta-lactamase combinations (J01CR),amoxicillin_clavulanate;ampicillin_sulbactam;piperacillin_tazobactam;ticarcillin_clavulanate,14.54,33.75,14.54,33.75,piperacillin_tazobactam;ticarcillin_clavulanate,29.08,30.0,29.08
fff164402,Serratia spp.,Carbapenems (J01DH),ertapenem;imipenem_c;meropenem,28.09,11.666666666666666,28.09,11.666666666666666,ertapenem;imipenem_c;meropenem,28.09,11.666666666666666,28.09
fff164402,Serratia spp.,Cephalosporins 3G,cefixime;ceftazidime;ceftriaxone,29.959999999999997,33.333333333333336,29.959999999999997,33.333333333333336,cefixime;ceftazidime;ceftriaxone,29.959999999999997,33.333333333333336,29.959999999999997
fff164402,Serratia spp.,Cephalosporins 3G/BLI,ceftolozane_tazobactam,29.04,4.0,29.04,4.0,ceftolozane_tazobactam,29.04,4.0,29.04
fff164402,Serratia spp.,Cephalosporins 4G,cefepime,29.96,35.0,29.96,35.0,cefepime,29.96,35.0,29.96
fff164402,Serratia spp.,Chloramphenicol (J01BA),chloramphenicol,27.41,30.0,27.41,30.0,chloramphenicol,27.41,30.0,27.41
fff164402,Serratia spp.,Fluoroquinolones (J01M),ciprofloxacin;levofloxacin;moxifloxacin;ofloxacin,30.885,28.75,30.885,28.75,ciprofloxacin;levofloxacin;moxifloxacin;ofloxacin,30.885,28.75,30.885
fff164402,Serratia spp.,Fosfomycin (J01XX01),fosfomycin,13.46,20.0,13.46,20.0,fosfomycin,13.46,20.0,13.46
fff164402,Serratia spp.,Monobactams,aztreonam,28.2,30.0,28.2,30.0,aztreonam,28.2,30.0,28.2
fff164402,Serratia spp.,Novel BL/BLI,aztreonam_avibactam;ceftazidime_avibactam;meropenem_vaborbactam,26.570000000000004,10.0,26.570000000000004,10.0,aztreonam_avibactam;ceftazidime_avibactam;meropenem_vaborbactam,26.570000000000004,10.0,26.570000000000004
fff164402,Serratia spp.,Penicillins (J01C),piperacillin;ticarcillin,29.99,42.5,29.99,42.5,piperacillin;ticarcillin,29.99,42.5,29.99
fff164402,Serratia spp.,Siderophore Cephalosporins,cefiderocol,0.12,1.0,0.12,1.0,cefiderocol,0.12,1.0,0.12
fff164402,Serratia spp.,Sulfonamides (J01E),sulfanilamide;trim_sulf,31.36,27.5,31.36,27.5,sulfanilamide;trim_sulf,31.36,27.5,31.36
fff164402,Serratia spp.,Tetracyclines (J01A),minocycline,27.75,10.0,27.75,10.0,minocycline,27.75,10.0,27.75
fff164402,Shigella spp.,Aminoglycosides (J01G),amikacin;gentamicin;tobramycin,23.45,28.333333333333332,23.45,28.333333333333332,amikacin;gentamicin;tobramycin,23.45,28.333333333333332,23.45
fff164402,Shigella spp.,Anti-MRSA Cephalosporins (5G),,,,,,,,,
fff164402,Shigella spp.,Beta-lactamase combinations (J01CR),amoxicillin_clavulanate;ampicillin_sulbactam;piperacillin_tazobactam;ticarcillin_clavulanate,15.94,33.75,15.94,33.75,amoxicillin_clavulanate;ampicillin_sulbactam;piperacillin_tazobactam;ticarcillin_clavulanate,15.94,33.75,15.94
fff164402,Shigella spp.,Carbapenems (J01DH),ertapenem;imipenem_c;meropenem,11.31,15.0,11.31,15.0,ertapenem;imipenem_c;meropenem,11.31,15.0,11.31
fff164402,Shigella spp.,Cephalosporins 1-2G,cefazolin;cefuroxime;cephalexin,19.0,43.333333333333336,19.0,43.333333333333336,cefazolin;cefuroxime;cephalexin,19.0,43.333333333333336,19.0
fff164402,Shigella spp.,Cephalosporins 3G,cefixime;ceftazidime;ceftriaxone,19.0,31.666666666666668,19.0,31.666666666666668,cefixime;ceftazidime;ceftriaxone,19.0,31.666666666666668,19.0
fff164402,Shigella spp.,Cephalosporins 3G/BLI,ceftolozane_tazobactam,15.87,4.0,15.87,4.0,ceftolozane_tazobactam,15.87,4.0,15.87
fff164402,Shigella spp.,Cephalosporins 4G,cefepime,19.0,30.0,19.0,30.0,cefepime,19.0,30.0,19.0
fff164402,Shigella spp.,Chloramphenicol (J01BA),chloramphenicol,39.47,35.0,39.47,35.0,chloramphenicol,39.47,35.0,39.47
fff164402,Shigella spp.,Fluoroquinolones (J01M),ciprofloxacin;levofloxacin;moxifloxacin;ofloxacin,45.4375,58.75,45.4375,58.75,ciprofloxacin;levofloxacin;moxifloxacin;ofloxacin,45.4375,58.75,45.4375
fff164402,Shigella spp.,Fosfomycin (J01XX01),,,,,,,,,
fff164402,Shigella spp.,Macrolides (J01F),azithromycin;clarithromycin;erythromycin,12.613333333333335,30.0,12.613333333333335,30.0,azithromycin,37.84,25.0,37.84
fff164402,Shigella spp.,Monobactams,aztreonam,14.58,35.0,14.58,35.0,aztreonam,14.58,35.0,14.58
fff164402,Shigella spp.,Nitrofurans (J01XE),,,,,,,,,
fff164402,Shigella spp.,Novel BL/BLI,aztreonam_avibactam;ceftazidime_avibactam;meropenem_vaborbactam,9.573333333333332,10.0,9.573333333333332,10.0,aztreonam_avibactam;ceftazidime_avibactam;meropenem_vaborbactam,9.573333333333332,10.0,9.573333333333332
fff164402,Shigella spp.,Penicillins (J01C),amoxicillin;ampicillin;piperacillin;ticarcillin,68.63,50.0,68.63,50.0,amoxicillin;ampicillin;piperacillin;ticarcillin,68.63,50.0,68.63
fff164402,Shigella spp.,Polymyxins (J01XB),colistin,13.63,20.0,13.63,20.0,colistin,13.63,20.0,13.63
fff164402,Shigella spp.,Siderophore Cephalosporins,cefiderocol,0.0,1.0,0.0,1.0,cefiderocol,0.0,1.0,0.0
fff164402,Shigella spp.,Sulfonamides (J01E),sulfanilamide;trim_sulf,43.18,30.0,43.18,30.0,sulfanilamide;trim_sulf,43.18,30.0,43.18
fff164402,Shigella spp.,Tetracyclines (J01A),doxycycline;minocycline;tetracycline;tigecycline,34.7725,28.75,34.7725,28.75,doxycycline;minocycline;tetracycline;tigecycline,34.7725,28.75,34.7725
fff164402,Staphylococcus aureus,Aminoglycosides (J01G),amikacin;gentamicin;tobramycin,52.35,40.0,52.35,40.0,amikacin;gentamicin;tobramycin,52.35,40.0,52.35
fff164402,Staphylococcus aureus,Anti-MRSA Cephalosporins (5G),ceftaroline,0.0,2.0,0.0,2.0,ceftaroline,0.0,2.0,0.0
fff164402,Staphylococcus aureus,Beta-lactamase combinations (J01CR),amoxicillin_clavulanate;ampicillin_sulbactam;piperacillin_tazobactam;ticarcillin_clavulanate,51.67,37.5,51.67,37.5,amoxicillin_clavulanate;ampicillin_sulbactam;piperacillin_tazobactam;ticarcillin_clavulanate,51.67,37.5,51.67
fff164402,Staphylococcus aureus,Carbapenems (J01DH),ertapenem;imipenem_c;meropenem,51.669999999999995,40.0,51.669999999999995,40.0,ertapenem;imipenem_c;meropenem,51.669999999999995,40.0,51.669999999999995
fff164402,Staphylococcus aureus,Cephalosporins 1-2G,cefazolin;cefuroxime;cephalexin,51.669999999999995,40.0,51.669999999999995,40.0,cefazolin;cefuroxime;cephalexin,51.669999999999995,40.0,51.669999999999995
fff164402,Staphylococcus aureus,Cephalosporins 3G,cefixime;ceftriaxone,51.67,45.0,51.67,45.0,ceftriaxone,51.67,45.0,51.67
fff164402,Staphylococcus aureus,Cephalosporins 4G,cefepime,51.67,40.0,51.67,40.0,cefepime,51.67,40.0,51.67
fff164402,Staphylococcus aureus,Chloramphenicol (J01BA),chloramphenicol,34.96,30.0,34.96,30.0,chloramphenicol,34.96,30.0,34.96
fff164402,Staphylococcus aureus,Fluoroquinolones (J01M),ciprofloxacin;levofloxacin;moxifloxacin;ofloxacin,27.92,38.75,27.92,38.75,ciprofloxacin;levofloxacin;moxifloxacin;ofloxacin,27.92,38.75,27.92
fff164402,Staphylococcus aureus,Fosfomycin (J01XX01),,,,0.35,,,,,0.35
fff164402,Staphylococcus aureus,Fusidic acid (J01XC),fusidic_a,11.87,20.0,11.87,20.0,fusidic_a,11.87,20.0,11.87
fff164402,Staphylococcus aureus,Glycopeptides (J01XA),teicoplanin;vancomycin,32.655,5.0,32.655,5.0,teicoplanin;vancomycin,32.655,5.0,32.655
fff164402,Staphylococcus aureus,Lincosamides (J01FF),clindamycin,34.66,45.0,34.66,45.0,clindamycin,34.66,45.0,34.66
fff164402,Staphylococcus aureus,Lipoglycopeptides,dalbavancin,32.65,10.0,32.65,10.0,dalbavancin,32.65,10.0,32.65
fff164402,Staphylococcus aureus,Lipopeptides (J01XX09),daptomycin,0.07,1.0,0.07,1.0,daptomycin,0.07,1.0,0.07
fff164402,Staphylococcus aureus,Macrolides (J01F),azithromycin;clarithromycin;erythromycin,30.25,38.333333333333336,30.25,38.333333333333336,azithromycin;clarithromycin;erythromycin,30.25,38.333333333333336,30.25
fff164402,Staphylococcus aureus,Nitrofurans (J01XE),,,,,,,,,
fff164402,Staphylococcus aureus,Novel BL/BLI,meropenem_vaborbactam,51.67,40.0,51.67,40.0,meropenem_vaborbactam,51.67,40.0,51.67
fff164402,Staphylococcus aureus,Oxazolidinones (J01XX),linezolid;tedizolid,29.86,1.0,29.86,1.0,linezolid;tedizolid,29.86,1.0,29.86
fff164402,Staphylococcus aureus,Penicillins (J01C),flucloxacillin;penicillin_g;piperacillin;ticarcillin,71.05000000000001,61.25,71.05000000000001,61.25,flucloxacillin;penicillin_g;piperacillin;ticarcillin,71.05000000000001,61.25,71.05000000000001
fff164402,Staphylococcus aureus,Pleuromutilins,retapamulin,29.85,15.0,29.85,15.0,retapamulin,29.85,15.0,29.85
fff164402,Staphylococcus aureus,Streptogramins (J01FG),quinu_dalfo,0.0,10.0,0.0,10.0,quinu_dalfo,0.0,10.0,0.0
fff164402,Staphylococcus aureus,Sulfonamides (J01E),trim_sulf,18.23,35.0,18.23,35.0,trim_sulf,18.23,35.0,18.23
fff164402,Staphylococcus aureus,Tetracyclines (J01A),doxycycline;minocycline;tetracycline;tigecycline,28.82,23.75,28.82,23.75,doxycycline;minocycline;tetracycline;tigecycline,28.82,23.75,28.82
fff164402,Staphylococcus epidermidis,Aminoglycosides (J01G),amikacin;gentamicin;tobramycin,4.12,31.666666666666668,4.12,31.666666666666668,amikacin;gentamicin;tobramycin,4.12,31.666666666666668,4.12
fff164402,Staphylococcus epidermidis,Anti-MRSA Cephalosporins (5G),ceftaroline,0.0,5.0,0.0,5.0,ceftaroline,0.0,5.0,0.0
fff164402,Staphylococcus epidermidis,Beta-lactamase combinations (J01CR),amoxicillin_clavulanate;ampicillin_sulbactam;piperacillin_tazobactam;ticarcillin_clavulanate,64.31,43.75,64.31,43.75,amoxicillin_clavulanate;ampicillin_sulbactam;piperacillin_tazobactam;ticarcillin_clavulanate,64.31,43.75,64.31
fff164402,Staphylococcus epidermidis,Carbapenems (J01DH),ertapenem;imipenem_c;meropenem,64.31,60.0,64.31,60.0,ertapenem;imipenem_c;meropenem,64.31,60.0,64.31
fff164402,Staphylococcus epidermidis,Cephalosporins 1-2G,cefazolin;cefuroxime;cephalexin,64.31,71.66666666666667,64.31,71.66666666666667,cefazolin;cefuroxime;cephalexin,64.31,71.66666666666667,64.31
fff164402,Staphylococcus epidermidis,Cephalosporins 3G,cefixime,64.31,20.0,64.31,20.0,,,,
fff164402,Staphylococcus epidermidis,Cephalosporins 4G,cefepime,64.31,60.0,64.31,60.0,cefepime,64.31,60.0,64.31
fff164402,Staphylococcus epidermidis,Chloramphenicol (J01BA),chloramphenicol,3.45,20.0,3.45,20.0,chloramphenicol,3.45,20.0,3.45
fff164402,Staphylococcus epidermidis,Fluoroquinolones (J01M),ciprofloxacin;levofloxacin;moxifloxacin;ofloxacin,45.18749999999999,47.5,45.18749999999999,47.5,ciprofloxacin;levofloxacin;moxifloxacin;ofloxacin,45.18749999999999,47.5,45.18749999999999
fff164402,Staphylococcus epidermidis,Fosfomycin (J01XX01),fosfomycin,0.0,15.0,0.0,15.0,fosfomycin,0.0,15.0,0.0
fff164402,Staphylococcus epidermidis,Fusidic acid (J01XC),fusidic_a,0.51,20.0,0.51,20.0,fusidic_a,0.51,20.0,0.51
fff164402,Staphylococcus epidermidis,Glycopeptides (J01XA),teicoplanin;vancomycin,49.6,0.5,49.6,0.5,teicoplanin;vancomycin,49.6,0.5,49.6
fff164402,Staphylococcus epidermidis,Lincosamides (J01FF),clindamycin,61.15,55.0,61.15,55.0,clindamycin,61.15,55.00000000000001,61.15
fff164402,Staphylococcus epidermidis,Lipoglycopeptides,dalbavancin,49.6,1.0,49.6,1.0,dalbavancin,49.6,1.0,49.6
fff164402,Staphylococcus epidermidis,Lipopeptides (J01XX09),daptomycin,0.0,1.0,0.0,1.0,daptomycin,0.0,1.0,0.0
fff164402,Staphylococcus epidermidis,Macrolides (J01F),azithromycin;clarithromycin;erythromycin,60.95000000000001,58.333333333333336,60.95000000000001,58.333333333333336,azithromycin;clarithromycin;erythromycin,60.95000000000001,58.333333333333336,60.95000000000001
fff164402,Staphylococcus epidermidis,Nitrofurans (J01XE),,,,0.0,,,,,0.0
fff164402,Staphylococcus epidermidis,Novel BL/BLI,meropenem_vaborbactam,64.31,45.0,64.31,45.0,meropenem_vaborbactam,64.31,45.0,64.31
fff164402,Staphylococcus epidermidis,Oxazolidinones (J01XX),linezolid;tedizolid,0.56,1.0,0.56,1.0,linezolid;tedizolid,0.56,1.0,0.56
fff164402,Staphylococcus epidermidis,Penicillins (J01C),flucloxacillin;piperacillin;ticarcillin,64.66333333333334,75.0,64.66333333333334,75.0,flucloxacillin;piperacillin;ticarcillin,64.66333333333334,75.0,64.66333333333334
fff164402,Staphylococcus epidermidis,Pleuromutilins,retapamulin,0.56,10.0,0.56,10.0,retapamulin,0.56,10.0,0.56
fff164402,Staphylococcus epidermidis,Streptogramins (J01FG),quinu_dalfo,0.0,5.0,0.0,5.0,quinu_dalfo,0.0,5.0,0.0
fff164402,Staphylococcus epidermidis,Sulfonamides (J01E),trim_sulf,48.98,35.0,48.98,35.0,trim_sulf,48.98,35.0,48.98
fff164402,Staphylococcus epidermidis,Tetracyclines (J01A),doxycycline;minocycline;tetracycline,24.61,21.666666666666668,24.61,21.666666666666668,doxycycline;minocycline;tetracycline,24.61,21.666666666666668,24.61
fff164402,Stenotrophomonas maltophilia,Beta-lactamase combinations (J01CR),,,,,,,,,
fff164402,Stenotrophomonas maltophilia,Chloramphenicol (J01BA),chloramphenicol,35.41,50.0,35.41,50.0,chloramphenicol,35.41,50.0,35.41
fff164402,Stenotrophomonas maltophilia,Fluoroquinolones (J01M),ciprofloxacin;levofloxacin;moxifloxacin;ofloxacin,13.23,47.5,13.23,47.5,ciprofloxacin;levofloxacin;moxifloxacin;ofloxacin,13.23,47.5,13.23
fff164402,Stenotrophomonas maltophilia,Novel BL/BLI,,,,,,,,,
fff164402,Stenotrophomonas maltophilia,Siderophore Cephalosporins,cefiderocol,0.0,5.0,0.0,5.0,cefiderocol,0.0,5.0,0.0
fff164402,Stenotrophomonas maltophilia,Sulfonamides (J01E),trim_sulf,0.0,15.0,0.0,15.0,trim_sulf,0.0,15.0,0.0
fff164402,Stenotrophomonas maltophilia,Tetracyclines (J01A),doxycycline;minocycline;tetracycline,45.629999999999995,41.666666666666664,45.629999999999995,41.666666666666664,doxycycline;minocycline;tetracycline,45.629999999999995,41.666666666666664,45.629999999999995
fff164402,Streptococcus agalactiae,Anti-MRSA Cephalosporins (5G),ceftaroline,0.07,0.1,0.07,0.1,ceftaroline,0.07,0.1,0.07
fff164402,Streptococcus agalactiae,Beta-lactamase combinations (J01CR),amoxicillin_clavulanate;ampicillin_sulbactam;piperacillin_tazobactam;ticarcillin_clavulanate,0.07,0.1,0.07,0.1,amoxicillin_clavulanate;ampicillin_sulbactam;piperacillin_tazobactam;ticarcillin_clavulanate,0.07,0.1,0.07
fff164402,Streptococcus agalactiae,Carbapenems (J01DH),ertapenem;imipenem_c;meropenem,0.0,0.10000000000000002,0.0,0.10000000000000002,ertapenem;imipenem_c;meropenem,0.0,0.10000000000000002,0.0
fff164402,Streptococcus agalactiae,Cephalosporins 1-2G,cefazolin;cefuroxime;cephalexin,0.07,0.10000000000000002,0.07,0.10000000000000002,cefazolin;cefuroxime;cephalexin,0.07,0.10000000000000002,0.07
fff164402,Streptococcus agalactiae,Cephalosporins 3G,cefixime;ceftazidime;ceftriaxone,0.07,0.10000000000000002,0.07,0.10000000000000002,cefixime;ceftazidime;ceftriaxone,0.07,0.10000000000000002,0.07
fff164402,Streptococcus agalactiae,Cephalosporins 3G/BLI,,,,0.07,,,,,0.07
fff164402,Streptococcus agalactiae,Cephalosporins 4G,cefepime,0.07,0.1,0.07,0.1,cefepime,0.07,0.1,0.07
fff164402,Streptococcus agalactiae,Chloramphenicol (J01BA),chloramphenicol,15.08,5.0,15.08,5.0,chloramphenicol,15.08,5.0,15.08
fff164402,Streptococcus agalactiae,Fluoroquinolones (J01M),ciprofloxacin;levofloxacin;moxifloxacin;ofloxacin,8.227500000000001,2.0,8.227500000000001,2.0,ciprofloxacin;levofloxacin;moxifloxacin;ofloxacin,8.227500000000001,2.0,8.227500000000001
fff164402,Streptococcus agalactiae,Fosfomycin (J01XX01),,,,0.0,,,,,0.0
fff164402,Streptococcus agalactiae,Glycopeptides (J01XA),teicoplanin;vancomycin,4.255,0.1,4.255,0.1,teicoplanin;vancomycin,4.255,0.1,4.255
fff164402,Streptococcus agalactiae,Lincosamides (J01FF),clindamycin,12.91,32.0,12.91,32.0,clindamycin,12.91,32.0,12.91
fff164402,Streptococcus agalactiae,Lipoglycopeptides,dalbavancin,3.23,0.1,3.23,0.1,dalbavancin,3.23,0.1,3.23
fff164402,Streptococcus agalactiae,Lipopeptides (J01XX09),daptomycin,0.0,0.1,0.0,0.1,daptomycin,0.0,0.1,0.0
fff164402,Streptococcus agalactiae,Macrolides (J01F),azithromycin;clarithromycin;erythromycin,13.12,23.333333333333332,13.12,23.333333333333332,azithromycin;clarithromycin;erythromycin,13.12,23.333333333333332,13.12
fff164402,Streptococcus agalactiae,Nitrofurans (J01XE),,,,,,,,,
fff164402,Streptococcus agalactiae,Novel BL/BLI,ceftazidime_avibactam;meropenem_vaborbactam,0.035,0.1,0.035,0.1,ceftazidime_avibactam;meropenem_vaborbactam,0.035,0.1,0.035
fff164402,Streptococcus agalactiae,Oxazolidinones (J01XX),linezolid;tedizolid,2.53,0.1,2.53,0.1,linezolid;tedizolid,2.53,0.1,2.53
fff164402,Streptococcus agalactiae,Penicillins (J01C),amoxicillin;ampicillin;flucloxacillin;penicillin_g;piperacillin;ticarcillin,0.07,0.09999999999999999,0.07,0.09999999999999999,amoxicillin;ampicillin;flucloxacillin;penicillin_g;piperacillin;ticarcillin,0.07,0.09999999999999999,0.07
fff164402,Streptococcus agalactiae,Pleuromutilins,,,,,,,,,
fff164402,Streptococcus agalactiae,Streptogramins (J01FG),quinu_dalfo,0.0,2.0,0.0,2.0,quinu_dalfo,0.0,2.0,0.0
fff164402,Streptococcus agalactiae,Sulfonamides (J01E),trim_sulf,3.33,12.0,3.33,12.0,trim_sulf,3.33,12.0,3.33
fff164402,Streptococcus agalactiae,Tetracyclines (J01A),doxycycline;minocycline;tetracycline;tigecycline,13.987499999999999,28.75,13.987499999999999,28.75,doxycycline;minocycline;tetracycline;tigecycline,13.987499999999999,28.75,13.987499999999999
fff164402,Streptococcus pneumoniae,Anti-MRSA Cephalosporins (5G),ceftaroline,0.0,2.0,0.0,2.0,ceftaroline,0.0,2.0,0.0
fff164402,Streptococcus pneumoniae,Beta-lactamase combinations (J01CR),amoxicillin_clavulanate;ampicillin_sulbactam;piperacillin_tazobactam;ticarcillin_clavulanate,0.0,25.0,0.0,25.0,amoxicillin_clavulanate;ampicillin_sulbactam;piperacillin_tazobactam;ticarcillin_clavulanate,0.0,25.0,0.0
fff164402,Streptococcus pneumoniae,Carbapenems (J01DH),ertapenem;imipenem_c;meropenem,0.0,5.0,0.0,5.0,ertapenem;imipenem_c;meropenem,0.0,5.0,0.0
fff164402,Streptococcus pneumoniae,Cephalosporins 1-2G,cefazolin;cefuroxime;cephalexin,0.0,25.0,0.0,25.0,cefazolin;cefuroxime;cephalexin,0.0,25.0,0.0
fff164402,Streptococcus pneumoniae,Cephalosporins 3G,cefixime;ceftazidime;ceftriaxone,0.0,16.666666666666668,0.0,16.666666666666668,cefixime;ceftazidime;ceftriaxone,0.0,16.666666666666668,0.0
fff164402,Streptococcus pneumoniae,Cephalosporins 3G/BLI,,,,0.0,,,,,0.0
fff164402,Streptococcus pneumoniae,Cephalosporins 4G,cefepime,0.0,25.0,0.0,25.0,cefepime,0.0,25.0,0.0
fff164402,Streptococcus pneumoniae,Chloramphenicol (J01BA),chloramphenicol,15.56,25.0,15.56,25.0,chloramphenicol,15.56,25.0,15.56
fff164402,Streptococcus pneumoniae,Fluoroquinolones (J01M),ciprofloxacin;levofloxacin;moxifloxacin;ofloxacin,5.2675,12.5,5.2675,12.5,ciprofloxacin;levofloxacin;moxifloxacin;ofloxacin,5.2675,12.5,5.2675
fff164402,Streptococcus pneumoniae,Fosfomycin (J01XX01),,,,0.0,,,,,0.0
fff164402,Streptococcus pneumoniae,Glycopeptides (J01XA),teicoplanin;vancomycin,0.0,2.5,0.0,2.5,teicoplanin;vancomycin,0.0,2.5,0.0
fff164402,Streptococcus pneumoniae,Lincosamides (J01FF),clindamycin,6.38,45.0,6.38,45.0,clindamycin,6.38,45.0,6.38
fff164402,Streptococcus pneumoniae,Lipoglycopeptides,dalbavancin,0.0,5.0,0.0,5.0,dalbavancin,0.0,5.0,0.0
fff164402,Streptococcus pneumoniae,Lipopeptides (J01XX09),daptomycin,0.0,0.0,0.0,0.0,daptomycin,0.0,0.0,0.0
fff164402,Streptococcus pneumoniae,Macrolides (J01F),azithromycin;clarithromycin;erythromycin,11.89,38.333333333333336,11.89,38.333333333333336,azithromycin;clarithromycin;erythromycin,11.89,38.333333333333336,11.89
fff164402,Streptococcus pneumoniae,Novel BL/BLI,ceftazidime_avibactam;meropenem_vaborbactam,0.0,5.0,0.0,5.0,ceftazidime_avibactam;meropenem_vaborbactam,0.0,5.0,0.0
fff164402,Streptococcus pneumoniae,Oxazolidinones (J01XX),linezolid;tedizolid,0.01,2.5,0.01,2.5,linezolid;tedizolid,0.01,2.5,0.01
fff164402,Streptococcus pneumoniae,Penicillins (J01C),amoxicillin;ampicillin;flucloxacillin;penicillin_g;piperacillin;ticarcillin,0.0,27.5,0.0,27.5,amoxicillin;ampicillin;flucloxacillin;penicillin_g;piperacillin;ticarcillin,0.0,27.5,0.0
fff164402,Streptococcus pneumoniae,Streptogramins (J01FG),quinu_dalfo,0.0,10.0,0.0,10.0,quinu_dalfo,0.0,10.0,0.0
fff164402,Streptococcus pneumoniae,Sulfonamides (J01E),trim_sulf,42.35,35.0,42.35,35.0,trim_sulf,42.35,35.0,42.35
fff164402,Streptococcus pneumoniae,Tetracyclines (J01A),doxycycline;minocycline;tetracycline;tigecycline,16.4775,13.75,16.4775,13.75,doxycycline;minocycline;tetracycline;tigecycline,16.4775,13.75,16.4775
fff164402,Streptococcus pyogenes,Anti-MRSA Cephalosporins (5G),ceftaroline,0.0,0.1,0.0,0.1,ceftaroline,0.0,0.1,0.0
fff164402,Streptococcus pyogenes,Beta-lactamase combinations (J01CR),amoxicillin_clavulanate;ampicillin_sulbactam;piperacillin_tazobactam;ticarcillin_clavulanate,0.0,0.1,0.0,0.1,amoxicillin_clavulanate;ampicillin_sulbactam;piperacillin_tazobactam;ticarcillin_clavulanate,0.0,0.1,0.0
fff164402,Streptococcus pyogenes,Carbapenems (J01DH),ertapenem;imipenem_c;meropenem,0.0,0.10000000000000002,0.0,0.10000000000000002,ertapenem;imipenem_c;meropenem,0.0,0.10000000000000002,0.0
fff164402,Streptococcus pyogenes,Cephalosporins 1-2G,cefazolin;cefuroxime;cephalexin,0.0,0.10000000000000002,0.0,0.10000000000000002,cefazolin;cefuroxime;cephalexin,0.0,0.10000000000000002,0.0
fff164402,Streptococcus pyogenes,Cephalosporins 3G,cefixime;ceftazidime;ceftriaxone,0.0,0.10000000000000002,0.0,0.10000000000000002,cefixime;ceftazidime;ceftriaxone,0.0,0.10000000000000002,0.0
fff164402,Streptococcus pyogenes,Cephalosporins 3G/BLI,,,,0.0,,,,,0.0
fff164402,Streptococcus pyogenes,Cephalosporins 4G,cefepime,0.0,0.1,0.0,0.1,cefepime,0.0,0.1,0.0
fff164402,Streptococcus pyogenes,Chloramphenicol (J01BA),chloramphenicol,4.45,8.0,4.45,8.0,chloramphenicol,4.45,8.0,4.45
fff164402,Streptococcus pyogenes,Fluoroquinolones (J01M),ciprofloxacin;levofloxacin;moxifloxacin;ofloxacin,1.8925,2.0,1.8925,2.0,ciprofloxacin;levofloxacin;moxifloxacin;ofloxacin,1.8925,2.0,1.8925
fff164402,Streptococcus pyogenes,Fosfomycin (J01XX01),,,,0.0,,,,,0.0
fff164402,Streptococcus pyogenes,Glycopeptides (J01XA),teicoplanin;vancomycin,0.005,0.1,0.005,0.1,teicoplanin;vancomycin,0.005,0.1,0.005
fff164402,Streptococcus pyogenes,Lincosamides (J01FF),clindamycin,3.93,20.0,3.93,20.0,clindamycin,3.93,20.0,3.93
fff164402,Streptococcus pyogenes,Lipoglycopeptides,dalbavancin,0.0,0.1,0.0,0.1,dalbavancin,0.0,0.1,0.0
fff164402,Streptococcus pyogenes,Lipopeptides (J01XX09),daptomycin,0.0,0.1,0.0,0.1,daptomycin,0.0,0.1,0.0
fff164402,Streptococcus pyogenes,Macrolides (J01F),azithromycin;clarithromycin;erythromycin,4.35,14.0,4.35,14.0,azithromycin;clarithromycin;erythromycin,4.35,14.0,4.35
fff164402,Streptococcus pyogenes,Novel BL/BLI,ceftazidime_avibactam;meropenem_vaborbactam,0.0,0.1,0.0,0.1,ceftazidime_avibactam;meropenem_vaborbactam,0.0,0.1,0.0
fff164402,Streptococcus pyogenes,Oxazolidinones (J01XX),linezolid;tedizolid,2.21,0.1,2.21,0.1,linezolid;tedizolid,2.21,0.1,2.21
fff164402,Streptococcus pyogenes,Penicillins (J01C),amoxicillin;ampicillin;flucloxacillin;penicillin_g;piperacillin;ticarcillin,0.0,0.09999999999999999,0.0,0.09999999999999999,amoxicillin;ampicillin;flucloxacillin;penicillin_g;piperacillin;ticarcillin,0.0,0.09999999999999999,0.0
fff164402,Streptococcus pyogenes,Pleuromutilins,,,,,,,,,
fff164402,Streptococcus pyogenes,Streptogramins (J01FG),quinu_dalfo,0.0,2.0,0.0,2.0,quinu_dalfo,0.0,2.0,0.0
fff164402,Streptococcus pyogenes,Sulfonamides (J01E),trim_sulf,0.45,15.0,0.45,15.0,trim_sulf,0.45,15.0,0.45
fff164402,Streptococcus pyogenes,Tetracyclines (J01A),doxycycline;minocycline;tetracycline;tigecycline,2.7925000000000004,11.75,2.7925000000000004,11.75,doxycycline;minocycline;tetracycline;tigecycline,2.7925000000000004,11.75,2.7925000000000004
fff164402,Treponema pallidum,Anti-MRSA Cephalosporins (5G),ceftaroline,0.0,0.1,0.0,0.1,ceftaroline,0.0,0.1,0.0
fff164402,Treponema pallidum,Beta-lactamase combinations (J01CR),amoxicillin_clavulanate;ampicillin_sulbactam;piperacillin_tazobactam;ticarcillin_clavulanate,0.0,0.1,0.0,0.1,amoxicillin_clavulanate;ampicillin_sulbactam;piperacillin_tazobactam;ticarcillin_clavulanate,0.0,0.1,0.0
fff164402,Treponema pallidum,Carbapenems (J01DH),ertapenem;imipenem_c;meropenem,0.0,0.10000000000000002,0.0,0.10000000000000002,ertapenem;imipenem_c;meropenem,0.0,0.10000000000000002,0.0
fff164402,Treponema pallidum,Cephalosporins 1-2G,cefazolin;cefuroxime;cephalexin,0.0,0.10000000000000002,0.0,0.10000000000000002,cefazolin;cefuroxime;cephalexin,0.0,0.10000000000000002,0.0
fff164402,Treponema pallidum,Cephalosporins 3G,ceftazidime;ceftriaxone,0.0,0.1,0.0,0.1,ceftazidime;ceftriaxone,0.0,0.1,0.0
fff164402,Treponema pallidum,Cephalosporins 4G,cefepime,0.0,0.1,0.0,0.1,cefepime,0.0,0.1,0.0
fff164402,Treponema pallidum,Chloramphenicol (J01BA),chloramphenicol,17.25,5.0,17.25,5.0,chloramphenicol,17.25,5.0,17.25
fff164402,Treponema pallidum,Lipoglycopeptides,,,,,,,,,
fff164402,Treponema pallidum,Macrolides (J01F),azithromycin;clarithromycin;erythromycin,0.0,19.333333333333332,0.0,19.333333333333332,azithromycin;clarithromycin;erythromycin,0.0,19.333333333333332,0.0
fff164402,Treponema pallidum,Monobactams,aztreonam,0.0,0.1,0.0,0.1,aztreonam,0.0,0.1,0.0
fff164402,Treponema pallidum,Novel BL/BLI,aztreonam_avibactam;ceftazidime_avibactam;meropenem_vaborbactam,0.0,0.10000000000000002,0.0,0.10000000000000002,aztreonam_avibactam;ceftazidime_avibactam;meropenem_vaborbactam,0.0,0.10000000000000002,0.0
fff164402,Treponema pallidum,Oxazolidinones (J01XX),,,,,,,,,
fff164402,Treponema pallidum,Penicillins (J01C),amoxicillin;ampicillin;penicillin_g;piperacillin;ticarcillin,0.0,0.1,0.0,0.1,amoxicillin;ampicillin;penicillin_g;piperacillin;ticarcillin,0.0,0.1,0.0
fff164402,Treponema pallidum,Tetracyclines (J01A),doxycycline;minocycline;tetracycline,21.23,6.333333333333333,21.23,6.333333333333333,doxycycline;minocycline;tetracycline,21.23,0.0,21.23
fff164402,Vibrio cholerae,Aminoglycosides (J01G),amikacin;gentamicin;tobramycin,5.349999999999999,10.0,5.349999999999999,10.0,amikacin;gentamicin;tobramycin,5.349999999999999,10.0,5.349999999999999
fff164402,Vibrio cholerae,Beta-lactamase combinations (J01CR),amoxicillin_clavulanate;ampicillin_sulbactam;piperacillin_tazobactam;ticarcillin_clavulanate,7.99,12.5,7.99,12.5,amoxicillin_clavulanate;ampicillin_sulbactam;piperacillin_tazobactam;ticarcillin_clavulanate,7.99,12.5,7.99
fff164402,Vibrio cholerae,Carbapenems (J01DH),ertapenem;imipenem_c;meropenem,4.0,5.0,4.0,5.0,ertapenem;imipenem_c;meropenem,4.0,5.0,4.0
fff164402,Vibrio cholerae,Cephalosporins 1-2G,cefazolin;cefuroxime;cephalexin,10.58,18.333333333333332,10.58,18.333333333333332,cefazolin;cefuroxime;cephalexin,10.58,18.333333333333332,10.58
fff164402,Vibrio cholerae,Cephalosporins 3G,cefixime;ceftazidime;ceftriaxone,10.58,10.0,10.58,10.0,cefixime;ceftazidime;ceftriaxone,10.58,10.0,10.58
fff164402,Vibrio cholerae,Cephalosporins 3G/BLI,ceftolozane_tazobactam,7.02,4.0,7.02,4.0,ceftolozane_tazobactam,7.02,4.0,7.02
fff164402,Vibrio cholerae,Cephalosporins 4G,cefepime,10.58,10.0,10.58,10.0,cefepime,10.58,10.0,10.58
fff164402,Vibrio cholerae,Chloramphenicol (J01BA),chloramphenicol,5.36,10.0,5.36,10.0,chloramphenicol,5.36,10.0,5.36
fff164402,Vibrio cholerae,Fluoroquinolones (J01M),ciprofloxacin;levofloxacin;moxifloxacin;ofloxacin,5.6525,12.5,5.6525,12.5,ciprofloxacin;levofloxacin;moxifloxacin;ofloxacin,5.6525,12.5,5.6525
fff164402,Vibrio cholerae,Macrolides (J01F),azithromycin;clarithromycin;erythromycin,5.7,18.333333333333332,5.7,18.333333333333332,azithromycin;clarithromycin;erythromycin,5.7,18.333333333333332,5.7
fff164402,Vibrio cholerae,Monobactams,aztreonam,8.52,10.0,8.52,10.0,aztreonam,8.52,10.0,8.52
fff164402,Vibrio cholerae,Nitrofurans (J01XE),,,,,,,,,
fff164402,Vibrio cholerae,Novel BL/BLI,aztreonam_avibactam;ceftazidime_avibactam;meropenem_vaborbactam,3.19,5.0,3.19,5.0,aztreonam_avibactam;ceftazidime_avibactam;meropenem_vaborbactam,3.19,5.0,3.19
fff164402,Vibrio cholerae,Penicillins (J01C),amoxicillin;ampicillin;penicillin_g;piperacillin;ticarcillin,10.62,16.0,10.62,16.0,amoxicillin;ampicillin;penicillin_g;piperacillin;ticarcillin,10.62,16.0,10.62
fff164402,Vibrio cholerae,Polymyxins (J01XB),colistin,0.04,10.0,0.04,10.0,colistin,0.04,10.0,0.04
fff164402,Vibrio cholerae,Siderophore Cephalosporins,cefiderocol,0.0,1.0,0.0,1.0,cefiderocol,0.0,1.0,0.0
fff164402,Vibrio cholerae,Sulfonamides (J01E),sulfanilamide;trim_sulf,17.0,10.0,17.0,10.0,sulfanilamide;trim_sulf,17.0,10.0,17.0
fff164402,Vibrio cholerae,Tetracyclines (J01A),doxycycline;minocycline;tetracycline;tigecycline,4.755,5.0,4.755,5.0,doxycycline;minocycline;tetracycline;tigecycline,4.755,5.0,4.755
fff164402,Yersinia enterocolitica,Aminoglycosides (J01G),amikacin;gentamicin;tobramycin,6.260000000000001,10.0,6.260000000000001,10.0,amikacin;gentamicin;tobramycin,6.260000000000001,10.0,6.260000000000001
fff164402,Yersinia enterocolitica,Beta-lactamase combinations (J01CR),amoxicillin_clavulanate;ampicillin_sulbactam;piperacillin_tazobactam;ticarcillin_clavulanate,11.495,8.75,11.495,8.75,piperacillin_tazobactam;ticarcillin_clavulanate,22.99,7.5,22.99
fff164402,Yersinia enterocolitica,Carbapenems (J01DH),ertapenem;imipenem_c;meropenem,1.63,5.0,1.63,5.0,ertapenem;imipenem_c;meropenem,1.63,5.0,1.63
fff164402,Yersinia enterocolitica,Cephalosporins 1-2G,cefazolin;cefuroxime;cephalexin,8.62,33.333333333333336,8.62,33.333333333333336,cefuroxime,25.86,30.0,25.86
fff164402,Yersinia enterocolitica,Cephalosporins 3G,cefixime;ceftazidime;ceftriaxone,25.86,11.666666666666666,25.86,11.666666666666666,cefixime;ceftazidime;ceftriaxone,25.86,11.666666666666666,25.86
fff164402,Yersinia enterocolitica,Cephalosporins 3G/BLI,ceftolozane_tazobactam,22.99,4.0,22.99,4.0,ceftolozane_tazobactam,22.99,4.0,22.99
fff164402,Yersinia enterocolitica,Cephalosporins 4G,cefepime,25.86,10.0,25.86,10.0,cefepime,25.86,10.0,25.86
fff164402,Yersinia enterocolitica,Chloramphenicol (J01BA),chloramphenicol,19.5,10.0,19.5,10.0,chloramphenicol,19.5,10.0,19.5
fff164402,Yersinia enterocolitica,Fluoroquinolones (J01M),ciprofloxacin;levofloxacin;moxifloxacin;ofloxacin,14.08,7.5,14.08,7.5,ciprofloxacin;levofloxacin;moxifloxacin;ofloxacin,14.08,7.5,14.08
fff164402,Yersinia enterocolitica,Fosfomycin (J01XX01),,,,,,,,,
fff164402,Yersinia enterocolitica,Macrolides (J01F),,,,,,,,,
fff164402,Yersinia enterocolitica,Monobactams,aztreonam,25.73,15.0,25.73,15.0,aztreonam,25.73,15.0,25.73
fff164402,Yersinia enterocolitica,Nitrofurans (J01XE),,,,,,,,,
fff164402,Yersinia enterocolitica,Novel BL/BLI,aztreonam_avibactam;ceftazidime_avibactam;meropenem_vaborbactam,1.2333333333333332,5.0,1.2333333333333332,5.0,aztreonam_avibactam;ceftazidime_avibactam;meropenem_vaborbactam,1.2333333333333332,5.0,1.2333333333333332
fff164402,Yersinia enterocolitica,Penicillins (J01C),amoxicillin;piperacillin;ticarcillin,8.63,28.333333333333332,8.63,28.333333333333332,piperacillin,25.89,25.0,25.89
fff164402,Yersinia enterocolitica,Polymyxins (J01XB),colistin,0.13,10.0,0.13,10.0,colistin,0.13,10.0,0.13
fff164402,Yersinia enterocolitica,Siderophore Cephalosporins,cefiderocol,0.0,1.0,0.0,1.0,cefiderocol,0.0,1.0,0.0
fff164402,Yersinia enterocolitica,Sulfonamides (J01E),sulfanilamide;trim_sulf,19.92,12.5,19.92,12.5,sulfanilamide;trim_sulf,19.92,12.5,19.92
fff164402,Yersinia enterocolitica,Tetracyclines (J01A),doxycycline;minocycline;tetracycline;tigecycline,21.435,6.25,21.435,6.25,doxycycline;minocycline;tetracycline;tigecycline,21.435,6.25,21.435
fff311750,Acinetobacter baumannii,Aminoglycosides (J01G),amikacin;gentamicin;tobramycin,37.02,46.666666666666664,37.02,46.666666666666664,amikacin;gentamicin;tobramycin,37.02,46.666666666666664,37.02
fff311750,Acinetobacter baumannii,Beta-lactamase combinations (J01CR),piperacillin_tazobactam;ticarcillin_clavulanate,47.68,47.5,47.68,47.5,piperacillin_tazobactam;ticarcillin_clavulanate,47.68,47.5,47.68
fff311750,Acinetobacter baumannii,Carbapenems (J01DH),imipenem_c;meropenem,47.48,52.5,47.48,52.5,imipenem_c;meropenem,47.48,52.5,47.48
fff311750,Acinetobacter baumannii,Cephalosporins 3G,ceftazidime,47.79,65.0,47.79,65.0,ceftazidime,47.79,65.0,47.79
fff311750,Acinetobacter baumannii,Cephalosporins 4G,cefepime,47.79,55.0,47.79,55.0,cefepime,47.79,55.00000000000001,47.79
fff311750,Acinetobacter baumannii,Fluoroquinolones (J01M),ciprofloxacin;levofloxacin;moxifloxacin;ofloxacin,52.345,68.25,52.345,68.25,ciprofloxacin;levofloxacin;moxifloxacin;ofloxacin,52.345,68.25,52.345
fff311750,Acinetobacter baumannii,Novel BL/BLI,ceftazidime_avibactam;meropenem_vaborbactam,47.474999999999994,21.5,47.474999999999994,21.5,ceftazidime_avibactam;meropenem_vaborbactam,47.474999999999994,21.5,47.474999999999994
fff311750,Acinetobacter baumannii,Penicillins (J01C),piperacillin;ticarcillin,47.78,67.5,47.78,67.5,piperacillin;ticarcillin,47.78,67.5,47.78
fff311750,Acinetobacter baumannii,Polymyxins (J01XB),colistin,33.08,12.0,33.08,12.0,colistin,33.08,12.0,33.08
fff311750,Acinetobacter baumannii,Siderophore Cephalosporins,cefiderocol,0.0,5.0,0.0,5.0,cefiderocol,0.0,5.0,0.0
fff311750,Acinetobacter baumannii,Tetracyclines (J01A),minocycline;tigecycline,38.635000000000005,50.0,38.635000000000005,50.0,minocycline;tigecycline,38.635000000000005,50.0,38.635000000000005
fff311750,Bacteroides fragilis,Beta-lactamase combinations (J01CR),amoxicillin_clavulanate;ampicillin_sulbactam;piperacillin_tazobactam;ticarcillin_clavulanate,29.21,23.25,29.21,23.25,amoxicillin_clavulanate;ampicillin_sulbactam;piperacillin_tazobactam;ticarcillin_clavulanate,29.21,23.25,29.21
fff311750,Bacteroides fragilis,Carbapenems (J01DH),ertapenem;imipenem_c;meropenem,18.65,6.0,18.65,6.0,ertapenem;imipenem_c;meropenem,18.65,6.0,18.65
fff311750,Bacteroides fragilis,Cephalosporins 3G,cefixime;ceftazidime;ceftriaxone,44.31,75.0,44.31,75.0,ceftazidime;ceftriaxone,44.31,75.0,44.31
fff311750,Bacteroides fragilis,Cephalosporins 3G/BLI,ceftolozane_tazobactam,29.12,4.0,29.12,4.0,ceftolozane_tazobactam,29.12,4.0,29.12
fff311750,Bacteroides fragilis,Cephalosporins 4G,cefepime,44.31,70.0,44.31,70.0,cefepime,44.31,70.0,44.31
fff311750,Bacteroides fragilis,Chloramphenicol (J01BA),chloramphenicol,70.71,20.0,70.71,20.0,chloramphenicol,70.71,20.0,70.71
fff311750,Bacteroides fragilis,Fluoroquinolones (J01M),ciprofloxacin;levofloxacin;moxifloxacin;ofloxacin,38.035000000000004,35.0,38.035000000000004,35.0,ciprofloxacin;levofloxacin;moxifloxacin;ofloxacin,38.035000000000004,35.0,38.035000000000004
fff311750,Bacteroides fragilis,Lincosamides (J01FF),clindamycin,4.02,40.0,4.02,40.0,clindamycin,4.02,40.0,4.02
fff311750,Bacteroides fragilis,Macrolides (J01F),,,,,,,,,
fff311750,Bacteroides fragilis,Nitroimidazoles,metronidazole,3.79,5.0,3.79,5.0,metronidazole,3.79,5.0,3.79
fff311750,Bacteroides fragilis,Novel BL/BLI,ceftazidime_avibactam;meropenem_vaborbactam,21.064999999999998,12.5,21.064999999999998,12.5,ceftazidime_avibactam;meropenem_vaborbactam,21.064999999999998,12.5,21.064999999999998
fff311750,Bacteroides fragilis,Oxazolidinones (J01XX),,,,,,,,,
fff311750,Bacteroides fragilis,Penicillins (J01C),ampicillin,44.31,90.0,44.31,90.0,ampicillin,44.31,90.0,44.31
fff311750,Bacteroides fragilis,Streptogramins (J01FG),,,,,,,,,
fff311750,Bacteroides fragilis,Sulfonamides (J01E),trim_sulf,12.78,30.0,12.78,30.0,trim_sulf,12.78,30.0,12.78
fff311750,Bacteroides fragilis,Tetracyclines (J01A),doxycycline;minocycline;tetracycline;tigecycline,70.28,43.75,70.28,43.75,doxycycline;minocycline;tetracycline;tigecycline,70.28,43.75,70.28
fff311750,Bordetella pertussis,Aminoglycosides (J01G),amikacin;gentamicin;tobramycin,2.52,20.0,2.52,20.0,amikacin;gentamicin;tobramycin,2.52,20.0,2.52
fff311750,Bordetella pertussis,Beta-lactamase combinations (J01CR),,,,,,,,,
fff311750,Bordetella pertussis,Carbapenems (J01DH),,,,,,,,,
fff311750,Bordetella pertussis,Cephalosporins 3G,,,,3.94,,,,,3.94
fff311750,Bordetella pertussis,Cephalosporins 3G/BLI,ceftolozane_tazobactam,2.01,4.0,2.01,4.0,ceftolozane_tazobactam,2.01,4.0,2.01
fff311750,Bordetella pertussis,Chloramphenicol (J01BA),chloramphenicol,18.0,15.0,18.0,15.0,chloramphenicol,18.0,15.0,18.0
fff311750,Bordetella pertussis,Fluoroquinolones (J01M),ciprofloxacin;levofloxacin;moxifloxacin;ofloxacin,2.7199999999999998,12.5,2.7199999999999998,12.5,ciprofloxacin;levofloxacin;moxifloxacin;ofloxacin,2.7199999999999998,12.5,2.7199999999999998
fff311750,Bordetella pertussis,Lincosamides (J01FF),,,,,,,,,
fff311750,Bordetella pertussis,Macrolides (J01F),azithromycin;clarithromycin;erythromycin,13.020000000000001,8.333333333333334,13.020000000000001,8.333333333333334,azithromycin;clarithromycin;erythromycin,13.020000000000001,8.333333333333334,13.020000000000001
fff311750,Bordetella pertussis,Novel BL/BLI,,,,0.02,,,,,
fff311750,Bordetella pertussis,Penicillins (J01C),,,,,,,,,
fff311750,Bordetella pertussis,Siderophore Cephalosporins,cefiderocol,0.0,1.0,0.0,1.0,cefiderocol,0.0,1.0,0.0
fff311750,Bordetella pertussis,Sulfonamides (J01E),trim_sulf,3.89,20.0,3.89,20.0,trim_sulf,3.89,20.0,3.89
fff311750,Bordetella pertussis,Tetracyclines (J01A),doxycycline;minocycline;tetracycline,13.61,10.0,13.61,10.0,doxycycline;minocycline;tetracycline,13.61,10.0,13.61
fff311750,Burkholderia cepacia complex,Beta-lactamase combinations (J01CR),,,,10.94,,,,,10.94
fff311750,Burkholderia cepacia complex,Carbapenems (J01DH),meropenem,10.94,10.0,10.94,10.0,meropenem,10.94,10.0,10.94
fff311750,Burkholderia cepacia complex,Cephalosporins 3G,ceftazidime,21.24,15.0,21.24,15.0,ceftazidime,21.24,15.0,21.24
fff311750,Burkholderia cepacia complex,Cephalosporins 3G/BLI,,,,10.94,,,,,10.94
fff311750,Burkholderia cepacia complex,Cephalosporins 4G,,,,21.24,,,,,21.24
fff311750,Burkholderia cepacia complex,Chloramphenicol (J01BA),,,,2.63,,,,,2.63
fff311750,Burkholderia cepacia complex,Fluoroquinolones (J01M),levofloxacin,25.04,20.0,25.6325,20.0,levofloxacin,25.04,20.0,25.6325
fff311750,Burkholderia cepacia complex,Novel BL/BLI,,,,7.293333333333333,,,,,7.293333333333333
fff311750,Burkholderia cepacia complex,Penicillins (J01C),,,,21.24,,,,,21.24
fff311750,Burkholderia cepacia complex,Siderophore Cephalosporins,,,,0.0,,,,,0.0
fff311750,Burkholderia cepacia complex,Sulfonamides (J01E),trim_sulf,0.0,10.0,0.0,10.0,trim_sulf,0.0,10.0,0.0
fff311750,Burkholderia cepacia complex,Tetracyclines (J01A),minocycline,2.37,5.0,2.37,5.0,minocycline,2.37,5.0,2.37
fff311750,Campylobacter jejuni,Aminoglycosides (J01G),amikacin;gentamicin;tobramycin,0.0,11.666666666666666,0.0,11.666666666666666,amikacin;gentamicin;tobramycin,0.0,11.666666666666666,0.0
fff311750,Campylobacter jejuni,Beta-lactamase combinations (J01CR),,,,0.0,,,,,0.0
fff311750,Campylobacter jejuni,Carbapenems (J01DH),,,,0.0,,,,,0.0
fff311750,Campylobacter jejuni,Cephalosporins 3G,,,,0.0,,,,,0.0
fff311750,Campylobacter jejuni,Cephalosporins 4G,,,,0.0,,,,,0.0
fff311750,Campylobacter jejuni,Chloramphenicol (J01BA),chloramphenicol,21.49,15.0,21.49,15.0,chloramphenicol,21.49,15.0,21.49
fff311750,Campylobacter jejuni,Fluoroquinolones (J01M),ciprofloxacin;levofloxacin;moxifloxacin;ofloxacin,27.385,52.5,27.385,52.5,ciprofloxacin;levofloxacin;moxifloxacin;ofloxacin,27.385,52.5,27.385
fff311750,Campylobacter jejuni,Fosfomycin (J01XX01),,,,0.0,,,,,0.0
fff311750,Campylobacter jejuni,Lincosamides (J01FF),clindamycin,3.63,12.0,3.63,12.0,clindamycin,3.63,12.0,3.63
fff311750,Campylobacter jejuni,Macrolides (J01F),azithromycin;clarithromycin;erythromycin,11.54,7.0,11.54,7.0,azithromycin;clarithromycin;erythromycin,11.54,7.0,11.54
fff311750,Campylobacter jejuni,Nitrofurans (J01XE),,,,0.0,,,,,0.0
fff311750,Campylobacter jejuni,Novel BL/BLI,,,,0.0,,,,,0.0
fff311750,Campylobacter jejuni,Penicillins (J01C),,,,0.0,,,,,0.0
fff311750,Campylobacter jejuni,Tetracyclines (J01A),doxycycline;minocycline;tetracycline;tigecycline,45.832499999999996,38.75,45.832499999999996,38.75,doxycycline;minocycline;tetracycline;tigecycline,45.832499999999996,38.75,45.832499999999996
fff311750,Chlamydia trachomatis,Beta-lactamase combinations (J01CR),,,,,,,,,
fff311750,Chlamydia trachomatis,Chloramphenicol (J01BA),chloramphenicol,19.5,10.0,19.5,10.0,,,,19.5
fff311750,Chlamydia trachomatis,Fluoroquinolones (J01M),ciprofloxacin;levofloxacin;moxifloxacin;ofloxacin,9.77,7.5,9.77,7.5,,,,9.77
fff311750,Chlamydia trachomatis,Lincosamides (J01FF),clindamycin,9.46,20.0,9.46,20.0,,,,9.46
fff311750,Chlamydia trachomatis,Macrolides (J01F),azithromycin;clarithromycin;erythromycin,9.38,8.333333333333334,9.38,8.333333333333334,,,,9.38
fff311750,Chlamydia trachomatis,Penicillins (J01C),,,,,,,,,
fff311750,Chlamydia trachomatis,Sulfonamides (J01E),,,,,,,,,
fff311750,Chlamydia trachomatis,Tetracyclines (J01A),doxycycline;minocycline;tetracycline;tigecycline,21.744999999999997,5.0,21.744999999999997,5.0,,,,21.744999999999997
fff311750,Citrobacter spp.,Aminoglycosides (J01G),amikacin;gentamicin;tobramycin,24.26,30.0,24.26,30.0,amikacin;gentamicin;tobramycin,24.26,30.0,24.26
fff311750,Citrobacter spp.,Anti-MRSA Cephalosporins (5G),,,,35.49,,,,,35.49
fff311750,Citrobacter spp.,Beta-lactamase combinations (J01CR),piperacillin_tazobactam;ticarcillin_clavulanate,34.27,25.0,34.27,25.0,piperacillin_tazobactam;ticarcillin_clavulanate,34.27,25.0,34.27
fff311750,Citrobacter spp.,Carbapenems (J01DH),ertapenem;imipenem_c;meropenem,21.76,11.666666666666666,21.76,11.666666666666666,ertapenem;imipenem_c;meropenem,21.76,11.666666666666666,21.76
fff311750,Citrobacter spp.,Cephalosporins 1-2G,cefuroxime,35.49,30.0,35.49,30.0,cefuroxime,35.49,30.0,35.49
fff311750,Citrobacter spp.,Cephalosporins 3G,cefixime;ceftazidime;ceftriaxone,35.49,28.333333333333332,35.49,28.333333333333332,cefixime;ceftazidime;ceftriaxone,35.49,28.333333333333332,35.49
fff311750,Citrobacter spp.,Cephalosporins 3G/BLI,ceftolozane_tazobactam,34.27,4.0,34.27,4.0,ceftolozane_tazobactam,34.27,4.0,34.27
fff311750,Citrobacter spp.,Cephalosporins 4G,cefepime,35.49,30.0,35.49,30.0,cefepime,35.49,30.0,35.49
fff311750,Citrobacter spp.,Chloramphenicol (J01BA),chloramphenicol,27.44,25.0,27.44,25.0,chloramphenicol,27.44,25.0,27.44
fff311750,Citrobacter spp.,Fluoroquinolones (J01M),ciprofloxacin;levofloxacin;moxifloxacin;ofloxacin,31.405,33.75,31.405,33.75,ciprofloxacin;levofloxacin;moxifloxacin;ofloxacin,31.405,33.75,31.405
fff311750,Citrobacter spp.,Fosfomycin (J01XX01),fosfomycin,3.52,15.0,3.52,15.0,fosfomycin,3.52,15.0,3.52
fff311750,Citrobacter spp.,Monobactams,aztreonam,35.05,30.0,35.05,30.0,aztreonam,35.05,30.0,35.05
fff311750,Citrobacter spp.,Nitrofurans (J01XE),nitrofurantoin,2.82,15.0,2.82,15.0,nitrofurantoin,2.82,15.0,2.82
fff311750,Citrobacter spp.,Novel BL/BLI,aztreonam_avibactam;ceftazidime_avibactam;meropenem_vaborbactam,29.0,10.0,29.0,10.0,aztreonam_avibactam;ceftazidime_avibactam;meropenem_vaborbactam,29.0,10.0,29.0
fff311750,Citrobacter spp.,Penicillins (J01C),piperacillin;ticarcillin,35.49,30.0,35.49,30.0,piperacillin;ticarcillin,35.49,30.0,35.49
fff311750,Citrobacter spp.,Polymyxins (J01XB),colistin,7.11,20.0,7.11,20.0,colistin,7.11,20.0,7.11
fff311750,Citrobacter spp.,Siderophore Cephalosporins,cefiderocol,0.0,1.0,0.0,1.0,cefiderocol,0.0,1.0,0.0
fff311750,Citrobacter spp.,Sulfonamides (J01E),sulfanilamide;trim_sulf,16.77,20.0,16.77,20.0,sulfanilamide;trim_sulf,16.77,20.0,16.77
fff311750,Citrobacter spp.,Tetracyclines (J01A),doxycycline;minocycline;tetracycline;tigecycline,28.0775,18.75,28.0775,18.75,doxycycline;minocycline;tetracycline;tigecycline,28.0775,18.75,28.0775
fff311750,Clostridioides difficile,Anti-MRSA Cephalosporins (5G),,,,,,,,,
fff311750,Clostridioides difficile,Beta-lactamase combinations (J01CR),,,,,,,,,
fff311750,Clostridioides difficile,Carbapenems (J01DH),,,,,,,,,
fff311750,Clostridioides difficile,Chloramphenicol (J01BA),,,,,,,,,
fff311750,Clostridioides difficile,Fidaxomicin,fidaxomicin,0.0,5.0,0.0,5.0,fidaxomicin,0.0,5.0,0.0
fff311750,Clostridioides difficile,Fluoroquinolones (J01M),,,,,,,,,
fff311750,Clostridioides difficile,Fusidic acid (J01XC),,,,,,,,,
fff311750,Clostridioides difficile,Glycopeptides (J01XA),teicoplanin,0.0,10.0,0.0,10.0,teicoplanin,0.0,10.0,0.0
fff311750,Clostridioides difficile,Lincosamides (J01FF),,,,,,,,,
fff311750,Clostridioides difficile,Lipoglycopeptides,dalbavancin,0.0,10.0,0.0,10.0,dalbavancin,0.0,10.0,0.0
fff311750,Clostridioides difficile,Lipopeptides (J01XX09),,,,,,,,,
fff311750,Clostridioides difficile,Macrolides (J01F),,,,,,,,,
fff311750,Clostridioides difficile,Nitroimidazoles,metronidazole,2.14,5.0,2.14,5.0,metronidazole,2.14,5.0,2.14
fff311750,Clostridioides difficile,Novel BL/BLI,,,,,,,,,
fff311750,Clostridioides difficile,Oxazolidinones (J01XX),linezolid;tedizolid,2.85,10.0,2.85,10.0,linezolid;tedizolid,2.85,10.0,2.85
fff311750,Clostridioides difficile,Penicillins (J01C),,,,,,,,,
fff311750,Clostridioides difficile,Streptogramins (J01FG),,,,,,,,,
fff311750,Clostridioides difficile,Tetracyclines (J01A),doxycycline;minocycline;tetracycline,27.11,10.0,27.11,10.0,doxycycline;minocycline;tetracycline,27.11,10.0,27.11
fff311750,Enterobacter cloacae,Aminoglycosides (J01G),amikacin;gentamicin;tobramycin,37.32,30.0,37.32,30.0,amikacin;gentamicin;tobramycin,37.32,30.0,37.32
fff311750,Enterobacter cloacae,Beta-lactamase combinations (J01CR),piperacillin_tazobactam;ticarcillin_clavulanate,70.32,32.5,70.32,32.5,piperacillin_tazobactam;ticarcillin_clavulanate,70.32,32.5,70.32
fff311750,Enterobacter cloacae,Carbapenems (J01DH),ertapenem;imipenem_c;meropenem,70.15,16.666666666666668,70.15,16.666666666666668,ertapenem;imipenem_c;meropenem,70.15,16.666666666666668,70.15
fff311750,Enterobacter cloacae,Cephalosporins 1-2G,cefuroxime,70.99,50.0,70.99,50.0,cefuroxime,70.99,50.0,70.99
fff311750,Enterobacter cloacae,Cephalosporins 3G,ceftazidime;ceftriaxone,70.99,55.0,70.99,55.0,ceftazidime;ceftriaxone,70.99,55.0,70.99
fff311750,Enterobacter cloacae,Cephalosporins 3G/BLI,ceftolozane_tazobactam,70.32,4.0,70.32,4.0,ceftolozane_tazobactam,70.32,4.0,70.32
fff311750,Enterobacter cloacae,Cephalosporins 4G,cefepime,70.99,35.0,70.99,35.0,cefepime,70.99,35.0,70.99
fff311750,Enterobacter cloacae,Chloramphenicol (J01BA),chloramphenicol,24.28,30.0,24.28,30.0,chloramphenicol,24.28,30.0,24.28
fff311750,Enterobacter cloacae,Fluoroquinolones (J01M),ciprofloxacin;levofloxacin;moxifloxacin;ofloxacin,47.7725,33.75,47.7725,33.75,ciprofloxacin;levofloxacin;moxifloxacin;ofloxacin,47.7725,33.75,47.7725
fff311750,Enterobacter cloacae,Fosfomycin (J01XX01),fosfomycin,8.23,25.0,8.23,25.0,fosfomycin,8.23,25.0,8.23
fff311750,Enterobacter cloacae,Monobactams,aztreonam,32.29,40.0,32.29,40.0,aztreonam,32.29,40.0,32.29
fff311750,Enterobacter cloacae,Nitrofurans (J01XE),nitrofurantoin,9.56,25.0,9.56,25.0,nitrofurantoin,9.56,25.0,9.56
fff311750,Enterobacter cloacae,Novel BL/BLI,aztreonam_avibactam;ceftazidime_avibactam;meropenem_vaborbactam,53.70666666666667,13.333333333333334,53.70666666666667,13.333333333333334,aztreonam_avibactam;ceftazidime_avibactam;meropenem_vaborbactam,53.70666666666667,13.333333333333334,53.70666666666667
fff311750,Enterobacter cloacae,Penicillins (J01C),piperacillin;ticarcillin,71.04,37.5,71.04,37.5,piperacillin;ticarcillin,71.04,37.5,71.04
fff311750,Enterobacter cloacae,Polymyxins (J01XB),colistin,20.46,20.0,20.46,20.0,colistin,20.46,20.0,20.46
fff311750,Enterobacter cloacae,Siderophore Cephalosporins,cefiderocol,0.0,1.0,0.0,1.0,cefiderocol,0.0,1.0,0.0
fff311750,Enterobacter cloacae,Sulfonamides (J01E),sulfanilamide;trim_sulf,45.37,27.5,45.37,27.5,sulfanilamide;trim_sulf,45.37,27.5,45.37
fff311750,Enterobacter cloacae,Tetracyclines (J01A),doxycycline;minocycline;tetracycline;tigecycline,11.0625,18.75,11.0625,18.75,doxycycline;minocycline;tetracycline;tigecycline,11.0625,18.75,11.0625
fff311750,Enterobacter spp.,Aminoglycosides (J01G),amikacin;gentamicin;tobramycin,49.38,30.0,49.38,30.0,amikacin;gentamicin;tobramycin,49.38,30.0,49.38
fff311750,Enterobacter spp.,Anti-MRSA Cephalosporins (5G),,,,0.0,,,,,0.0
fff311750,Enterobacter spp.,Beta-lactamase combinations (J01CR),amoxicillin_clavulanate;ampicillin_sulbactam;piperacillin_tazobactam;ticarcillin_clavulanate,54.31,32.5,54.31,32.5,amoxicillin_clavulanate;ampicillin_sulbactam;piperacillin_tazobactam;ticarcillin_clavulanate,54.31,32.5,54.31
fff311750,Enterobacter spp.,Carbapenems (J01DH),ertapenem;imipenem_c;meropenem,53.5,16.666666666666668,53.5,16.666666666666668,ertapenem;imipenem_c;meropenem,53.5,16.666666666666668,53.5
fff311750,Enterobacter spp.,Cephalosporins 1-2G,cefuroxime,55.16,35.0,55.16,35.0,cefuroxime,55.16,35.0,55.16
fff311750,Enterobacter spp.,Cephalosporins 3G,cefixime;ceftazidime;ceftriaxone,55.16,45.0,55.16,45.0,cefixime;ceftazidime;ceftriaxone,55.16,45.0,55.16
fff311750,Enterobacter spp.,Cephalosporins 3G/BLI,ceftolozane_tazobactam,54.31,4.0,54.31,4.0,ceftolozane_tazobactam,54.31,4.0,54.31
fff311750,Enterobacter spp.,Cephalosporins 4G,cefepime,55.16,30.0,55.16,30.0,cefepime,55.16,30.0,55.16
fff311750,Enterobacter spp.,Chloramphenicol (J01BA),chloramphenicol,48.46,30.0,48.46,30.0,chloramphenicol,48.46,30.0,48.46
fff311750,Enterobacter spp.,Fluoroquinolones (J01M),ciprofloxacin;levofloxacin;moxifloxacin;ofloxacin,52.975,33.75,52.975,33.75,ciprofloxacin;levofloxacin;moxifloxacin;ofloxacin,52.975,33.75,52.975
fff311750,Enterobacter spp.,Fosfomycin (J01XX01),fosfomycin,5.9,25.0,5.9,25.0,fosfomycin,5.9,25.0,5.9
fff311750,Enterobacter spp.,Monobactams,aztreonam,54.45,35.0,54.45,35.0,aztreonam,54.45,35.0,54.45
fff311750,Enterobacter spp.,Nitrofurans (J01XE),nitrofurantoin,6.14,25.0,6.14,25.0,nitrofurantoin,6.14,25.0,6.14
fff311750,Enterobacter spp.,Novel BL/BLI,aztreonam_avibactam;ceftazidime_avibactam;meropenem_vaborbactam,53.63333333333333,10.0,53.63333333333333,10.0,aztreonam_avibactam;ceftazidime_avibactam;meropenem_vaborbactam,53.63333333333333,10.0,53.63333333333333
fff311750,Enterobacter spp.,Penicillins (J01C),piperacillin;ticarcillin,55.19,32.5,55.19,32.5,piperacillin;ticarcillin,55.19,32.5,55.19
fff311750,Enterobacter spp.,Polymyxins (J01XB),colistin,33.93,20.0,33.93,20.0,colistin,33.93,20.0,33.93
fff311750,Enterobacter spp.,Siderophore Cephalosporins,cefiderocol,0.0,1.0,0.0,1.0,cefiderocol,0.0,1.0,0.0
fff311750,Enterobacter spp.,Sulfonamides (J01E),sulfanilamide;trim_sulf,37.08,22.5,37.08,22.5,sulfanilamide;trim_sulf,37.08,22.5,37.08
fff311750,Enterobacter spp.,Tetracyclines (J01A),doxycycline;minocycline;tetracycline;tigecycline,48.2925,18.75,48.2925,18.75,doxycycline;minocycline;tetracycline;tigecycline,48.2925,18.75,48.2925
fff311750,Enterococcus faecalis,Anti-MRSA Cephalosporins (5G),,,,0.0,,,,,0.0
fff311750,Enterococcus faecalis,Beta-lactamase combinations (J01CR),amoxicillin_clavulanate;ampicillin_sulbactam;piperacillin_tazobactam;ticarcillin_clavulanate,0.06,15.0,0.06,15.0,amoxicillin_clavulanate;ampicillin_sulbactam;piperacillin_tazobactam;ticarcillin_clavulanate,0.06,15.0,0.06
fff311750,Enterococcus faecalis,Carbapenems (J01DH),imipenem_c;meropenem,0.0,2.0,0.0,2.0,imipenem_c;meropenem,0.0,2.0,0.0
fff311750,Enterococcus faecalis,Chloramphenicol (J01BA),chloramphenicol,30.28,25.0,30.28,25.0,chloramphenicol,30.28,25.0,30.28
fff311750,Enterococcus faecalis,Fluoroquinolones (J01M),ciprofloxacin;levofloxacin;moxifloxacin;ofloxacin,27.995,33.75,27.995,33.75,ciprofloxacin;levofloxacin;moxifloxacin;ofloxacin,27.995,33.75,27.995
fff311750,Enterococcus faecalis,Fosfomycin (J01XX01),fosfomycin,0.23,10.0,0.23,10.0,fosfomycin,0.23,10.0,0.23
fff311750,Enterococcus faecalis,Glycopeptides (J01XA),teicoplanin;vancomycin,1.48,7.5,1.48,7.5,teicoplanin;vancomycin,1.48,7.5,1.48
fff311750,Enterococcus faecalis,Lipoglycopeptides,dalbavancin,1.08,10.0,1.08,10.0,dalbavancin,1.08,10.0,1.08
fff311750,Enterococcus faecalis,Lipopeptides (J01XX09),daptomycin,0.57,5.0,0.57,5.0,daptomycin,0.57,5.0,0.57
fff311750,Enterococcus faecalis,Macrolides (J01F),azithromycin;clarithromycin;erythromycin,33.77,38.333333333333336,33.77,38.333333333333336,azithromycin;clarithromycin;erythromycin,33.77,38.333333333333336,33.77
fff311750,Enterococcus faecalis,Nitrofurans (J01XE),nitrofurantoin,6.89,10.0,6.89,10.0,nitrofurantoin,6.89,10.0,6.89
fff311750,Enterococcus faecalis,Novel BL/BLI,meropenem_vaborbactam,0.0,20.0,0.0,20.0,meropenem_vaborbactam,0.0,20.0,0.0
fff311750,Enterococcus faecalis,Oxazolidinones (J01XX),linezolid;tedizolid,6.1,5.0,6.1,5.0,linezolid;tedizolid,6.1,5.0,6.1
fff311750,Enterococcus faecalis,Penicillins (J01C),amoxicillin;ampicillin;penicillin_g;piperacillin;ticarcillin,0.06,14.0,0.06,14.0,amoxicillin;ampicillin;penicillin_g;piperacillin;ticarcillin,0.06,14.0,0.06
fff311750,Enterococcus faecalis,Tetracyclines (J01A),doxycycline;minocycline;tetracycline;tigecycline,30.972500000000004,13.75,30.972500000000004,13.75,doxycycline;minocycline;tetracycline;tigecycline,30.972500000000004,13.75,30.972500000000004
fff311750,Enterococcus faecium,Anti-MRSA Cephalosporins (5G),,,,,,,,,
fff311750,Enterococcus faecium,Beta-lactamase combinations (J01CR),,,,0.67,,,,,0.67
fff311750,Enterococcus faecium,Chloramphenicol (J01BA),chloramphenicol,53.09,65.0,53.09,65.0,chloramphenicol,53.09,65.0,53.09
fff311750,Enterococcus faecium,Fidaxomicin,,,,,,,,,
fff311750,Enterococcus faecium,Fluoroquinolones (J01M),ciprofloxacin;levofloxacin;moxifloxacin;ofloxacin,31.455,68.75,31.455,68.75,ciprofloxacin;levofloxacin;moxifloxacin;ofloxacin,31.455,68.75,31.455
fff311750,Enterococcus faecium,Fosfomycin (J01XX01),fosfomycin,10.17,60.0,10.17,60.0,fosfomycin,10.17,60.0,10.17
fff311750,Enterococcus faecium,Glycopeptides (J01XA),teicoplanin;vancomycin,47.785,42.5,47.785,42.5,teicoplanin;vancomycin,47.785,42.5,47.785
fff311750,Enterococcus faecium,Lincosamides (J01FF),clindamycin,45.0,65.0,45.0,65.0,clindamycin,45.0,65.0,45.0
fff311750,Enterococcus faecium,Lipoglycopeptides,dalbavancin,46.13,45.0,46.13,45.0,dalbavancin,46.13,45.0,46.13
fff311750,Enterococcus faecium,Lipopeptides (J01XX09),daptomycin,1.38,10.0,1.38,10.0,daptomycin,1.38,10.0,1.38
fff311750,Enterococcus faecium,Macrolides (J01F),azithromycin;clarithromycin;erythromycin,38.06,58.333333333333336,38.06,58.333333333333336,azithromycin;clarithromycin;erythromycin,38.06,58.333333333333336,38.06
fff311750,Enterococcus faecium,Nitrofurans (J01XE),nitrofurantoin,45.4,60.0,45.4,60.0,nitrofurantoin,45.4,60.0,45.4
fff311750,Enterococcus faecium,Oxazolidinones (J01XX),linezolid;tedizolid,27.17,10.0,27.17,10.0,tedizolid,27.17,10.0,27.17
fff311750,Enterococcus faecium,Penicillins (J01C),,,,0.67,,,,,0.67
fff311750,Enterococcus faecium,Streptogramins (J01FG),quinu_dalfo,0.0,50.0,0.0,50.0,quinu_dalfo,0.0,50.0,0.0
fff311750,Enterococcus faecium,Tetracyclines (J01A),doxycycline;minocycline;tetracycline;tigecycline,44.69,43.75,44.69,43.75,doxycycline;minocycline;tetracycline,47.12,45.0,44.69
fff311750,Escherichia coli,Aminoglycosides (J01G),amikacin;gentamicin;tobramycin,18.97,10.666666666666666,18.97,10.666666666666666,amikacin;gentamicin;tobramycin,18.97,10.666666666666666,18.97
fff311750,Escherichia coli,Anti-MRSA Cephalosporins (5G),ceftaroline,42.9,12.0,42.9,12.0,ceftaroline,42.9,12.0,42.9
fff311750,Escherichia coli,Beta-lactamase combinations (J01CR),amoxicillin_clavulanate;ampicillin_sulbactam;piperacillin_tazobactam;ticarcillin_clavulanate,19.68,15.5,19.68,15.5,amoxicillin_clavulanate;ampicillin_sulbactam;piperacillin_tazobactam;ticarcillin_clavulanate,19.68,15.5,19.68
fff311750,Escherichia coli,Carbapenems (J01DH),ertapenem;imipenem_c;meropenem,9.05,3.3333333333333335,9.05,3.3333333333333335,ertapenem;imipenem_c;meropenem,9.05,3.3333333333333335,9.05
fff311750,Escherichia coli,Cephalosporins 1-2G,cefazolin;cefuroxime;cephalexin,42.9,41.666666666666664,42.9,41.666666666666664,cefazolin;cefuroxime;cephalexin,42.9,41.666666666666664,42.9
fff311750,Escherichia coli,Cephalosporins 3G,cefixime;ceftazidime;ceftriaxone,42.9,18.666666666666668,42.9,18.666666666666668,cefixime;ceftazidime;ceftriaxone,42.9,18.666666666666668,42.9
fff311750,Escherichia coli,Cephalosporins 3G/BLI,ceftolozane_tazobactam,19.67,4.0,19.67,4.0,ceftolozane_tazobactam,19.67,4.0,19.67
fff311750,Escherichia coli,Cephalosporins 4G,cefepime,42.9,15.0,42.9,15.0,cefepime,42.9,15.0,42.9
fff311750,Escherichia coli,Chloramphenicol (J01BA),chloramphenicol,20.75,12.0,20.75,12.0,chloramphenicol,20.75,12.0,20.75
fff311750,Escherichia coli,Fluoroquinolones (J01M),ciprofloxacin;levofloxacin;moxifloxacin;ofloxacin,35.5825,30.5,35.5825,30.5,ciprofloxacin;levofloxacin;moxifloxacin;ofloxacin,35.5825,30.5,35.5825
fff311750,Escherichia coli,Fosfomycin (J01XX01),fosfomycin,10.92,8.0,10.92,8.0,fosfomycin,10.92,8.0,10.92
fff311750,Escherichia coli,Monobactams,aztreonam,41.39,18.0,41.39,18.0,aztreonam,41.39,18.0,41.39
fff311750,Escherichia coli,Nitrofurans (J01XE),nitrofurantoin,5.79,8.0,5.79,8.0,nitrofurantoin,5.79,8.0,5.79
fff311750,Escherichia coli,Novel BL/BLI,aztreonam_avibactam;ceftazidime_avibactam;meropenem_vaborbactam,7.4799999999999995,2.0,7.4799999999999995,2.0,aztreonam_avibactam;ceftazidime_avibactam;meropenem_vaborbactam,7.4799999999999995,2.0,7.4799999999999995
fff311750,Escherichia coli,Penicillins (J01C),amoxicillin;ampicillin;piperacillin;ticarcillin,42.96,42.25,42.96,42.25,amoxicillin;ampicillin;piperacillin;ticarcillin,42.96,42.25,42.96
fff311750,Escherichia coli,Polymyxins (J01XB),colistin,3.8,1.0,3.8,1.0,colistin,3.8,1.0,3.8
fff311750,Escherichia coli,Siderophore Cephalosporins,cefiderocol,0.0,1.0,0.0,1.0,cefiderocol,0.0,1.0,0.0
fff311750,Escherichia coli,Sulfonamides (J01E),sulfanilamide;trim_sulf,55.36,38.5,55.36,38.5,sulfanilamide;trim_sulf,55.36,38.5,55.36
fff311750,Escherichia coli,Tetracyclines (J01A),doxycycline;minocycline;tetracycline;tigecycline,54.765,38.75,54.765,38.75,doxycycline;minocycline;tetracycline;tigecycline,54.765,38.75,54.765
fff311750,Haemophilus influenzae,Aminoglycosides (J01G),amikacin;gentamicin;tobramycin,11.13,20.0,11.13,20.0,amikacin;gentamicin;tobramycin,11.13,20.0,11.13
fff311750,Haemophilus influenzae,Anti-MRSA Cephalosporins (5G),ceftaroline,14.73,20.0,14.73,20.0,ceftaroline,14.73,20.0,14.73
fff311750,Haemophilus influenzae,Beta-lactamase combinations (J01CR),amoxicillin_clavulanate;ampicillin_sulbactam;piperacillin_tazobactam;ticarcillin_clavulanate,14.54,10.0,14.54,10.0,amoxicillin_clavulanate;ampicillin_sulbactam;piperacillin_tazobactam;ticarcillin_clavulanate,14.54,10.0,14.54
fff311750,Haemophilus influenzae,Carbapenems (J01DH),ertapenem;imipenem_c;meropenem,12.17,5.0,12.17,5.0,ertapenem;imipenem_c;meropenem,12.17,5.0,12.17
fff311750,Haemophilus influenzae,Cephalosporins 1-2G,cefazolin;cefuroxime;cephalexin,14.729999999999999,38.333333333333336,14.729999999999999,38.333333333333336,cefazolin;cefuroxime;cephalexin,14.729999999999999,38.333333333333336,14.729999999999999
fff311750,Haemophilus influenzae,Cephalosporins 3G,cefixime;ceftazidime;ceftriaxone,14.729999999999999,11.666666666666666,14.729999999999999,11.666666666666666,cefixime;ceftazidime;ceftriaxone,14.729999999999999,11.666666666666666,14.729999999999999
fff311750,Haemophilus influenzae,Cephalosporins 3G/BLI,ceftolozane_tazobactam,14.26,4.0,14.26,4.0,ceftolozane_tazobactam,14.26,4.0,14.26
fff311750,Haemophilus influenzae,Cephalosporins 4G,cefepime,14.73,15.0,14.73,15.0,cefepime,14.73,15.0,14.73
fff311750,Haemophilus influenzae,Chloramphenicol (J01BA),chloramphenicol,9.9,15.0,9.9,15.0,chloramphenicol,9.9,15.0,9.9
fff311750,Haemophilus influenzae,Fluoroquinolones (J01M),ciprofloxacin;levofloxacin;moxifloxacin;ofloxacin,11.389999999999999,12.5,11.389999999999999,12.5,ciprofloxacin;levofloxacin;moxifloxacin;ofloxacin,11.389999999999999,12.5,11.389999999999999
fff311750,Haemophilus influenzae,Macrolides (J01F),azithromycin;clarithromycin;erythromycin,13.06,28.333333333333332,13.06,28.333333333333332,azithromycin;clarithromycin;erythromycin,13.06,28.333333333333332,13.06
fff311750,Haemophilus influenzae,Monobactams,aztreonam,13.54,15.0,13.54,15.0,aztreonam,13.54,15.0,13.54
fff311750,Haemophilus influenzae,Novel BL/BLI,aztreonam_avibactam;ceftazidime_avibactam;meropenem_vaborbactam,13.030000000000001,5.0,13.030000000000001,5.0,aztreonam_avibactam;ceftazidime_avibactam;meropenem_vaborbactam,13.030000000000001,5.0,13.030000000000001
fff311750,Haemophilus influenzae,Penicillins (J01C),amoxicillin;ampicillin;penicillin_g;piperacillin;ticarcillin,46.65,34.0,46.65,34.0,amoxicillin;ampicillin;penicillin_g;piperacillin;ticarcillin,46.65,34.0,46.65
fff311750,Haemophilus influenzae,Siderophore Cephalosporins,cefiderocol,0.0,1.0,0.0,1.0,cefiderocol,0.0,1.0,0.0
fff311750,Haemophilus influenzae,Sulfonamides (J01E),trim_sulf,6.87,20.0,6.87,20.0,trim_sulf,6.87,20.0,6.87
fff311750,Haemophilus influenzae,Tetracyclines (J01A),doxycycline;minocycline;tetracycline;tigecycline,9.502500000000001,13.75,9.502500000000001,13.75,doxycycline;minocycline;tetracycline;tigecycline,9.502500000000001,13.75,9.502500000000001
fff311750,Helicobacter pylori,Aminoglycosides (J01G),,,,,,,,,
fff311750,Helicobacter pylori,Beta-lactamase combinations (J01CR),amoxicillin_clavulanate;ampicillin_sulbactam,4.26,10.0,4.26,10.0,amoxicillin_clavulanate;ampicillin_sulbactam,4.26,10.0,4.26
fff311750,Helicobacter pylori,Carbapenems (J01DH),,,,,,,,,
fff311750,Helicobacter pylori,Cephalosporins 1-2G,,,,,,,,,
fff311750,Helicobacter pylori,Cephalosporins 3G,,,,,,,,,
fff311750,Helicobacter pylori,Chloramphenicol (J01BA),chloramphenicol,15.33,20.0,15.33,20.0,chloramphenicol,15.33,20.0,15.33
fff311750,Helicobacter pylori,Fluoroquinolones (J01M),ciprofloxacin;levofloxacin;moxifloxacin;ofloxacin,7.9975,12.0,7.9975,12.0,ciprofloxacin;levofloxacin;moxifloxacin;ofloxacin,7.9975,12.0,7.9975
fff311750,Helicobacter pylori,Fosfomycin (J01XX01),,,,,,,,,
fff311750,Helicobacter pylori,Macrolides (J01F),azithromycin;clarithromycin;erythromycin,6.36,7.0,6.36,7.0,azithromycin;clarithromycin;erythromycin,6.36,7.000000000000001,6.36
fff311750,Helicobacter pylori,Nitrofurans (J01XE),,,,,,,,,
fff311750,Helicobacter pylori,Nitroimidazoles,metronidazole,1.11,50.0,1.11,50.0,metronidazole,1.11,50.0,1.11
fff311750,Helicobacter pylori,Novel BL/BLI,,,,,,,,,
fff311750,Helicobacter pylori,Oxazolidinones (J01XX),,,,,,,,,
fff311750,Helicobacter pylori,Penicillins (J01C),amoxicillin;ampicillin,4.26,4.0,4.26,4.0,amoxicillin;ampicillin,4.26,4.0,4.26
fff311750,Helicobacter pylori,Tetracyclines (J01A),doxycycline;minocycline;tetracycline,16.14,8.0,16.14,8.0,doxycycline;minocycline;tetracycline,16.14,8.0,16.14
fff311750,Invasive non-typhoidal Salmonella spp.,Aminoglycosides (J01G),amikacin;gentamicin;tobramycin,23.39,30.0,23.39,30.0,amikacin;gentamicin;tobramycin,23.39,30.0,23.39
fff311750,Invasive non-typhoidal Salmonella spp.,Beta-lactamase combinations (J01CR),amoxicillin_clavulanate;ampicillin_sulbactam;piperacillin_tazobactam;ticarcillin_clavulanate,5.21,22.5,5.21,22.5,amoxicillin_clavulanate;ampicillin_sulbactam;piperacillin_tazobactam;ticarcillin_clavulanate,5.21,22.5,5.21
fff311750,Invasive non-typhoidal Salmonella spp.,Carbapenems (J01DH),ertapenem;imipenem_c;meropenem,1.6900000000000002,10.0,1.6900000000000002,10.0,ertapenem;imipenem_c;meropenem,1.6900000000000002,10.0,1.6900000000000002
fff311750,Invasive non-typhoidal Salmonella spp.,Cephalosporins 1-2G,cefazolin;cefuroxime;cephalexin,30.31,38.333333333333336,30.31,38.333333333333336,cefazolin;cefuroxime;cephalexin,30.31,38.333333333333336,30.31
fff311750,Invasive non-typhoidal Salmonella spp.,Cephalosporins 3G,cefixime;ceftazidime;ceftriaxone,30.31,21.666666666666668,30.31,21.666666666666668,cefixime;ceftazidime;ceftriaxone,30.31,21.666666666666668,30.31
fff311750,Invasive non-typhoidal Salmonella spp.,Cephalosporins 3G/BLI,ceftolozane_tazobactam,5.17,4.0,5.17,4.0,ceftolozane_tazobactam,5.17,4.0,5.17
fff311750,Invasive non-typhoidal Salmonella spp.,Cephalosporins 4G,cefepime,30.31,30.0,30.31,30.0,cefepime,30.31,30.0,30.31
fff311750,Invasive non-typhoidal Salmonella spp.,Chloramphenicol (J01BA),chloramphenicol,15.29,35.0,15.29,35.0,chloramphenicol,15.29,35.0,15.29
fff311750,Invasive non-typhoidal Salmonella spp.,Fluoroquinolones (J01M),ciprofloxacin;levofloxacin;moxifloxacin;ofloxacin,23.8525,38.75,23.8525,38.75,ciprofloxacin;levofloxacin;moxifloxacin;ofloxacin,23.8525,38.75,23.8525
fff311750,Invasive non-typhoidal Salmonella spp.,Macrolides (J01F),,,,0.05,,,,,0.05
fff311750,Invasive non-typhoidal Salmonella spp.,Monobactams,aztreonam,30.19,25.0,30.19,25.0,aztreonam,30.19,25.0,30.19
fff311750,Invasive non-typhoidal Salmonella spp.,Nitrofurans (J01XE),,,,0.0,,,,,0.0
fff311750,Invasive non-typhoidal Salmonella spp.,Novel BL/BLI,aztreonam_avibactam;ceftazidime_avibactam;meropenem_vaborbactam,1.49,10.0,1.49,10.0,aztreonam_avibactam;ceftazidime_avibactam;meropenem_vaborbactam,1.49,10.0,1.49
fff311750,Invasive non-typhoidal Salmonella spp.,Penicillins (J01C),amoxicillin;ampicillin;piperacillin;ticarcillin,30.43,43.75,30.43,43.75,amoxicillin;ampicillin;piperacillin;ticarcillin,30.43,43.75,30.43
fff311750,Invasive non-typhoidal Salmonella spp.,Polymyxins (J01XB),colistin,0.13,20.0,0.13,20.0,colistin,0.13,20.0,0.13
fff311750,Invasive non-typhoidal Salmonella spp.,Siderophore Cephalosporins,cefiderocol,0.0,1.0,0.0,1.0,cefiderocol,0.0,1.0,0.0
fff311750,Invasive non-typhoidal Salmonella spp.,Sulfonamides (J01E),trim_sulf,23.35,40.0,23.35,40.0,trim_sulf,23.35,40.0,23.35
fff311750,Invasive non-typhoidal Salmonella spp.,Tetracyclines (J01A),doxycycline;minocycline;tetracycline;tigecycline,21.807499999999997,18.75,21.807499999999997,18.75,doxycycline;minocycline;tetracycline;tigecycline,21.807499999999997,18.75,21.807499999999997
fff311750,Klebsiella pneumoniae,Aminoglycosides (J01G),amikacin;gentamicin;tobramycin,16.26,16.0,16.26,16.0,amikacin;gentamicin;tobramycin,16.26,16.0,16.26
fff311750,Klebsiella pneumoniae,Anti-MRSA Cephalosporins (5G),ceftaroline,46.86,25.0,46.86,25.0,ceftaroline,46.86,25.0,46.86
fff311750,Klebsiella pneumoniae,Beta-lactamase combinations (J01CR),amoxicillin_clavulanate;ampicillin_sulbactam;piperacillin_tazobactam;ticarcillin_clavulanate,46.47,29.0,46.47,29.0,amoxicillin_clavulanate;ampicillin_sulbactam;piperacillin_tazobactam;ticarcillin_clavulanate,46.47,29.0,46.47
fff311750,Klebsiella pneumoniae,Carbapenems (J01DH),ertapenem;imipenem_c;meropenem,46.38,13.0,46.38,13.0,ertapenem;imipenem_c;meropenem,46.38,13.0,46.38
fff311750,Klebsiella pneumoniae,Cephalosporins 1-2G,cefazolin;cefuroxime;cephalexin,46.85999999999999,65.0,46.85999999999999,65.0,cefazolin;cefuroxime;cephalexin,46.85999999999999,65.0,46.85999999999999
fff311750,Klebsiella pneumoniae,Cephalosporins 3G,cefixime;ceftazidime;ceftriaxone,46.85999999999999,34.0,46.85999999999999,34.0,cefixime;ceftazidime;ceftriaxone,46.85999999999999,34.0,46.85999999999999
fff311750,Klebsiella pneumoniae,Cephalosporins 3G/BLI,ceftolozane_tazobactam,46.47,4.0,46.47,4.0,ceftolozane_tazobactam,46.47,4.0,46.47
fff311750,Klebsiella pneumoniae,Cephalosporins 4G,cefepime,46.86,28.0,46.86,28.0,cefepime,46.86,28.000000000000004,46.86
fff311750,Klebsiella pneumoniae,Chloramphenicol (J01BA),chloramphenicol,28.12,18.0,28.12,18.0,chloramphenicol,28.12,18.0,28.12
fff311750,Klebsiella pneumoniae,Fluoroquinolones (J01M),ciprofloxacin;levofloxacin;moxifloxacin;ofloxacin,36.13999999999999,36.5,36.13999999999999,36.5,ciprofloxacin;levofloxacin;moxifloxacin;ofloxacin,36.13999999999999,36.5,36.13999999999999
fff311750,Klebsiella pneumoniae,Fosfomycin (J01XX01),fosfomycin,17.67,30.0,17.67,30.0,fosfomycin,17.67,30.0,17.67
fff311750,Klebsiella pneumoniae,Monobactams,aztreonam,37.22,32.0,37.22,32.0,aztreonam,37.22,32.0,37.22
fff311750,Klebsiella pneumoniae,Nitrofurans (J01XE),,,,38.42,,,,,38.42
fff311750,Klebsiella pneumoniae,Novel BL/BLI,aztreonam_avibactam;ceftazidime_avibactam;meropenem_vaborbactam,42.68333333333334,7.0,42.68333333333334,7.0,aztreonam_avibactam;ceftazidime_avibactam;meropenem_vaborbactam,42.68333333333334,7.0,42.68333333333334
fff311750,Klebsiella pneumoniae,Penicillins (J01C),piperacillin,46.87,35.0,46.87,35.0,piperacillin,46.87,35.0,46.87
fff311750,Klebsiella pneumoniae,Polymyxins (J01XB),colistin,6.14,8.0,6.14,8.0,colistin,6.14,8.0,6.14
fff311750,Klebsiella pneumoniae,Siderophore Cephalosporins,cefiderocol,0.0,1.0,0.0,1.0,cefiderocol,0.0,1.0,0.0
fff311750,Klebsiella pneumoniae,Sulfonamides (J01E),sulfanilamide;trim_sulf,40.67,47.5,40.67,47.5,sulfanilamide;trim_sulf,40.67,47.5,40.67
fff311750,Klebsiella pneumoniae,Tetracyclines (J01A),doxycycline;minocycline;tetracycline;tigecycline,29.492499999999996,28.75,29.492499999999996,28.75,doxycycline;minocycline;tetracycline;tigecycline,29.492499999999996,28.75,29.492499999999996
fff311750,Legionella pneumophila,Aminoglycosides (J01G),,,,0.01,,,,,0.01
fff311750,Legionella pneumophila,Carbapenems (J01DH),,,,0.02,,,,,0.02
fff311750,Legionella pneumophila,Cephalosporins 3G,,,,0.04,,,,,0.04
fff311750,Legionella pneumophila,Chloramphenicol (J01BA),,,,0.0,,,,,0.0
fff311750,Legionella pneumophila,Fluoroquinolones (J01M),ciprofloxacin;levofloxacin;moxifloxacin,0.0,1.0,0.0,1.0,ciprofloxacin;levofloxacin;moxifloxacin,0.0,1.0,0.0
fff311750,Legionella pneumophila,Fusidic acid (J01XC),,,,0.0,,,,,0.0
fff311750,Legionella pneumophila,Macrolides (J01F),azithromycin;clarithromycin;erythromycin,0.31,1.0,0.31,1.0,azithromycin;clarithromycin;erythromycin,0.31,1.0,0.31
fff311750,Legionella pneumophila,Novel BL/BLI,,,,0.02,,,,,0.02
fff311750,Legionella pneumophila,Sulfonamides (J01E),,,,0.01,,,,,0.01
fff311750,Legionella pneumophila,Tetracyclines (J01A),,,,0.07500000000000001,,,,,0.07500000000000001
fff311750,Listeria monocytogenes,Aminoglycosides (J01G),,,,,,,,,
fff311750,Listeria monocytogenes,Beta-lactamase combinations (J01CR),amoxicillin_clavulanate;ampicillin_sulbactam;piperacillin_tazobactam,0.0,8.333333333333334,0.0,8.333333333333334,,,,0.0
fff311750,Listeria monocytogenes,Carbapenems (J01DH),,,,0.0,,,,,0.0
fff311750,Listeria monocytogenes,Chloramphenicol (J01BA),chloramphenicol,3.91,10.0,3.91,10.0,,,,3.91
fff311750,Listeria monocytogenes,Fluoroquinolones (J01M),ciprofloxacin;levofloxacin;moxifloxacin;ofloxacin,7.085,7.5,7.085,7.5,,,,7.085
fff311750,Listeria monocytogenes,Fosfomycin (J01XX01),,,,,,,,,
fff311750,Listeria monocytogenes,Glycopeptides (J01XA),,,,,,,,,
fff311750,Listeria monocytogenes,Lincosamides (J01FF),,,,,,,,,
fff311750,Listeria monocytogenes,Lipoglycopeptides,,,,,,,,,
fff311750,Listeria monocytogenes,Macrolides (J01F),azithromycin;clarithromycin;erythromycin,4.61,13.333333333333334,4.61,13.333333333333334,,,,4.61
fff311750,Listeria monocytogenes,Novel BL/BLI,ceftazidime_avibactam,0.0,10.0,0.0,10.0,,,,
fff311750,Listeria monocytogenes,Oxazolidinones (J01XX),,,,,,,,,
fff311750,Listeria monocytogenes,Penicillins (J01C),amoxicillin;ampicillin;penicillin_g;piperacillin;ticarcillin,0.0,9.0,0.0,9.0,,,,0.0
fff311750,Listeria monocytogenes,Streptogramins (J01FG),,,,,,,,,
fff311750,Listeria monocytogenes,Sulfonamides (J01E),trim_sulf,5.68,5.0,5.68,5.0,,,,5.68
fff311750,Listeria monocytogenes,Tetracyclines (J01A),doxycycline;minocycline;tetracycline,3.53,10.0,3.53,10.0,,,,3.53
fff311750,Moraxella catarrhalis,Aminoglycosides (J01G),,,,,,,,,
fff311750,Moraxella catarrhalis,Anti-MRSA Cephalosporins (5G),,,,,,,,,
fff311750,Moraxella catarrhalis,Beta-lactamase combinations (J01CR),amoxicillin_clavulanate;ampicillin_sulbactam;piperacillin_tazobactam;ticarcillin_clavulanate,3.28,10.0,3.28,10.0,amoxicillin_clavulanate;ampicillin_sulbactam;piperacillin_tazobactam;ticarcillin_clavulanate,3.28,10.0,3.28
fff311750,Moraxella catarrhalis,Carbapenems (J01DH),ertapenem;imipenem_c;meropenem,3.11,5.0,3.11,5.0,ertapenem;imipenem_c;meropenem,3.11,5.0,3.11
fff311750,Moraxella catarrhalis,Cephalosporins 1-2G,cefazolin;cefuroxime;cephalexin,3.3699999999999997,15.0,3.3699999999999997,15.0,cefazolin;cefuroxime;cephalexin,3.3699999999999997,15.0,3.3699999999999997
fff311750,Moraxella catarrhalis,Cephalosporins 3G,cefixime;ceftazidime;ceftriaxone,3.3699999999999997,5.0,3.3699999999999997,5.0,cefixime;ceftazidime;ceftriaxone,3.3699999999999997,5.0,3.3699999999999997
fff311750,Moraxella catarrhalis,Cephalosporins 3G/BLI,ceftolozane_tazobactam,3.27,4.0,3.27,4.0,ceftolozane_tazobactam,3.27,4.0,3.27
fff311750,Moraxella catarrhalis,Cephalosporins 4G,cefepime,3.37,5.0,3.37,5.0,cefepime,3.37,5.0,3.37
fff311750,Moraxella catarrhalis,Chloramphenicol (J01BA),chloramphenicol,1.11,5.0,1.11,5.0,chloramphenicol,1.11,5.0,1.11
fff311750,Moraxella catarrhalis,Fluoroquinolones (J01M),ciprofloxacin;levofloxacin;moxifloxacin;ofloxacin,0.4725,5.0,0.4725,5.0,ciprofloxacin;levofloxacin;moxifloxacin;ofloxacin,0.4725,5.0,0.4725
fff311750,Moraxella catarrhalis,Fusidic acid (J01XC),,,,,,,,,
fff311750,Moraxella catarrhalis,Macrolides (J01F),azithromycin;clarithromycin;erythromycin,3.01,18.333333333333332,3.01,18.333333333333332,azithromycin;clarithromycin;erythromycin,3.01,18.333333333333332,3.01
fff311750,Moraxella catarrhalis,Monobactams,aztreonam,1.5,5.0,1.5,5.0,aztreonam,1.5,5.0,1.5
fff311750,Moraxella catarrhalis,Novel BL/BLI,aztreonam_avibactam;ceftazidime_avibactam;meropenem_vaborbactam,2.4366666666666665,5.0,2.4366666666666665,5.0,aztreonam_avibactam;ceftazidime_avibactam;meropenem_vaborbactam,2.4366666666666665,5.0,2.4366666666666665
fff311750,Moraxella catarrhalis,Penicillins (J01C),amoxicillin;ampicillin;penicillin_g;piperacillin;ticarcillin,30.339999999999996,59.0,30.339999999999996,59.0,amoxicillin;ampicillin;penicillin_g;piperacillin;ticarcillin,30.339999999999996,59.0,30.339999999999996
fff311750,Moraxella catarrhalis,Pleuromutilins,,,,,,,,,
fff311750,Moraxella catarrhalis,Siderophore Cephalosporins,cefiderocol,0.0,1.0,0.0,1.0,cefiderocol,0.0,1.0,0.0
fff311750,Moraxella catarrhalis,Sulfonamides (J01E),trim_sulf,0.66,10.0,0.66,10.0,trim_sulf,0.66,10.0,0.66
fff311750,Moraxella catarrhalis,Tetracyclines (J01A),doxycycline;minocycline;tetracycline;tigecycline,1.7550000000000001,10.0,1.7550000000000001,10.0,doxycycline;minocycline;tetracycline;tigecycline,1.7550000000000001,10.0,1.7550000000000001
fff311750,Morganella spp.,Aminoglycosides (J01G),amikacin;gentamicin;tobramycin,29.61,30.0,29.61,30.0,amikacin;gentamicin;tobramycin,29.61,30.0,29.61
fff311750,Morganella spp.,Anti-MRSA Cephalosporins (5G),,,,,,,,,
fff311750,Morganella spp.,Beta-lactamase combinations (J01CR),piperacillin_tazobactam;ticarcillin_clavulanate,28.12,30.0,28.12,30.0,piperacillin_tazobactam;ticarcillin_clavulanate,28.12,30.0,28.12
fff311750,Morganella spp.,Carbapenems (J01DH),ertapenem;imipenem_c;meropenem,27.42,11.666666666666666,27.42,11.666666666666666,ertapenem;imipenem_c;meropenem,27.42,11.666666666666666,27.42
fff311750,Morganella spp.,Cephalosporins 3G,cefixime;ceftazidime;ceftriaxone,28.61,36.666666666666664,28.61,36.666666666666664,cefixime;ceftazidime;ceftriaxone,28.61,36.666666666666664,28.61
fff311750,Morganella spp.,Cephalosporins 3G/BLI,ceftolozane_tazobactam,28.01,4.0,28.01,4.0,ceftolozane_tazobactam,28.01,4.0,28.01
fff311750,Morganella spp.,Cephalosporins 4G,cefepime,28.61,35.0,28.61,35.0,cefepime,28.61,35.0,28.61
fff311750,Morganella spp.,Chloramphenicol (J01BA),chloramphenicol,21.79,30.0,21.79,30.0,chloramphenicol,21.79,30.0,21.79
fff311750,Morganella spp.,Fluoroquinolones (J01M),ciprofloxacin;levofloxacin;moxifloxacin;ofloxacin,32.64,33.75,32.64,33.75,ciprofloxacin;levofloxacin;moxifloxacin;ofloxacin,32.64,33.75,32.64
fff311750,Morganella spp.,Monobactams,aztreonam,18.37,30.0,18.37,30.0,aztreonam,18.37,30.0,18.37
fff311750,Morganella spp.,Novel BL/BLI,aztreonam_avibactam;ceftazidime_avibactam;meropenem_vaborbactam,24.080000000000002,10.0,24.080000000000002,10.0,aztreonam_avibactam;ceftazidime_avibactam;meropenem_vaborbactam,24.080000000000002,10.0,24.080000000000002
fff311750,Morganella spp.,Penicillins (J01C),piperacillin;ticarcillin,28.64,37.5,28.64,37.5,piperacillin;ticarcillin,28.64,37.5,28.64
fff311750,Morganella spp.,Siderophore Cephalosporins,cefiderocol,0.0,1.0,0.0,1.0,cefiderocol,0.0,1.0,0.0
fff311750,Morganella spp.,Sulfonamides (J01E),trim_sulf,6.56,35.0,6.56,35.0,trim_sulf,6.56,35.0,6.56
fff311750,Mycoplasma genitalium,Chloramphenicol (J01BA),,,,30.79,,,,,30.79
fff311750,Mycoplasma genitalium,Fluoroquinolones (J01M),ciprofloxacin;levofloxacin;moxifloxacin;ofloxacin,41.275000000000006,45.0,41.275000000000006,45.0,ciprofloxacin;levofloxacin;moxifloxacin;ofloxacin,41.275000000000006,45.0,41.275000000000006
fff311750,Mycoplasma genitalium,Fusidic acid (J01XC),,,,,,,,,
fff311750,Mycoplasma genitalium,Macrolides (J01F),azithromycin;clarithromycin;erythromycin,49.0,55.0,49.0,55.0,azithromycin;clarithromycin;erythromycin,49.0,55.00000000000001,49.0
fff311750,Mycoplasma genitalium,Nitroimidazoles,,,,,,,,,
fff311750,Mycoplasma genitalium,Tetracyclines (J01A),doxycycline;minocycline;tetracycline;tigecycline,36.835,32.5,36.835,32.5,doxycycline;minocycline;tetracycline;tigecycline,36.835,32.5,36.835
fff311750,Mycoplasma pneumoniae,Chloramphenicol (J01BA),,,,,,,,,
fff311750,Mycoplasma pneumoniae,Fluoroquinolones (J01M),ciprofloxacin;levofloxacin;moxifloxacin,0.03,2.0,0.03,2.0,ciprofloxacin;levofloxacin;moxifloxacin,0.03,2.0,0.03
fff311750,Mycoplasma pneumoniae,Macrolides (J01F),azithromycin;clarithromycin;erythromycin,24.28,20.0,24.28,20.0,azithromycin;clarithromycin;erythromycin,24.28,20.0,24.28
fff311750,Mycoplasma pneumoniae,Streptogramins (J01FG),,,,,,,,,
fff311750,Mycoplasma pneumoniae,Tetracyclines (J01A),doxycycline;tetracycline,8.62,1.0,6.465,1.0,doxycycline;tetracycline,8.62,1.0,6.465
fff311750,Neisseria gonorrhoeae,Aminoglycosides (J01G),amikacin;gentamicin;tobramycin,15.020000000000001,5.0,15.020000000000001,5.0,amikacin;gentamicin;tobramycin,15.020000000000001,5.0,15.020000000000001
fff311750,Neisseria gonorrhoeae,Anti-MRSA Cephalosporins (5G),,,,,,,,,
fff311750,Neisseria gonorrhoeae,Beta-lactamase combinations (J01CR),amoxicillin_clavulanate;ampicillin_sulbactam;piperacillin_tazobactam;ticarcillin_clavulanate,16.36,45.0,16.36,45.0,amoxicillin_clavulanate;ampicillin_sulbactam;piperacillin_tazobactam;ticarcillin_clavulanate,16.36,45.0,16.36
fff311750,Neisseria gonorrhoeae,Carbapenems (J01DH),,,,0.0,,,,,0.0
fff311750,Neisseria gonorrhoeae,Cephalosporins 1-2G,cefazolin;cefuroxime;cephalexin,16.36,53.333333333333336,16.36,53.333333333333336,cefazolin;cefuroxime;cephalexin,16.36,53.333333333333336,16.36
fff311750,Neisseria gonorrhoeae,Cephalosporins 3G,cefixime;ceftazidime;ceftriaxone,16.36,9.666666666666666,16.36,9.666666666666666,cefixime;ceftazidime;ceftriaxone,16.36,9.666666666666666,16.36
fff311750,Neisseria gonorrhoeae,Cephalosporins 3G/BLI,ceftolozane_tazobactam,16.36,4.0,16.36,4.0,ceftolozane_tazobactam,16.36,4.0,16.36
fff311750,Neisseria gonorrhoeae,Cephalosporins 4G,cefepime,16.36,20.0,16.36,20.0,cefepime,16.36,20.0,16.36
fff311750,Neisseria gonorrhoeae,Chloramphenicol (J01BA),chloramphenicol,81.85,60.0,81.85,60.0,chloramphenicol,81.85,60.0,81.85
fff311750,Neisseria gonorrhoeae,Fluoroquinolones (J01M),ciprofloxacin;levofloxacin;moxifloxacin;ofloxacin,83.255,80.0,83.255,80.0,ciprofloxacin;levofloxacin;moxifloxacin;ofloxacin,83.255,80.0,83.255
fff311750,Neisseria gonorrhoeae,Macrolides (J01F),azithromycin;clarithromycin;erythromycin,12.24,31.666666666666668,12.24,31.666666666666668,azithromycin;clarithromycin;erythromycin,12.24,31.666666666666668,12.24
fff311750,Neisseria gonorrhoeae,Monobactams,aztreonam,16.36,25.0,16.36,25.0,aztreonam,16.36,25.0,16.36
fff311750,Neisseria gonorrhoeae,Novel BL/BLI,aztreonam_avibactam;ceftazidime_avibactam;meropenem_vaborbactam,10.906666666666666,30.0,10.906666666666666,30.0,aztreonam_avibactam;ceftazidime_avibactam;meropenem_vaborbactam,10.906666666666666,30.0,10.906666666666666
fff311750,Neisseria gonorrhoeae,Penicillins (J01C),amoxicillin;ampicillin;penicillin_g;piperacillin;ticarcillin,25.05,46.0,25.05,46.0,amoxicillin;ampicillin;penicillin_g;piperacillin;ticarcillin,25.05,46.0,25.05
fff311750,Neisseria gonorrhoeae,Siderophore Cephalosporins,cefiderocol,0.0,1.0,0.0,1.0,cefiderocol,0.0,1.0,0.0
fff311750,Neisseria gonorrhoeae,Sulfonamides (J01E),trim_sulf,72.57,70.0,72.57,70.0,trim_sulf,72.57,70.0,72.57
fff311750,Neisseria gonorrhoeae,Tetracyclines (J01A),doxycycline;minocycline;tetracycline,82.16333333333333,65.0,82.16333333333333,65.0,doxycycline;minocycline;tetracycline,82.16333333333333,65.0,82.16333333333333
fff311750,Neisseria meningitidis,Aminoglycosides (J01G),amikacin;gentamicin;tobramycin,0.04,4.333333333333333,0.04,4.333333333333333,amikacin;gentamicin;tobramycin,0.04,4.333333333333333,0.04
fff311750,Neisseria meningitidis,Anti-MRSA Cephalosporins (5G),,,,,,,,,
fff311750,Neisseria meningitidis,Beta-lactamase combinations (J01CR),amoxicillin_clavulanate;ampicillin_sulbactam;piperacillin_tazobactam;ticarcillin_clavulanate,0.34,12.0,0.34,12.0,amoxicillin_clavulanate;ampicillin_sulbactam;piperacillin_tazobactam;ticarcillin_clavulanate,0.34,12.0,0.34
fff311750,Neisseria meningitidis,Carbapenems (J01DH),ertapenem;imipenem_c;meropenem,0.14,0.10000000000000002,0.14,0.10000000000000002,ertapenem;imipenem_c;meropenem,0.14,0.10000000000000002,0.14
fff311750,Neisseria meningitidis,Cephalosporins 1-2G,cefazolin;cefuroxime;cephalexin,0.34,11.333333333333334,0.34,11.333333333333334,cefazolin;cefuroxime;cephalexin,0.34,11.333333333333334,0.34
fff311750,Neisseria meningitidis,Cephalosporins 3G,cefixime;ceftazidime;ceftriaxone,0.34,2.0,0.34,2.0,cefixime;ceftazidime;ceftriaxone,0.34,2.0,0.34
fff311750,Neisseria meningitidis,Cephalosporins 3G/BLI,ceftolozane_tazobactam,0.34,4.0,0.34,4.0,ceftolozane_tazobactam,0.34,4.0,0.34
fff311750,Neisseria meningitidis,Cephalosporins 4G,cefepime,0.34,2.0,0.34,2.0,cefepime,0.34,2.0,0.34
fff311750,Neisseria meningitidis,Chloramphenicol (J01BA),chloramphenicol,0.0,8.0,0.0,8.0,chloramphenicol,0.0,8.0,0.0
fff311750,Neisseria meningitidis,Fluoroquinolones (J01M),ciprofloxacin;levofloxacin;moxifloxacin;ofloxacin,6.305,4.0,6.305,4.0,ciprofloxacin;levofloxacin;moxifloxacin;ofloxacin,6.305,4.0,6.305
fff311750,Neisseria meningitidis,Fosfomycin (J01XX01),,,,,,,,,
fff311750,Neisseria meningitidis,Macrolides (J01F),azithromycin;clarithromycin;erythromycin,0.19000000000000003,7.333333333333333,0.19000000000000003,7.333333333333333,azithromycin;clarithromycin;erythromycin,0.19000000000000003,7.333333333333333,0.19000000000000003
fff311750,Neisseria meningitidis,Monobactams,aztreonam,0.34,2.0,0.34,2.0,aztreonam,0.34,2.0,0.34
fff311750,Neisseria meningitidis,Nitrofurans (J01XE),,,,,,,,,
fff311750,Neisseria meningitidis,Novel BL/BLI,aztreonam_avibactam;ceftazidime_avibactam;meropenem_vaborbactam,0.24,0.10000000000000002,0.24,0.10000000000000002,aztreonam_avibactam;ceftazidime_avibactam;meropenem_vaborbactam,0.24,0.10000000000000002,0.24
fff311750,Neisseria meningitidis,Penicillins (J01C),amoxicillin;ampicillin;penicillin_g;piperacillin;ticarcillin,0.34,16.8,0.34,16.8,amoxicillin;ampicillin;penicillin_g;piperacillin;ticarcillin,0.34,16.8,0.34
fff311750,Neisseria meningitidis,Siderophore Cephalosporins,cefiderocol,0.0,1.0,0.0,1.0,cefiderocol,0.0,1.0,0.0
fff311750,Neisseria meningitidis,Sulfonamides (J01E),trim_sulf,16.49,10.0,16.49,10.0,trim_sulf,16.49,10.0,16.49
fff311750,Neisseria meningitidis,Tetracyclines (J01A),doxycycline;minocycline;tetracycline,0.03,6.333333333333333,0.03,6.333333333333333,doxycycline;minocycline;tetracycline,0.03,6.333333333333333,0.03
fff311750,Proteus spp.,Aminoglycosides (J01G),amikacin;gentamicin;tobramycin,28.959999999999997,30.0,28.959999999999997,30.0,amikacin;gentamicin;tobramycin,28.959999999999997,30.0,28.959999999999997
fff311750,Proteus spp.,Anti-MRSA Cephalosporins (5G),,,,33.28,,,,,33.28
fff311750,Proteus spp.,Beta-lactamase combinations (J01CR),amoxicillin_clavulanate;ampicillin_sulbactam;piperacillin_tazobactam;ticarcillin_clavulanate,32.63,21.25,32.63,21.25,amoxicillin_clavulanate;ampicillin_sulbactam;piperacillin_tazobactam;ticarcillin_clavulanate,32.63,21.25,32.63
fff311750,Proteus spp.,Carbapenems (J01DH),ertapenem;imipenem_c;meropenem,32.43,10.0,32.43,10.0,ertapenem;imipenem_c;meropenem,32.43,10.0,32.43
fff311750,Proteus spp.,Cephalosporins 1-2G,cefazolin;cefuroxime;cephalexin,33.28,28.333333333333332,33.28,28.333333333333332,cefazolin;cefuroxime;cephalexin,33.28,28.333333333333332,33.28
fff311750,Proteus spp.,Cephalosporins 3G,cefixime;ceftazidime;ceftriaxone,33.28,21.666666666666668,33.28,21.666666666666668,cefixime;ceftazidime;ceftriaxone,33.28,21.666666666666668,33.28
fff311750,Proteus spp.,Cephalosporins 3G/BLI,ceftolozane_tazobactam,32.63,4.0,32.63,4.0,ceftolozane_tazobactam,32.63,4.0,32.63
fff311750,Proteus spp.,Cephalosporins 4G,cefepime,33.28,20.0,33.28,20.0,cefepime,33.28,20.0,33.28
fff311750,Proteus spp.,Chloramphenicol (J01BA),chloramphenicol,25.94,25.0,25.94,25.0,chloramphenicol,25.94,25.0,25.94
fff311750,Proteus spp.,Fluoroquinolones (J01M),ciprofloxacin;levofloxacin;moxifloxacin;ofloxacin,32.63,28.75,32.63,28.75,ciprofloxacin;levofloxacin;moxifloxacin;ofloxacin,32.63,28.75,32.63
fff311750,Proteus spp.,Fosfomycin (J01XX01),fosfomycin,9.66,10.0,9.66,10.0,fosfomycin,9.66,10.0,9.66
fff311750,Proteus spp.,Monobactams,aztreonam,24.53,25.0,24.53,25.0,aztreonam,24.53,25.0,24.53
fff311750,Proteus spp.,Novel BL/BLI,aztreonam_avibactam;ceftazidime_avibactam;meropenem_vaborbactam,27.98,10.0,27.98,10.0,aztreonam_avibactam;ceftazidime_avibactam;meropenem_vaborbactam,27.98,10.0,27.98
fff311750,Proteus spp.,Penicillins (J01C),amoxicillin;ampicillin;piperacillin;ticarcillin,33.81,28.75,33.81,28.75,amoxicillin;ampicillin;piperacillin;ticarcillin,33.81,28.75,33.81
fff311750,Proteus spp.,Siderophore Cephalosporins,cefiderocol,0.0,1.0,0.0,1.0,cefiderocol,0.0,1.0,0.0
fff311750,Proteus spp.,Sulfonamides (J01E),sulfanilamide;trim_sulf,18.23,25.0,18.23,25.0,sulfanilamide;trim_sulf,18.23,25.0,18.23
fff311750,Providencia stuartii,Aminoglycosides (J01G),amikacin,51.96,45.0,51.96,45.0,amikacin,51.96,45.0,51.96
fff311750,Providencia stuartii,Beta-lactamase combinations (J01CR),piperacillin_tazobactam;ticarcillin_clavulanate,51.41,40.0,51.41,40.0,piperacillin_tazobactam;ticarcillin_clavulanate,51.41,40.0,51.41
fff311750,Providencia stuartii,Carbapenems (J01DH),ertapenem;imipenem_c;meropenem,0.07,21.666666666666668,0.07,21.666666666666668,ertapenem;imipenem_c;meropenem,0.07,21.666666666666668,0.07
fff311750,Providencia stuartii,Cephalosporins 1-2G,cefuroxime,60.39,55.0,60.39,55.0,cefuroxime,60.39,55.00000000000001,60.39
fff311750,Providencia stuartii,Cephalosporins 3G,cefixime;ceftazidime;ceftriaxone,60.39000000000001,51.666666666666664,60.39000000000001,51.666666666666664,cefixime;ceftazidime;ceftriaxone,60.39000000000001,51.666666666666664,60.39000000000001
fff311750,Providencia stuartii,Cephalosporins 3G/BLI,ceftolozane_tazobactam,51.41,4.0,51.41,4.0,ceftolozane_tazobactam,51.41,4.0,51.41
fff311750,Providencia stuartii,Cephalosporins 4G,cefepime,60.39,50.0,60.39,50.0,cefepime,60.39,50.0,60.39
fff311750,Providencia stuartii,Chloramphenicol (J01BA),chloramphenicol,39.64,45.0,39.64,45.0,chloramphenicol,39.64,45.0,39.64
fff311750,Providencia stuartii,Fluoroquinolones (J01M),ciprofloxacin;levofloxacin;moxifloxacin;ofloxacin,50.959999999999994,52.5,50.959999999999994,52.5,ciprofloxacin;levofloxacin;moxifloxacin;ofloxacin,50.959999999999994,52.5,50.959999999999994
fff311750,Providencia stuartii,Monobactams,aztreonam,60.39,50.0,60.39,50.0,aztreonam,60.39,50.0,60.39
fff311750,Providencia stuartii,Novel BL/BLI,aztreonam_avibactam;ceftazidime_avibactam;meropenem_vaborbactam,0.04666666666666667,18.333333333333332,0.04666666666666667,18.333333333333332,aztreonam_avibactam;ceftazidime_avibactam;meropenem_vaborbactam,0.04666666666666667,18.333333333333332,0.04666666666666667
fff311750,Providencia stuartii,Penicillins (J01C),piperacillin;ticarcillin,60.39,55.0,60.39,55.0,piperacillin;ticarcillin,60.39,55.00000000000001,60.39
fff311750,Providencia stuartii,Siderophore Cephalosporins,cefiderocol,0.0,1.0,0.0,1.0,cefiderocol,0.0,1.0,0.0
fff311750,Providencia stuartii,Sulfonamides (J01E),trim_sulf,52.79,55.0,52.79,55.0,trim_sulf,52.79,55.00000000000001,52.79
fff311750,Pseudomonas aeruginosa,Aminoglycosides (J01G),amikacin;gentamicin;tobramycin,32.49,13.666666666666666,32.49,13.666666666666666,amikacin;gentamicin;tobramycin,32.49,13.666666666666666,32.49
fff311750,Pseudomonas aeruginosa,Beta-lactamase combinations (J01CR),piperacillin_tazobactam;ticarcillin_clavulanate,29.97,18.5,29.97,18.5,piperacillin_tazobactam;ticarcillin_clavulanate,29.97,18.5,29.97
fff311750,Pseudomonas aeruginosa,Carbapenems (J01DH),imipenem_c;meropenem,29.86,26.5,29.86,26.5,imipenem_c;meropenem,29.86,26.5,29.86
fff311750,Pseudomonas aeruginosa,Cephalosporins 3G,ceftazidime,30.06,22.0,30.06,22.0,ceftazidime,30.06,22.0,30.06
fff311750,Pseudomonas aeruginosa,Cephalosporins 3G/BLI,ceftolozane_tazobactam,29.75,8.0,29.75,8.0,ceftolozane_tazobactam,29.75,8.0,29.75
fff311750,Pseudomonas aeruginosa,Cephalosporins 4G,cefepime,30.06,18.0,30.06,18.0,cefepime,30.06,18.0,30.06
fff311750,Pseudomonas aeruginosa,Fluoroquinolones (J01M),ciprofloxacin;levofloxacin;moxifloxacin;ofloxacin,30.86,26.5,30.86,26.5,ciprofloxacin;levofloxacin;moxifloxacin;ofloxacin,30.86,26.5,30.86
fff311750,Pseudomonas aeruginosa,Fosfomycin (J01XX01),,,,0.08,,,,,0.08
fff311750,Pseudomonas aeruginosa,Monobactams,aztreonam,17.13,22.0,17.13,22.0,aztreonam,17.13,22.0,17.13
fff311750,Pseudomonas aeruginosa,Novel BL/BLI,aztreonam_avibactam;ceftazidime_avibactam;meropenem_vaborbactam,24.853333333333335,8.666666666666666,24.853333333333335,8.666666666666666,aztreonam_avibactam;ceftazidime_avibactam;meropenem_vaborbactam,24.853333333333335,8.666666666666666,24.853333333333335
fff311750,Pseudomonas aeruginosa,Penicillins (J01C),piperacillin;ticarcillin,30.06,27.5,30.06,27.5,piperacillin;ticarcillin,30.06,27.5,30.06
fff311750,Pseudomonas aeruginosa,Polymyxins (J01XB),colistin,10.1,3.0,10.1,3.0,colistin,10.1,3.0,10.1
fff311750,Pseudomonas aeruginosa,Siderophore Cephalosporins,cefiderocol,0.0,5.0,0.0,5.0,cefiderocol,0.0,5.0,0.0
fff311750,Salmonella enterica serovar paratyphi a,Aminoglycosides (J01G),amikacin;gentamicin;tobramycin,44.34,30.0,44.34,30.0,amikacin;gentamicin;tobramycin,44.34,30.0,44.34
fff311750,Salmonella enterica serovar paratyphi a,Beta-lactamase combinations (J01CR),amoxicillin_clavulanate;ampicillin_sulbactam;piperacillin_tazobactam;ticarcillin_clavulanate,11.39,22.5,11.39,22.5,amoxicillin_clavulanate;ampicillin_sulbactam;piperacillin_tazobactam;ticarcillin_clavulanate,11.39,22.5,11.39
fff311750,Salmonella enterica serovar paratyphi a,Carbapenems (J01DH),ertapenem;imipenem_c;meropenem,2.32,10.0,2.32,10.0,ertapenem;imipenem_c;meropenem,2.32,10.0,2.32
fff311750,Salmonella enterica serovar paratyphi a,Cephalosporins 1-2G,cefazolin;cefuroxime;cephalexin,36.39,38.333333333333336,36.39,38.333333333333336,cefazolin;cefuroxime;cephalexin,36.39,38.333333333333336,36.39
fff311750,Salmonella enterica serovar paratyphi a,Cephalosporins 3G,cefixime;ceftazidime;ceftriaxone,36.39,16.666666666666668,36.39,16.666666666666668,cefixime;ceftazidime;ceftriaxone,36.39,16.666666666666668,36.39
fff311750,Salmonella enterica serovar paratyphi a,Cephalosporins 3G/BLI,ceftolozane_tazobactam,11.06,4.0,11.06,4.0,ceftolozane_tazobactam,11.06,4.0,11.06
fff311750,Salmonella enterica serovar paratyphi a,Cephalosporins 4G,cefepime,36.39,25.0,36.39,25.0,cefepime,36.39,25.0,36.39
fff311750,Salmonella enterica serovar paratyphi a,Chloramphenicol (J01BA),chloramphenicol,16.17,35.0,16.17,35.0,chloramphenicol,16.17,35.0,16.17
fff311750,Salmonella enterica serovar paratyphi a,Fluoroquinolones (J01M),ciprofloxacin;levofloxacin;moxifloxacin;ofloxacin,18.7775,33.75,18.7775,33.75,ciprofloxacin;levofloxacin;moxifloxacin;ofloxacin,18.7775,33.75,18.7775
fff311750,Salmonella enterica serovar paratyphi a,Macrolides (J01F),,,,0.0,,,,,0.0
fff311750,Salmonella enterica serovar paratyphi a,Monobactams,aztreonam,35.82,25.0,35.82,25.0,aztreonam,35.82,25.0,35.82
fff311750,Salmonella enterica serovar paratyphi a,Nitrofurans (J01XE),,,,0.0,,,,,0.0
fff311750,Salmonella enterica serovar paratyphi a,Novel BL/BLI,aztreonam_avibactam;ceftazidime_avibactam;meropenem_vaborbactam,1.7599999999999998,10.0,1.7599999999999998,10.0,aztreonam_avibactam;ceftazidime_avibactam;meropenem_vaborbactam,1.7599999999999998,10.0,1.7599999999999998
fff311750,Salmonella enterica serovar paratyphi a,Penicillins (J01C),amoxicillin;ampicillin;piperacillin;ticarcillin,36.39,40.0,36.39,40.0,amoxicillin;ampicillin;piperacillin;ticarcillin,36.39,40.0,36.39
fff311750,Salmonella enterica serovar paratyphi a,Polymyxins (J01XB),colistin,0.02,20.0,0.02,20.0,colistin,0.02,20.0,0.02
fff311750,Salmonella enterica serovar paratyphi a,Siderophore Cephalosporins,cefiderocol,0.0,1.0,0.0,1.0,cefiderocol,0.0,1.0,0.0
fff311750,Salmonella enterica serovar paratyphi a,Sulfonamides (J01E),trim_sulf,1.59,40.0,1.59,40.0,trim_sulf,1.59,40.0,1.59
fff311750,Salmonella enterica serovar paratyphi a,Tetracyclines (J01A),doxycycline;minocycline;tetracycline;tigecycline,22.902500000000003,18.75,22.902500000000003,18.75,doxycycline;minocycline;tetracycline;tigecycline,22.902500000000003,18.75,22.902500000000003
fff311750,Salmonella enterica serovar typhi,Aminoglycosides (J01G),amikacin;gentamicin;tobramycin,12.63,30.0,12.63,30.0,amikacin;gentamicin;tobramycin,12.63,30.0,12.63
fff311750,Salmonella enterica serovar typhi,Beta-lactamase combinations (J01CR),amoxicillin_clavulanate;ampicillin_sulbactam;piperacillin_tazobactam;ticarcillin_clavulanate,10.26,22.5,10.26,22.5,amoxicillin_clavulanate;ampicillin_sulbactam;piperacillin_tazobactam;ticarcillin_clavulanate,10.26,22.5,10.26
fff311750,Salmonella enterica serovar typhi,Carbapenems (J01DH),ertapenem;imipenem_c;meropenem,3.09,10.0,3.09,10.0,ertapenem;imipenem_c;meropenem,3.09,10.0,3.09
fff311750,Salmonella enterica serovar typhi,Cephalosporins 1-2G,cefazolin;cefuroxime;cephalexin,57.99,38.333333333333336,57.99,38.333333333333336,cefazolin;cefuroxime;cephalexin,57.99,38.333333333333336,57.99
fff311750,Salmonella enterica serovar typhi,Cephalosporins 3G,cefixime;ceftazidime;ceftriaxone,57.99,16.666666666666668,57.99,16.666666666666668,cefixime;ceftazidime;ceftriaxone,57.99,16.666666666666668,57.99
fff311750,Salmonella enterica serovar typhi,Cephalosporins 3G/BLI,ceftolozane_tazobactam,10.26,4.0,10.26,4.0,ceftolozane_tazobactam,10.26,4.0,10.26
fff311750,Salmonella enterica serovar typhi,Cephalosporins 4G,cefepime,57.99,25.0,57.99,25.0,cefepime,57.99,25.0,57.99
fff311750,Salmonella enterica serovar typhi,Chloramphenicol (J01BA),chloramphenicol,28.08,35.0,28.08,35.0,chloramphenicol,28.08,35.0,28.08
fff311750,Salmonella enterica serovar typhi,Fluoroquinolones (J01M),ciprofloxacin;levofloxacin;moxifloxacin;ofloxacin,21.395000000000003,33.75,21.395000000000003,33.75,ciprofloxacin;levofloxacin;moxifloxacin;ofloxacin,21.395000000000003,33.75,21.395000000000003
fff311750,Salmonella enterica serovar typhi,Macrolides (J01F),,,,0.02,,,,,0.02
fff311750,Salmonella enterica serovar typhi,Monobactams,aztreonam,57.4,25.0,57.4,25.0,aztreonam,57.4,25.0,57.4
fff311750,Salmonella enterica serovar typhi,Nitrofurans (J01XE),,,,0.0,,,,,0.0
fff311750,Salmonella enterica serovar typhi,Novel BL/BLI,aztreonam_avibactam;ceftazidime_avibactam;meropenem_vaborbactam,2.82,10.0,2.82,10.0,aztreonam_avibactam;ceftazidime_avibactam;meropenem_vaborbactam,2.82,10.0,2.82
fff311750,Salmonella enterica serovar typhi,Penicillins (J01C),amoxicillin;ampicillin;piperacillin;ticarcillin,57.99,40.0,57.99,40.0,amoxicillin;ampicillin;piperacillin;ticarcillin,57.99,40.0,57.99
fff311750,Salmonella enterica serovar typhi,Polymyxins (J01XB),colistin,0.08,20.0,0.08,20.0,colistin,0.08,20.0,0.08
fff311750,Salmonella enterica serovar typhi,Siderophore Cephalosporins,cefiderocol,0.0,1.0,0.0,1.0,cefiderocol,0.0,1.0,0.0
fff311750,Salmonella enterica serovar typhi,Sulfonamides (J01E),trim_sulf,0.42,40.0,0.42,40.0,trim_sulf,0.42,40.0,0.42
fff311750,Salmonella enterica serovar typhi,Tetracyclines (J01A),doxycycline;minocycline;tetracycline;tigecycline,37.46,18.75,37.46,18.75,doxycycline;minocycline;tetracycline;tigecycline,37.46,18.75,37.46
fff311750,Serratia spp.,Aminoglycosides (J01G),amikacin;gentamicin;tobramycin,7.79,35.0,7.79,35.0,amikacin;gentamicin;tobramycin,7.79,35.0,7.79
fff311750,Serratia spp.,Beta-lactamase combinations (J01CR),piperacillin_tazobactam;ticarcillin_clavulanate,12.17,30.0,12.17,30.0,piperacillin_tazobactam;ticarcillin_clavulanate,12.17,30.0,12.17
fff311750,Serratia spp.,Carbapenems (J01DH),ertapenem;imipenem_c;meropenem,10.74,11.666666666666666,10.74,11.666666666666666,ertapenem;imipenem_c;meropenem,10.74,11.666666666666666,10.74
fff311750,Serratia spp.,Cephalosporins 3G,cefixime;ceftazidime;ceftriaxone,14.5,33.333333333333336,14.5,33.333333333333336,cefixime;ceftazidime;ceftriaxone,14.5,33.333333333333336,14.5
fff311750,Serratia spp.,Cephalosporins 3G/BLI,ceftolozane_tazobactam,12.17,4.0,12.17,4.0,ceftolozane_tazobactam,12.17,4.0,12.17
fff311750,Serratia spp.,Cephalosporins 4G,cefepime,14.5,35.0,14.5,35.0,cefepime,14.5,35.0,14.5
fff311750,Serratia spp.,Chloramphenicol (J01BA),chloramphenicol,14.21,30.0,14.21,30.0,chloramphenicol,14.21,30.0,14.21
fff311750,Serratia spp.,Fluoroquinolones (J01M),ciprofloxacin;levofloxacin;moxifloxacin;ofloxacin,18.544999999999998,28.75,18.544999999999998,28.75,ciprofloxacin;levofloxacin;moxifloxacin;ofloxacin,18.544999999999998,28.75,18.544999999999998
fff311750,Serratia spp.,Fosfomycin (J01XX01),fosfomycin,8.98,20.0,8.98,20.0,fosfomycin,8.98,20.0,8.98
fff311750,Serratia spp.,Monobactams,aztreonam,12.53,30.0,12.53,30.0,aztreonam,12.53,30.0,12.53
fff311750,Serratia spp.,Novel BL/BLI,aztreonam_avibactam;ceftazidime_avibactam;meropenem_vaborbactam,10.549999999999999,10.0,10.549999999999999,10.0,aztreonam_avibactam;ceftazidime_avibactam;meropenem_vaborbactam,10.549999999999999,10.0,10.549999999999999
fff311750,Serratia spp.,Penicillins (J01C),piperacillin;ticarcillin,14.66,42.5,14.66,42.5,piperacillin;ticarcillin,14.66,42.5,14.66
fff311750,Serratia spp.,Siderophore Cephalosporins,cefiderocol,0.0,1.0,0.0,1.0,cefiderocol,0.0,1.0,0.0
fff311750,Serratia spp.,Sulfonamides (J01E),sulfanilamide;trim_sulf,6.52,27.5,6.52,27.5,sulfanilamide;trim_sulf,6.52,27.5,6.52
fff311750,Serratia spp.,Tetracyclines (J01A),minocycline,14.32,10.0,14.14,10.0,minocycline,14.32,10.0,14.14
fff311750,Shigella spp.,Aminoglycosides (J01G),amikacin;gentamicin;tobramycin,25.31,28.333333333333332,25.31,28.333333333333332,amikacin;gentamicin;tobramycin,25.31,28.333333333333332,25.31
fff311750,Shigella spp.,Anti-MRSA Cephalosporins (5G),,,,35.7,,,,,35.7
fff311750,Shigella spp.,Beta-lactamase combinations (J01CR),amoxicillin_clavulanate;ampicillin_sulbactam;piperacillin_tazobactam;ticarcillin_clavulanate,31.55,33.75,31.55,33.75,amoxicillin_clavulanate;ampicillin_sulbactam;piperacillin_tazobactam;ticarcillin_clavulanate,31.55,33.75,31.55
fff311750,Shigella spp.,Carbapenems (J01DH),ertapenem;imipenem_c;meropenem,9.15,15.0,9.15,15.0,ertapenem;imipenem_c;meropenem,9.15,15.0,9.15
fff311750,Shigella spp.,Cephalosporins 1-2G,cefazolin;cefuroxime;cephalexin,35.7,43.333333333333336,35.7,43.333333333333336,cefazolin;cefuroxime;cephalexin,35.7,43.333333333333336,35.7
fff311750,Shigella spp.,Cephalosporins 3G,cefixime;ceftazidime;ceftriaxone,35.7,31.666666666666668,35.7,31.666666666666668,cefixime;ceftazidime;ceftriaxone,35.7,31.666666666666668,35.7
fff311750,Shigella spp.,Cephalosporins 3G/BLI,ceftolozane_tazobactam,31.47,4.0,31.47,4.0,ceftolozane_tazobactam,31.47,4.0,31.47
fff311750,Shigella spp.,Cephalosporins 4G,cefepime,35.7,30.0,35.7,30.0,cefepime,35.7,30.0,35.7
fff311750,Shigella spp.,Chloramphenicol (J01BA),chloramphenicol,38.26,35.0,38.26,35.0,chloramphenicol,38.26,35.0,38.26
fff311750,Shigella spp.,Fluoroquinolones (J01M),ciprofloxacin;levofloxacin;moxifloxacin;ofloxacin,46.682500000000005,58.75,46.682500000000005,58.75,ciprofloxacin;levofloxacin;moxifloxacin;ofloxacin,46.682500000000005,58.75,46.682500000000005
fff311750,Shigella spp.,Fosfomycin (J01XX01),,,,0.12,,,,,0.12
fff311750,Shigella spp.,Macrolides (J01F),azithromycin,40.69,25.0,40.69,25.0,azithromycin,40.69,25.0,40.69
fff311750,Shigella spp.,Monobactams,aztreonam,29.59,35.0,29.59,35.0,aztreonam,29.59,35.0,29.59
fff311750,Shigella spp.,Nitrofurans (J01XE),,,,1.64,,,,,1.64
fff311750,Shigella spp.,Novel BL/BLI,aztreonam_avibactam;ceftazidime_avibactam;meropenem_vaborbactam,6.8566666666666665,10.0,6.8566666666666665,10.0,aztreonam_avibactam;ceftazidime_avibactam;meropenem_vaborbactam,6.8566666666666665,10.0,6.8566666666666665
fff311750,Shigella spp.,Penicillins (J01C),amoxicillin;ampicillin;piperacillin;ticarcillin,74.53,50.0,74.53,50.0,amoxicillin;ampicillin;piperacillin;ticarcillin,74.53,50.0,74.53
fff311750,Shigella spp.,Polymyxins (J01XB),colistin,10.56,20.0,10.56,20.0,colistin,10.56,20.0,10.56
fff311750,Shigella spp.,Siderophore Cephalosporins,cefiderocol,0.0,1.0,0.0,1.0,cefiderocol,0.0,1.0,0.0
fff311750,Shigella spp.,Sulfonamides (J01E),sulfanilamide;trim_sulf,41.26,30.0,41.26,30.0,sulfanilamide;trim_sulf,41.26,30.0,41.26
fff311750,Shigella spp.,Tetracyclines (J01A),doxycycline;minocycline;tetracycline;tigecycline,39.230000000000004,28.75,39.230000000000004,28.75,doxycycline;minocycline;tetracycline;tigecycline,39.230000000000004,28.75,39.230000000000004
fff311750,Staphylococcus aureus,Aminoglycosides (J01G),amikacin;gentamicin;tobramycin,53.919999999999995,40.0,53.919999999999995,40.0,amikacin;gentamicin;tobramycin,53.919999999999995,40.0,53.919999999999995
fff311750,Staphylococcus aureus,Anti-MRSA Cephalosporins (5G),ceftaroline,0.0,2.0,0.0,2.0,ceftaroline,0.0,2.0,0.0
fff311750,Staphylococcus aureus,Beta-lactamase combinations (J01CR),amoxicillin_clavulanate;ampicillin_sulbactam;piperacillin_tazobactam;ticarcillin_clavulanate,43.42,37.5,43.42,37.5,amoxicillin_clavulanate;ampicillin_sulbactam;piperacillin_tazobactam;ticarcillin_clavulanate,43.42,37.5,43.42
fff311750,Staphylococcus aureus,Carbapenems (J01DH),ertapenem;imipenem_c;meropenem,43.419999999999995,40.0,43.419999999999995,40.0,ertapenem;imipenem_c;meropenem,43.419999999999995,40.0,43.419999999999995
fff311750,Staphylococcus aureus,Cephalosporins 1-2G,cefazolin;cefuroxime;cephalexin,43.419999999999995,40.0,43.419999999999995,40.0,cefazolin;cefuroxime;cephalexin,43.419999999999995,40.0,43.419999999999995
fff311750,Staphylococcus aureus,Cephalosporins 3G,cefixime;ceftriaxone,43.42,45.0,43.42,45.0,ceftriaxone,43.42,45.0,43.42
fff311750,Staphylococcus aureus,Cephalosporins 4G,cefepime,43.42,40.0,43.42,40.0,cefepime,43.42,40.0,43.42
fff311750,Staphylococcus aureus,Chloramphenicol (J01BA),chloramphenicol,46.03,30.0,46.03,30.0,chloramphenicol,46.03,30.0,46.03
fff311750,Staphylococcus aureus,Fluoroquinolones (J01M),ciprofloxacin;levofloxacin;moxifloxacin;ofloxacin,37.5375,38.75,37.5375,38.75,ciprofloxacin;levofloxacin;moxifloxacin;ofloxacin,37.5375,38.75,37.5375
fff311750,Staphylococcus aureus,Fosfomycin (J01XX01),,,,2.27,,,,,2.27
fff311750,Staphylococcus aureus,Fusidic acid (J01XC),fusidic_a,16.43,20.0,16.43,20.0,fusidic_a,16.43,20.0,16.43
fff311750,Staphylococcus aureus,Glycopeptides (J01XA),teicoplanin;vancomycin,38.73,5.0,38.73,5.0,teicoplanin;vancomycin,38.73,5.0,38.73
fff311750,Staphylococcus aureus,Lincosamides (J01FF),clindamycin,40.95,45.0,40.95,45.0,clindamycin,40.95,45.0,40.95
fff311750,Staphylococcus aureus,Lipoglycopeptides,dalbavancin,38.73,10.0,38.73,10.0,dalbavancin,38.73,10.0,38.73
fff311750,Staphylococcus aureus,Lipopeptides (J01XX09),daptomycin,0.28,1.0,0.28,1.0,daptomycin,0.28,1.0,0.28
fff311750,Staphylococcus aureus,Macrolides (J01F),azithromycin;clarithromycin;erythromycin,37.46,38.333333333333336,37.46,38.333333333333336,azithromycin;clarithromycin;erythromycin,37.46,38.333333333333336,37.46
fff311750,Staphylococcus aureus,Nitrofurans (J01XE),,,,,,,,,
fff311750,Staphylococcus aureus,Novel BL/BLI,meropenem_vaborbactam,43.42,40.0,43.42,40.0,meropenem_vaborbactam,43.42,40.0,43.42
fff311750,Staphylococcus aureus,Oxazolidinones (J01XX),linezolid;tedizolid,33.96,1.0,33.96,1.0,linezolid;tedizolid,33.96,1.0,33.96
fff311750,Staphylococcus aureus,Penicillins (J01C),flucloxacillin;penicillin_g;piperacillin;ticarcillin,65.59,61.25,65.59,61.25,flucloxacillin;penicillin_g;piperacillin;ticarcillin,65.59,61.25,65.59
fff311750,Staphylococcus aureus,Pleuromutilins,retapamulin,33.94,15.0,33.94,15.0,retapamulin,33.94,15.0,33.94
fff311750,Staphylococcus aureus,Streptogramins (J01FG),quinu_dalfo,0.0,10.0,0.0,10.0,quinu_dalfo,0.0,10.0,0.0
fff311750,Staphylococcus aureus,Sulfonamides (J01E),trim_sulf,25.82,35.0,25.82,35.0,trim_sulf,25.82,35.0,25.82
fff311750,Staphylococcus aureus,Tetracyclines (J01A),doxycycline;minocycline;tetracycline;tigecycline,42.51,23.75,42.51,23.75,doxycycline;minocycline;tetracycline;tigecycline,42.51,23.75,42.51
fff311750,Staphylococcus epidermidis,Aminoglycosides (J01G),amikacin;gentamicin;tobramycin,24.959999999999997,31.666666666666668,24.959999999999997,31.666666666666668,amikacin;gentamicin;tobramycin,24.959999999999997,31.666666666666668,24.959999999999997
fff311750,Staphylococcus epidermidis,Anti-MRSA Cephalosporins (5G),ceftaroline,0.0,5.0,0.0,5.0,ceftaroline,0.0,5.0,0.0
fff311750,Staphylococcus epidermidis,Beta-lactamase combinations (J01CR),amoxicillin_clavulanate;ampicillin_sulbactam;piperacillin_tazobactam;ticarcillin_clavulanate,68.82,43.75,68.82,43.75,amoxicillin_clavulanate;ampicillin_sulbactam;piperacillin_tazobactam;ticarcillin_clavulanate,68.82,43.75,68.82
fff311750,Staphylococcus epidermidis,Carbapenems (J01DH),ertapenem;imipenem_c;meropenem,68.82,60.0,68.82,60.0,ertapenem;imipenem_c;meropenem,68.82,60.0,68.82
fff311750,Staphylococcus epidermidis,Cephalosporins 1-2G,cefazolin;cefuroxime;cephalexin,68.82,71.66666666666667,68.82,71.66666666666667,cefazolin;cefuroxime;cephalexin,68.82,71.66666666666667,68.82
fff311750,Staphylococcus epidermidis,Cephalosporins 3G,cefixime,68.82,20.0,68.82,20.0,,,,
fff311750,Staphylococcus epidermidis,Cephalosporins 4G,cefepime,68.82,60.0,68.82,60.0,cefepime,68.82,60.0,68.82
fff311750,Staphylococcus epidermidis,Chloramphenicol (J01BA),chloramphenicol,9.41,20.0,9.41,20.0,chloramphenicol,9.41,20.0,9.41
fff311750,Staphylococcus epidermidis,Fluoroquinolones (J01M),ciprofloxacin;levofloxacin;moxifloxacin;ofloxacin,65.025,47.5,65.025,47.5,ciprofloxacin;levofloxacin;moxifloxacin;ofloxacin,65.025,47.5,65.025
fff311750,Staphylococcus epidermidis,Fosfomycin (J01XX01),fosfomycin,0.0,15.0,0.0,15.0,fosfomycin,0.0,15.0,0.0
fff311750,Staphylococcus epidermidis,Fusidic acid (J01XC),fusidic_a,0.76,20.0,0.76,20.0,fusidic_a,0.76,20.0,0.76
fff311750,Staphylococcus epidermidis,Glycopeptides (J01XA),teicoplanin;vancomycin,44.89,0.5,44.89,0.5,teicoplanin;vancomycin,44.89,0.5,44.89
fff311750,Staphylococcus epidermidis,Lincosamides (J01FF),clindamycin,68.07,55.0,68.07,55.0,clindamycin,68.07,55.00000000000001,68.07
fff311750,Staphylococcus epidermidis,Lipoglycopeptides,dalbavancin,44.89,1.0,44.89,1.0,dalbavancin,44.89,1.0,44.89
fff311750,Staphylococcus epidermidis,Lipopeptides (J01XX09),daptomycin,0.0,1.0,0.0,1.0,daptomycin,0.0,1.0,0.0
fff311750,Staphylococcus epidermidis,Macrolides (J01F),azithromycin;clarithromycin;erythromycin,67.98,58.333333333333336,67.98,58.333333333333336,azithromycin;clarithromycin;erythromycin,67.98,58.333333333333336,67.98
fff311750,Staphylococcus epidermidis,Nitrofurans (J01XE),,,,0.0,,,,,0.0
fff311750,Staphylococcus epidermidis,Novel BL/BLI,meropenem_vaborbactam,68.82,45.0,68.82,45.0,meropenem_vaborbactam,68.82,45.0,68.82
fff311750,Staphylococcus epidermidis,Oxazolidinones (J01XX),linezolid;tedizolid,0.73,1.0,0.73,1.0,linezolid;tedizolid,0.73,1.0,0.73
fff311750,Staphylococcus epidermidis,Penicillins (J01C),flucloxacillin;piperacillin;ticarcillin,69.00666666666666,75.0,69.00666666666666,75.0,flucloxacillin;piperacillin;ticarcillin,69.00666666666666,75.0,69.00666666666666
fff311750,Staphylococcus epidermidis,Pleuromutilins,retapamulin,0.73,10.0,0.73,10.0,retapamulin,0.73,10.0,0.73
fff311750,Staphylococcus epidermidis,Streptogramins (J01FG),quinu_dalfo,0.0,5.0,0.0,5.0,quinu_dalfo,0.0,5.0,0.0
fff311750,Staphylococcus epidermidis,Sulfonamides (J01E),trim_sulf,18.35,35.0,18.35,35.0,trim_sulf,18.35,35.0,18.35
fff311750,Staphylococcus epidermidis,Tetracyclines (J01A),doxycycline;minocycline;tetracycline,9.0,21.666666666666668,9.0,21.666666666666668,doxycycline;minocycline;tetracycline,9.0,21.666666666666668,9.0
fff311750,Stenotrophomonas maltophilia,Beta-lactamase combinations (J01CR),,,,5.51,,,,,5.51
fff311750,Stenotrophomonas maltophilia,Chloramphenicol (J01BA),chloramphenicol,49.58,50.0,49.58,50.0,chloramphenicol,49.58,50.0,49.58
fff311750,Stenotrophomonas maltophilia,Fluoroquinolones (J01M),ciprofloxacin;levofloxacin;moxifloxacin;ofloxacin,18.095,47.5,18.095,47.5,ciprofloxacin;levofloxacin;moxifloxacin;ofloxacin,18.095,47.5,18.095
fff311750,Stenotrophomonas maltophilia,Novel BL/BLI,,,,2.4,,,,,2.4
fff311750,Stenotrophomonas maltophilia,Siderophore Cephalosporins,cefiderocol,0.0,5.0,0.0,5.0,cefiderocol,0.0,5.0,0.0
fff311750,Stenotrophomonas maltophilia,Sulfonamides (J01E),trim_sulf,0.08,15.0,0.08,15.0,trim_sulf,0.08,15.0,0.08
fff311750,Stenotrophomonas maltophilia,Tetracyclines (J01A),doxycycline;minocycline;tetracycline,51.29333333333333,41.666666666666664,49.442499999999995,41.666666666666664,doxycycline;minocycline;tetracycline,51.29333333333333,41.666666666666664,49.442499999999995
fff311750,Streptococcus agalactiae,Anti-MRSA Cephalosporins (5G),ceftaroline,0.36,0.1,0.36,0.1,ceftaroline,0.36,0.1,0.36
fff311750,Streptococcus agalactiae,Beta-lactamase combinations (J01CR),amoxicillin_clavulanate;ampicillin_sulbactam;piperacillin_tazobactam;ticarcillin_clavulanate,0.36,0.1,0.36,0.1,amoxicillin_clavulanate;ampicillin_sulbactam;piperacillin_tazobactam;ticarcillin_clavulanate,0.36,0.1,0.36
fff311750,Streptococcus agalactiae,Carbapenems (J01DH),ertapenem;imipenem_c;meropenem,0.0,0.10000000000000002,0.0,0.10000000000000002,ertapenem;imipenem_c;meropenem,0.0,0.10000000000000002,0.0
fff311750,Streptococcus agalactiae,Cephalosporins 1-2G,cefazolin;cefuroxime;cephalexin,0.36000000000000004,0.10000000000000002,0.36000000000000004,0.10000000000000002,cefazolin;cefuroxime;cephalexin,0.36000000000000004,0.10000000000000002,0.36000000000000004
fff311750,Streptococcus agalactiae,Cephalosporins 3G,cefixime;ceftazidime;ceftriaxone,0.36000000000000004,0.10000000000000002,0.36000000000000004,0.10000000000000002,cefixime;ceftazidime;ceftriaxone,0.36000000000000004,0.10000000000000002,0.36000000000000004
fff311750,Streptococcus agalactiae,Cephalosporins 3G/BLI,,,,0.36,,,,,0.36
fff311750,Streptococcus agalactiae,Cephalosporins 4G,cefepime,0.36,0.1,0.36,0.1,cefepime,0.36,0.1,0.36
fff311750,Streptococcus agalactiae,Chloramphenicol (J01BA),chloramphenicol,16.32,5.0,16.32,5.0,chloramphenicol,16.32,5.0,16.32
fff311750,Streptococcus agalactiae,Fluoroquinolones (J01M),ciprofloxacin;levofloxacin;moxifloxacin;ofloxacin,9.5975,2.0,9.5975,2.0,ciprofloxacin;levofloxacin;moxifloxacin;ofloxacin,9.5975,2.0,9.5975
fff311750,Streptococcus agalactiae,Fosfomycin (J01XX01),,,,0.0,,,,,0.0
fff311750,Streptococcus agalactiae,Glycopeptides (J01XA),teicoplanin;vancomycin,3.84,0.1,3.84,0.1,teicoplanin;vancomycin,3.84,0.1,3.84
fff311750,Streptococcus agalactiae,Lincosamides (J01FF),clindamycin,14.48,32.0,14.48,32.0,clindamycin,14.48,32.0,14.48
fff311750,Streptococcus agalactiae,Lipoglycopeptides,dalbavancin,2.79,0.1,2.79,0.1,dalbavancin,2.79,0.1,2.79
fff311750,Streptococcus agalactiae,Lipopeptides (J01XX09),daptomycin,0.0,0.1,0.0,0.1,daptomycin,0.0,0.1,0.0
fff311750,Streptococcus agalactiae,Macrolides (J01F),azithromycin;clarithromycin;erythromycin,14.0,23.333333333333332,14.0,23.333333333333332,azithromycin;clarithromycin;erythromycin,14.0,23.333333333333332,14.0
fff311750,Streptococcus agalactiae,Nitrofurans (J01XE),,,,,,,,,
fff311750,Streptococcus agalactiae,Novel BL/BLI,ceftazidime_avibactam;meropenem_vaborbactam,0.18,0.1,0.18,0.1,ceftazidime_avibactam;meropenem_vaborbactam,0.18,0.1,0.18
fff311750,Streptococcus agalactiae,Oxazolidinones (J01XX),linezolid;tedizolid,3.4,0.1,3.4,0.1,linezolid;tedizolid,3.4,0.1,3.4
fff311750,Streptococcus agalactiae,Penicillins (J01C),amoxicillin;ampicillin;flucloxacillin;penicillin_g;piperacillin;ticarcillin,0.35999999999999993,0.09999999999999999,0.35999999999999993,0.09999999999999999,amoxicillin;ampicillin;flucloxacillin;penicillin_g;piperacillin;ticarcillin,0.35999999999999993,0.09999999999999999,0.35999999999999993
fff311750,Streptococcus agalactiae,Pleuromutilins,,,,,,,,,
fff311750,Streptococcus agalactiae,Streptogramins (J01FG),quinu_dalfo,0.0,2.0,0.0,2.0,quinu_dalfo,0.0,2.0,0.0
fff311750,Streptococcus agalactiae,Sulfonamides (J01E),trim_sulf,3.89,12.0,3.89,12.0,trim_sulf,3.89,12.0,3.89
fff311750,Streptococcus agalactiae,Tetracyclines (J01A),doxycycline;minocycline;tetracycline;tigecycline,15.0475,28.75,15.0475,28.75,doxycycline;minocycline;tetracycline;tigecycline,15.0475,28.75,15.0475
fff311750,Streptococcus pneumoniae,Anti-MRSA Cephalosporins (5G),ceftaroline,76.29,2.0,76.29,2.0,ceftaroline,76.29,2.0,76.29
fff311750,Streptococcus pneumoniae,Beta-lactamase combinations (J01CR),amoxicillin_clavulanate;ampicillin_sulbactam;piperacillin_tazobactam;ticarcillin_clavulanate,76.29,25.0,76.29,25.0,amoxicillin_clavulanate;ampicillin_sulbactam;piperacillin_tazobactam;ticarcillin_clavulanate,76.29,25.0,76.29
fff311750,Streptococcus pneumoniae,Carbapenems (J01DH),ertapenem;imipenem_c;meropenem,0.0,5.0,0.0,5.0,ertapenem;imipenem_c;meropenem,0.0,5.0,0.0
fff311750,Streptococcus pneumoniae,Cephalosporins 1-2G,cefazolin;cefuroxime;cephalexin,76.29,25.0,76.29,25.0,cefazolin;cefuroxime;cephalexin,76.29,25.0,76.29
fff311750,Streptococcus pneumoniae,Cephalosporins 3G,cefixime;ceftazidime;ceftriaxone,76.29,16.666666666666668,76.29,16.666666666666668,cefixime;ceftazidime;ceftriaxone,76.29,16.666666666666668,76.29
fff311750,Streptococcus pneumoniae,Cephalosporins 3G/BLI,,,,76.29,,,,,76.29
fff311750,Streptococcus pneumoniae,Cephalosporins 4G,cefepime,76.29,25.0,76.29,25.0,cefepime,76.29,25.0,76.29
fff311750,Streptococcus pneumoniae,Chloramphenicol (J01BA),chloramphenicol,45.64,25.0,45.64,25.0,chloramphenicol,45.64,25.0,45.64
fff311750,Streptococcus pneumoniae,Fluoroquinolones (J01M),ciprofloxacin;levofloxacin;moxifloxacin;ofloxacin,14.8,12.5,14.8,12.5,ciprofloxacin;levofloxacin;moxifloxacin;ofloxacin,14.8,12.5,14.8
fff311750,Streptococcus pneumoniae,Fosfomycin (J01XX01),,,,0.0,,,,,0.0
fff311750,Streptococcus pneumoniae,Glycopeptides (J01XA),teicoplanin;vancomycin,0.01,2.5,0.01,2.5,teicoplanin;vancomycin,0.01,2.5,0.01
fff311750,Streptococcus pneumoniae,Lincosamides (J01FF),clindamycin,17.65,45.0,17.65,45.0,clindamycin,17.65,45.0,17.65
fff311750,Streptococcus pneumoniae,Lipoglycopeptides,dalbavancin,0.01,5.0,0.01,5.0,dalbavancin,0.01,5.0,0.01
fff311750,Streptococcus pneumoniae,Lipopeptides (J01XX09),daptomycin,0.0,0.0,0.0,0.0,daptomycin,0.0,0.0,0.0
fff311750,Streptococcus pneumoniae,Macrolides (J01F),azithromycin;clarithromycin;erythromycin,50.57,38.333333333333336,50.57,38.333333333333336,azithromycin;clarithromycin;erythromycin,50.57,38.333333333333336,50.57
fff311750,Streptococcus pneumoniae,Novel BL/BLI,ceftazidime_avibactam;meropenem_vaborbactam,38.145,5.0,38.145,5.0,ceftazidime_avibactam;meropenem_vaborbactam,38.145,5.0,38.145
fff311750,Streptococcus pneumoniae,Oxazolidinones (J01XX),linezolid;tedizolid,0.01,2.5,0.01,2.5,linezolid;tedizolid,0.01,2.5,0.01
fff311750,Streptococcus pneumoniae,Penicillins (J01C),amoxicillin;ampicillin;flucloxacillin;penicillin_g;piperacillin;ticarcillin,76.29,27.5,76.29,27.5,amoxicillin;ampicillin;flucloxacillin;penicillin_g;piperacillin;ticarcillin,76.29,27.5,76.29
fff311750,Streptococcus pneumoniae,Streptogramins (J01FG),quinu_dalfo,0.0,10.0,0.0,10.0,quinu_dalfo,0.0,10.0,0.0
fff311750,Streptococcus pneumoniae,Sulfonamides (J01E),trim_sulf,60.73,35.0,60.73,35.0,trim_sulf,60.73,35.0,60.73
fff311750,Streptococcus pneumoniae,Tetracyclines (J01A),doxycycline;minocycline;tetracycline;tigecycline,58.0825,13.75,58.0825,13.75,doxycycline;minocycline;tetracycline;tigecycline,58.0825,13.75,58.0825
fff311750,Streptococcus pyogenes,Anti-MRSA Cephalosporins (5G),ceftaroline,0.0,0.1,0.0,0.1,ceftaroline,0.0,0.1,0.0
fff311750,Streptococcus pyogenes,Beta-lactamase combinations (J01CR),amoxicillin_clavulanate;ampicillin_sulbactam;piperacillin_tazobactam;ticarcillin_clavulanate,0.0,0.1,0.0,0.1,amoxicillin_clavulanate;ampicillin_sulbactam;piperacillin_tazobactam;ticarcillin_clavulanate,0.0,0.1,0.0
fff311750,Streptococcus pyogenes,Carbapenems (J01DH),ertapenem;imipenem_c;meropenem,0.0,0.10000000000000002,0.0,0.10000000000000002,ertapenem;imipenem_c;meropenem,0.0,0.10000000000000002,0.0
fff311750,Streptococcus pyogenes,Cephalosporins 1-2G,cefazolin;cefuroxime;cephalexin,0.0,0.10000000000000002,0.0,0.10000000000000002,cefazolin;cefuroxime;cephalexin,0.0,0.10000000000000002,0.0
fff311750,Streptococcus pyogenes,Cephalosporins 3G,cefixime;ceftazidime;ceftriaxone,0.0,0.10000000000000002,0.0,0.10000000000000002,cefixime;ceftazidime;ceftriaxone,0.0,0.10000000000000002,0.0
fff311750,Streptococcus pyogenes,Cephalosporins 3G/BLI,,,,0.0,,,,,0.0
fff311750,Streptococcus pyogenes,Cephalosporins 4G,cefepime,0.0,0.1,0.0,0.1,cefepime,0.0,0.1,0.0
fff311750,Streptococcus pyogenes,Chloramphenicol (J01BA),chloramphenicol,4.5,8.0,4.5,8.0,chloramphenicol,4.5,8.0,4.5
fff311750,Streptococcus pyogenes,Fluoroquinolones (J01M),ciprofloxacin;levofloxacin;moxifloxacin;ofloxacin,1.6724999999999999,2.0,1.6724999999999999,2.0,ciprofloxacin;levofloxacin;moxifloxacin;ofloxacin,1.6724999999999999,2.0,1.6724999999999999
fff311750,Streptococcus pyogenes,Fosfomycin (J01XX01),,,,0.0,,,,,0.0
fff311750,Streptococcus pyogenes,Glycopeptides (J01XA),teicoplanin;vancomycin,0.035,0.1,0.035,0.1,teicoplanin;vancomycin,0.035,0.1,0.035
fff311750,Streptococcus pyogenes,Lincosamides (J01FF),clindamycin,4.78,20.0,4.78,20.0,clindamycin,4.78,20.0,4.78
fff311750,Streptococcus pyogenes,Lipoglycopeptides,dalbavancin,0.0,0.1,0.0,0.1,dalbavancin,0.0,0.1,0.0
fff311750,Streptococcus pyogenes,Lipopeptides (J01XX09),daptomycin,0.0,0.1,0.0,0.1,daptomycin,0.0,0.1,0.0
fff311750,Streptococcus pyogenes,Macrolides (J01F),azithromycin;clarithromycin;erythromycin,4.18,14.0,4.18,14.0,azithromycin;clarithromycin;erythromycin,4.18,14.0,4.18
fff311750,Streptococcus pyogenes,Novel BL/BLI,ceftazidime_avibactam;meropenem_vaborbactam,0.0,0.1,0.0,0.1,ceftazidime_avibactam;meropenem_vaborbactam,0.0,0.1,0.0
fff311750,Streptococcus pyogenes,Oxazolidinones (J01XX),linezolid;tedizolid,2.25,0.1,2.25,0.1,linezolid;tedizolid,2.25,0.1,2.25
fff311750,Streptococcus pyogenes,Penicillins (J01C),amoxicillin;ampicillin;flucloxacillin;penicillin_g;piperacillin;ticarcillin,0.0,0.09999999999999999,0.0,0.09999999999999999,amoxicillin;ampicillin;flucloxacillin;penicillin_g;piperacillin;ticarcillin,0.0,0.09999999999999999,0.0
fff311750,Streptococcus pyogenes,Pleuromutilins,,,,,,,,,
fff311750,Streptococcus pyogenes,Streptogramins (J01FG),quinu_dalfo,0.0,2.0,0.0,2.0,quinu_dalfo,0.0,2.0,0.0
fff311750,Streptococcus pyogenes,Sulfonamides (J01E),trim_sulf,0.54,15.0,0.54,15.0,trim_sulf,0.54,15.0,0.54
fff311750,Streptococcus pyogenes,Tetracyclines (J01A),doxycycline;minocycline;tetracycline;tigecycline,2.815,11.75,2.815,11.75,doxycycline;minocycline;tetracycline;tigecycline,2.815,11.75,2.815
fff311750,Treponema pallidum,Anti-MRSA Cephalosporins (5G),ceftaroline,0.0,0.1,0.0,0.1,ceftaroline,0.0,0.1,0.0
fff311750,Treponema pallidum,Beta-lactamase combinations (J01CR),amoxicillin_clavulanate;ampicillin_sulbactam;piperacillin_tazobactam;ticarcillin_clavulanate,0.0,0.1,0.0,0.1,amoxicillin_clavulanate;ampicillin_sulbactam;piperacillin_tazobactam;ticarcillin_clavulanate,0.0,0.1,0.0
fff311750,Treponema pallidum,Carbapenems (J01DH),ertapenem;imipenem_c;meropenem,0.0,0.10000000000000002,0.0,0.10000000000000002,ertapenem;imipenem_c;meropenem,0.0,0.10000000000000002,0.0
fff311750,Treponema pallidum,Cephalosporins 1-2G,cefazolin;cefuroxime;cephalexin,0.0,0.10000000000000002,0.0,0.10000000000000002,cefazolin;cefuroxime;cephalexin,0.0,0.10000000000000002,0.0
fff311750,Treponema pallidum,Cephalosporins 3G,ceftazidime;ceftriaxone,0.0,0.1,0.0,0.1,ceftazidime;ceftriaxone,0.0,0.1,0.0
fff311750,Treponema pallidum,Cephalosporins 4G,cefepime,0.0,0.1,0.0,0.1,cefepime,0.0,0.1,0.0
fff311750,Treponema pallidum,Chloramphenicol (J01BA),chloramphenicol,9.6,5.0,9.6,5.0,chloramphenicol,9.6,5.0,9.6
fff311750,Treponema pallidum,Lipoglycopeptides,,,,,,,,,
fff311750,Treponema pallidum,Macrolides (J01F),azithromycin;clarithromycin;erythromycin,0.0,19.333333333333332,0.0,19.333333333333332,azithromycin;clarithromycin;erythromycin,0.0,19.333333333333332,0.0
fff311750,Treponema pallidum,Monobactams,aztreonam,0.0,0.1,0.0,0.1,aztreonam,0.0,0.1,0.0
fff311750,Treponema pallidum,Novel BL/BLI,aztreonam_avibactam;ceftazidime_avibactam;meropenem_vaborbactam,0.0,0.10000000000000002,0.0,0.10000000000000002,aztreonam_avibactam;ceftazidime_avibactam;meropenem_vaborbactam,0.0,0.10000000000000002,0.0
fff311750,Treponema pallidum,Oxazolidinones (J01XX),,,,,,,,,
fff311750,Treponema pallidum,Penicillins (J01C),amoxicillin;ampicillin;penicillin_g;piperacillin;ticarcillin,0.0,0.1,0.0,0.1,amoxicillin;ampicillin;penicillin_g;piperacillin;ticarcillin,0.0,0.1,0.0
fff311750,Treponema pallidum,Tetracyclines (J01A),doxycycline;minocycline;tetracycline,14.270000000000001,6.333333333333333,14.270000000000001,6.333333333333333,doxycycline;minocycline;tetracycline,14.270000000000001,0.0,14.270000000000001
fff311750,Vibrio cholerae,Aminoglycosides (J01G),amikacin;gentamicin;tobramycin,5.89,10.0,5.89,10.0,amikacin;gentamicin;tobramycin,5.89,10.0,5.89
fff311750,Vibrio cholerae,Beta-lactamase combinations (J01CR),amoxicillin_clavulanate;ampicillin_sulbactam;piperacillin_tazobactam;ticarcillin_clavulanate,8.26,12.5,8.26,12.5,amoxicillin_clavulanate;ampicillin_sulbactam;piperacillin_tazobactam;ticarcillin_clavulanate,8.26,12.5,8.26
fff311750,Vibrio cholerae,Carbapenems (J01DH),ertapenem;imipenem_c;meropenem,4.51,5.0,4.51,5.0,ertapenem;imipenem_c;meropenem,4.51,5.0,4.51
fff311750,Vibrio cholerae,Cephalosporins 1-2G,cefazolin;cefuroxime;cephalexin,10.979999999999999,18.333333333333332,10.979999999999999,18.333333333333332,cefazolin;cefuroxime;cephalexin,10.979999999999999,18.333333333333332,10.979999999999999
fff311750,Vibrio cholerae,Cephalosporins 3G,cefixime;ceftazidime;ceftriaxone,10.979999999999999,10.0,10.979999999999999,10.0,cefixime;ceftazidime;ceftriaxone,10.979999999999999,10.0,10.979999999999999
fff311750,Vibrio cholerae,Cephalosporins 3G/BLI,ceftolozane_tazobactam,7.45,4.0,7.45,4.0,ceftolozane_tazobactam,7.45,4.0,7.45
fff311750,Vibrio cholerae,Cephalosporins 4G,cefepime,10.98,10.0,10.98,10.0,cefepime,10.98,10.0,10.98
fff311750,Vibrio cholerae,Chloramphenicol (J01BA),chloramphenicol,5.9,10.0,5.9,10.0,chloramphenicol,5.9,10.0,5.9
fff311750,Vibrio cholerae,Fluoroquinolones (J01M),ciprofloxacin;levofloxacin;moxifloxacin;ofloxacin,6.345,12.5,6.345,12.5,ciprofloxacin;levofloxacin;moxifloxacin;ofloxacin,6.345,12.5,6.345
fff311750,Vibrio cholerae,Macrolides (J01F),azithromycin;clarithromycin;erythromycin,5.64,18.333333333333332,5.64,18.333333333333332,azithromycin;clarithromycin;erythromycin,5.64,18.333333333333332,5.64
fff311750,Vibrio cholerae,Monobactams,aztreonam,8.41,10.0,8.41,10.0,aztreonam,8.41,10.0,8.41
fff311750,Vibrio cholerae,Nitrofurans (J01XE),,,,0.11,,,,,0.11
fff311750,Vibrio cholerae,Novel BL/BLI,aztreonam_avibactam;ceftazidime_avibactam;meropenem_vaborbactam,3.5399999999999996,5.0,3.5399999999999996,5.0,aztreonam_avibactam;ceftazidime_avibactam;meropenem_vaborbactam,3.5399999999999996,5.0,3.5399999999999996
fff311750,Vibrio cholerae,Penicillins (J01C),amoxicillin;ampicillin;penicillin_g;piperacillin;ticarcillin,11.04,16.0,11.04,16.0,amoxicillin;ampicillin;penicillin_g;piperacillin;ticarcillin,11.04,16.0,11.04
fff311750,Vibrio cholerae,Polymyxins (J01XB),colistin,0.0,10.0,0.0,10.0,colistin,0.0,10.0,0.0
fff311750,Vibrio cholerae,Siderophore Cephalosporins,cefiderocol,0.0,1.0,0.0,1.0,cefiderocol,0.0,1.0,0.0
fff311750,Vibrio cholerae,Sulfonamides (J01E),sulfanilamide;trim_sulf,26.46,10.0,26.46,10.0,sulfanilamide;trim_sulf,26.46,10.0,26.46
fff311750,Vibrio cholerae,Tetracyclines (J01A),doxycycline;minocycline;tetracycline;tigecycline,5.1425,5.0,5.1425,5.0,doxycycline;minocycline;tetracycline;tigecycline,5.1425,5.0,5.1425
fff311750,Yersinia enterocolitica,Aminoglycosides (J01G),amikacin;gentamicin;tobramycin,6.98,10.0,6.98,10.0,amikacin;gentamicin;tobramycin,6.98,10.0,6.98
fff311750,Yersinia enterocolitica,Beta-lactamase combinations (J01CR),piperacillin_tazobactam;ticarcillin_clavulanate,23.22,7.5,23.22,7.5,piperacillin_tazobactam;ticarcillin_clavulanate,23.22,7.5,23.22
fff311750,Yersinia enterocolitica,Carbapenems (J01DH),ertapenem;imipenem_c;meropenem,1.5200000000000002,5.0,1.5200000000000002,5.0,ertapenem;imipenem_c;meropenem,1.5200000000000002,5.0,1.5200000000000002
fff311750,Yersinia enterocolitica,Cephalosporins 1-2G,cefuroxime,26.48,30.0,26.48,30.0,cefuroxime,26.48,30.0,26.48
fff311750,Yersinia enterocolitica,Cephalosporins 3G,cefixime;ceftazidime;ceftriaxone,26.48,11.666666666666666,26.48,11.666666666666666,cefixime;ceftazidime;ceftriaxone,26.48,11.666666666666666,26.48
fff311750,Yersinia enterocolitica,Cephalosporins 3G/BLI,ceftolozane_tazobactam,23.16,4.0,23.16,4.0,ceftolozane_tazobactam,23.16,4.0,23.16
fff311750,Yersinia enterocolitica,Cephalosporins 4G,cefepime,26.48,10.0,26.48,10.0,cefepime,26.48,10.0,26.48
fff311750,Yersinia enterocolitica,Chloramphenicol (J01BA),chloramphenicol,20.68,10.0,20.68,10.0,chloramphenicol,20.68,10.0,20.68
fff311750,Yersinia enterocolitica,Fluoroquinolones (J01M),ciprofloxacin;levofloxacin;moxifloxacin;ofloxacin,14.93,7.5,14.93,7.5,ciprofloxacin;levofloxacin;moxifloxacin;ofloxacin,14.93,7.5,14.93
fff311750,Yersinia enterocolitica,Fosfomycin (J01XX01),,,,0.09,,,,,0.09
fff311750,Yersinia enterocolitica,Macrolides (J01F),,,,0.0,,,,,0.0
fff311750,Yersinia enterocolitica,Monobactams,aztreonam,26.43,15.0,26.43,15.0,aztreonam,26.43,15.0,26.43
fff311750,Yersinia enterocolitica,Nitrofurans (J01XE),,,,0.0,,,,,0.0
fff311750,Yersinia enterocolitica,Novel BL/BLI,aztreonam_avibactam;ceftazidime_avibactam;meropenem_vaborbactam,1.2166666666666666,5.0,1.2166666666666666,5.0,aztreonam_avibactam;ceftazidime_avibactam;meropenem_vaborbactam,1.2166666666666666,5.0,1.2166666666666666
fff311750,Yersinia enterocolitica,Penicillins (J01C),piperacillin,26.48,25.0,26.48,25.0,piperacillin,26.48,25.0,26.48
fff311750,Yersinia enterocolitica,Polymyxins (J01XB),colistin,0.13,10.0,0.13,10.0,colistin,0.13,10.0,0.13
fff311750,Yersinia enterocolitica,Siderophore Cephalosporins,cefiderocol,0.0,1.0,0.0,1.0,cefiderocol,0.0,1.0,0.0
fff311750,Yersinia enterocolitica,Sulfonamides (J01E),sulfanilamide;trim_sulf,9.78,12.5,9.78,12.5,sulfanilamide;trim_sulf,9.78,12.5,9.78
fff311750,Yersinia enterocolitica,Tetracyclines (J01A),doxycycline;minocycline;tetracycline;tigecycline,20.905,6.25,20.905,6.25,doxycycline;minocycline;tetracycline;tigecycline,20.905,6.25,20.905
fff591413,Acinetobacter baumannii,Aminoglycosides (J01G),amikacin;gentamicin;tobramycin,48.95000000000001,46.666666666666664,48.95000000000001,46.666666666666664,amikacin;gentamicin;tobramycin,48.95000000000001,46.666666666666664,48.95000000000001
fff591413,Acinetobacter baumannii,Beta-lactamase combinations (J01CR),piperacillin_tazobactam;ticarcillin_clavulanate,52.64,47.5,52.64000000000001,47.5,piperacillin_tazobactam;ticarcillin_clavulanate,52.64,47.5,52.64000000000001
fff591413,Acinetobacter baumannii,Carbapenems (J01DH),imipenem_c;meropenem,52.57,52.5,52.57,52.5,imipenem_c;meropenem,52.57,52.5,52.57
fff591413,Acinetobacter baumannii,Cephalosporins 3G,ceftazidime,52.66,65.0,52.66,65.0,ceftazidime,52.66,65.0,52.66
fff591413,Acinetobacter baumannii,Cephalosporins 4G,cefepime,52.66,55.0,52.66,55.0,cefepime,52.66,55.00000000000001,52.66
fff591413,Acinetobacter baumannii,Fluoroquinolones (J01M),ciprofloxacin;levofloxacin;moxifloxacin;ofloxacin,57.515,68.25,57.515,68.25,ciprofloxacin;levofloxacin;moxifloxacin;ofloxacin,57.515,68.25,57.515
fff591413,Acinetobacter baumannii,Novel BL/BLI,ceftazidime_avibactam;meropenem_vaborbactam,52.57,21.5,52.57,21.5,ceftazidime_avibactam;meropenem_vaborbactam,52.57,21.5,52.57
fff591413,Acinetobacter baumannii,Penicillins (J01C),piperacillin;ticarcillin,52.66,67.5,52.66,67.5,piperacillin;ticarcillin,52.66,67.5,52.66
fff591413,Acinetobacter baumannii,Polymyxins (J01XB),colistin,38.09,12.0,38.09,12.0,colistin,38.09,12.0,38.09
fff591413,Acinetobacter baumannii,Siderophore Cephalosporins,cefiderocol,0.03,5.0,0.03,5.0,cefiderocol,0.03,5.0,0.03
fff591413,Acinetobacter baumannii,Tetracyclines (J01A),minocycline;tigecycline,45.095,50.0,45.095,50.0,minocycline;tigecycline,45.095,50.0,45.095
fff591413,Bacteroides fragilis,Beta-lactamase combinations (J01CR),amoxicillin_clavulanate;ampicillin_sulbactam;piperacillin_tazobactam;ticarcillin_clavulanate,22.52,23.25,22.52,23.25,amoxicillin_clavulanate;ampicillin_sulbactam;piperacillin_tazobactam;ticarcillin_clavulanate,22.52,23.25,22.52
fff591413,Bacteroides fragilis,Carbapenems (J01DH),ertapenem;imipenem_c;meropenem,10.94,6.0,10.94,6.0,ertapenem;imipenem_c;meropenem,10.94,6.0,10.94
fff591413,Bacteroides fragilis,Cephalosporins 3G,cefixime;ceftazidime;ceftriaxone,40.87,75.0,40.87,75.0,ceftazidime;ceftriaxone,40.87,75.0,40.87
fff591413,Bacteroides fragilis,Cephalosporins 3G/BLI,ceftolozane_tazobactam,22.47,4.0,22.47,4.0,ceftolozane_tazobactam,22.47,4.0,22.47
fff591413,Bacteroides fragilis,Cephalosporins 4G,cefepime,40.87,70.0,40.87,70.0,cefepime,40.87,70.0,40.87
fff591413,Bacteroides fragilis,Chloramphenicol (J01BA),chloramphenicol,63.82,20.0,63.82,20.0,chloramphenicol,63.82,20.0,63.82
fff591413,Bacteroides fragilis,Fluoroquinolones (J01M),ciprofloxacin;levofloxacin;moxifloxacin;ofloxacin,34.635,35.0,34.635,35.0,ciprofloxacin;levofloxacin;moxifloxacin;ofloxacin,34.635,35.0,34.635
fff591413,Bacteroides fragilis,Lincosamides (J01FF),clindamycin,6.03,40.0,6.03,40.0,clindamycin,6.03,40.0,6.03
fff591413,Bacteroides fragilis,Macrolides (J01F),,,,,,,,,
fff591413,Bacteroides fragilis,Nitroimidazoles,metronidazole,0.57,5.0,0.57,5.0,metronidazole,0.57,5.0,0.57
fff591413,Bacteroides fragilis,Novel BL/BLI,ceftazidime_avibactam;meropenem_vaborbactam,13.895,12.5,13.895,12.5,ceftazidime_avibactam;meropenem_vaborbactam,13.895,12.5,13.895
fff591413,Bacteroides fragilis,Oxazolidinones (J01XX),,,,,,,,,
fff591413,Bacteroides fragilis,Penicillins (J01C),ampicillin,40.87,90.0,40.87,90.0,ampicillin,40.87,90.0,40.87
fff591413,Bacteroides fragilis,Streptogramins (J01FG),,,,,,,,,
fff591413,Bacteroides fragilis,Sulfonamides (J01E),trim_sulf,3.44,30.0,3.44,30.0,trim_sulf,3.44,30.0,3.44
fff591413,Bacteroides fragilis,Tetracyclines (J01A),doxycycline;minocycline;tetracycline;tigecycline,62.22,43.75,62.22,43.75,doxycycline;minocycline;tetracycline;tigecycline,62.22,43.75,62.22
fff591413,Bordetella pertussis,Aminoglycosides (J01G),amikacin;gentamicin;tobramycin,3.42,20.0,3.42,20.0,amikacin;gentamicin;tobramycin,3.42,20.0,3.42
fff591413,Bordetella pertussis,Beta-lactamase combinations (J01CR),,,,,,,,,
fff591413,Bordetella pertussis,Carbapenems (J01DH),,,,,,,,,
fff591413,Bordetella pertussis,Cephalosporins 3G,,,,4.18,,,,,4.18
fff591413,Bordetella pertussis,Cephalosporins 3G/BLI,ceftolozane_tazobactam,2.37,4.0,2.37,4.0,ceftolozane_tazobactam,2.37,4.0,2.37
fff591413,Bordetella pertussis,Chloramphenicol (J01BA),chloramphenicol,11.76,15.0,11.76,15.0,chloramphenicol,11.76,15.0,11.76
fff591413,Bordetella pertussis,Fluoroquinolones (J01M),ciprofloxacin;levofloxacin;moxifloxacin;ofloxacin,2.3500000000000005,12.5,2.3500000000000005,12.5,ciprofloxacin;levofloxacin;moxifloxacin;ofloxacin,2.3500000000000005,12.5,2.3500000000000005
fff591413,Bordetella pertussis,Lincosamides (J01FF),,,,,,,,,
fff591413,Bordetella pertussis,Macrolides (J01F),azithromycin;clarithromycin;erythromycin,14.42,8.333333333333334,14.42,8.333333333333334,azithromycin;clarithromycin;erythromycin,14.42,8.333333333333334,14.42
fff591413,Bordetella pertussis,Novel BL/BLI,,,,0.01,,,,,
fff591413,Bordetella pertussis,Penicillins (J01C),,,,,,,,,
fff591413,Bordetella pertussis,Siderophore Cephalosporins,cefiderocol,0.0,1.0,0.0,1.0,cefiderocol,0.0,1.0,0.0
fff591413,Bordetella pertussis,Sulfonamides (J01E),trim_sulf,2.2,20.0,2.2,20.0,trim_sulf,2.2,20.0,2.2
fff591413,Bordetella pertussis,Tetracyclines (J01A),doxycycline;minocycline;tetracycline,9.97,10.0,9.97,10.0,doxycycline;minocycline;tetracycline,9.97,10.0,9.97
fff591413,Burkholderia cepacia complex,Beta-lactamase combinations (J01CR),,,,16.5,,,,,16.5
fff591413,Burkholderia cepacia complex,Carbapenems (J01DH),meropenem,16.5,10.0,16.5,10.0,meropenem,16.5,10.0,16.5
fff591413,Burkholderia cepacia complex,Cephalosporins 3G,ceftazidime,16.5,15.0,16.5,15.0,ceftazidime,16.5,15.0,16.5
fff591413,Burkholderia cepacia complex,Cephalosporins 3G/BLI,,,,16.5,,,,,16.5
fff591413,Burkholderia cepacia complex,Cephalosporins 4G,,,,16.5,,,,,16.5
fff591413,Burkholderia cepacia complex,Chloramphenicol (J01BA),,,,16.76,,,,,16.76
fff591413,Burkholderia cepacia complex,Fluoroquinolones (J01M),levofloxacin,0.63,20.0,0.63,20.0,levofloxacin,0.63,20.0,0.63
fff591413,Burkholderia cepacia complex,Novel BL/BLI,,,,16.5,,,,,16.5
fff591413,Burkholderia cepacia complex,Penicillins (J01C),,,,16.5,,,,,16.5
fff591413,Burkholderia cepacia complex,Siderophore Cephalosporins,,,,0.0,,,,,0.0
fff591413,Burkholderia cepacia complex,Sulfonamides (J01E),trim_sulf,0.0,10.0,0.0,10.0,trim_sulf,0.0,10.0,0.0
fff591413,Burkholderia cepacia complex,Tetracyclines (J01A),minocycline,0.13,5.0,0.13,5.0,minocycline,0.13,5.0,0.13
fff591413,Campylobacter jejuni,Aminoglycosides (J01G),amikacin;gentamicin;tobramycin,0.0,11.666666666666666,0.0,11.666666666666666,amikacin;gentamicin;tobramycin,0.0,11.666666666666666,0.0
fff591413,Campylobacter jejuni,Beta-lactamase combinations (J01CR),,,,0.0,,,,,0.0
fff591413,Campylobacter jejuni,Carbapenems (J01DH),,,,0.0,,,,,0.0
fff591413,Campylobacter jejuni,Cephalosporins 3G,,,,0.0,,,,,0.0
fff591413,Campylobacter jejuni,Cephalosporins 4G,,,,0.0,,,,,0.0
fff591413,Campylobacter jejuni,Chloramphenicol (J01BA),chloramphenicol,33.77,15.0,33.77,15.0,chloramphenicol,33.77,15.0,33.77
fff591413,Campylobacter jejuni,Fluoroquinolones (J01M),ciprofloxacin;levofloxacin;moxifloxacin;ofloxacin,28.8975,52.5,28.8975,52.5,ciprofloxacin;levofloxacin;moxifloxacin;ofloxacin,28.8975,52.5,28.8975
fff591413,Campylobacter jejuni,Fosfomycin (J01XX01),,,,0.0,,,,,0.0
fff591413,Campylobacter jejuni,Lincosamides (J01FF),clindamycin,3.19,12.0,3.19,12.0,clindamycin,3.19,12.0,3.19
fff591413,Campylobacter jejuni,Macrolides (J01F),azithromycin;clarithromycin;erythromycin,15.979999999999999,7.0,15.979999999999999,7.0,azithromycin;clarithromycin;erythromycin,15.979999999999999,7.0,15.979999999999999
fff591413,Campylobacter jejuni,Nitrofurans (J01XE),,,,0.0,,,,,0.0
fff591413,Campylobacter jejuni,Novel BL/BLI,,,,0.0,,,,,0.0
fff591413,Campylobacter jejuni,Penicillins (J01C),,,,0.0,,,,,0.0
fff591413,Campylobacter jejuni,Tetracyclines (J01A),doxycycline;minocycline;tetracycline;tigecycline,54.305,38.75,54.305,38.75,doxycycline;minocycline;tetracycline;tigecycline,54.305,38.75,54.305
fff591413,Chlamydia trachomatis,Beta-lactamase combinations (J01CR),,,,,,,,,
fff591413,Chlamydia trachomatis,Chloramphenicol (J01BA),chloramphenicol,13.31,10.0,13.31,10.0,,,,13.31
fff591413,Chlamydia trachomatis,Fluoroquinolones (J01M),ciprofloxacin;levofloxacin;moxifloxacin;ofloxacin,9.344999999999999,7.5,9.344999999999999,7.5,,,,9.344999999999999
fff591413,Chlamydia trachomatis,Lincosamides (J01FF),clindamycin,10.9,20.0,10.9,20.0,,,,10.9
fff591413,Chlamydia trachomatis,Macrolides (J01F),azithromycin;clarithromycin;erythromycin,8.43,8.333333333333334,8.43,8.333333333333334,,,,8.43
fff591413,Chlamydia trachomatis,Penicillins (J01C),,,,,,,,,
fff591413,Chlamydia trachomatis,Sulfonamides (J01E),,,,,,,,,
fff591413,Chlamydia trachomatis,Tetracyclines (J01A),doxycycline;minocycline;tetracycline;tigecycline,13.46,5.0,13.46,5.0,,,,13.46
fff591413,Citrobacter spp.,Aminoglycosides (J01G),amikacin;gentamicin;tobramycin,28.12,30.0,28.12,30.0,amikacin;gentamicin;tobramycin,28.12,30.0,28.12
fff591413,Citrobacter spp.,Anti-MRSA Cephalosporins (5G),,,,37.78,,,,,37.78
fff591413,Citrobacter spp.,Beta-lactamase combinations (J01CR),piperacillin_tazobactam;ticarcillin_clavulanate,36.86,25.0,36.86,25.0,piperacillin_tazobactam;ticarcillin_clavulanate,36.86,25.0,36.86
fff591413,Citrobacter spp.,Carbapenems (J01DH),ertapenem;imipenem_c;meropenem,28.09,11.666666666666666,28.09,11.666666666666666,ertapenem;imipenem_c;meropenem,28.09,11.666666666666666,28.09
fff591413,Citrobacter spp.,Cephalosporins 1-2G,cefuroxime,37.78,30.0,37.78,30.0,cefuroxime,37.78,30.0,37.78
fff591413,Citrobacter spp.,Cephalosporins 3G,cefixime;ceftazidime;ceftriaxone,37.78,28.333333333333332,37.78,28.333333333333332,cefixime;ceftazidime;ceftriaxone,37.78,28.333333333333332,37.78
fff591413,Citrobacter spp.,Cephalosporins 3G/BLI,ceftolozane_tazobactam,36.86,4.0,36.86,4.0,ceftolozane_tazobactam,36.86,4.0,36.86
fff591413,Citrobacter spp.,Cephalosporins 4G,cefepime,37.78,30.0,37.78,30.0,cefepime,37.78,30.0,37.78
fff591413,Citrobacter spp.,Chloramphenicol (J01BA),chloramphenicol,30.65,25.0,30.65,25.0,chloramphenicol,30.65,25.0,30.65
fff591413,Citrobacter spp.,Fluoroquinolones (J01M),ciprofloxacin;levofloxacin;moxifloxacin;ofloxacin,35.78999999999999,33.75,35.78999999999999,33.75,ciprofloxacin;levofloxacin;moxifloxacin;ofloxacin,35.78999999999999,33.75,35.78999999999999
fff591413,Citrobacter spp.,Fosfomycin (J01XX01),fosfomycin,5.26,15.0,5.26,15.0,fosfomycin,5.26,15.0,5.26
fff591413,Citrobacter spp.,Monobactams,aztreonam,36.64,30.0,36.64,30.0,aztreonam,36.64,30.0,36.64
fff591413,Citrobacter spp.,Nitrofurans (J01XE),nitrofurantoin,4.85,15.0,4.85,15.0,nitrofurantoin,4.85,15.0,4.85
fff591413,Citrobacter spp.,Novel BL/BLI,aztreonam_avibactam;ceftazidime_avibactam;meropenem_vaborbactam,32.199999999999996,10.0,32.199999999999996,10.0,aztreonam_avibactam;ceftazidime_avibactam;meropenem_vaborbactam,32.199999999999996,10.0,32.199999999999996
fff591413,Citrobacter spp.,Penicillins (J01C),piperacillin;ticarcillin,37.8,30.0,37.8,30.0,piperacillin;ticarcillin,37.8,30.0,37.8
fff591413,Citrobacter spp.,Polymyxins (J01XB),colistin,4.9,20.0,4.9,20.0,colistin,4.9,20.0,4.9
fff591413,Citrobacter spp.,Siderophore Cephalosporins,cefiderocol,0.0,1.0,0.0,1.0,cefiderocol,0.0,1.0,0.0
fff591413,Citrobacter spp.,Sulfonamides (J01E),sulfanilamide;trim_sulf,25.41,20.0,25.41,20.0,sulfanilamide;trim_sulf,25.41,20.0,25.41
fff591413,Citrobacter spp.,Tetracyclines (J01A),doxycycline;minocycline;tetracycline;tigecycline,32.0175,18.75,32.0175,18.75,doxycycline;minocycline;tetracycline;tigecycline,32.0175,18.75,32.0175
fff591413,Clostridioides difficile,Anti-MRSA Cephalosporins (5G),,,,,,,,,
fff591413,Clostridioides difficile,Beta-lactamase combinations (J01CR),,,,,,,,,
fff591413,Clostridioides difficile,Carbapenems (J01DH),,,,,,,,,
fff591413,Clostridioides difficile,Chloramphenicol (J01BA),,,,,,,,,
fff591413,Clostridioides difficile,Fidaxomicin,fidaxomicin,0.0,5.0,0.0,5.0,fidaxomicin,0.0,5.0,0.0
fff591413,Clostridioides difficile,Fluoroquinolones (J01M),,,,,,,,,
fff591413,Clostridioides difficile,Fusidic acid (J01XC),,,,,,,,,
fff591413,Clostridioides difficile,Glycopeptides (J01XA),teicoplanin,0.0,10.0,0.0,10.0,teicoplanin,0.0,10.0,0.0
fff591413,Clostridioides difficile,Lincosamides (J01FF),,,,,,,,,
fff591413,Clostridioides difficile,Lipoglycopeptides,dalbavancin,0.0,10.0,0.0,10.0,dalbavancin,0.0,10.0,0.0
fff591413,Clostridioides difficile,Lipopeptides (J01XX09),,,,,,,,,
fff591413,Clostridioides difficile,Macrolides (J01F),,,,,,,,,
fff591413,Clostridioides difficile,Nitroimidazoles,metronidazole,0.6,5.0,0.6,5.0,metronidazole,0.6,5.0,0.6
fff591413,Clostridioides difficile,Novel BL/BLI,,,,,,,,,
fff591413,Clostridioides difficile,Oxazolidinones (J01XX),linezolid;tedizolid,1.57,10.0,1.57,10.0,linezolid;tedizolid,1.57,10.0,1.57
fff591413,Clostridioides difficile,Penicillins (J01C),,,,,,,,,
fff591413,Clostridioides difficile,Streptogramins (J01FG),,,,,,,,,
fff591413,Clostridioides difficile,Tetracyclines (J01A),doxycycline;minocycline;tetracycline,22.2,10.0,22.2,10.0,doxycycline;minocycline;tetracycline,22.2,10.0,22.2
fff591413,Enterobacter cloacae,Aminoglycosides (J01G),amikacin;gentamicin;tobramycin,71.26,30.0,71.26,30.0,amikacin;gentamicin;tobramycin,71.26,30.0,71.26
fff591413,Enterobacter cloacae,Beta-lactamase combinations (J01CR),piperacillin_tazobactam;ticarcillin_clavulanate,78.64,32.5,78.64,32.5,piperacillin_tazobactam;ticarcillin_clavulanate,78.64,32.5,78.64
fff591413,Enterobacter cloacae,Carbapenems (J01DH),ertapenem;imipenem_c;meropenem,78.62,16.666666666666668,78.62,16.666666666666668,ertapenem;imipenem_c;meropenem,78.62,16.666666666666668,78.62
fff591413,Enterobacter cloacae,Cephalosporins 1-2G,cefuroxime,78.92,50.0,78.92,50.0,cefuroxime,78.92,50.0,78.92
fff591413,Enterobacter cloacae,Cephalosporins 3G,ceftazidime;ceftriaxone,78.92,55.0,78.92,55.0,ceftazidime;ceftriaxone,78.92,55.0,78.92
fff591413,Enterobacter cloacae,Cephalosporins 3G/BLI,ceftolozane_tazobactam,78.64,4.0,78.64,4.0,ceftolozane_tazobactam,78.64,4.0,78.64
fff591413,Enterobacter cloacae,Cephalosporins 4G,cefepime,78.92,35.0,78.92,35.0,cefepime,78.92,35.0,78.92
fff591413,Enterobacter cloacae,Chloramphenicol (J01BA),chloramphenicol,71.71,30.0,71.71,30.0,chloramphenicol,71.71,30.0,71.71
fff591413,Enterobacter cloacae,Fluoroquinolones (J01M),ciprofloxacin;levofloxacin;moxifloxacin;ofloxacin,60.505,33.75,60.505,33.75,ciprofloxacin;levofloxacin;moxifloxacin;ofloxacin,60.505,33.75,60.505
fff591413,Enterobacter cloacae,Fosfomycin (J01XX01),fosfomycin,16.35,25.0,16.35,25.0,fosfomycin,16.35,25.0,16.35
fff591413,Enterobacter cloacae,Monobactams,aztreonam,28.96,40.0,28.96,40.0,aztreonam,28.96,40.0,28.96
fff591413,Enterobacter cloacae,Nitrofurans (J01XE),nitrofurantoin,48.52,25.0,48.52,25.0,nitrofurantoin,48.52,25.0,48.52
fff591413,Enterobacter cloacae,Novel BL/BLI,aztreonam_avibactam;ceftazidime_avibactam;meropenem_vaborbactam,52.77333333333334,13.333333333333334,52.77333333333334,13.333333333333334,aztreonam_avibactam;ceftazidime_avibactam;meropenem_vaborbactam,52.77333333333334,13.333333333333334,52.77333333333334
fff591413,Enterobacter cloacae,Penicillins (J01C),piperacillin;ticarcillin,78.93,37.5,78.93,37.5,piperacillin;ticarcillin,78.93,37.5,78.93
fff591413,Enterobacter cloacae,Polymyxins (J01XB),colistin,35.92,20.0,35.92,20.0,colistin,35.92,20.0,35.92
fff591413,Enterobacter cloacae,Siderophore Cephalosporins,cefiderocol,0.01,1.0,0.01,1.0,cefiderocol,0.01,1.0,0.01
fff591413,Enterobacter cloacae,Sulfonamides (J01E),sulfanilamide;trim_sulf,68.22,27.5,68.22,27.5,sulfanilamide;trim_sulf,68.22,27.5,68.22
fff591413,Enterobacter cloacae,Tetracyclines (J01A),doxycycline;minocycline;tetracycline;tigecycline,63.3975,18.75,63.3975,18.75,doxycycline;minocycline;tetracycline;tigecycline,63.3975,18.75,63.3975
fff591413,Enterobacter spp.,Aminoglycosides (J01G),amikacin;gentamicin;tobramycin,48.03,30.0,48.03,30.0,amikacin;gentamicin;tobramycin,48.03,30.0,48.03
fff591413,Enterobacter spp.,Anti-MRSA Cephalosporins (5G),,,,0.0,,,,,0.0
fff591413,Enterobacter spp.,Beta-lactamase combinations (J01CR),amoxicillin_clavulanate;ampicillin_sulbactam;piperacillin_tazobactam;ticarcillin_clavulanate,55.22,32.5,55.22,32.5,amoxicillin_clavulanate;ampicillin_sulbactam;piperacillin_tazobactam;ticarcillin_clavulanate,55.22,32.5,55.22
fff591413,Enterobacter spp.,Carbapenems (J01DH),ertapenem;imipenem_c;meropenem,53.77,16.666666666666668,53.77,16.666666666666668,ertapenem;imipenem_c;meropenem,53.77,16.666666666666668,53.77
fff591413,Enterobacter spp.,Cephalosporins 1-2G,cefuroxime,55.83,35.0,55.83,35.0,cefuroxime,55.83,35.0,55.83
fff591413,Enterobacter spp.,Cephalosporins 3G,cefixime;ceftazidime;ceftriaxone,55.830000000000005,45.0,55.830000000000005,45.0,cefixime;ceftazidime;ceftriaxone,55.830000000000005,45.0,55.830000000000005
fff591413,Enterobacter spp.,Cephalosporins 3G/BLI,ceftolozane_tazobactam,55.22,4.0,55.22,4.0,ceftolozane_tazobactam,55.22,4.0,55.22
fff591413,Enterobacter spp.,Cephalosporins 4G,cefepime,55.83,30.0,55.83,30.0,cefepime,55.83,30.0,55.83
fff591413,Enterobacter spp.,Chloramphenicol (J01BA),chloramphenicol,36.7,30.0,36.7,30.0,chloramphenicol,36.7,30.0,36.7
fff591413,Enterobacter spp.,Fluoroquinolones (J01M),ciprofloxacin;levofloxacin;moxifloxacin;ofloxacin,52.61749999999999,33.75,52.61749999999999,33.75,ciprofloxacin;levofloxacin;moxifloxacin;ofloxacin,52.61749999999999,33.75,52.61749999999999
fff591413,Enterobacter spp.,Fosfomycin (J01XX01),fosfomycin,7.0,25.0,7.0,25.0,fosfomycin,7.0,25.0,7.0
fff591413,Enterobacter spp.,Monobactams,aztreonam,45.41,35.0,45.41,35.0,aztreonam,45.41,35.0,45.41
fff591413,Enterobacter spp.,Nitrofurans (J01XE),nitrofurantoin,8.33,25.0,8.33,25.0,nitrofurantoin,8.33,25.0,8.33
fff591413,Enterobacter spp.,Novel BL/BLI,aztreonam_avibactam;ceftazidime_avibactam;meropenem_vaborbactam,47.21666666666667,10.0,47.21666666666667,10.0,aztreonam_avibactam;ceftazidime_avibactam;meropenem_vaborbactam,47.21666666666667,10.0,47.21666666666667
fff591413,Enterobacter spp.,Penicillins (J01C),piperacillin;ticarcillin,55.84,32.5,55.84,32.5,piperacillin;ticarcillin,55.84,32.5,55.84
fff591413,Enterobacter spp.,Polymyxins (J01XB),colistin,7.26,20.0,7.26,20.0,colistin,7.26,20.0,7.26
fff591413,Enterobacter spp.,Siderophore Cephalosporins,cefiderocol,0.01,1.0,0.01,1.0,cefiderocol,0.01,1.0,0.01
fff591413,Enterobacter spp.,Sulfonamides (J01E),sulfanilamide;trim_sulf,27.69,22.5,27.69,22.5,sulfanilamide;trim_sulf,27.69,22.5,27.69
fff591413,Enterobacter spp.,Tetracyclines (J01A),doxycycline;minocycline;tetracycline;tigecycline,36.6525,18.75,36.6525,18.75,doxycycline;minocycline;tetracycline;tigecycline,36.6525,18.75,36.6525
fff591413,Enterococcus faecalis,Anti-MRSA Cephalosporins (5G),,,,0.0,,,,,0.0
fff591413,Enterococcus faecalis,Beta-lactamase combinations (J01CR),amoxicillin_clavulanate;ampicillin_sulbactam;piperacillin_tazobactam;ticarcillin_clavulanate,0.0,15.0,0.0,15.0,amoxicillin_clavulanate;ampicillin_sulbactam;piperacillin_tazobactam;ticarcillin_clavulanate,0.0,15.0,0.0
fff591413,Enterococcus faecalis,Carbapenems (J01DH),imipenem_c;meropenem,0.0,2.0,0.0,2.0,imipenem_c;meropenem,0.0,2.0,0.0
fff591413,Enterococcus faecalis,Chloramphenicol (J01BA),chloramphenicol,25.74,25.0,25.74,25.0,chloramphenicol,25.74,25.0,25.74
fff591413,Enterococcus faecalis,Fluoroquinolones (J01M),ciprofloxacin;levofloxacin;moxifloxacin;ofloxacin,26.355000000000004,33.75,26.355000000000004,33.75,ciprofloxacin;levofloxacin;moxifloxacin;ofloxacin,26.355000000000004,33.75,26.355000000000004
fff591413,Enterococcus faecalis,Fosfomycin (J01XX01),fosfomycin,0.46,10.0,0.46,10.0,fosfomycin,0.46,10.0,0.46
fff591413,Enterococcus faecalis,Glycopeptides (J01XA),teicoplanin;vancomycin,0.56,7.5,0.56,7.5,teicoplanin;vancomycin,0.56,7.5,0.56
fff591413,Enterococcus faecalis,Lipoglycopeptides,dalbavancin,0.38,10.0,0.38,10.0,dalbavancin,0.38,10.0,0.38
fff591413,Enterococcus faecalis,Lipopeptides (J01XX09),daptomycin,0.82,5.0,0.82,5.0,daptomycin,0.82,5.0,0.82
fff591413,Enterococcus faecalis,Macrolides (J01F),azithromycin;clarithromycin;erythromycin,35.06,38.333333333333336,35.06,38.333333333333336,azithromycin;clarithromycin;erythromycin,35.06,38.333333333333336,35.06
fff591413,Enterococcus faecalis,Nitrofurans (J01XE),nitrofurantoin,4.07,10.0,4.07,10.0,nitrofurantoin,4.07,10.0,4.07
fff591413,Enterococcus faecalis,Novel BL/BLI,meropenem_vaborbactam,0.0,20.0,0.0,20.0,meropenem_vaborbactam,0.0,20.0,0.0
fff591413,Enterococcus faecalis,Oxazolidinones (J01XX),linezolid;tedizolid,6.1,5.0,6.1,5.0,linezolid;tedizolid,6.1,5.0,6.1
fff591413,Enterococcus faecalis,Penicillins (J01C),amoxicillin;ampicillin;penicillin_g;piperacillin;ticarcillin,0.0,14.0,0.0,14.0,amoxicillin;ampicillin;penicillin_g;piperacillin;ticarcillin,0.0,14.0,0.0
fff591413,Enterococcus faecalis,Tetracyclines (J01A),doxycycline;minocycline;tetracycline;tigecycline,24.8,13.75,24.8,13.75,doxycycline;minocycline;tetracycline;tigecycline,24.8,13.75,24.8
fff591413,Enterococcus faecium,Anti-MRSA Cephalosporins (5G),,,,0.0,,,,,0.0
fff591413,Enterococcus faecium,Beta-lactamase combinations (J01CR),,,,1.45,,,,,1.45
fff591413,Enterococcus faecium,Chloramphenicol (J01BA),chloramphenicol,51.13,65.0,51.13,65.0,chloramphenicol,51.13,65.0,51.13
fff591413,Enterococcus faecium,Fidaxomicin,,,,0.0,,,,,0.0
fff591413,Enterococcus faecium,Fluoroquinolones (J01M),ciprofloxacin;levofloxacin;moxifloxacin;ofloxacin,32.0325,68.75,32.0325,68.75,ciprofloxacin;levofloxacin;moxifloxacin;ofloxacin,32.0325,68.75,32.0325
fff591413,Enterococcus faecium,Fosfomycin (J01XX01),fosfomycin,23.34,60.0,23.34,60.0,fosfomycin,23.34,60.0,23.34
fff591413,Enterococcus faecium,Glycopeptides (J01XA),teicoplanin;vancomycin,49.785,42.5,49.785,42.5,teicoplanin;vancomycin,49.785,42.5,49.785
fff591413,Enterococcus faecium,Lincosamides (J01FF),clindamycin,47.96,65.0,47.96,65.0,clindamycin,47.96,65.0,47.96
fff591413,Enterococcus faecium,Lipoglycopeptides,dalbavancin,47.57,45.0,47.57,45.0,dalbavancin,47.57,45.0,47.57
fff591413,Enterococcus faecium,Lipopeptides (J01XX09),daptomycin,1.82,10.0,1.82,10.0,daptomycin,1.82,10.0,1.82
fff591413,Enterococcus faecium,Macrolides (J01F),azithromycin;clarithromycin;erythromycin,42.33,58.333333333333336,42.33,58.333333333333336,azithromycin;clarithromycin;erythromycin,42.33,58.333333333333336,42.33
fff591413,Enterococcus faecium,Nitrofurans (J01XE),nitrofurantoin,40.25,60.0,40.25,60.0,nitrofurantoin,40.25,60.0,40.25
fff591413,Enterococcus faecium,Oxazolidinones (J01XX),linezolid;tedizolid,26.35,10.0,26.35,10.0,tedizolid,26.35,10.0,26.35
fff591413,Enterococcus faecium,Penicillins (J01C),,,,1.45,,,,,1.45
fff591413,Enterococcus faecium,Streptogramins (J01FG),quinu_dalfo,0.0,50.0,0.0,50.0,quinu_dalfo,0.0,50.0,0.0
fff591413,Enterococcus faecium,Tetracyclines (J01A),doxycycline;minocycline;tetracycline;tigecycline,42.7225,43.75,42.7225,43.75,doxycycline;minocycline;tetracycline,44.93,45.0,42.7225
fff591413,Escherichia coli,Aminoglycosides (J01G),amikacin;gentamicin;tobramycin,20.59,10.666666666666666,20.59,10.666666666666666,amikacin;gentamicin;tobramycin,20.59,10.666666666666666,20.59
fff591413,Escherichia coli,Anti-MRSA Cephalosporins (5G),ceftaroline,45.03,12.0,45.03,12.0,ceftaroline,45.03,12.0,45.03
fff591413,Escherichia coli,Beta-lactamase combinations (J01CR),amoxicillin_clavulanate;ampicillin_sulbactam;piperacillin_tazobactam;ticarcillin_clavulanate,20.42,15.5,20.42,15.5,amoxicillin_clavulanate;ampicillin_sulbactam;piperacillin_tazobactam;ticarcillin_clavulanate,20.42,15.5,20.42
fff591413,Escherichia coli,Carbapenems (J01DH),ertapenem;imipenem_c;meropenem,11.64,3.3333333333333335,11.64,3.3333333333333335,ertapenem;imipenem_c;meropenem,11.64,3.3333333333333335,11.64
fff591413,Escherichia coli,Cephalosporins 1-2G,cefazolin;cefuroxime;cephalexin,45.03,41.666666666666664,45.03,41.666666666666664,cefazolin;cefuroxime;cephalexin,45.03,41.666666666666664,45.03
fff591413,Escherichia coli,Cephalosporins 3G,cefixime;ceftazidime;ceftriaxone,45.03,18.666666666666668,45.03,18.666666666666668,cefixime;ceftazidime;ceftriaxone,45.03,18.666666666666668,45.03
fff591413,Escherichia coli,Cephalosporins 3G/BLI,ceftolozane_tazobactam,20.28,4.0,20.28,4.0,ceftolozane_tazobactam,20.28,4.0,20.28
fff591413,Escherichia coli,Cephalosporins 4G,cefepime,45.03,15.0,45.03,15.0,cefepime,45.03,15.0,45.03
fff591413,Escherichia coli,Chloramphenicol (J01BA),chloramphenicol,24.04,12.0,24.04,12.0,chloramphenicol,24.04,12.0,24.04
fff591413,Escherichia coli,Fluoroquinolones (J01M),ciprofloxacin;levofloxacin;moxifloxacin;ofloxacin,37.5075,30.5,37.5075,30.5,ciprofloxacin;levofloxacin;moxifloxacin;ofloxacin,37.5075,30.5,37.5075
fff591413,Escherichia coli,Fosfomycin (J01XX01),fosfomycin,9.71,8.0,9.71,8.0,fosfomycin,9.71,8.0,9.71
fff591413,Escherichia coli,Monobactams,aztreonam,41.91,18.0,41.91,18.0,aztreonam,41.91,18.0,41.91
fff591413,Escherichia coli,Nitrofurans (J01XE),nitrofurantoin,6.58,8.0,6.58,8.0,nitrofurantoin,6.58,8.0,6.58
fff591413,Escherichia coli,Novel BL/BLI,aztreonam_avibactam;ceftazidime_avibactam;meropenem_vaborbactam,8.096666666666666,2.0,8.096666666666666,2.0,aztreonam_avibactam;ceftazidime_avibactam;meropenem_vaborbactam,8.096666666666666,2.0,8.096666666666666
fff591413,Escherichia coli,Penicillins (J01C),amoxicillin;ampicillin;piperacillin;ticarcillin,45.12,42.25,45.12,42.25,amoxicillin;ampicillin;piperacillin;ticarcillin,45.12,42.25,45.12
fff591413,Escherichia coli,Polymyxins (J01XB),colistin,3.71,1.0,3.71,1.0,colistin,3.71,1.0,3.71
fff591413,Escherichia coli,Siderophore Cephalosporins,cefiderocol,0.01,1.0,0.01,1.0,cefiderocol,0.01,1.0,0.01
fff591413,Escherichia coli,Sulfonamides (J01E),sulfanilamide;trim_sulf,57.05,38.5,57.05,38.5,sulfanilamide;trim_sulf,57.05,38.5,57.05
fff591413,Escherichia coli,Tetracyclines (J01A),doxycycline;minocycline;tetracycline;tigecycline,56.027499999999996,38.75,56.027499999999996,38.75,doxycycline;minocycline;tetracycline;tigecycline,56.027499999999996,38.75,56.027499999999996
fff591413,Haemophilus influenzae,Aminoglycosides (J01G),amikacin;gentamicin;tobramycin,11.4,20.0,11.4,20.0,amikacin;gentamicin;tobramycin,11.4,20.0,11.4
fff591413,Haemophilus influenzae,Anti-MRSA Cephalosporins (5G),ceftaroline,18.44,20.0,18.44,20.0,ceftaroline,18.44,20.0,18.44
fff591413,Haemophilus influenzae,Beta-lactamase combinations (J01CR),amoxicillin_clavulanate;ampicillin_sulbactam;piperacillin_tazobactam;ticarcillin_clavulanate,18.3,10.0,18.3,10.0,amoxicillin_clavulanate;ampicillin_sulbactam;piperacillin_tazobactam;ticarcillin_clavulanate,18.3,10.0,18.3
fff591413,Haemophilus influenzae,Carbapenems (J01DH),ertapenem;imipenem_c;meropenem,14.729999999999999,5.0,14.729999999999999,5.0,ertapenem;imipenem_c;meropenem,14.729999999999999,5.0,14.729999999999999
fff591413,Haemophilus influenzae,Cephalosporins 1-2G,cefazolin;cefuroxime;cephalexin,18.44,38.333333333333336,18.44,38.333333333333336,cefazolin;cefuroxime;cephalexin,18.44,38.333333333333336,18.44
fff591413,Haemophilus influenzae,Cephalosporins 3G,cefixime;ceftazidime;ceftriaxone,18.44,11.666666666666666,18.44,11.666666666666666,cefixime;ceftazidime;ceftriaxone,18.44,11.666666666666666,18.44
fff591413,Haemophilus influenzae,Cephalosporins 3G/BLI,ceftolozane_tazobactam,18.22,4.0,18.22,4.0,ceftolozane_tazobactam,18.22,4.0,18.22
fff591413,Haemophilus influenzae,Cephalosporins 4G,cefepime,18.44,15.0,18.44,15.0,cefepime,18.44,15.0,18.44
fff591413,Haemophilus influenzae,Chloramphenicol (J01BA),chloramphenicol,9.2,15.0,9.2,15.0,chloramphenicol,9.2,15.0,9.2
fff591413,Haemophilus influenzae,Fluoroquinolones (J01M),ciprofloxacin;levofloxacin;moxifloxacin;ofloxacin,12.917499999999999,12.5,12.917499999999999,12.5,ciprofloxacin;levofloxacin;moxifloxacin;ofloxacin,12.917499999999999,12.5,12.917499999999999
fff591413,Haemophilus influenzae,Macrolides (J01F),azithromycin;clarithromycin;erythromycin,15.33,28.333333333333332,15.33,28.333333333333332,azithromycin;clarithromycin;erythromycin,15.33,28.333333333333332,15.33
fff591413,Haemophilus influenzae,Monobactams,aztreonam,16.07,15.0,16.07,15.0,aztreonam,16.07,15.0,16.07
fff591413,Haemophilus influenzae,Novel BL/BLI,aztreonam_avibactam;ceftazidime_avibactam;meropenem_vaborbactam,15.65,5.0,15.65,5.0,aztreonam_avibactam;ceftazidime_avibactam;meropenem_vaborbactam,15.65,5.0,15.65
fff591413,Haemophilus influenzae,Penicillins (J01C),amoxicillin;ampicillin;penicillin_g;piperacillin;ticarcillin,46.62,34.0,46.62,34.0,amoxicillin;ampicillin;penicillin_g;piperacillin;ticarcillin,46.62,34.0,46.62
fff591413,Haemophilus influenzae,Siderophore Cephalosporins,cefiderocol,0.0,1.0,0.0,1.0,cefiderocol,0.0,1.0,0.0
fff591413,Haemophilus influenzae,Sulfonamides (J01E),trim_sulf,5.29,20.0,5.29,20.0,trim_sulf,5.29,20.0,5.29
fff591413,Haemophilus influenzae,Tetracyclines (J01A),doxycycline;minocycline;tetracycline;tigecycline,9.3625,13.75,9.3625,13.75,doxycycline;minocycline;tetracycline;tigecycline,9.3625,13.75,9.3625
fff591413,Helicobacter pylori,Aminoglycosides (J01G),,,,,,,,,
fff591413,Helicobacter pylori,Beta-lactamase combinations (J01CR),amoxicillin_clavulanate;ampicillin_sulbactam,6.13,10.0,6.13,10.0,amoxicillin_clavulanate;ampicillin_sulbactam,6.13,10.0,6.13
fff591413,Helicobacter pylori,Carbapenems (J01DH),,,,,,,,,
fff591413,Helicobacter pylori,Cephalosporins 1-2G,,,,,,,,,
fff591413,Helicobacter pylori,Cephalosporins 3G,,,,,,,,,
fff591413,Helicobacter pylori,Chloramphenicol (J01BA),chloramphenicol,14.73,20.0,14.73,20.0,chloramphenicol,14.73,20.0,14.73
fff591413,Helicobacter pylori,Fluoroquinolones (J01M),ciprofloxacin;levofloxacin;moxifloxacin;ofloxacin,6.01,12.0,6.01,12.0,ciprofloxacin;levofloxacin;moxifloxacin;ofloxacin,6.01,12.0,6.01
fff591413,Helicobacter pylori,Fosfomycin (J01XX01),,,,,,,,,
fff591413,Helicobacter pylori,Macrolides (J01F),azithromycin;clarithromycin;erythromycin,4.23,7.0,4.23,7.0,azithromycin;clarithromycin;erythromycin,4.23,7.000000000000001,4.23
fff591413,Helicobacter pylori,Nitrofurans (J01XE),,,,,,,,,
fff591413,Helicobacter pylori,Nitroimidazoles,metronidazole,2.51,50.0,2.51,50.0,metronidazole,2.51,50.0,2.51
fff591413,Helicobacter pylori,Novel BL/BLI,,,,,,,,,
fff591413,Helicobacter pylori,Oxazolidinones (J01XX),,,,,,,,,
fff591413,Helicobacter pylori,Penicillins (J01C),amoxicillin;ampicillin,6.13,4.0,6.13,4.0,amoxicillin;ampicillin,6.13,4.0,6.13
fff591413,Helicobacter pylori,Tetracyclines (J01A),doxycycline;minocycline;tetracycline,17.91,8.0,17.91,8.0,doxycycline;minocycline;tetracycline,17.91,8.0,17.91
fff591413,Invasive non-typhoidal Salmonella spp.,Aminoglycosides (J01G),amikacin;gentamicin;tobramycin,22.179999999999996,30.0,22.179999999999996,30.0,amikacin;gentamicin;tobramycin,22.179999999999996,30.0,22.179999999999996
fff591413,Invasive non-typhoidal Salmonella spp.,Beta-lactamase combinations (J01CR),amoxicillin_clavulanate;ampicillin_sulbactam;piperacillin_tazobactam;ticarcillin_clavulanate,5.88,22.5,5.88,22.5,amoxicillin_clavulanate;ampicillin_sulbactam;piperacillin_tazobactam;ticarcillin_clavulanate,5.88,22.5,5.88
fff591413,Invasive non-typhoidal Salmonella spp.,Carbapenems (J01DH),ertapenem;imipenem_c;meropenem,1.8999999999999997,10.0,1.8999999999999997,10.0,ertapenem;imipenem_c;meropenem,1.8999999999999997,10.0,1.8999999999999997
fff591413,Invasive non-typhoidal Salmonella spp.,Cephalosporins 1-2G,cefazolin;cefuroxime;cephalexin,30.26,38.333333333333336,30.26,38.333333333333336,cefazolin;cefuroxime;cephalexin,30.26,38.333333333333336,30.26
fff591413,Invasive non-typhoidal Salmonella spp.,Cephalosporins 3G,cefixime;ceftazidime;ceftriaxone,30.26,21.666666666666668,30.26,21.666666666666668,cefixime;ceftazidime;ceftriaxone,30.26,21.666666666666668,30.26
fff591413,Invasive non-typhoidal Salmonella spp.,Cephalosporins 3G/BLI,ceftolozane_tazobactam,5.87,4.0,5.87,4.0,ceftolozane_tazobactam,5.87,4.0,5.87
fff591413,Invasive non-typhoidal Salmonella spp.,Cephalosporins 4G,cefepime,30.26,30.0,30.26,30.0,cefepime,30.26,30.0,30.26
fff591413,Invasive non-typhoidal Salmonella spp.,Chloramphenicol (J01BA),chloramphenicol,15.27,35.0,15.27,35.0,chloramphenicol,15.27,35.0,15.27
fff591413,Invasive non-typhoidal Salmonella spp.,Fluoroquinolones (J01M),ciprofloxacin;levofloxacin;moxifloxacin;ofloxacin,23.922500000000003,38.75,23.922500000000003,38.75,ciprofloxacin;levofloxacin;moxifloxacin;ofloxacin,23.922500000000003,38.75,23.922500000000003
fff591413,Invasive non-typhoidal Salmonella spp.,Macrolides (J01F),,,,0.05,,,,,0.05
fff591413,Invasive non-typhoidal Salmonella spp.,Monobactams,aztreonam,29.9,25.0,29.9,25.0,aztreonam,29.9,25.0,29.9
fff591413,Invasive non-typhoidal Salmonella spp.,Nitrofurans (J01XE),,,,0.0,,,,,0.0
fff591413,Invasive non-typhoidal Salmonella spp.,Novel BL/BLI,aztreonam_avibactam;ceftazidime_avibactam;meropenem_vaborbactam,1.3,10.0,1.3,10.0,aztreonam_avibactam;ceftazidime_avibactam;meropenem_vaborbactam,1.3,10.0,1.3
fff591413,Invasive non-typhoidal Salmonella spp.,Penicillins (J01C),amoxicillin;ampicillin;piperacillin;ticarcillin,30.37,43.75,30.37,43.75,amoxicillin;ampicillin;piperacillin;ticarcillin,30.37,43.75,30.37
fff591413,Invasive non-typhoidal Salmonella spp.,Polymyxins (J01XB),colistin,0.2,20.0,0.2,20.0,colistin,0.2,20.0,0.2
fff591413,Invasive non-typhoidal Salmonella spp.,Siderophore Cephalosporins,cefiderocol,0.0,1.0,0.0,1.0,cefiderocol,0.0,1.0,0.0
fff591413,Invasive non-typhoidal Salmonella spp.,Sulfonamides (J01E),trim_sulf,23.66,40.0,23.66,40.0,trim_sulf,23.66,40.0,23.66
fff591413,Invasive non-typhoidal Salmonella spp.,Tetracyclines (J01A),doxycycline;minocycline;tetracycline;tigecycline,22.4925,18.75,22.4925,18.75,doxycycline;minocycline;tetracycline;tigecycline,22.4925,18.75,22.4925
fff591413,Klebsiella pneumoniae,Aminoglycosides (J01G),amikacin;gentamicin;tobramycin,37.55,16.0,37.55,16.0,amikacin;gentamicin;tobramycin,37.55,16.0,37.55
fff591413,Klebsiella pneumoniae,Anti-MRSA Cephalosporins (5G),ceftaroline,51.49,25.0,51.49,25.0,ceftaroline,51.49,25.0,51.49
fff591413,Klebsiella pneumoniae,Beta-lactamase combinations (J01CR),amoxicillin_clavulanate;ampicillin_sulbactam;piperacillin_tazobactam;ticarcillin_clavulanate,51.17,29.0,51.17,29.0,amoxicillin_clavulanate;ampicillin_sulbactam;piperacillin_tazobactam;ticarcillin_clavulanate,51.17,29.0,51.17
fff591413,Klebsiella pneumoniae,Carbapenems (J01DH),ertapenem;imipenem_c;meropenem,51.09,13.0,51.09,13.0,ertapenem;imipenem_c;meropenem,51.09,13.0,51.09
fff591413,Klebsiella pneumoniae,Cephalosporins 1-2G,cefazolin;cefuroxime;cephalexin,51.49,65.0,51.49,65.0,cefazolin;cefuroxime;cephalexin,51.49,65.0,51.49
fff591413,Klebsiella pneumoniae,Cephalosporins 3G,cefixime;ceftazidime;ceftriaxone,51.49,34.0,51.49,34.0,cefixime;ceftazidime;ceftriaxone,51.49,34.0,51.49
fff591413,Klebsiella pneumoniae,Cephalosporins 3G/BLI,ceftolozane_tazobactam,51.16,4.0,51.16,4.0,ceftolozane_tazobactam,51.16,4.0,51.16
fff591413,Klebsiella pneumoniae,Cephalosporins 4G,cefepime,51.49,28.0,51.49,28.0,cefepime,51.49,28.000000000000004,51.49
fff591413,Klebsiella pneumoniae,Chloramphenicol (J01BA),chloramphenicol,43.94,18.0,43.94,18.0,chloramphenicol,43.94,18.0,43.94
fff591413,Klebsiella pneumoniae,Fluoroquinolones (J01M),ciprofloxacin;levofloxacin;moxifloxacin;ofloxacin,45.150000000000006,36.5,45.150000000000006,36.5,ciprofloxacin;levofloxacin;moxifloxacin;ofloxacin,45.150000000000006,36.5,45.150000000000006
fff591413,Klebsiella pneumoniae,Fosfomycin (J01XX01),fosfomycin,19.46,30.0,19.46,30.0,fosfomycin,19.46,30.0,19.46
fff591413,Klebsiella pneumoniae,Monobactams,aztreonam,20.59,32.0,20.59,32.0,aztreonam,20.59,32.0,20.59
fff591413,Klebsiella pneumoniae,Nitrofurans (J01XE),,,,37.0,,,,,37.0
fff591413,Klebsiella pneumoniae,Novel BL/BLI,aztreonam_avibactam;ceftazidime_avibactam;meropenem_vaborbactam,34.403333333333336,7.0,34.403333333333336,7.0,aztreonam_avibactam;ceftazidime_avibactam;meropenem_vaborbactam,34.403333333333336,7.0,34.403333333333336
fff591413,Klebsiella pneumoniae,Penicillins (J01C),piperacillin,51.51,35.0,51.51,35.0,piperacillin,51.51,35.0,51.51
fff591413,Klebsiella pneumoniae,Polymyxins (J01XB),colistin,21.66,8.0,21.66,8.0,colistin,21.66,8.0,21.66
fff591413,Klebsiella pneumoniae,Siderophore Cephalosporins,cefiderocol,0.06,1.0,0.06,1.0,cefiderocol,0.06,1.0,0.06
fff591413,Klebsiella pneumoniae,Sulfonamides (J01E),sulfanilamide;trim_sulf,43.6,47.5,43.6,47.5,sulfanilamide;trim_sulf,43.6,47.5,43.6
fff591413,Klebsiella pneumoniae,Tetracyclines (J01A),doxycycline;minocycline;tetracycline;tigecycline,44.475,28.75,44.475,28.75,doxycycline;minocycline;tetracycline;tigecycline,44.475,28.75,44.475
fff591413,Legionella pneumophila,Aminoglycosides (J01G),,,,0.02,,,,,0.02
fff591413,Legionella pneumophila,Carbapenems (J01DH),,,,0.74,,,,,0.74
fff591413,Legionella pneumophila,Cephalosporins 3G,,,,0.76,,,,,0.76
fff591413,Legionella pneumophila,Chloramphenicol (J01BA),,,,0.0,,,,,0.0
fff591413,Legionella pneumophila,Fluoroquinolones (J01M),ciprofloxacin;levofloxacin;moxifloxacin,0.02,1.0,0.02,1.0,ciprofloxacin;levofloxacin;moxifloxacin,0.02,1.0,0.02
fff591413,Legionella pneumophila,Fusidic acid (J01XC),,,,0.0,,,,,0.0
fff591413,Legionella pneumophila,Macrolides (J01F),azithromycin;clarithromycin;erythromycin,0.06,1.0,0.06,1.0,azithromycin;clarithromycin;erythromycin,0.06,1.0,0.06
fff591413,Legionella pneumophila,Novel BL/BLI,,,,0.74,,,,,0.74
fff591413,Legionella pneumophila,Sulfonamides (J01E),,,,0.0,,,,,0.0
fff591413,Legionella pneumophila,Tetracyclines (J01A),,,,0.03,,,,,0.03
fff591413,Listeria monocytogenes,Aminoglycosides (J01G),,,,,,,,,
fff591413,Listeria monocytogenes,Beta-lactamase combinations (J01CR),amoxicillin_clavulanate;ampicillin_sulbactam;piperacillin_tazobactam,0.0,8.333333333333334,0.0,8.333333333333334,,,,0.0
fff591413,Listeria monocytogenes,Carbapenems (J01DH),,,,0.0,,,,,0.0
fff591413,Listeria monocytogenes,Chloramphenicol (J01BA),chloramphenicol,11.63,10.0,11.63,10.0,,,,11.63
fff591413,Listeria monocytogenes,Fluoroquinolones (J01M),ciprofloxacin;levofloxacin;moxifloxacin;ofloxacin,8.335,7.5,8.335,7.5,,,,8.335
fff591413,Listeria monocytogenes,Fosfomycin (J01XX01),,,,,,,,,
fff591413,Listeria monocytogenes,Glycopeptides (J01XA),,,,,,,,,
fff591413,Listeria monocytogenes,Lincosamides (J01FF),,,,,,,,,
fff591413,Listeria monocytogenes,Lipoglycopeptides,,,,,,,,,
fff591413,Listeria monocytogenes,Macrolides (J01F),azithromycin;clarithromycin;erythromycin,7.66,13.333333333333334,7.66,13.333333333333334,,,,7.66
fff591413,Listeria monocytogenes,Novel BL/BLI,ceftazidime_avibactam,0.0,10.0,0.0,10.0,,,,
fff591413,Listeria monocytogenes,Oxazolidinones (J01XX),,,,,,,,,
fff591413,Listeria monocytogenes,Penicillins (J01C),amoxicillin;ampicillin;penicillin_g;piperacillin;ticarcillin,0.0,9.0,0.0,9.0,,,,0.0
fff591413,Listeria monocytogenes,Streptogramins (J01FG),,,,,,,,,
fff591413,Listeria monocytogenes,Sulfonamides (J01E),trim_sulf,3.76,5.0,3.76,5.0,,,,3.76
fff591413,Listeria monocytogenes,Tetracyclines (J01A),doxycycline;minocycline;tetracycline,11.63,10.0,11.63,10.0,,,,11.63
fff591413,Moraxella catarrhalis,Aminoglycosides (J01G),,,,,,,,,
fff591413,Moraxella catarrhalis,Anti-MRSA Cephalosporins (5G),,,,,,,,,
fff591413,Moraxella catarrhalis,Beta-lactamase combinations (J01CR),amoxicillin_clavulanate;ampicillin_sulbactam;piperacillin_tazobactam;ticarcillin_clavulanate,7.53,10.0,7.53,10.0,amoxicillin_clavulanate;ampicillin_sulbactam;piperacillin_tazobactam;ticarcillin_clavulanate,7.53,10.0,7.53
fff591413,Moraxella catarrhalis,Carbapenems (J01DH),ertapenem;imipenem_c;meropenem,7.510000000000001,5.0,7.510000000000001,5.0,ertapenem;imipenem_c;meropenem,7.510000000000001,5.0,7.510000000000001
fff591413,Moraxella catarrhalis,Cephalosporins 1-2G,cefazolin;cefuroxime;cephalexin,7.59,15.0,7.59,15.0,cefazolin;cefuroxime;cephalexin,7.59,15.0,7.59
fff591413,Moraxella catarrhalis,Cephalosporins 3G,cefixime;ceftazidime;ceftriaxone,7.59,5.0,7.59,5.0,cefixime;ceftazidime;ceftriaxone,7.59,5.0,7.59
fff591413,Moraxella catarrhalis,Cephalosporins 3G/BLI,ceftolozane_tazobactam,7.52,4.0,7.52,4.0,ceftolozane_tazobactam,7.52,4.0,7.52
fff591413,Moraxella catarrhalis,Cephalosporins 4G,cefepime,7.59,5.0,7.59,5.0,cefepime,7.59,5.0,7.59
fff591413,Moraxella catarrhalis,Chloramphenicol (J01BA),chloramphenicol,1.29,5.0,1.29,5.0,chloramphenicol,1.29,5.0,1.29
fff591413,Moraxella catarrhalis,Fluoroquinolones (J01M),ciprofloxacin;levofloxacin;moxifloxacin;ofloxacin,1.7775,5.0,1.7775,5.0,ciprofloxacin;levofloxacin;moxifloxacin;ofloxacin,1.7775,5.0,1.7775
fff591413,Moraxella catarrhalis,Fusidic acid (J01XC),,,,,,,,,
fff591413,Moraxella catarrhalis,Macrolides (J01F),azithromycin;clarithromycin;erythromycin,5.32,18.333333333333332,5.32,18.333333333333332,azithromycin;clarithromycin;erythromycin,5.32,18.333333333333332,5.32
fff591413,Moraxella catarrhalis,Monobactams,aztreonam,0.92,5.0,0.92,5.0,aztreonam,0.92,5.0,0.92
fff591413,Moraxella catarrhalis,Novel BL/BLI,aztreonam_avibactam;ceftazidime_avibactam;meropenem_vaborbactam,5.196666666666666,5.0,5.196666666666666,5.0,aztreonam_avibactam;ceftazidime_avibactam;meropenem_vaborbactam,5.196666666666666,5.0,5.196666666666666
fff591413,Moraxella catarrhalis,Penicillins (J01C),amoxicillin;ampicillin;penicillin_g;piperacillin;ticarcillin,32.95,59.0,32.95,59.0,amoxicillin;ampicillin;penicillin_g;piperacillin;ticarcillin,32.95,59.0,32.95
fff591413,Moraxella catarrhalis,Pleuromutilins,,,,,,,,,
fff591413,Moraxella catarrhalis,Siderophore Cephalosporins,cefiderocol,0.0,1.0,0.0,1.0,cefiderocol,0.0,1.0,0.0
fff591413,Moraxella catarrhalis,Sulfonamides (J01E),trim_sulf,1.06,10.0,1.06,10.0,trim_sulf,1.06,10.0,1.06
fff591413,Moraxella catarrhalis,Tetracyclines (J01A),doxycycline;minocycline;tetracycline;tigecycline,2.3975,10.0,2.3975,10.0,doxycycline;minocycline;tetracycline;tigecycline,2.3975,10.0,2.3975
fff591413,Morganella spp.,Aminoglycosides (J01G),amikacin;gentamicin;tobramycin,30.33,30.0,30.33,30.0,amikacin;gentamicin;tobramycin,30.33,30.0,30.33
fff591413,Morganella spp.,Anti-MRSA Cephalosporins (5G),,,,,,,,,
fff591413,Morganella spp.,Beta-lactamase combinations (J01CR),piperacillin_tazobactam;ticarcillin_clavulanate,28.63,30.0,28.63,30.0,piperacillin_tazobactam;ticarcillin_clavulanate,28.63,30.0,28.63
fff591413,Morganella spp.,Carbapenems (J01DH),ertapenem;imipenem_c;meropenem,28.34,11.666666666666666,28.34,11.666666666666666,ertapenem;imipenem_c;meropenem,28.34,11.666666666666666,28.34
fff591413,Morganella spp.,Cephalosporins 3G,cefixime;ceftazidime;ceftriaxone,29.06,36.666666666666664,29.06,36.666666666666664,cefixime;ceftazidime;ceftriaxone,29.06,36.666666666666664,29.06
fff591413,Morganella spp.,Cephalosporins 3G/BLI,ceftolozane_tazobactam,28.61,4.0,28.61,4.0,ceftolozane_tazobactam,28.61,4.0,28.61
fff591413,Morganella spp.,Cephalosporins 4G,cefepime,29.06,35.0,29.06,35.0,cefepime,29.06,35.0,29.06
fff591413,Morganella spp.,Chloramphenicol (J01BA),chloramphenicol,33.31,30.0,33.31,30.0,chloramphenicol,33.31,30.0,33.31
fff591413,Morganella spp.,Fluoroquinolones (J01M),ciprofloxacin;levofloxacin;moxifloxacin;ofloxacin,32.9825,33.75,32.9825,33.75,ciprofloxacin;levofloxacin;moxifloxacin;ofloxacin,32.9825,33.75,32.9825
fff591413,Morganella spp.,Monobactams,aztreonam,27.85,30.0,27.85,30.0,aztreonam,27.85,30.0,27.85
fff591413,Morganella spp.,Novel BL/BLI,aztreonam_avibactam;ceftazidime_avibactam;meropenem_vaborbactam,20.59,10.0,20.59,10.0,aztreonam_avibactam;ceftazidime_avibactam;meropenem_vaborbactam,20.59,10.0,20.59
fff591413,Morganella spp.,Penicillins (J01C),piperacillin;ticarcillin,29.06,37.5,29.06,37.5,piperacillin;ticarcillin,29.06,37.5,29.06
fff591413,Morganella spp.,Siderophore Cephalosporins,cefiderocol,0.03,1.0,0.03,1.0,cefiderocol,0.03,1.0,0.03
fff591413,Morganella spp.,Sulfonamides (J01E),trim_sulf,27.18,35.0,27.18,35.0,trim_sulf,27.18,35.0,27.18
fff591413,Mycoplasma genitalium,Chloramphenicol (J01BA),,,,40.33,,,,,40.33
fff591413,Mycoplasma genitalium,Fluoroquinolones (J01M),ciprofloxacin;levofloxacin;moxifloxacin;ofloxacin,48.160000000000004,45.0,48.160000000000004,45.0,ciprofloxacin;levofloxacin;moxifloxacin;ofloxacin,48.160000000000004,45.0,48.160000000000004
fff591413,Mycoplasma genitalium,Fusidic acid (J01XC),,,,,,,,,
fff591413,Mycoplasma genitalium,Macrolides (J01F),azithromycin;clarithromycin;erythromycin,48.74,55.0,48.74,55.0,azithromycin;clarithromycin;erythromycin,48.74,55.00000000000001,48.74
fff591413,Mycoplasma genitalium,Nitroimidazoles,,,,,,,,,
fff591413,Mycoplasma genitalium,Tetracyclines (J01A),doxycycline;minocycline;tetracycline;tigecycline,49.8775,32.5,49.8775,32.5,doxycycline;minocycline;tetracycline;tigecycline,49.8775,32.5,49.8775
fff591413,Mycoplasma pneumoniae,Chloramphenicol (J01BA),,,,,,,,,
fff591413,Mycoplasma pneumoniae,Fluoroquinolones (J01M),ciprofloxacin;levofloxacin;moxifloxacin,0.04,2.0,0.04,2.0,ciprofloxacin;levofloxacin;moxifloxacin,0.04,2.0,0.04
fff591413,Mycoplasma pneumoniae,Macrolides (J01F),azithromycin;clarithromycin;erythromycin,25.790000000000003,20.0,25.790000000000003,20.0,azithromycin;clarithromycin;erythromycin,25.790000000000003,20.0,25.790000000000003
fff591413,Mycoplasma pneumoniae,Streptogramins (J01FG),,,,,,,,,
fff591413,Mycoplasma pneumoniae,Tetracyclines (J01A),doxycycline;tetracycline,9.57,1.0,7.175000000000001,1.0,doxycycline;tetracycline,9.57,1.0,7.175000000000001
fff591413,Neisseria gonorrhoeae,Aminoglycosides (J01G),amikacin;gentamicin;tobramycin,15.63,5.0,15.63,5.0,amikacin;gentamicin;tobramycin,15.63,5.0,15.63
fff591413,Neisseria gonorrhoeae,Anti-MRSA Cephalosporins (5G),,,,,,,,,
fff591413,Neisseria gonorrhoeae,Beta-lactamase combinations (J01CR),amoxicillin_clavulanate;ampicillin_sulbactam;piperacillin_tazobactam;ticarcillin_clavulanate,44.45,45.0,44.45,45.0,amoxicillin_clavulanate;ampicillin_sulbactam;piperacillin_tazobactam;ticarcillin_clavulanate,44.45,45.0,44.45
fff591413,Neisseria gonorrhoeae,Carbapenems (J01DH),,,,0.0,,,,,0.0
fff591413,Neisseria gonorrhoeae,Cephalosporins 1-2G,cefazolin;cefuroxime;cephalexin,44.46,53.333333333333336,44.46,53.333333333333336,cefazolin;cefuroxime;cephalexin,44.46,53.333333333333336,44.46
fff591413,Neisseria gonorrhoeae,Cephalosporins 3G,cefixime;ceftazidime;ceftriaxone,44.46,9.666666666666666,44.46,9.666666666666666,cefixime;ceftazidime;ceftriaxone,44.46,9.666666666666666,44.46
fff591413,Neisseria gonorrhoeae,Cephalosporins 3G/BLI,ceftolozane_tazobactam,44.45,4.0,44.45,4.0,ceftolozane_tazobactam,44.45,4.0,44.45
fff591413,Neisseria gonorrhoeae,Cephalosporins 4G,cefepime,44.46,20.0,44.46,20.0,cefepime,44.46,20.0,44.46
fff591413,Neisseria gonorrhoeae,Chloramphenicol (J01BA),chloramphenicol,96.63,60.0,96.63,60.0,chloramphenicol,96.63,60.0,96.63
fff591413,Neisseria gonorrhoeae,Fluoroquinolones (J01M),ciprofloxacin;levofloxacin;moxifloxacin;ofloxacin,91.5875,80.0,91.5875,80.0,ciprofloxacin;levofloxacin;moxifloxacin;ofloxacin,91.5875,80.0,91.5875
fff591413,Neisseria gonorrhoeae,Macrolides (J01F),azithromycin;clarithromycin;erythromycin,28.38,31.666666666666668,28.38,31.666666666666668,azithromycin;clarithromycin;erythromycin,28.38,31.666666666666668,28.38
fff591413,Neisseria gonorrhoeae,Monobactams,aztreonam,44.46,25.0,44.46,25.0,aztreonam,44.46,25.0,44.46
fff591413,Neisseria gonorrhoeae,Novel BL/BLI,aztreonam_avibactam;ceftazidime_avibactam;meropenem_vaborbactam,29.633333333333336,30.0,29.633333333333336,30.0,aztreonam_avibactam;ceftazidime_avibactam;meropenem_vaborbactam,29.633333333333336,30.0,29.633333333333336
fff591413,Neisseria gonorrhoeae,Penicillins (J01C),amoxicillin;ampicillin;penicillin_g;piperacillin;ticarcillin,78.99,46.0,78.99,46.0,amoxicillin;ampicillin;penicillin_g;piperacillin;ticarcillin,78.99,46.0,78.99
fff591413,Neisseria gonorrhoeae,Siderophore Cephalosporins,cefiderocol,0.0,1.0,0.0,1.0,cefiderocol,0.0,1.0,0.0
fff591413,Neisseria gonorrhoeae,Sulfonamides (J01E),trim_sulf,96.91,70.0,96.91,70.0,trim_sulf,96.91,70.0,96.91
fff591413,Neisseria gonorrhoeae,Tetracyclines (J01A),doxycycline;minocycline;tetracycline,97.07333333333332,65.0,97.07333333333332,65.0,doxycycline;minocycline;tetracycline,97.07333333333332,65.0,97.07333333333332
fff591413,Neisseria meningitidis,Aminoglycosides (J01G),amikacin;gentamicin;tobramycin,0.03,4.333333333333333,0.03,4.333333333333333,amikacin;gentamicin;tobramycin,0.03,4.333333333333333,0.03
fff591413,Neisseria meningitidis,Anti-MRSA Cephalosporins (5G),,,,,,,,,
fff591413,Neisseria meningitidis,Beta-lactamase combinations (J01CR),amoxicillin_clavulanate;ampicillin_sulbactam;piperacillin_tazobactam;ticarcillin_clavulanate,0.28,12.0,0.28,12.0,amoxicillin_clavulanate;ampicillin_sulbactam;piperacillin_tazobactam;ticarcillin_clavulanate,0.28,12.0,0.28
fff591413,Neisseria meningitidis,Carbapenems (J01DH),ertapenem;imipenem_c;meropenem,0.28,0.10000000000000002,0.28,0.10000000000000002,ertapenem;imipenem_c;meropenem,0.28,0.10000000000000002,0.28
fff591413,Neisseria meningitidis,Cephalosporins 1-2G,cefazolin;cefuroxime;cephalexin,0.28,11.333333333333334,0.28,11.333333333333334,cefazolin;cefuroxime;cephalexin,0.28,11.333333333333334,0.28
fff591413,Neisseria meningitidis,Cephalosporins 3G,cefixime;ceftazidime;ceftriaxone,0.28,2.0,0.28,2.0,cefixime;ceftazidime;ceftriaxone,0.28,2.0,0.28
fff591413,Neisseria meningitidis,Cephalosporins 3G/BLI,ceftolozane_tazobactam,0.28,4.0,0.28,4.0,ceftolozane_tazobactam,0.28,4.0,0.28
fff591413,Neisseria meningitidis,Cephalosporins 4G,cefepime,0.28,2.0,0.28,2.0,cefepime,0.28,2.0,0.28
fff591413,Neisseria meningitidis,Chloramphenicol (J01BA),chloramphenicol,0.05,8.0,0.05,8.0,chloramphenicol,0.05,8.0,0.05
fff591413,Neisseria meningitidis,Fluoroquinolones (J01M),ciprofloxacin;levofloxacin;moxifloxacin;ofloxacin,1.48,4.0,1.48,4.0,ciprofloxacin;levofloxacin;moxifloxacin;ofloxacin,1.48,4.0,1.48
fff591413,Neisseria meningitidis,Fosfomycin (J01XX01),,,,,,,,,
fff591413,Neisseria meningitidis,Macrolides (J01F),azithromycin;clarithromycin;erythromycin,0.17,7.333333333333333,0.17,7.333333333333333,azithromycin;clarithromycin;erythromycin,0.17,7.333333333333333,0.17
fff591413,Neisseria meningitidis,Monobactams,aztreonam,0.0,2.0,0.0,2.0,aztreonam,0.0,2.0,0.0
fff591413,Neisseria meningitidis,Nitrofurans (J01XE),,,,,,,,,
fff591413,Neisseria meningitidis,Novel BL/BLI,aztreonam_avibactam;ceftazidime_avibactam;meropenem_vaborbactam,0.18666666666666668,0.10000000000000002,0.18666666666666668,0.10000000000000002,aztreonam_avibactam;ceftazidime_avibactam;meropenem_vaborbactam,0.18666666666666668,0.10000000000000002,0.18666666666666668
fff591413,Neisseria meningitidis,Penicillins (J01C),amoxicillin;ampicillin;penicillin_g;piperacillin;ticarcillin,0.28,16.8,0.28,16.8,amoxicillin;ampicillin;penicillin_g;piperacillin;ticarcillin,0.28,16.8,0.28
fff591413,Neisseria meningitidis,Siderophore Cephalosporins,cefiderocol,0.0,1.0,0.0,1.0,cefiderocol,0.0,1.0,0.0
fff591413,Neisseria meningitidis,Sulfonamides (J01E),trim_sulf,16.49,10.0,16.49,10.0,trim_sulf,16.49,10.0,16.49
fff591413,Neisseria meningitidis,Tetracyclines (J01A),doxycycline;minocycline;tetracycline,4.506666666666667,6.333333333333333,4.506666666666667,6.333333333333333,doxycycline;minocycline;tetracycline,4.506666666666667,6.333333333333333,4.506666666666667
fff591413,Proteus spp.,Aminoglycosides (J01G),amikacin;gentamicin;tobramycin,31.05,30.0,31.05,30.0,amikacin;gentamicin;tobramycin,31.05,30.0,31.05
fff591413,Proteus spp.,Anti-MRSA Cephalosporins (5G),,,,33.76,,,,,33.76
fff591413,Proteus spp.,Beta-lactamase combinations (J01CR),amoxicillin_clavulanate;ampicillin_sulbactam;piperacillin_tazobactam;ticarcillin_clavulanate,33.22,21.25,33.22,21.25,amoxicillin_clavulanate;ampicillin_sulbactam;piperacillin_tazobactam;ticarcillin_clavulanate,33.22,21.25,33.22
fff591413,Proteus spp.,Carbapenems (J01DH),ertapenem;imipenem_c;meropenem,32.43,10.0,32.43,10.0,ertapenem;imipenem_c;meropenem,32.43,10.0,32.43
fff591413,Proteus spp.,Cephalosporins 1-2G,cefazolin;cefuroxime;cephalexin,33.76,28.333333333333332,33.76,28.333333333333332,cefazolin;cefuroxime;cephalexin,33.76,28.333333333333332,33.76
fff591413,Proteus spp.,Cephalosporins 3G,cefixime;ceftazidime;ceftriaxone,33.76,21.666666666666668,33.76,21.666666666666668,cefixime;ceftazidime;ceftriaxone,33.76,21.666666666666668,33.76
fff591413,Proteus spp.,Cephalosporins 3G/BLI,ceftolozane_tazobactam,33.22,4.0,33.22,4.0,ceftolozane_tazobactam,33.22,4.0,33.22
fff591413,Proteus spp.,Cephalosporins 4G,cefepime,33.76,20.0,33.76,20.0,cefepime,33.76,20.0,33.76
fff591413,Proteus spp.,Chloramphenicol (J01BA),chloramphenicol,29.4,25.0,29.4,25.0,chloramphenicol,29.4,25.0,29.4
fff591413,Proteus spp.,Fluoroquinolones (J01M),ciprofloxacin;levofloxacin;moxifloxacin;ofloxacin,33.35999999999999,28.75,33.35999999999999,28.75,ciprofloxacin;levofloxacin;moxifloxacin;ofloxacin,33.35999999999999,28.75,33.35999999999999
fff591413,Proteus spp.,Fosfomycin (J01XX01),fosfomycin,15.27,10.0,15.27,10.0,fosfomycin,15.27,10.0,15.27
fff591413,Proteus spp.,Monobactams,aztreonam,24.0,25.0,24.0,25.0,aztreonam,24.0,25.0,24.0
fff591413,Proteus spp.,Novel BL/BLI,aztreonam_avibactam;ceftazidime_avibactam;meropenem_vaborbactam,21.656666666666666,10.0,21.656666666666666,10.0,aztreonam_avibactam;ceftazidime_avibactam;meropenem_vaborbactam,21.656666666666666,10.0,21.656666666666666
fff591413,Proteus spp.,Penicillins (J01C),amoxicillin;ampicillin;piperacillin;ticarcillin,34.26,28.75,34.26,28.75,amoxicillin;ampicillin;piperacillin;ticarcillin,34.26,28.75,34.26
fff591413,Proteus spp.,Siderophore Cephalosporins,cefiderocol,0.16,1.0,0.16,1.0,cefiderocol,0.16,1.0,0.16
fff591413,Proteus spp.,Sulfonamides (J01E),sulfanilamide;trim_sulf,24.58,25.0,24.58,25.0,sulfanilamide;trim_sulf,24.58,25.0,24.58
fff591413,Providencia stuartii,Aminoglycosides (J01G),amikacin,55.24,45.0,55.24,45.0,amikacin,55.24,45.0,55.24
fff591413,Providencia stuartii,Beta-lactamase combinations (J01CR),piperacillin_tazobactam;ticarcillin_clavulanate,57.62,40.0,57.62,40.0,piperacillin_tazobactam;ticarcillin_clavulanate,57.62,40.0,57.62
fff591413,Providencia stuartii,Carbapenems (J01DH),ertapenem;imipenem_c;meropenem,48.5,21.666666666666668,48.5,21.666666666666668,ertapenem;imipenem_c;meropenem,48.5,21.666666666666668,48.5
fff591413,Providencia stuartii,Cephalosporins 1-2G,cefuroxime,66.06,55.0,66.06,55.0,cefuroxime,66.06,55.00000000000001,66.06
fff591413,Providencia stuartii,Cephalosporins 3G,cefixime;ceftazidime;ceftriaxone,66.06,51.666666666666664,66.06,51.666666666666664,cefixime;ceftazidime;ceftriaxone,66.06,51.666666666666664,66.06
fff591413,Providencia stuartii,Cephalosporins 3G/BLI,ceftolozane_tazobactam,57.62,4.0,57.62,4.0,ceftolozane_tazobactam,57.62,4.0,57.62
fff591413,Providencia stuartii,Cephalosporins 4G,cefepime,66.06,50.0,66.06,50.0,cefepime,66.06,50.0,66.06
fff591413,Providencia stuartii,Chloramphenicol (J01BA),chloramphenicol,32.97,45.0,32.97,45.0,chloramphenicol,32.97,45.0,32.97
fff591413,Providencia stuartii,Fluoroquinolones (J01M),ciprofloxacin;levofloxacin;moxifloxacin;ofloxacin,59.027499999999996,52.5,59.027499999999996,52.5,ciprofloxacin;levofloxacin;moxifloxacin;ofloxacin,59.027499999999996,52.5,59.027499999999996
fff591413,Providencia stuartii,Monobactams,aztreonam,65.62,50.0,65.62,50.0,aztreonam,65.62,50.0,65.62
fff591413,Providencia stuartii,Novel BL/BLI,aztreonam_avibactam;ceftazidime_avibactam;meropenem_vaborbactam,38.70333333333333,18.333333333333332,38.70333333333333,18.333333333333332,aztreonam_avibactam;ceftazidime_avibactam;meropenem_vaborbactam,38.70333333333333,18.333333333333332,38.70333333333333
fff591413,Providencia stuartii,Penicillins (J01C),piperacillin;ticarcillin,66.06,55.0,66.06,55.0,piperacillin;ticarcillin,66.06,55.00000000000001,66.06
fff591413,Providencia stuartii,Siderophore Cephalosporins,cefiderocol,0.0,1.0,0.0,1.0,cefiderocol,0.0,1.0,0.0
fff591413,Providencia stuartii,Sulfonamides (J01E),trim_sulf,54.6,55.0,54.6,55.0,trim_sulf,54.6,55.00000000000001,54.6
fff591413,Pseudomonas aeruginosa,Aminoglycosides (J01G),amikacin;gentamicin;tobramycin,20.06,13.666666666666666,20.06,13.666666666666666,amikacin;gentamicin;tobramycin,20.06,13.666666666666666,20.06
fff591413,Pseudomonas aeruginosa,Beta-lactamase combinations (J01CR),piperacillin_tazobactam;ticarcillin_clavulanate,19.27,18.5,19.27,18.5,piperacillin_tazobactam;ticarcillin_clavulanate,19.27,18.5,19.27
fff591413,Pseudomonas aeruginosa,Carbapenems (J01DH),imipenem_c;meropenem,18.72,26.5,18.72,26.5,imipenem_c;meropenem,18.72,26.5,18.72
fff591413,Pseudomonas aeruginosa,Cephalosporins 3G,ceftazidime,19.57,22.0,19.57,22.0,ceftazidime,19.57,22.0,19.57
fff591413,Pseudomonas aeruginosa,Cephalosporins 3G/BLI,ceftolozane_tazobactam,19.17,8.0,19.17,8.0,ceftolozane_tazobactam,19.17,8.0,19.17
fff591413,Pseudomonas aeruginosa,Cephalosporins 4G,cefepime,19.57,18.0,19.57,18.0,cefepime,19.57,18.0,19.57
fff591413,Pseudomonas aeruginosa,Fluoroquinolones (J01M),ciprofloxacin;levofloxacin;moxifloxacin;ofloxacin,23.02,26.5,23.02,26.5,ciprofloxacin;levofloxacin;moxifloxacin;ofloxacin,23.02,26.5,23.02
fff591413,Pseudomonas aeruginosa,Fosfomycin (J01XX01),,,,0.13,,,,,0.13
fff591413,Pseudomonas aeruginosa,Monobactams,aztreonam,10.69,22.0,10.69,22.0,aztreonam,10.69,22.0,10.69
fff591413,Pseudomonas aeruginosa,Novel BL/BLI,aztreonam_avibactam;ceftazidime_avibactam;meropenem_vaborbactam,14.363333333333335,8.666666666666666,14.363333333333335,8.666666666666666,aztreonam_avibactam;ceftazidime_avibactam;meropenem_vaborbactam,14.363333333333335,8.666666666666666,14.363333333333335
fff591413,Pseudomonas aeruginosa,Penicillins (J01C),piperacillin;ticarcillin,19.57,27.5,19.57,27.5,piperacillin;ticarcillin,19.57,27.5,19.57
fff591413,Pseudomonas aeruginosa,Polymyxins (J01XB),colistin,1.69,3.0,1.69,3.0,colistin,1.69,3.0,1.69
fff591413,Pseudomonas aeruginosa,Siderophore Cephalosporins,cefiderocol,0.0,5.0,0.0,5.0,cefiderocol,0.0,5.0,0.0
fff591413,Salmonella enterica serovar paratyphi a,Aminoglycosides (J01G),amikacin;gentamicin;tobramycin,43.26,30.0,43.26,30.0,amikacin;gentamicin;tobramycin,43.26,30.0,43.26
fff591413,Salmonella enterica serovar paratyphi a,Beta-lactamase combinations (J01CR),amoxicillin_clavulanate;ampicillin_sulbactam;piperacillin_tazobactam;ticarcillin_clavulanate,13.76,22.5,13.76,22.5,amoxicillin_clavulanate;ampicillin_sulbactam;piperacillin_tazobactam;ticarcillin_clavulanate,13.76,22.5,13.76
fff591413,Salmonella enterica serovar paratyphi a,Carbapenems (J01DH),ertapenem;imipenem_c;meropenem,3.39,10.0,3.39,10.0,ertapenem;imipenem_c;meropenem,3.39,10.0,3.39
fff591413,Salmonella enterica serovar paratyphi a,Cephalosporins 1-2G,cefazolin;cefuroxime;cephalexin,59.87,38.333333333333336,59.87,38.333333333333336,cefazolin;cefuroxime;cephalexin,59.87,38.333333333333336,59.87
fff591413,Salmonella enterica serovar paratyphi a,Cephalosporins 3G,cefixime;ceftazidime;ceftriaxone,59.87,16.666666666666668,59.87,16.666666666666668,cefixime;ceftazidime;ceftriaxone,59.87,16.666666666666668,59.87
fff591413,Salmonella enterica serovar paratyphi a,Cephalosporins 3G/BLI,ceftolozane_tazobactam,13.44,4.0,13.44,4.0,ceftolozane_tazobactam,13.44,4.0,13.44
fff591413,Salmonella enterica serovar paratyphi a,Cephalosporins 4G,cefepime,59.87,25.0,59.87,25.0,cefepime,59.87,25.0,59.87
fff591413,Salmonella enterica serovar paratyphi a,Chloramphenicol (J01BA),chloramphenicol,33.62,35.0,33.62,35.0,chloramphenicol,33.62,35.0,33.62
fff591413,Salmonella enterica serovar paratyphi a,Fluoroquinolones (J01M),ciprofloxacin;levofloxacin;moxifloxacin;ofloxacin,17.765,33.75,17.765,33.75,ciprofloxacin;levofloxacin;moxifloxacin;ofloxacin,17.765,33.75,17.765
fff591413,Salmonella enterica serovar paratyphi a,Macrolides (J01F),,,,0.0,,,,,0.0
fff591413,Salmonella enterica serovar paratyphi a,Monobactams,aztreonam,59.0,25.0,59.0,25.0,aztreonam,59.0,25.0,59.0
fff591413,Salmonella enterica serovar paratyphi a,Nitrofurans (J01XE),,,,0.0,,,,,0.0
fff591413,Salmonella enterica serovar paratyphi a,Novel BL/BLI,aztreonam_avibactam;ceftazidime_avibactam;meropenem_vaborbactam,3.03,10.0,3.03,10.0,aztreonam_avibactam;ceftazidime_avibactam;meropenem_vaborbactam,3.03,10.0,3.03
fff591413,Salmonella enterica serovar paratyphi a,Penicillins (J01C),amoxicillin;ampicillin;piperacillin;ticarcillin,59.87,40.0,59.87,40.0,amoxicillin;ampicillin;piperacillin;ticarcillin,59.87,40.0,59.87
fff591413,Salmonella enterica serovar paratyphi a,Polymyxins (J01XB),colistin,0.1,20.0,0.1,20.0,colistin,0.1,20.0,0.1
fff591413,Salmonella enterica serovar paratyphi a,Siderophore Cephalosporins,cefiderocol,0.0,1.0,0.0,1.0,cefiderocol,0.0,1.0,0.0
fff591413,Salmonella enterica serovar paratyphi a,Sulfonamides (J01E),trim_sulf,0.58,40.0,0.58,40.0,trim_sulf,0.58,40.0,0.58
fff591413,Salmonella enterica serovar paratyphi a,Tetracyclines (J01A),doxycycline;minocycline;tetracycline;tigecycline,42.1525,18.75,42.1525,18.75,doxycycline;minocycline;tetracycline;tigecycline,42.1525,18.75,42.1525
fff591413,Salmonella enterica serovar typhi,Aminoglycosides (J01G),amikacin;gentamicin;tobramycin,25.3,30.0,25.3,30.0,amikacin;gentamicin;tobramycin,25.3,30.0,25.3
fff591413,Salmonella enterica serovar typhi,Beta-lactamase combinations (J01CR),amoxicillin_clavulanate;ampicillin_sulbactam;piperacillin_tazobactam;ticarcillin_clavulanate,9.46,22.5,9.46,22.5,amoxicillin_clavulanate;ampicillin_sulbactam;piperacillin_tazobactam;ticarcillin_clavulanate,9.46,22.5,9.46
fff591413,Salmonella enterica serovar typhi,Carbapenems (J01DH),ertapenem;imipenem_c;meropenem,7.43,10.0,7.43,10.0,ertapenem;imipenem_c;meropenem,7.43,10.0,7.43
fff591413,Salmonella enterica serovar typhi,Cephalosporins 1-2G,cefazolin;cefuroxime;cephalexin,21.42,38.333333333333336,21.42,38.333333333333336,cefazolin;cefuroxime;cephalexin,21.42,38.333333333333336,21.42
fff591413,Salmonella enterica serovar typhi,Cephalosporins 3G,cefixime;ceftazidime;ceftriaxone,21.42,16.666666666666668,21.42,16.666666666666668,cefixime;ceftazidime;ceftriaxone,21.42,16.666666666666668,21.42
fff591413,Salmonella enterica serovar typhi,Cephalosporins 3G/BLI,ceftolozane_tazobactam,9.46,4.0,9.46,4.0,ceftolozane_tazobactam,9.46,4.0,9.46
fff591413,Salmonella enterica serovar typhi,Cephalosporins 4G,cefepime,21.42,25.0,21.42,25.0,cefepime,21.42,25.0,21.42
fff591413,Salmonella enterica serovar typhi,Chloramphenicol (J01BA),chloramphenicol,34.32,35.0,34.32,35.0,chloramphenicol,34.32,35.0,34.32
fff591413,Salmonella enterica serovar typhi,Fluoroquinolones (J01M),ciprofloxacin;levofloxacin;moxifloxacin;ofloxacin,19.4,33.75,19.4,33.75,ciprofloxacin;levofloxacin;moxifloxacin;ofloxacin,19.4,33.75,19.4
fff591413,Salmonella enterica serovar typhi,Macrolides (J01F),,,,0.04,,,,,0.04
fff591413,Salmonella enterica serovar typhi,Monobactams,aztreonam,14.49,25.0,14.49,25.0,aztreonam,14.49,25.0,14.49
fff591413,Salmonella enterica serovar typhi,Nitrofurans (J01XE),,,,0.0,,,,,0.0
fff591413,Salmonella enterica serovar typhi,Novel BL/BLI,aztreonam_avibactam;ceftazidime_avibactam;meropenem_vaborbactam,4.983333333333333,10.0,4.983333333333333,10.0,aztreonam_avibactam;ceftazidime_avibactam;meropenem_vaborbactam,4.983333333333333,10.0,4.983333333333333
fff591413,Salmonella enterica serovar typhi,Penicillins (J01C),amoxicillin;ampicillin;piperacillin;ticarcillin,21.45,40.0,21.45,40.0,amoxicillin;ampicillin;piperacillin;ticarcillin,21.45,40.0,21.45
fff591413,Salmonella enterica serovar typhi,Polymyxins (J01XB),colistin,0.07,20.0,0.07,20.0,colistin,0.07,20.0,0.07
fff591413,Salmonella enterica serovar typhi,Siderophore Cephalosporins,cefiderocol,0.0,1.0,0.0,1.0,cefiderocol,0.0,1.0,0.0
fff591413,Salmonella enterica serovar typhi,Sulfonamides (J01E),trim_sulf,2.48,40.0,2.48,40.0,trim_sulf,2.48,40.0,2.48
fff591413,Salmonella enterica serovar typhi,Tetracyclines (J01A),doxycycline;minocycline;tetracycline;tigecycline,41.585,18.75,41.585,18.75,doxycycline;minocycline;tetracycline;tigecycline,41.585,18.75,41.585
fff591413,Serratia spp.,Aminoglycosides (J01G),amikacin;gentamicin;tobramycin,23.73,35.0,23.73,35.0,amikacin;gentamicin;tobramycin,23.73,35.0,23.73
fff591413,Serratia spp.,Beta-lactamase combinations (J01CR),piperacillin_tazobactam;ticarcillin_clavulanate,27.82,30.0,27.82,30.0,piperacillin_tazobactam;ticarcillin_clavulanate,27.82,30.0,27.82
fff591413,Serratia spp.,Carbapenems (J01DH),ertapenem;imipenem_c;meropenem,27.100000000000005,11.666666666666666,27.100000000000005,11.666666666666666,ertapenem;imipenem_c;meropenem,27.100000000000005,11.666666666666666,27.100000000000005
fff591413,Serratia spp.,Cephalosporins 3G,cefixime;ceftazidime;ceftriaxone,28.959999999999997,33.333333333333336,28.959999999999997,33.333333333333336,cefixime;ceftazidime;ceftriaxone,28.959999999999997,33.333333333333336,28.959999999999997
fff591413,Serratia spp.,Cephalosporins 3G/BLI,ceftolozane_tazobactam,27.82,4.0,27.82,4.0,ceftolozane_tazobactam,27.82,4.0,27.82
fff591413,Serratia spp.,Cephalosporins 4G,cefepime,28.96,35.0,28.96,35.0,cefepime,28.96,35.0,28.96
fff591413,Serratia spp.,Chloramphenicol (J01BA),chloramphenicol,22.23,30.0,22.23,30.0,chloramphenicol,22.23,30.0,22.23
fff591413,Serratia spp.,Fluoroquinolones (J01M),ciprofloxacin;levofloxacin;moxifloxacin;ofloxacin,30.442500000000003,28.75,30.442500000000003,28.75,ciprofloxacin;levofloxacin;moxifloxacin;ofloxacin,30.442500000000003,28.75,30.442500000000003
fff591413,Serratia spp.,Fosfomycin (J01XX01),fosfomycin,7.22,20.0,7.22,20.0,fosfomycin,7.22,20.0,7.22
fff591413,Serratia spp.,Monobactams,aztreonam,18.95,30.0,18.95,30.0,aztreonam,18.95,30.0,18.95
fff591413,Serratia spp.,Novel BL/BLI,aztreonam_avibactam;ceftazidime_avibactam;meropenem_vaborbactam,21.633333333333336,10.0,21.633333333333336,10.0,aztreonam_avibactam;ceftazidime_avibactam;meropenem_vaborbactam,21.633333333333336,10.0,21.633333333333336
fff591413,Serratia spp.,Penicillins (J01C),piperacillin;ticarcillin,28.98,42.5,28.98,42.5,piperacillin;ticarcillin,28.98,42.5,28.98
fff591413,Serratia spp.,Siderophore Cephalosporins,cefiderocol,0.02,1.0,0.02,1.0,cefiderocol,0.02,1.0,0.02
fff591413,Serratia spp.,Sulfonamides (J01E),sulfanilamide;trim_sulf,25.31,27.5,25.31,27.5,sulfanilamide;trim_sulf,25.31,27.5,25.31
fff591413,Serratia spp.,Tetracyclines (J01A),minocycline,22.66,10.0,22.35,10.0,minocycline,22.66,10.0,22.35
fff591413,Shigella spp.,Aminoglycosides (J01G),amikacin;gentamicin;tobramycin,23.429999999999996,28.333333333333332,23.429999999999996,28.333333333333332,amikacin;gentamicin;tobramycin,23.429999999999996,28.333333333333332,23.429999999999996
fff591413,Shigella spp.,Anti-MRSA Cephalosporins (5G),,,,39.76,,,,,39.76
fff591413,Shigella spp.,Beta-lactamase combinations (J01CR),amoxicillin_clavulanate;ampicillin_sulbactam;piperacillin_tazobactam;ticarcillin_clavulanate,34.6,33.75,34.6,33.75,amoxicillin_clavulanate;ampicillin_sulbactam;piperacillin_tazobactam;ticarcillin_clavulanate,34.6,33.75,34.6
fff591413,Shigella spp.,Carbapenems (J01DH),ertapenem;imipenem_c;meropenem,9.13,15.0,9.13,15.0,ertapenem;imipenem_c;meropenem,9.13,15.0,9.13
fff591413,Shigella spp.,Cephalosporins 1-2G,cefazolin;cefuroxime;cephalexin,39.76,43.333333333333336,39.76,43.333333333333336,cefazolin;cefuroxime;cephalexin,39.76,43.333333333333336,39.76
fff591413,Shigella spp.,Cephalosporins 3G,cefixime;ceftazidime;ceftriaxone,39.76,31.666666666666668,39.76,31.666666666666668,cefixime;ceftazidime;ceftriaxone,39.76,31.666666666666668,39.76
fff591413,Shigella spp.,Cephalosporins 3G/BLI,ceftolozane_tazobactam,34.51,4.0,34.51,4.0,ceftolozane_tazobactam,34.51,4.0,34.51
fff591413,Shigella spp.,Cephalosporins 4G,cefepime,39.76,30.0,39.76,30.0,cefepime,39.76,30.0,39.76
fff591413,Shigella spp.,Chloramphenicol (J01BA),chloramphenicol,52.44,35.0,52.44,35.0,chloramphenicol,52.44,35.0,52.44
fff591413,Shigella spp.,Fluoroquinolones (J01M),ciprofloxacin;levofloxacin;moxifloxacin;ofloxacin,48.32,58.75,48.32,58.75,ciprofloxacin;levofloxacin;moxifloxacin;ofloxacin,48.32,58.75,48.32
fff591413,Shigella spp.,Fosfomycin (J01XX01),,,,0.16,,,,,0.16
fff591413,Shigella spp.,Macrolides (J01F),azithromycin,38.83,25.0,38.83,25.0,azithromycin,38.83,25.0,38.83
fff591413,Shigella spp.,Monobactams,aztreonam,33.4,35.0,33.4,35.0,aztreonam,33.4,35.0,33.4
fff591413,Shigella spp.,Nitrofurans (J01XE),,,,1.44,,,,,1.44
fff591413,Shigella spp.,Novel BL/BLI,aztreonam_avibactam;ceftazidime_avibactam;meropenem_vaborbactam,6.333333333333333,10.0,6.333333333333333,10.0,aztreonam_avibactam;ceftazidime_avibactam;meropenem_vaborbactam,6.333333333333333,10.0,6.333333333333333
fff591413,Shigella spp.,Penicillins (J01C),amoxicillin;ampicillin;piperacillin;ticarcillin,74.26,50.0,74.26,50.0,amoxicillin;ampicillin;piperacillin;ticarcillin,74.26,50.0,74.26
fff591413,Shigella spp.,Polymyxins (J01XB),colistin,12.14,20.0,12.14,20.0,colistin,12.14,20.0,12.14
fff591413,Shigella spp.,Siderophore Cephalosporins,cefiderocol,0.0,1.0,0.0,1.0,cefiderocol,0.0,1.0,0.0
fff591413,Shigella spp.,Sulfonamides (J01E),sulfanilamide;trim_sulf,42.68,30.0,42.68,30.0,sulfanilamide;trim_sulf,42.68,30.0,42.68
fff591413,Shigella spp.,Tetracyclines (J01A),doxycycline;minocycline;tetracycline;tigecycline,50.9075,28.75,50.9075,28.75,doxycycline;minocycline;tetracycline;tigecycline,50.9075,28.75,50.9075
fff591413,Staphylococcus aureus,Aminoglycosides (J01G),amikacin;gentamicin;tobramycin,52.59,40.0,52.59,40.0,amikacin;gentamicin;tobramycin,52.59,40.0,52.59
fff591413,Staphylococcus aureus,Anti-MRSA Cephalosporins (5G),ceftaroline,0.0,2.0,0.0,2.0,ceftaroline,0.0,2.0,0.0
fff591413,Staphylococcus aureus,Beta-lactamase combinations (J01CR),amoxicillin_clavulanate;ampicillin_sulbactam;piperacillin_tazobactam;ticarcillin_clavulanate,42.47,37.5,42.47,37.5,amoxicillin_clavulanate;ampicillin_sulbactam;piperacillin_tazobactam;ticarcillin_clavulanate,42.47,37.5,42.47
fff591413,Staphylococcus aureus,Carbapenems (J01DH),ertapenem;imipenem_c;meropenem,42.47,40.0,42.47,40.0,ertapenem;imipenem_c;meropenem,42.47,40.0,42.47
fff591413,Staphylococcus aureus,Cephalosporins 1-2G,cefazolin;cefuroxime;cephalexin,42.47,40.0,42.47,40.0,cefazolin;cefuroxime;cephalexin,42.47,40.0,42.47
fff591413,Staphylococcus aureus,Cephalosporins 3G,ceftriaxone,42.47,45.0,21.235,45.0,ceftriaxone,42.47,45.0,21.235
fff591413,Staphylococcus aureus,Cephalosporins 4G,cefepime,42.47,40.0,42.47,40.0,cefepime,42.47,40.0,42.47
fff591413,Staphylococcus aureus,Chloramphenicol (J01BA),chloramphenicol,41.46,30.0,41.46,30.0,chloramphenicol,41.46,30.0,41.46
fff591413,Staphylococcus aureus,Fluoroquinolones (J01M),ciprofloxacin;levofloxacin;moxifloxacin;ofloxacin,36.05,38.75,36.05,38.75,ciprofloxacin;levofloxacin;moxifloxacin;ofloxacin,36.05,38.75,36.05
fff591413,Staphylococcus aureus,Fosfomycin (J01XX01),,,,0.81,,,,,0.81
fff591413,Staphylococcus aureus,Fusidic acid (J01XC),fusidic_a,18.92,20.0,18.92,20.0,fusidic_a,18.92,20.0,18.92
fff591413,Staphylococcus aureus,Glycopeptides (J01XA),teicoplanin;vancomycin,41.095,5.0,41.095,5.0,teicoplanin;vancomycin,41.095,5.0,41.095
fff591413,Staphylococcus aureus,Lincosamides (J01FF),clindamycin,43.2,45.0,43.2,45.0,clindamycin,43.2,45.0,43.2
fff591413,Staphylococcus aureus,Lipoglycopeptides,dalbavancin,40.89,10.0,40.89,10.0,dalbavancin,40.89,10.0,40.89
fff591413,Staphylococcus aureus,Lipopeptides (J01XX09),daptomycin,0.26,1.0,0.26,1.0,daptomycin,0.26,1.0,0.26
fff591413,Staphylococcus aureus,Macrolides (J01F),azithromycin;clarithromycin;erythromycin,40.74,38.333333333333336,40.74,38.333333333333336,azithromycin;clarithromycin;erythromycin,40.74,38.333333333333336,40.74
fff591413,Staphylococcus aureus,Nitrofurans (J01XE),,,,0.0,,,,,0.0
fff591413,Staphylococcus aureus,Novel BL/BLI,meropenem_vaborbactam,42.47,40.0,21.235,40.0,meropenem_vaborbactam,42.47,40.0,21.235
fff591413,Staphylococcus aureus,Oxazolidinones (J01XX),linezolid;tedizolid,37.34,1.0,37.34,1.0,linezolid;tedizolid,37.34,1.0,37.34
fff591413,Staphylococcus aureus,Penicillins (J01C),flucloxacillin;penicillin_g;piperacillin;ticarcillin,66.0425,61.25,44.028333333333336,61.25,flucloxacillin;penicillin_g;piperacillin;ticarcillin,66.0425,61.25,44.028333333333336
fff591413,Staphylococcus aureus,Pleuromutilins,retapamulin,36.8,15.0,36.8,15.0,retapamulin,36.8,15.0,36.8
fff591413,Staphylococcus aureus,Streptogramins (J01FG),quinu_dalfo,0.0,10.0,0.0,10.0,quinu_dalfo,0.0,10.0,0.0
fff591413,Staphylococcus aureus,Sulfonamides (J01E),trim_sulf,31.47,35.0,31.47,35.0,trim_sulf,31.47,35.0,31.47
fff591413,Staphylococcus aureus,Tetracyclines (J01A),doxycycline;minocycline;tetracycline;tigecycline,36.2275,23.75,36.2275,23.75,doxycycline;minocycline;tetracycline;tigecycline,36.2275,23.75,36.2275
fff591413,Staphylococcus epidermidis,Aminoglycosides (J01G),amikacin;gentamicin;tobramycin,34.94,31.666666666666668,34.94,31.666666666666668,amikacin;gentamicin;tobramycin,34.94,31.666666666666668,34.94
fff591413,Staphylococcus epidermidis,Anti-MRSA Cephalosporins (5G),ceftaroline,0.0,5.0,0.0,5.0,ceftaroline,0.0,5.0,0.0
fff591413,Staphylococcus epidermidis,Beta-lactamase combinations (J01CR),amoxicillin_clavulanate;ampicillin_sulbactam;piperacillin_tazobactam;ticarcillin_clavulanate,52.99,43.75,52.99,43.75,amoxicillin_clavulanate;ampicillin_sulbactam;piperacillin_tazobactam;ticarcillin_clavulanate,52.99,43.75,52.99
fff591413,Staphylococcus epidermidis,Carbapenems (J01DH),ertapenem;imipenem_c;meropenem,52.99,60.0,52.99,60.0,ertapenem;imipenem_c;meropenem,52.99,60.0,52.99
fff591413,Staphylococcus epidermidis,Cephalosporins 1-2G,cefazolin;cefuroxime;cephalexin,52.99,71.66666666666667,52.99,71.66666666666667,cefazolin;cefuroxime;cephalexin,52.99,71.66666666666667,52.99
fff591413,Staphylococcus epidermidis,Cephalosporins 3G,,,,0.0,,,,,0.0
fff591413,Staphylococcus epidermidis,Cephalosporins 4G,cefepime,52.99,60.0,52.99,60.0,cefepime,52.99,60.0,52.99
fff591413,Staphylococcus epidermidis,Chloramphenicol (J01BA),chloramphenicol,5.04,20.0,5.04,20.0,chloramphenicol,5.04,20.0,5.04
fff591413,Staphylococcus epidermidis,Fluoroquinolones (J01M),ciprofloxacin;levofloxacin;moxifloxacin;ofloxacin,56.497499999999995,47.5,56.497499999999995,47.5,ciprofloxacin;levofloxacin;moxifloxacin;ofloxacin,56.497499999999995,47.5,56.497499999999995
fff591413,Staphylococcus epidermidis,Fosfomycin (J01XX01),fosfomycin,0.0,15.0,0.0,15.0,fosfomycin,0.0,15.0,0.0
fff591413,Staphylococcus epidermidis,Fusidic acid (J01XC),fusidic_a,0.7,20.0,0.7,20.0,fusidic_a,0.7,20.0,0.7
fff591413,Staphylococcus epidermidis,Glycopeptides (J01XA),teicoplanin;vancomycin,16.99,0.5,16.99,0.5,teicoplanin;vancomycin,16.99,0.5,16.99
fff591413,Staphylococcus epidermidis,Lincosamides (J01FF),clindamycin,25.64,55.0,25.64,55.0,clindamycin,25.64,55.00000000000001,25.64
fff591413,Staphylococcus epidermidis,Lipoglycopeptides,dalbavancin,16.99,1.0,16.99,1.0,dalbavancin,16.99,1.0,16.99
fff591413,Staphylococcus epidermidis,Lipopeptides (J01XX09),daptomycin,0.0,1.0,0.0,1.0,daptomycin,0.0,1.0,0.0
fff591413,Staphylococcus epidermidis,Macrolides (J01F),azithromycin;clarithromycin;erythromycin,23.100000000000005,58.333333333333336,23.100000000000005,58.333333333333336,azithromycin;clarithromycin;erythromycin,23.100000000000005,58.333333333333336,23.100000000000005
fff591413,Staphylococcus epidermidis,Nitrofurans (J01XE),,,,0.0,,,,,0.0
fff591413,Staphylococcus epidermidis,Novel BL/BLI,meropenem_vaborbactam,52.99,45.0,26.495,45.0,meropenem_vaborbactam,52.99,45.0,26.495
fff591413,Staphylococcus epidermidis,Oxazolidinones (J01XX),linezolid;tedizolid,2.6,1.0,2.6,1.0,linezolid;tedizolid,2.6,1.0,2.6
fff591413,Staphylococcus epidermidis,Penicillins (J01C),flucloxacillin;piperacillin;ticarcillin,53.57,75.0,26.785,75.0,flucloxacillin;piperacillin;ticarcillin,53.57,75.0,26.785
fff591413,Staphylococcus epidermidis,Pleuromutilins,retapamulin,2.6,10.0,2.6,10.0,retapamulin,2.6,10.0,2.6
fff591413,Staphylococcus epidermidis,Streptogramins (J01FG),quinu_dalfo,0.0,5.0,0.0,5.0,quinu_dalfo,0.0,5.0,0.0
fff591413,Staphylococcus epidermidis,Sulfonamides (J01E),trim_sulf,38.58,35.0,38.58,35.0,trim_sulf,38.58,35.0,38.58
fff591413,Staphylococcus epidermidis,Tetracyclines (J01A),doxycycline;minocycline;tetracycline,31.62,21.666666666666668,23.715,21.666666666666668,doxycycline;minocycline;tetracycline,31.62,21.666666666666668,23.715
fff591413,Stenotrophomonas maltophilia,Beta-lactamase combinations (J01CR),,,,42.16,,,,,42.16
fff591413,Stenotrophomonas maltophilia,Chloramphenicol (J01BA),chloramphenicol,42.72,50.0,42.72,50.0,chloramphenicol,42.72,50.0,42.72
fff591413,Stenotrophomonas maltophilia,Fluoroquinolones (J01M),ciprofloxacin;levofloxacin;moxifloxacin;ofloxacin,41.335,47.5,41.335,47.5,ciprofloxacin;levofloxacin;moxifloxacin;ofloxacin,41.335,47.5,41.335
fff591413,Stenotrophomonas maltophilia,Novel BL/BLI,,,,16.11,,,,,16.11
fff591413,Stenotrophomonas maltophilia,Siderophore Cephalosporins,cefiderocol,0.0,5.0,0.0,5.0,cefiderocol,0.0,5.0,0.0
fff591413,Stenotrophomonas maltophilia,Sulfonamides (J01E),trim_sulf,42.33,15.0,42.33,15.0,trim_sulf,42.33,15.0,42.33
fff591413,Stenotrophomonas maltophilia,Tetracyclines (J01A),doxycycline;minocycline;tetracycline,63.68666666666667,41.666666666666664,56.44,41.666666666666664,doxycycline;minocycline;tetracycline,63.68666666666667,41.666666666666664,56.44
fff591413,Streptococcus agalactiae,Anti-MRSA Cephalosporins (5G),ceftaroline,0.04,0.1,0.04,0.1,ceftaroline,0.04,0.1,0.04
fff591413,Streptococcus agalactiae,Beta-lactamase combinations (J01CR),amoxicillin_clavulanate;ampicillin_sulbactam;piperacillin_tazobactam;ticarcillin_clavulanate,0.04,0.1,0.04,0.1,amoxicillin_clavulanate;ampicillin_sulbactam;piperacillin_tazobactam;ticarcillin_clavulanate,0.04,0.1,0.04
fff591413,Streptococcus agalactiae,Carbapenems (J01DH),ertapenem;imipenem_c;meropenem,0.0,0.10000000000000002,0.0,0.10000000000000002,ertapenem;imipenem_c;meropenem,0.0,0.10000000000000002,0.0
fff591413,Streptococcus agalactiae,Cephalosporins 1-2G,cefazolin;cefuroxime;cephalexin,0.04,0.10000000000000002,0.04,0.10000000000000002,cefazolin;cefuroxime;cephalexin,0.04,0.10000000000000002,0.04
fff591413,Streptococcus agalactiae,Cephalosporins 3G,cefixime;ceftazidime;ceftriaxone,0.04,0.10000000000000002,0.04,0.10000000000000002,cefixime;ceftazidime;ceftriaxone,0.04,0.10000000000000002,0.04
fff591413,Streptococcus agalactiae,Cephalosporins 3G/BLI,,,,0.04,,,,,0.04
fff591413,Streptococcus agalactiae,Cephalosporins 4G,cefepime,0.04,0.1,0.04,0.1,cefepime,0.04,0.1,0.04
fff591413,Streptococcus agalactiae,Chloramphenicol (J01BA),chloramphenicol,15.87,5.0,15.87,5.0,chloramphenicol,15.87,5.0,15.87
fff591413,Streptococcus agalactiae,Fluoroquinolones (J01M),ciprofloxacin;levofloxacin;moxifloxacin;ofloxacin,9.0225,2.0,9.0225,2.0,ciprofloxacin;levofloxacin;moxifloxacin;ofloxacin,9.0225,2.0,9.0225
fff591413,Streptococcus agalactiae,Fosfomycin (J01XX01),,,,0.0,,,,,0.0
fff591413,Streptococcus agalactiae,Glycopeptides (J01XA),teicoplanin;vancomycin,4.215,0.1,4.215,0.1,teicoplanin;vancomycin,4.215,0.1,4.215
fff591413,Streptococcus agalactiae,Lincosamides (J01FF),clindamycin,13.47,32.0,13.47,32.0,clindamycin,13.47,32.0,13.47
fff591413,Streptococcus agalactiae,Lipoglycopeptides,dalbavancin,3.03,0.1,3.03,0.1,dalbavancin,3.03,0.1,3.03
fff591413,Streptococcus agalactiae,Lipopeptides (J01XX09),daptomycin,0.0,0.1,0.0,0.1,daptomycin,0.0,0.1,0.0
fff591413,Streptococcus agalactiae,Macrolides (J01F),azithromycin;clarithromycin;erythromycin,13.69,23.333333333333332,13.69,23.333333333333332,azithromycin;clarithromycin;erythromycin,13.69,23.333333333333332,13.69
fff591413,Streptococcus agalactiae,Nitrofurans (J01XE),,,,0.0,,,,,0.0
fff591413,Streptococcus agalactiae,Novel BL/BLI,ceftazidime_avibactam;meropenem_vaborbactam,0.02,0.1,0.02,0.1,ceftazidime_avibactam;meropenem_vaborbactam,0.02,0.1,0.02
fff591413,Streptococcus agalactiae,Oxazolidinones (J01XX),linezolid;tedizolid,2.68,0.1,2.68,0.1,linezolid;tedizolid,2.68,0.1,2.68
fff591413,Streptococcus agalactiae,Penicillins (J01C),amoxicillin;ampicillin;flucloxacillin;penicillin_g;piperacillin;ticarcillin,0.04,0.09999999999999999,0.04,0.09999999999999999,amoxicillin;ampicillin;flucloxacillin;penicillin_g;piperacillin;ticarcillin,0.04,0.09999999999999999,0.04
fff591413,Streptococcus agalactiae,Pleuromutilins,,,,0.0,,,,,0.0
fff591413,Streptococcus agalactiae,Streptogramins (J01FG),quinu_dalfo,0.0,2.0,0.0,2.0,quinu_dalfo,0.0,2.0,0.0
fff591413,Streptococcus agalactiae,Sulfonamides (J01E),trim_sulf,3.64,12.0,3.64,12.0,trim_sulf,3.64,12.0,3.64
fff591413,Streptococcus agalactiae,Tetracyclines (J01A),doxycycline;minocycline;tetracycline;tigecycline,14.98,28.75,14.98,28.75,doxycycline;minocycline;tetracycline;tigecycline,14.98,28.75,14.98
fff591413,Streptococcus pneumoniae,Anti-MRSA Cephalosporins (5G),ceftaroline,0.0,2.0,0.0,2.0,ceftaroline,0.0,2.0,0.0
fff591413,Streptococcus pneumoniae,Beta-lactamase combinations (J01CR),amoxicillin_clavulanate;ampicillin_sulbactam;piperacillin_tazobactam;ticarcillin_clavulanate,0.0,25.0,0.0,25.0,amoxicillin_clavulanate;ampicillin_sulbactam;piperacillin_tazobactam;ticarcillin_clavulanate,0.0,25.0,0.0
fff591413,Streptococcus pneumoniae,Carbapenems (J01DH),ertapenem;imipenem_c;meropenem,0.0,5.0,0.0,5.0,ertapenem;imipenem_c;meropenem,0.0,5.0,0.0
fff591413,Streptococcus pneumoniae,Cephalosporins 1-2G,cefazolin;cefuroxime;cephalexin,0.0,25.0,0.0,25.0,cefazolin;cefuroxime;cephalexin,0.0,25.0,0.0
fff591413,Streptococcus pneumoniae,Cephalosporins 3G,cefixime;ceftazidime;ceftriaxone,0.0,16.666666666666668,0.0,16.666666666666668,cefixime;ceftazidime;ceftriaxone,0.0,16.666666666666668,0.0
fff591413,Streptococcus pneumoniae,Cephalosporins 3G/BLI,,,,0.0,,,,,0.0
fff591413,Streptococcus pneumoniae,Cephalosporins 4G,cefepime,0.0,25.0,0.0,25.0,cefepime,0.0,25.0,0.0
fff591413,Streptococcus pneumoniae,Chloramphenicol (J01BA),chloramphenicol,17.73,25.0,17.73,25.0,chloramphenicol,17.73,25.0,17.73
fff591413,Streptococcus pneumoniae,Fluoroquinolones (J01M),ciprofloxacin;levofloxacin;moxifloxacin;ofloxacin,5.8325000000000005,12.5,5.8325000000000005,12.5,ciprofloxacin;levofloxacin;moxifloxacin;ofloxacin,5.8325000000000005,12.5,5.8325000000000005
fff591413,Streptococcus pneumoniae,Fosfomycin (J01XX01),,,,0.0,,,,,0.0
fff591413,Streptococcus pneumoniae,Glycopeptides (J01XA),teicoplanin;vancomycin,0.0,2.5,0.0,2.5,teicoplanin;vancomycin,0.0,2.5,0.0
fff591413,Streptococcus pneumoniae,Lincosamides (J01FF),clindamycin,8.11,45.0,8.11,45.0,clindamycin,8.11,45.0,8.11
fff591413,Streptococcus pneumoniae,Lipoglycopeptides,dalbavancin,0.0,5.0,0.0,5.0,dalbavancin,0.0,5.0,0.0
fff591413,Streptococcus pneumoniae,Lipopeptides (J01XX09),daptomycin,0.0,0.0,0.0,0.0,daptomycin,0.0,0.0,0.0
fff591413,Streptococcus pneumoniae,Macrolides (J01F),azithromycin;clarithromycin;erythromycin,25.19,38.333333333333336,25.19,38.333333333333336,azithromycin;clarithromycin;erythromycin,25.19,38.333333333333336,25.19
fff591413,Streptococcus pneumoniae,Novel BL/BLI,ceftazidime_avibactam;meropenem_vaborbactam,0.0,5.0,0.0,5.0,ceftazidime_avibactam;meropenem_vaborbactam,0.0,5.0,0.0
fff591413,Streptococcus pneumoniae,Oxazolidinones (J01XX),linezolid;tedizolid,0.01,2.5,0.01,2.5,linezolid;tedizolid,0.01,2.5,0.01
fff591413,Streptococcus pneumoniae,Penicillins (J01C),amoxicillin;ampicillin;flucloxacillin;penicillin_g;piperacillin;ticarcillin,0.0,27.5,0.0,27.5,amoxicillin;ampicillin;flucloxacillin;penicillin_g;piperacillin;ticarcillin,0.0,27.5,0.0
fff591413,Streptococcus pneumoniae,Streptogramins (J01FG),quinu_dalfo,0.0,10.0,0.0,10.0,quinu_dalfo,0.0,10.0,0.0
fff591413,Streptococcus pneumoniae,Sulfonamides (J01E),trim_sulf,59.38,35.0,59.38,35.0,trim_sulf,59.38,35.0,59.38
fff591413,Streptococcus pneumoniae,Tetracyclines (J01A),doxycycline;minocycline;tetracycline;tigecycline,20.642500000000002,13.75,20.642500000000002,13.75,doxycycline;minocycline;tetracycline;tigecycline,20.642500000000002,13.75,20.642500000000002
fff591413,Streptococcus pyogenes,Anti-MRSA Cephalosporins (5G),ceftaroline,0.0,0.1,0.0,0.1,ceftaroline,0.0,0.1,0.0
fff591413,Streptococcus pyogenes,Beta-lactamase combinations (J01CR),amoxicillin_clavulanate;ampicillin_sulbactam;piperacillin_tazobactam;ticarcillin_clavulanate,0.0,0.1,0.0,0.1,amoxicillin_clavulanate;ampicillin_sulbactam;piperacillin_tazobactam;ticarcillin_clavulanate,0.0,0.1,0.0
fff591413,Streptococcus pyogenes,Carbapenems (J01DH),ertapenem;imipenem_c;meropenem,0.0,0.10000000000000002,0.0,0.10000000000000002,ertapenem;imipenem_c;meropenem,0.0,0.10000000000000002,0.0
fff591413,Streptococcus pyogenes,Cephalosporins 1-2G,cefazolin;cefuroxime;cephalexin,0.0,0.10000000000000002,0.0,0.10000000000000002,cefazolin;cefuroxime;cephalexin,0.0,0.10000000000000002,0.0
fff591413,Streptococcus pyogenes,Cephalosporins 3G,cefixime;ceftazidime;ceftriaxone,0.0,0.10000000000000002,0.0,0.10000000000000002,cefixime;ceftazidime;ceftriaxone,0.0,0.10000000000000002,0.0
fff591413,Streptococcus pyogenes,Cephalosporins 3G/BLI,,,,0.0,,,,,0.0
fff591413,Streptococcus pyogenes,Cephalosporins 4G,cefepime,0.0,0.1,0.0,0.1,cefepime,0.0,0.1,0.0
fff591413,Streptococcus pyogenes,Chloramphenicol (J01BA),chloramphenicol,4.41,8.0,4.41,8.0,chloramphenicol,4.41,8.0,4.41
fff591413,Streptococcus pyogenes,Fluoroquinolones (J01M),ciprofloxacin;levofloxacin;moxifloxacin;ofloxacin,2.3325,2.0,2.3325,2.0,ciprofloxacin;levofloxacin;moxifloxacin;ofloxacin,2.3325,2.0,2.3325
fff591413,Streptococcus pyogenes,Fosfomycin (J01XX01),,,,0.0,,,,,0.0
fff591413,Streptococcus pyogenes,Glycopeptides (J01XA),teicoplanin;vancomycin,0.0,0.1,0.0,0.1,teicoplanin;vancomycin,0.0,0.1,0.0
fff591413,Streptococcus pyogenes,Lincosamides (J01FF),clindamycin,4.32,20.0,4.32,20.0,clindamycin,4.32,20.0,4.32
fff591413,Streptococcus pyogenes,Lipoglycopeptides,dalbavancin,0.0,0.1,0.0,0.1,dalbavancin,0.0,0.1,0.0
fff591413,Streptococcus pyogenes,Lipopeptides (J01XX09),daptomycin,0.0,0.1,0.0,0.1,daptomycin,0.0,0.1,0.0
fff591413,Streptococcus pyogenes,Macrolides (J01F),azithromycin;clarithromycin;erythromycin,4.15,14.0,4.15,14.0,azithromycin;clarithromycin;erythromycin,4.15,14.0,4.15
fff591413,Streptococcus pyogenes,Novel BL/BLI,ceftazidime_avibactam;meropenem_vaborbactam,0.0,0.1,0.0,0.1,ceftazidime_avibactam;meropenem_vaborbactam,0.0,0.1,0.0
fff591413,Streptococcus pyogenes,Oxazolidinones (J01XX),linezolid;tedizolid,1.91,0.1,1.91,0.1,linezolid;tedizolid,1.91,0.1,1.91
fff591413,Streptococcus pyogenes,Penicillins (J01C),amoxicillin;ampicillin;flucloxacillin;penicillin_g;piperacillin;ticarcillin,0.0,0.09999999999999999,0.0,0.09999999999999999,amoxicillin;ampicillin;flucloxacillin;penicillin_g;piperacillin;ticarcillin,0.0,0.09999999999999999,0.0
fff591413,Streptococcus pyogenes,Pleuromutilins,,,,0.0,,,,,0.0
fff591413,Streptococcus pyogenes,Streptogramins (J01FG),quinu_dalfo,0.0,2.0,0.0,2.0,quinu_dalfo,0.0,2.0,0.0
fff591413,Streptococcus pyogenes,Sulfonamides (J01E),trim_sulf,0.68,15.0,0.34,15.0,trim_sulf,0.68,15.0,0.34
fff591413,Streptococcus pyogenes,Tetracyclines (J01A),doxycycline;minocycline;tetracycline;tigecycline,2.8925,11.75,2.8925,11.75,doxycycline;minocycline;tetracycline;tigecycline,2.8925,11.75,2.8925
fff591413,Treponema pallidum,Anti-MRSA Cephalosporins (5G),ceftaroline,0.0,0.1,0.0,0.1,ceftaroline,0.0,0.1,0.0
fff591413,Treponema pallidum,Beta-lactamase combinations (J01CR),amoxicillin_clavulanate;ampicillin_sulbactam;piperacillin_tazobactam;ticarcillin_clavulanate,0.0,0.1,0.0,0.1,amoxicillin_clavulanate;ampicillin_sulbactam;piperacillin_tazobactam;ticarcillin_clavulanate,0.0,0.1,0.0
fff591413,Treponema pallidum,Carbapenems (J01DH),ertapenem;imipenem_c;meropenem,0.0,0.10000000000000002,0.0,0.10000000000000002,ertapenem;imipenem_c;meropenem,0.0,0.10000000000000002,0.0
fff591413,Treponema pallidum,Cephalosporins 1-2G,cefazolin;cefuroxime;cephalexin,0.0,0.10000000000000002,0.0,0.10000000000000002,cefazolin;cefuroxime;cephalexin,0.0,0.10000000000000002,0.0
fff591413,Treponema pallidum,Cephalosporins 3G,ceftazidime;ceftriaxone,0.0,0.1,0.0,0.1,ceftazidime;ceftriaxone,0.0,0.1,0.0
fff591413,Treponema pallidum,Cephalosporins 4G,cefepime,0.0,0.1,0.0,0.1,cefepime,0.0,0.1,0.0
fff591413,Treponema pallidum,Chloramphenicol (J01BA),chloramphenicol,22.07,5.0,22.07,5.0,chloramphenicol,22.07,5.0,22.07
fff591413,Treponema pallidum,Lipoglycopeptides,,,,,,,,,
fff591413,Treponema pallidum,Macrolides (J01F),azithromycin;clarithromycin;erythromycin,0.0,19.333333333333332,0.0,19.333333333333332,azithromycin;clarithromycin;erythromycin,0.0,19.333333333333332,0.0
fff591413,Treponema pallidum,Monobactams,aztreonam,0.0,0.1,0.0,0.1,aztreonam,0.0,0.1,0.0
fff591413,Treponema pallidum,Novel BL/BLI,aztreonam_avibactam;ceftazidime_avibactam;meropenem_vaborbactam,0.0,0.10000000000000002,0.0,0.10000000000000002,aztreonam_avibactam;ceftazidime_avibactam;meropenem_vaborbactam,0.0,0.10000000000000002,0.0
fff591413,Treponema pallidum,Oxazolidinones (J01XX),,,,,,,,,
fff591413,Treponema pallidum,Penicillins (J01C),amoxicillin;ampicillin;penicillin_g;piperacillin;ticarcillin,0.0,0.1,0.0,0.1,amoxicillin;ampicillin;penicillin_g;piperacillin;ticarcillin,0.0,0.1,0.0
fff591413,Treponema pallidum,Tetracyclines (J01A),doxycycline;minocycline;tetracycline,13.83,6.333333333333333,13.83,6.333333333333333,doxycycline;minocycline;tetracycline,13.83,0.0,13.83
fff591413,Vibrio cholerae,Aminoglycosides (J01G),amikacin;gentamicin;tobramycin,5.489999999999999,10.0,5.489999999999999,10.0,amikacin;gentamicin;tobramycin,5.489999999999999,10.0,5.489999999999999
fff591413,Vibrio cholerae,Beta-lactamase combinations (J01CR),amoxicillin_clavulanate;ampicillin_sulbactam;piperacillin_tazobactam;ticarcillin_clavulanate,7.77,12.5,7.77,12.5,amoxicillin_clavulanate;ampicillin_sulbactam;piperacillin_tazobactam;ticarcillin_clavulanate,7.77,12.5,7.77
fff591413,Vibrio cholerae,Carbapenems (J01DH),ertapenem;imipenem_c;meropenem,4.41,5.0,4.41,5.0,ertapenem;imipenem_c;meropenem,4.41,5.0,4.41
fff591413,Vibrio cholerae,Cephalosporins 1-2G,cefazolin;cefuroxime;cephalexin,10.06,18.333333333333332,10.06,18.333333333333332,cefazolin;cefuroxime;cephalexin,10.06,18.333333333333332,10.06
fff591413,Vibrio cholerae,Cephalosporins 3G,cefixime;ceftazidime;ceftriaxone,10.06,10.0,10.06,10.0,cefixime;ceftazidime;ceftriaxone,10.06,10.0,10.06
fff591413,Vibrio cholerae,Cephalosporins 3G/BLI,ceftolozane_tazobactam,7.13,4.0,7.13,4.0,ceftolozane_tazobactam,7.13,4.0,7.13
fff591413,Vibrio cholerae,Cephalosporins 4G,cefepime,10.06,10.0,10.06,10.0,cefepime,10.06,10.0,10.06
fff591413,Vibrio cholerae,Chloramphenicol (J01BA),chloramphenicol,5.44,10.0,5.44,10.0,chloramphenicol,5.44,10.0,5.44
fff591413,Vibrio cholerae,Fluoroquinolones (J01M),ciprofloxacin;levofloxacin;moxifloxacin;ofloxacin,5.655,12.5,5.655,12.5,ciprofloxacin;levofloxacin;moxifloxacin;ofloxacin,5.655,12.5,5.655
fff591413,Vibrio cholerae,Macrolides (J01F),azithromycin;clarithromycin;erythromycin,5.66,18.333333333333332,5.66,18.333333333333332,azithromycin;clarithromycin;erythromycin,5.66,18.333333333333332,5.66
fff591413,Vibrio cholerae,Monobactams,aztreonam,7.76,10.0,7.76,10.0,aztreonam,7.76,10.0,7.76
fff591413,Vibrio cholerae,Nitrofurans (J01XE),,,,0.09,,,,,0.09
fff591413,Vibrio cholerae,Novel BL/BLI,aztreonam_avibactam;ceftazidime_avibactam;meropenem_vaborbactam,3.516666666666667,5.0,3.516666666666667,5.0,aztreonam_avibactam;ceftazidime_avibactam;meropenem_vaborbactam,3.516666666666667,5.0,3.516666666666667
fff591413,Vibrio cholerae,Penicillins (J01C),amoxicillin;ampicillin;penicillin_g;piperacillin;ticarcillin,10.1,16.0,10.1,16.0,amoxicillin;ampicillin;penicillin_g;piperacillin;ticarcillin,10.1,16.0,10.1
fff591413,Vibrio cholerae,Polymyxins (J01XB),colistin,0.01,10.0,0.01,10.0,colistin,0.01,10.0,0.01
fff591413,Vibrio cholerae,Siderophore Cephalosporins,cefiderocol,0.0,1.0,0.0,1.0,cefiderocol,0.0,1.0,0.0
fff591413,Vibrio cholerae,Sulfonamides (J01E),sulfanilamide;trim_sulf,21.42,10.0,21.42,10.0,sulfanilamide;trim_sulf,21.42,10.0,21.42
fff591413,Vibrio cholerae,Tetracyclines (J01A),doxycycline;minocycline;tetracycline;tigecycline,4.84,5.0,4.84,5.0,doxycycline;minocycline;tetracycline;tigecycline,4.84,5.0,4.84
fff591413,Yersinia enterocolitica,Aminoglycosides (J01G),amikacin;gentamicin;tobramycin,6.14,10.0,6.14,10.0,amikacin;gentamicin;tobramycin,6.14,10.0,6.14
fff591413,Yersinia enterocolitica,Beta-lactamase combinations (J01CR),piperacillin_tazobactam;ticarcillin_clavulanate,23.59,7.5,23.59,7.5,piperacillin_tazobactam;ticarcillin_clavulanate,23.59,7.5,23.59
fff591413,Yersinia enterocolitica,Carbapenems (J01DH),ertapenem;imipenem_c;meropenem,1.82,5.0,1.82,5.0,ertapenem;imipenem_c;meropenem,1.82,5.0,1.82
fff591413,Yersinia enterocolitica,Cephalosporins 1-2G,cefuroxime,27.32,30.0,27.32,30.0,cefuroxime,27.32,30.0,27.32
fff591413,Yersinia enterocolitica,Cephalosporins 3G,cefixime;ceftazidime;ceftriaxone,27.320000000000004,11.666666666666666,27.320000000000004,11.666666666666666,cefixime;ceftazidime;ceftriaxone,27.320000000000004,11.666666666666666,27.320000000000004
fff591413,Yersinia enterocolitica,Cephalosporins 3G/BLI,ceftolozane_tazobactam,23.59,4.0,23.59,4.0,ceftolozane_tazobactam,23.59,4.0,23.59
fff591413,Yersinia enterocolitica,Cephalosporins 4G,cefepime,27.32,10.0,27.32,10.0,cefepime,27.32,10.0,27.32
fff591413,Yersinia enterocolitica,Chloramphenicol (J01BA),chloramphenicol,17.15,10.0,17.15,10.0,chloramphenicol,17.15,10.0,17.15
fff591413,Yersinia enterocolitica,Fluoroquinolones (J01M),ciprofloxacin;levofloxacin;moxifloxacin;ofloxacin,14.340000000000002,7.5,14.340000000000002,7.5,ciprofloxacin;levofloxacin;moxifloxacin;ofloxacin,14.340000000000002,7.5,14.340000000000002
fff591413,Yersinia enterocolitica,Fosfomycin (J01XX01),,,,0.09,,,,,0.09
fff591413,Yersinia enterocolitica,Macrolides (J01F),,,,0.0,,,,,0.0
fff591413,Yersinia enterocolitica,Monobactams,aztreonam,27.13,15.0,27.13,15.0,aztreonam,27.13,15.0,27.13
fff591413,Yersinia enterocolitica,Nitrofurans (J01XE),,,,0.0,,,,,0.0
fff591413,Yersinia enterocolitica,Novel BL/BLI,aztreonam_avibactam;ceftazidime_avibactam;meropenem_vaborbactam,1.36,5.0,1.36,5.0,aztreonam_avibactam;ceftazidime_avibactam;meropenem_vaborbactam,1.36,5.0,1.36
fff591413,Yersinia enterocolitica,Penicillins (J01C),piperacillin,27.35,25.0,27.35,25.0,piperacillin,27.35,25.0,27.35
fff591413,Yersinia enterocolitica,Polymyxins (J01XB),colistin,0.1,10.0,0.1,10.0,colistin,0.1,10.0,0.1
fff591413,Yersinia enterocolitica,Siderophore Cephalosporins,cefiderocol,0.0,1.0,0.0,1.0,cefiderocol,0.0,1.0,0.0
fff591413,Yersinia enterocolitica,Sulfonamides (J01E),sulfanilamide;trim_sulf,19.35,12.5,19.35,12.5,sulfanilamide;trim_sulf,19.35,12.5,19.35
fff591413,Yersinia enterocolitica,Tetracyclines (J01A),doxycycline;minocycline;tetracycline;tigecycline,20.1525,6.25,20.1525,6.25,doxycycline;minocycline;tetracycline;tigecycline,20.1525,6.25,20.1525
fff928228,Acinetobacter baumannii,Aminoglycosides (J01G),amikacin;gentamicin;tobramycin,53.06,46.666666666666664,53.06,46.666666666666664,amikacin;gentamicin;tobramycin,53.06,46.666666666666664,53.06
fff928228,Acinetobacter baumannii,Beta-lactamase combinations (J01CR),piperacillin_tazobactam;ticarcillin_clavulanate,53.95,47.5,53.95000000000001,47.5,piperacillin_tazobactam;ticarcillin_clavulanate,53.95,47.5,53.95000000000001
fff928228,Acinetobacter baumannii,Carbapenems (J01DH),imipenem_c;meropenem,53.88,52.5,53.88,52.5,imipenem_c;meropenem,53.88,52.5,53.88
fff928228,Acinetobacter baumannii,Cephalosporins 3G,ceftazidime,54.37,65.0,54.37,65.0,ceftazidime,54.37,65.0,54.37
fff928228,Acinetobacter baumannii,Cephalosporins 4G,cefepime,54.37,55.0,54.37,55.0,cefepime,54.37,55.00000000000001,54.37
fff928228,Acinetobacter baumannii,Fluoroquinolones (J01M),ciprofloxacin;levofloxacin;moxifloxacin;ofloxacin,57.67999999999999,68.25,57.67999999999999,68.25,ciprofloxacin;levofloxacin;moxifloxacin;ofloxacin,57.67999999999999,68.25,57.67999999999999
fff928228,Acinetobacter baumannii,Novel BL/BLI,ceftazidime_avibactam;meropenem_vaborbactam,53.835,21.5,53.835,21.5,ceftazidime_avibactam;meropenem_vaborbactam,53.835,21.5,53.835
fff928228,Acinetobacter baumannii,Penicillins (J01C),piperacillin;ticarcillin,54.03,67.5,54.03,67.5,piperacillin;ticarcillin,54.03,67.5,54.03
fff928228,Acinetobacter baumannii,Polymyxins (J01XB),colistin,27.95,12.0,27.95,12.0,colistin,27.95,12.0,27.95
fff928228,Acinetobacter baumannii,Siderophore Cephalosporins,cefiderocol,0.0,5.0,0.0,5.0,cefiderocol,0.0,5.0,0.0
fff928228,Acinetobacter baumannii,Tetracyclines (J01A),minocycline;tigecycline,50.92,50.0,50.92,50.0,minocycline;tigecycline,50.92,50.0,50.92
fff928228,Bacteroides fragilis,Beta-lactamase combinations (J01CR),amoxicillin_clavulanate;ampicillin_sulbactam;piperacillin_tazobactam;ticarcillin_clavulanate,26.1,23.25,26.1,23.25,amoxicillin_clavulanate;ampicillin_sulbactam;piperacillin_tazobactam;ticarcillin_clavulanate,26.1,23.25,26.1
fff928228,Bacteroides fragilis,Carbapenems (J01DH),ertapenem;imipenem_c;meropenem,15.339999999999998,6.0,15.339999999999998,6.0,ertapenem;imipenem_c;meropenem,15.339999999999998,6.0,15.339999999999998
fff928228,Bacteroides fragilis,Cephalosporins 3G,cefixime;ceftazidime;ceftriaxone,41.28,75.0,41.28,75.0,ceftazidime;ceftriaxone,41.28,75.0,41.28
fff928228,Bacteroides fragilis,Cephalosporins 3G/BLI,ceftolozane_tazobactam,25.92,4.0,25.92,4.0,ceftolozane_tazobactam,25.92,4.0,25.92
fff928228,Bacteroides fragilis,Cephalosporins 4G,cefepime,41.28,70.0,41.28,70.0,cefepime,41.28,70.0,41.28
fff928228,Bacteroides fragilis,Chloramphenicol (J01BA),chloramphenicol,64.62,20.0,64.62,20.0,chloramphenicol,64.62,20.0,64.62
fff928228,Bacteroides fragilis,Fluoroquinolones (J01M),ciprofloxacin;levofloxacin;moxifloxacin;ofloxacin,35.115,35.0,35.115,35.0,ciprofloxacin;levofloxacin;moxifloxacin;ofloxacin,35.115,35.0,35.115
fff928228,Bacteroides fragilis,Lincosamides (J01FF),clindamycin,2.5,40.0,2.5,40.0,clindamycin,2.5,40.0,2.5
fff928228,Bacteroides fragilis,Macrolides (J01F),,,,,,,,,
fff928228,Bacteroides fragilis,Nitroimidazoles,metronidazole,0.17,5.0,0.17,5.0,metronidazole,0.17,5.0,0.17
fff928228,Bacteroides fragilis,Novel BL/BLI,ceftazidime_avibactam;meropenem_vaborbactam,17.634999999999998,12.5,17.634999999999998,12.5,ceftazidime_avibactam;meropenem_vaborbactam,17.634999999999998,12.5,17.634999999999998
fff928228,Bacteroides fragilis,Oxazolidinones (J01XX),,,,,,,,,
fff928228,Bacteroides fragilis,Penicillins (J01C),ampicillin,41.28,90.0,41.28,90.0,ampicillin,41.28,90.0,41.28
fff928228,Bacteroides fragilis,Streptogramins (J01FG),,,,,,,,,
fff928228,Bacteroides fragilis,Sulfonamides (J01E),trim_sulf,5.7,30.0,5.7,30.0,trim_sulf,5.7,30.0,5.7
fff928228,Bacteroides fragilis,Tetracyclines (J01A),doxycycline;minocycline;tetracycline;tigecycline,64.11,43.75,64.11,43.75,doxycycline;minocycline;tetracycline;tigecycline,64.11,43.75,64.11
fff928228,Bordetella pertussis,Aminoglycosides (J01G),amikacin;gentamicin;tobramycin,4.25,20.0,4.25,20.0,amikacin;gentamicin;tobramycin,4.25,20.0,4.25
fff928228,Bordetella pertussis,Beta-lactamase combinations (J01CR),,,,,,,,,
fff928228,Bordetella pertussis,Carbapenems (J01DH),,,,,,,,,
fff928228,Bordetella pertussis,Cephalosporins 3G,,,,2.8,,,,,2.8
fff928228,Bordetella pertussis,Cephalosporins 3G/BLI,ceftolozane_tazobactam,0.76,4.0,0.76,4.0,ceftolozane_tazobactam,0.76,4.0,0.76
fff928228,Bordetella pertussis,Chloramphenicol (J01BA),chloramphenicol,12.69,15.0,12.69,15.0,chloramphenicol,12.69,15.0,12.69
fff928228,Bordetella pertussis,Fluoroquinolones (J01M),ciprofloxacin;levofloxacin;moxifloxacin;ofloxacin,2.6100000000000003,12.5,2.6100000000000003,12.5,ciprofloxacin;levofloxacin;moxifloxacin;ofloxacin,2.6100000000000003,12.5,2.6100000000000003
fff928228,Bordetella pertussis,Lincosamides (J01FF),,,,,,,,,
fff928228,Bordetella pertussis,Macrolides (J01F),azithromycin;clarithromycin;erythromycin,11.38,8.333333333333334,11.38,8.333333333333334,azithromycin;clarithromycin;erythromycin,11.38,8.333333333333334,11.38
fff928228,Bordetella pertussis,Novel BL/BLI,,,,0.02,,,,,
fff928228,Bordetella pertussis,Penicillins (J01C),,,,,,,,,
fff928228,Bordetella pertussis,Siderophore Cephalosporins,cefiderocol,0.0,1.0,0.0,1.0,cefiderocol,0.0,1.0,0.0
fff928228,Bordetella pertussis,Sulfonamides (J01E),trim_sulf,3.38,20.0,3.38,20.0,trim_sulf,3.38,20.0,3.38
fff928228,Bordetella pertussis,Tetracyclines (J01A),doxycycline;minocycline;tetracycline,11.07,10.0,11.07,10.0,doxycycline;minocycline;tetracycline,11.07,10.0,11.07
fff928228,Burkholderia cepacia complex,Beta-lactamase combinations (J01CR),,,,18.56,,,,,18.56
fff928228,Burkholderia cepacia complex,Carbapenems (J01DH),meropenem,18.52,10.0,18.52,10.0,meropenem,18.52,10.0,18.52
fff928228,Burkholderia cepacia complex,Cephalosporins 3G,ceftazidime,18.56,15.0,18.56,15.0,ceftazidime,18.56,15.0,18.56
fff928228,Burkholderia cepacia complex,Cephalosporins 3G/BLI,,,,18.56,,,,,18.56
fff928228,Burkholderia cepacia complex,Cephalosporins 4G,,,,18.56,,,,,18.56
fff928228,Burkholderia cepacia complex,Chloramphenicol (J01BA),,,,0.0,,,,,0.0
fff928228,Burkholderia cepacia complex,Fluoroquinolones (J01M),levofloxacin,37.45,20.0,37.45,20.0,levofloxacin,37.45,20.0,37.45
fff928228,Burkholderia cepacia complex,Novel BL/BLI,,,,18.52,,,,,18.52
fff928228,Burkholderia cepacia complex,Penicillins (J01C),,,,18.56,,,,,18.56
fff928228,Burkholderia cepacia complex,Siderophore Cephalosporins,,,,0.0,,,,,0.0
fff928228,Burkholderia cepacia complex,Sulfonamides (J01E),trim_sulf,0.1,10.0,0.1,10.0,trim_sulf,0.1,10.0,0.1
fff928228,Burkholderia cepacia complex,Tetracyclines (J01A),minocycline,0.0,5.0,0.0,5.0,minocycline,0.0,5.0,0.0
fff928228,Campylobacter jejuni,Aminoglycosides (J01G),amikacin;gentamicin;tobramycin,0.0,11.666666666666666,0.0,11.666666666666666,amikacin;gentamicin;tobramycin,0.0,11.666666666666666,0.0
fff928228,Campylobacter jejuni,Beta-lactamase combinations (J01CR),,,,0.0,,,,,0.0
fff928228,Campylobacter jejuni,Carbapenems (J01DH),,,,0.0,,,,,0.0
fff928228,Campylobacter jejuni,Cephalosporins 3G,,,,0.0,,,,,0.0
fff928228,Campylobacter jejuni,Cephalosporins 4G,,,,0.0,,,,,0.0
fff928228,Campylobacter jejuni,Chloramphenicol (J01BA),chloramphenicol,28.84,15.0,28.84,15.0,chloramphenicol,28.84,15.0,28.84
fff928228,Campylobacter jejuni,Fluoroquinolones (J01M),ciprofloxacin;levofloxacin;moxifloxacin;ofloxacin,28.55,52.5,28.55,52.5,ciprofloxacin;levofloxacin;moxifloxacin;ofloxacin,28.55,52.5,28.55
fff928228,Campylobacter jejuni,Fosfomycin (J01XX01),,,,0.0,,,,,0.0
fff928228,Campylobacter jejuni,Lincosamides (J01FF),clindamycin,2.45,12.0,2.45,12.0,clindamycin,2.45,12.0,2.45
fff928228,Campylobacter jejuni,Macrolides (J01F),azithromycin;clarithromycin;erythromycin,12.01,7.0,12.01,7.0,azithromycin;clarithromycin;erythromycin,12.01,7.0,12.01
fff928228,Campylobacter jejuni,Nitrofurans (J01XE),,,,0.0,,,,,0.0
fff928228,Campylobacter jejuni,Novel BL/BLI,,,,0.0,,,,,0.0
fff928228,Campylobacter jejuni,Penicillins (J01C),,,,0.0,,,,,0.0
fff928228,Campylobacter jejuni,Tetracyclines (J01A),doxycycline;minocycline;tetracycline;tigecycline,52.087500000000006,38.75,52.087500000000006,38.75,doxycycline;minocycline;tetracycline;tigecycline,52.087500000000006,38.75,52.087500000000006
fff928228,Chlamydia trachomatis,Beta-lactamase combinations (J01CR),,,,,,,,,
fff928228,Chlamydia trachomatis,Chloramphenicol (J01BA),chloramphenicol,16.77,10.0,16.77,10.0,,,,16.77
fff928228,Chlamydia trachomatis,Fluoroquinolones (J01M),ciprofloxacin;levofloxacin;moxifloxacin;ofloxacin,9.5275,7.5,9.5275,7.5,,,,9.5275
fff928228,Chlamydia trachomatis,Lincosamides (J01FF),clindamycin,13.73,20.0,13.73,20.0,,,,13.73
fff928228,Chlamydia trachomatis,Macrolides (J01F),azithromycin;clarithromycin;erythromycin,14.22,8.333333333333334,14.22,8.333333333333334,,,,14.22
fff928228,Chlamydia trachomatis,Penicillins (J01C),,,,,,,,,
fff928228,Chlamydia trachomatis,Sulfonamides (J01E),,,,,,,,,
fff928228,Chlamydia trachomatis,Tetracyclines (J01A),doxycycline;minocycline;tetracycline;tigecycline,19.46,5.0,19.46,5.0,,,,19.46
fff928228,Citrobacter spp.,Aminoglycosides (J01G),amikacin;gentamicin;tobramycin,25.25,30.0,25.25,30.0,amikacin;gentamicin;tobramycin,25.25,30.0,25.25
fff928228,Citrobacter spp.,Anti-MRSA Cephalosporins (5G),,,,36.91,,,,,36.91
fff928228,Citrobacter spp.,Beta-lactamase combinations (J01CR),piperacillin_tazobactam;ticarcillin_clavulanate,36.05,25.0,36.05,25.0,piperacillin_tazobactam;ticarcillin_clavulanate,36.05,25.0,36.05
fff928228,Citrobacter spp.,Carbapenems (J01DH),ertapenem;imipenem_c;meropenem,25.709999999999997,11.666666666666666,25.709999999999997,11.666666666666666,ertapenem;imipenem_c;meropenem,25.709999999999997,11.666666666666666,25.709999999999997
fff928228,Citrobacter spp.,Cephalosporins 1-2G,cefuroxime,36.91,30.0,36.91,30.0,cefuroxime,36.91,30.0,36.91
fff928228,Citrobacter spp.,Cephalosporins 3G,cefixime;ceftazidime;ceftriaxone,36.91,28.333333333333332,36.91,28.333333333333332,cefixime;ceftazidime;ceftriaxone,36.91,28.333333333333332,36.91
fff928228,Citrobacter spp.,Cephalosporins 3G/BLI,ceftolozane_tazobactam,36.05,4.0,36.05,4.0,ceftolozane_tazobactam,36.05,4.0,36.05
fff928228,Citrobacter spp.,Cephalosporins 4G,cefepime,36.91,30.0,36.91,30.0,cefepime,36.91,30.0,36.91
fff928228,Citrobacter spp.,Chloramphenicol (J01BA),chloramphenicol,29.58,25.0,29.58,25.0,chloramphenicol,29.58,25.0,29.58
fff928228,Citrobacter spp.,Fluoroquinolones (J01M),ciprofloxacin;levofloxacin;moxifloxacin;ofloxacin,35.0425,33.75,35.0425,33.75,ciprofloxacin;levofloxacin;moxifloxacin;ofloxacin,35.0425,33.75,35.0425
fff928228,Citrobacter spp.,Fosfomycin (J01XX01),fosfomycin,5.82,15.0,5.82,15.0,fosfomycin,5.82,15.0,5.82
fff928228,Citrobacter spp.,Monobactams,aztreonam,36.34,30.0,36.34,30.0,aztreonam,36.34,30.0,36.34
fff928228,Citrobacter spp.,Nitrofurans (J01XE),nitrofurantoin,10.0,15.0,10.0,15.0,nitrofurantoin,10.0,15.0,10.0
fff928228,Citrobacter spp.,Novel BL/BLI,aztreonam_avibactam;ceftazidime_avibactam;meropenem_vaborbactam,31.586666666666662,10.0,31.586666666666662,10.0,aztreonam_avibactam;ceftazidime_avibactam;meropenem_vaborbactam,31.586666666666662,10.0,31.586666666666662
fff928228,Citrobacter spp.,Penicillins (J01C),piperacillin;ticarcillin,36.91,30.0,36.91,30.0,piperacillin;ticarcillin,36.91,30.0,36.91
fff928228,Citrobacter spp.,Polymyxins (J01XB),colistin,5.91,20.0,5.91,20.0,colistin,5.91,20.0,5.91
fff928228,Citrobacter spp.,Siderophore Cephalosporins,cefiderocol,0.0,1.0,0.0,1.0,cefiderocol,0.0,1.0,0.0
fff928228,Citrobacter spp.,Sulfonamides (J01E),sulfanilamide;trim_sulf,25.93,20.0,25.93,20.0,sulfanilamide;trim_sulf,25.93,20.0,25.93
fff928228,Citrobacter spp.,Tetracyclines (J01A),doxycycline;minocycline;tetracycline;tigecycline,29.985,18.75,29.985,18.75,doxycycline;minocycline;tetracycline;tigecycline,29.985,18.75,29.985
fff928228,Clostridioides difficile,Anti-MRSA Cephalosporins (5G),,,,,,,,,
fff928228,Clostridioides difficile,Beta-lactamase combinations (J01CR),,,,,,,,,
fff928228,Clostridioides difficile,Carbapenems (J01DH),,,,,,,,,
fff928228,Clostridioides difficile,Chloramphenicol (J01BA),,,,,,,,,
fff928228,Clostridioides difficile,Fidaxomicin,fidaxomicin,0.22,5.0,0.22,5.0,fidaxomicin,0.22,5.0,0.22
fff928228,Clostridioides difficile,Fluoroquinolones (J01M),,,,,,,,,
fff928228,Clostridioides difficile,Fusidic acid (J01XC),,,,,,,,,
fff928228,Clostridioides difficile,Glycopeptides (J01XA),teicoplanin,0.0,10.0,0.0,10.0,teicoplanin,0.0,10.0,0.0
fff928228,Clostridioides difficile,Lincosamides (J01FF),,,,,,,,,
fff928228,Clostridioides difficile,Lipoglycopeptides,dalbavancin,0.0,10.0,0.0,10.0,dalbavancin,0.0,10.0,0.0
fff928228,Clostridioides difficile,Lipopeptides (J01XX09),,,,,,,,,
fff928228,Clostridioides difficile,Macrolides (J01F),,,,,,,,,
fff928228,Clostridioides difficile,Nitroimidazoles,metronidazole,4.57,5.0,4.57,5.0,metronidazole,4.57,5.0,4.57
fff928228,Clostridioides difficile,Novel BL/BLI,,,,,,,,,
fff928228,Clostridioides difficile,Oxazolidinones (J01XX),linezolid;tedizolid,3.44,10.0,3.44,10.0,linezolid;tedizolid,3.44,10.0,3.44
fff928228,Clostridioides difficile,Penicillins (J01C),,,,,,,,,
fff928228,Clostridioides difficile,Streptogramins (J01FG),,,,,,,,,
fff928228,Clostridioides difficile,Tetracyclines (J01A),doxycycline;minocycline;tetracycline,22.709999999999997,10.0,22.709999999999997,10.0,doxycycline;minocycline;tetracycline,22.709999999999997,10.0,22.709999999999997
fff928228,Enterobacter cloacae,Aminoglycosides (J01G),amikacin;gentamicin;tobramycin,65.83,30.0,65.83,30.0,amikacin;gentamicin;tobramycin,65.83,30.0,65.83
fff928228,Enterobacter cloacae,Beta-lactamase combinations (J01CR),piperacillin_tazobactam;ticarcillin_clavulanate,80.34,32.5,80.34,32.5,piperacillin_tazobactam;ticarcillin_clavulanate,80.34,32.5,80.34
fff928228,Enterobacter cloacae,Carbapenems (J01DH),ertapenem;imipenem_c;meropenem,80.27,16.666666666666668,80.27,16.666666666666668,ertapenem;imipenem_c;meropenem,80.27,16.666666666666668,80.27
fff928228,Enterobacter cloacae,Cephalosporins 1-2G,cefuroxime,80.53,50.0,80.53,50.0,cefuroxime,80.53,50.0,80.53
fff928228,Enterobacter cloacae,Cephalosporins 3G,ceftazidime;ceftriaxone,80.53,55.0,80.53,55.0,ceftazidime;ceftriaxone,80.53,55.0,80.53
fff928228,Enterobacter cloacae,Cephalosporins 3G/BLI,ceftolozane_tazobactam,80.34,4.0,80.34,4.0,ceftolozane_tazobactam,80.34,4.0,80.34
fff928228,Enterobacter cloacae,Cephalosporins 4G,cefepime,80.53,35.0,80.53,35.0,cefepime,80.53,35.0,80.53
fff928228,Enterobacter cloacae,Chloramphenicol (J01BA),chloramphenicol,68.95,30.0,68.95,30.0,chloramphenicol,68.95,30.0,68.95
fff928228,Enterobacter cloacae,Fluoroquinolones (J01M),ciprofloxacin;levofloxacin;moxifloxacin;ofloxacin,75.5475,33.75,75.5475,33.75,ciprofloxacin;levofloxacin;moxifloxacin;ofloxacin,75.5475,33.75,75.5475
fff928228,Enterobacter cloacae,Fosfomycin (J01XX01),fosfomycin,5.9,25.0,5.9,25.0,fosfomycin,5.9,25.0,5.9
fff928228,Enterobacter cloacae,Monobactams,aztreonam,68.3,40.0,68.3,40.0,aztreonam,68.3,40.0,68.3
fff928228,Enterobacter cloacae,Nitrofurans (J01XE),nitrofurantoin,35.13,25.0,35.13,25.0,nitrofurantoin,35.13,25.0,35.13
fff928228,Enterobacter cloacae,Novel BL/BLI,aztreonam_avibactam;ceftazidime_avibactam;meropenem_vaborbactam,74.95333333333333,13.333333333333334,74.95333333333333,13.333333333333334,aztreonam_avibactam;ceftazidime_avibactam;meropenem_vaborbactam,74.95333333333333,13.333333333333334,74.95333333333333
fff928228,Enterobacter cloacae,Penicillins (J01C),piperacillin;ticarcillin,80.53,37.5,80.53,37.5,piperacillin;ticarcillin,80.53,37.5,80.53
fff928228,Enterobacter cloacae,Polymyxins (J01XB),colistin,65.56,20.0,65.56,20.0,colistin,65.56,20.0,65.56
fff928228,Enterobacter cloacae,Siderophore Cephalosporins,cefiderocol,0.0,1.0,0.0,1.0,cefiderocol,0.0,1.0,0.0
fff928228,Enterobacter cloacae,Sulfonamides (J01E),sulfanilamide;trim_sulf,78.21,27.5,78.21,27.5,sulfanilamide;trim_sulf,78.21,27.5,78.21
fff928228,Enterobacter cloacae,Tetracyclines (J01A),doxycycline;minocycline;tetracycline;tigecycline,66.4725,18.75,66.4725,18.75,doxycycline;minocycline;tetracycline;tigecycline,66.4725,18.75,66.4725
fff928228,Enterobacter spp.,Aminoglycosides (J01G),amikacin;gentamicin;tobramycin,36.75,30.0,36.75,30.0,amikacin;gentamicin;tobramycin,36.75,30.0,36.75
fff928228,Enterobacter spp.,Anti-MRSA Cephalosporins (5G),,,,0.0,,,,,0.0
fff928228,Enterobacter spp.,Beta-lactamase combinations (J01CR),amoxicillin_clavulanate;ampicillin_sulbactam;piperacillin_tazobactam;ticarcillin_clavulanate,51.76,32.5,51.76,32.5,amoxicillin_clavulanate;ampicillin_sulbactam;piperacillin_tazobactam;ticarcillin_clavulanate,51.76,32.5,51.76
fff928228,Enterobacter spp.,Carbapenems (J01DH),ertapenem;imipenem_c;meropenem,50.22,16.666666666666668,50.22,16.666666666666668,ertapenem;imipenem_c;meropenem,50.22,16.666666666666668,50.22
fff928228,Enterobacter spp.,Cephalosporins 1-2G,cefuroxime,52.15,35.0,52.15,35.0,cefuroxime,52.15,35.0,52.15
fff928228,Enterobacter spp.,Cephalosporins 3G,cefixime;ceftazidime;ceftriaxone,52.15,45.0,52.15,45.0,cefixime;ceftazidime;ceftriaxone,52.15,45.0,52.15
fff928228,Enterobacter spp.,Cephalosporins 3G/BLI,ceftolozane_tazobactam,51.76,4.0,51.76,4.0,ceftolozane_tazobactam,51.76,4.0,51.76
fff928228,Enterobacter spp.,Cephalosporins 4G,cefepime,52.15,30.0,52.15,30.0,cefepime,52.15,30.0,52.15
fff928228,Enterobacter spp.,Chloramphenicol (J01BA),chloramphenicol,40.24,30.0,40.24,30.0,chloramphenicol,40.24,30.0,40.24
fff928228,Enterobacter spp.,Fluoroquinolones (J01M),ciprofloxacin;levofloxacin;moxifloxacin;ofloxacin,49.745000000000005,33.75,49.745000000000005,33.75,ciprofloxacin;levofloxacin;moxifloxacin;ofloxacin,49.745000000000005,33.75,49.745000000000005
fff928228,Enterobacter spp.,Fosfomycin (J01XX01),fosfomycin,7.75,25.0,7.75,25.0,fosfomycin,7.75,25.0,7.75
fff928228,Enterobacter spp.,Monobactams,aztreonam,50.11,35.0,50.11,35.0,aztreonam,50.11,35.0,50.11
fff928228,Enterobacter spp.,Nitrofurans (J01XE),nitrofurantoin,6.38,25.0,6.38,25.0,nitrofurantoin,6.38,25.0,6.38
fff928228,Enterobacter spp.,Novel BL/BLI,aztreonam_avibactam;ceftazidime_avibactam;meropenem_vaborbactam,49.68666666666667,10.0,49.68666666666667,10.0,aztreonam_avibactam;ceftazidime_avibactam;meropenem_vaborbactam,49.68666666666667,10.0,49.68666666666667
fff928228,Enterobacter spp.,Penicillins (J01C),piperacillin;ticarcillin,52.19,32.5,52.19,32.5,piperacillin;ticarcillin,52.19,32.5,52.19
fff928228,Enterobacter spp.,Polymyxins (J01XB),colistin,3.34,20.0,3.34,20.0,colistin,3.34,20.0,3.34
fff928228,Enterobacter spp.,Siderophore Cephalosporins,cefiderocol,0.02,1.0,0.02,1.0,cefiderocol,0.02,1.0,0.02
fff928228,Enterobacter spp.,Sulfonamides (J01E),sulfanilamide;trim_sulf,13.02,22.5,13.02,22.5,sulfanilamide;trim_sulf,13.02,22.5,13.02
fff928228,Enterobacter spp.,Tetracyclines (J01A),doxycycline;minocycline;tetracycline;tigecycline,39.5875,18.75,39.5875,18.75,doxycycline;minocycline;tetracycline;tigecycline,39.5875,18.75,39.5875
fff928228,Enterococcus faecalis,Anti-MRSA Cephalosporins (5G),,,,0.0,,,,,0.0
fff928228,Enterococcus faecalis,Beta-lactamase combinations (J01CR),amoxicillin_clavulanate;ampicillin_sulbactam;piperacillin_tazobactam;ticarcillin_clavulanate,0.38,15.0,0.38,15.0,amoxicillin_clavulanate;ampicillin_sulbactam;piperacillin_tazobactam;ticarcillin_clavulanate,0.38,15.0,0.38
fff928228,Enterococcus faecalis,Carbapenems (J01DH),imipenem_c;meropenem,0.0,2.0,0.0,2.0,imipenem_c;meropenem,0.0,2.0,0.0
fff928228,Enterococcus faecalis,Chloramphenicol (J01BA),chloramphenicol,29.02,25.0,29.02,25.0,chloramphenicol,29.02,25.0,29.02
fff928228,Enterococcus faecalis,Fluoroquinolones (J01M),ciprofloxacin;levofloxacin;moxifloxacin;ofloxacin,24.1425,33.75,24.1425,33.75,ciprofloxacin;levofloxacin;moxifloxacin;ofloxacin,24.1425,33.75,24.1425
fff928228,Enterococcus faecalis,Fosfomycin (J01XX01),fosfomycin,0.27,10.0,0.27,10.0,fosfomycin,0.27,10.0,0.27
fff928228,Enterococcus faecalis,Glycopeptides (J01XA),teicoplanin;vancomycin,0.385,7.5,0.385,7.5,teicoplanin;vancomycin,0.385,7.5,0.385
fff928228,Enterococcus faecalis,Lipoglycopeptides,dalbavancin,0.24,10.0,0.24,10.0,dalbavancin,0.24,10.0,0.24
fff928228,Enterococcus faecalis,Lipopeptides (J01XX09),daptomycin,1.05,5.0,1.05,5.0,daptomycin,1.05,5.0,1.05
fff928228,Enterococcus faecalis,Macrolides (J01F),azithromycin;clarithromycin;erythromycin,33.62,38.333333333333336,33.62,38.333333333333336,azithromycin;clarithromycin;erythromycin,33.62,38.333333333333336,33.62
fff928228,Enterococcus faecalis,Nitrofurans (J01XE),nitrofurantoin,2.27,10.0,2.27,10.0,nitrofurantoin,2.27,10.0,2.27
fff928228,Enterococcus faecalis,Novel BL/BLI,meropenem_vaborbactam,0.0,20.0,0.0,20.0,meropenem_vaborbactam,0.0,20.0,0.0
fff928228,Enterococcus faecalis,Oxazolidinones (J01XX),linezolid;tedizolid,6.39,5.0,6.39,5.0,linezolid;tedizolid,6.39,5.0,6.39
fff928228,Enterococcus faecalis,Penicillins (J01C),amoxicillin;ampicillin;penicillin_g;piperacillin;ticarcillin,0.38,14.0,0.38,14.0,amoxicillin;ampicillin;penicillin_g;piperacillin;ticarcillin,0.38,14.0,0.38
fff928228,Enterococcus faecalis,Tetracyclines (J01A),doxycycline;minocycline;tetracycline;tigecycline,28.067500000000003,13.75,28.067500000000003,13.75,doxycycline;minocycline;tetracycline;tigecycline,28.067500000000003,13.75,28.067500000000003
fff928228,Enterococcus faecium,Anti-MRSA Cephalosporins (5G),,,,0.0,,,,,0.0
fff928228,Enterococcus faecium,Beta-lactamase combinations (J01CR),,,,0.67,,,,,0.67
fff928228,Enterococcus faecium,Chloramphenicol (J01BA),chloramphenicol,54.35,65.0,54.35,65.0,chloramphenicol,54.35,65.0,54.35
fff928228,Enterococcus faecium,Fidaxomicin,,,,0.0,,,,,0.0
fff928228,Enterococcus faecium,Fluoroquinolones (J01M),ciprofloxacin;levofloxacin;moxifloxacin;ofloxacin,27.339999999999996,68.75,27.339999999999996,68.75,ciprofloxacin;levofloxacin;moxifloxacin;ofloxacin,27.339999999999996,68.75,27.339999999999996
fff928228,Enterococcus faecium,Fosfomycin (J01XX01),fosfomycin,11.24,60.0,11.24,60.0,fosfomycin,11.24,60.0,11.24
fff928228,Enterococcus faecium,Glycopeptides (J01XA),teicoplanin;vancomycin,47.35,42.5,47.35,42.5,teicoplanin;vancomycin,47.35,42.5,47.35
fff928228,Enterococcus faecium,Lincosamides (J01FF),clindamycin,48.18,65.0,48.18,65.0,clindamycin,48.18,65.0,48.18
fff928228,Enterococcus faecium,Lipoglycopeptides,dalbavancin,44.89,45.0,44.89,45.0,dalbavancin,44.89,45.0,44.89
fff928228,Enterococcus faecium,Lipopeptides (J01XX09),daptomycin,1.55,10.0,1.55,10.0,daptomycin,1.55,10.0,1.55
fff928228,Enterococcus faecium,Macrolides (J01F),azithromycin;clarithromycin;erythromycin,37.11,58.333333333333336,37.11,58.333333333333336,azithromycin;clarithromycin;erythromycin,37.11,58.333333333333336,37.11
fff928228,Enterococcus faecium,Nitrofurans (J01XE),nitrofurantoin,53.26,60.0,53.26,60.0,nitrofurantoin,53.26,60.0,53.26
fff928228,Enterococcus faecium,Oxazolidinones (J01XX),linezolid;tedizolid,32.6,10.0,32.6,10.0,tedizolid,32.6,10.0,32.6
fff928228,Enterococcus faecium,Penicillins (J01C),,,,0.67,,,,,0.67
fff928228,Enterococcus faecium,Streptogramins (J01FG),quinu_dalfo,0.0,50.0,0.0,50.0,quinu_dalfo,0.0,50.0,0.0
fff928228,Enterococcus faecium,Tetracyclines (J01A),doxycycline;minocycline;tetracycline;tigecycline,34.715,43.75,34.715,43.75,doxycycline;minocycline;tetracycline,35.82,45.0,34.715
fff928228,Escherichia coli,Aminoglycosides (J01G),amikacin;gentamicin;tobramycin,21.58,10.666666666666666,21.58,10.666666666666666,amikacin;gentamicin;tobramycin,21.58,10.666666666666666,21.58
fff928228,Escherichia coli,Anti-MRSA Cephalosporins (5G),ceftaroline,41.24,12.0,41.24,12.0,ceftaroline,41.24,12.0,41.24
fff928228,Escherichia coli,Beta-lactamase combinations (J01CR),amoxicillin_clavulanate;ampicillin_sulbactam;piperacillin_tazobactam;ticarcillin_clavulanate,21.19,15.5,21.19,15.5,amoxicillin_clavulanate;ampicillin_sulbactam;piperacillin_tazobactam;ticarcillin_clavulanate,21.19,15.5,21.19
fff928228,Escherichia coli,Carbapenems (J01DH),ertapenem;imipenem_c;meropenem,11.12,3.3333333333333335,11.12,3.3333333333333335,ertapenem;imipenem_c;meropenem,11.12,3.3333333333333335,11.12
fff928228,Escherichia coli,Cephalosporins 1-2G,cefazolin;cefuroxime;cephalexin,41.24,41.666666666666664,41.24,41.666666666666664,cefazolin;cefuroxime;cephalexin,41.24,41.666666666666664,41.24
fff928228,Escherichia coli,Cephalosporins 3G,cefixime;ceftazidime;ceftriaxone,41.24,18.666666666666668,41.24,18.666666666666668,cefixime;ceftazidime;ceftriaxone,41.24,18.666666666666668,41.24
fff928228,Escherichia coli,Cephalosporins 3G/BLI,ceftolozane_tazobactam,21.12,4.0,21.12,4.0,ceftolozane_tazobactam,21.12,4.0,21.12
fff928228,Escherichia coli,Cephalosporins 4G,cefepime,41.24,15.0,41.24,15.0,cefepime,41.24,15.0,41.24
fff928228,Escherichia coli,Chloramphenicol (J01BA),chloramphenicol,21.73,12.0,21.73,12.0,chloramphenicol,21.73,12.0,21.73
fff928228,Escherichia coli,Fluoroquinolones (J01M),ciprofloxacin;levofloxacin;moxifloxacin;ofloxacin,37.72,30.5,37.72,30.5,ciprofloxacin;levofloxacin;moxifloxacin;ofloxacin,37.72,30.5,37.72
fff928228,Escherichia coli,Fosfomycin (J01XX01),fosfomycin,11.42,8.0,11.42,8.0,fosfomycin,11.42,8.0,11.42
fff928228,Escherichia coli,Monobactams,aztreonam,38.09,18.0,38.09,18.0,aztreonam,38.09,18.0,38.09
fff928228,Escherichia coli,Nitrofurans (J01XE),nitrofurantoin,8.08,8.0,8.08,8.0,nitrofurantoin,8.08,8.0,8.08
fff928228,Escherichia coli,Novel BL/BLI,aztreonam_avibactam;ceftazidime_avibactam;meropenem_vaborbactam,9.236666666666666,2.0,9.236666666666666,2.0,aztreonam_avibactam;ceftazidime_avibactam;meropenem_vaborbactam,9.236666666666666,2.0,9.236666666666666
fff928228,Escherichia coli,Penicillins (J01C),amoxicillin;ampicillin;piperacillin;ticarcillin,41.41,42.25,41.41,42.25,amoxicillin;ampicillin;piperacillin;ticarcillin,41.41,42.25,41.41
fff928228,Escherichia coli,Polymyxins (J01XB),colistin,3.24,1.0,3.24,1.0,colistin,3.24,1.0,3.24
fff928228,Escherichia coli,Siderophore Cephalosporins,cefiderocol,0.0,1.0,0.0,1.0,cefiderocol,0.0,1.0,0.0
fff928228,Escherichia coli,Sulfonamides (J01E),sulfanilamide;trim_sulf,55.55,38.5,55.55,38.5,sulfanilamide;trim_sulf,55.55,38.5,55.55
fff928228,Escherichia coli,Tetracyclines (J01A),doxycycline;minocycline;tetracycline;tigecycline,55.417500000000004,38.75,55.417500000000004,38.75,doxycycline;minocycline;tetracycline;tigecycline,55.417500000000004,38.75,55.417500000000004
fff928228,Haemophilus influenzae,Aminoglycosides (J01G),amikacin;gentamicin;tobramycin,11.67,20.0,11.67,20.0,amikacin;gentamicin;tobramycin,11.67,20.0,11.67
fff928228,Haemophilus influenzae,Anti-MRSA Cephalosporins (5G),ceftaroline,15.91,20.0,15.91,20.0,ceftaroline,15.91,20.0,15.91
fff928228,Haemophilus influenzae,Beta-lactamase combinations (J01CR),amoxicillin_clavulanate;ampicillin_sulbactam;piperacillin_tazobactam;ticarcillin_clavulanate,15.65,10.0,15.65,10.0,amoxicillin_clavulanate;ampicillin_sulbactam;piperacillin_tazobactam;ticarcillin_clavulanate,15.65,10.0,15.65
fff928228,Haemophilus influenzae,Carbapenems (J01DH),ertapenem;imipenem_c;meropenem,13.589999999999998,5.0,13.589999999999998,5.0,ertapenem;imipenem_c;meropenem,13.589999999999998,5.0,13.589999999999998
fff928228,Haemophilus influenzae,Cephalosporins 1-2G,cefazolin;cefuroxime;cephalexin,15.910000000000002,38.333333333333336,15.910000000000002,38.333333333333336,cefazolin;cefuroxime;cephalexin,15.910000000000002,38.333333333333336,15.910000000000002
fff928228,Haemophilus influenzae,Cephalosporins 3G,cefixime;ceftazidime;ceftriaxone,15.910000000000002,11.666666666666666,15.910000000000002,11.666666666666666,cefixime;ceftazidime;ceftriaxone,15.910000000000002,11.666666666666666,15.910000000000002
fff928228,Haemophilus influenzae,Cephalosporins 3G/BLI,ceftolozane_tazobactam,15.59,4.0,15.59,4.0,ceftolozane_tazobactam,15.59,4.0,15.59
fff928228,Haemophilus influenzae,Cephalosporins 4G,cefepime,15.91,15.0,15.91,15.0,cefepime,15.91,15.0,15.91
fff928228,Haemophilus influenzae,Chloramphenicol (J01BA),chloramphenicol,9.84,15.0,9.84,15.0,chloramphenicol,9.84,15.0,9.84
fff928228,Haemophilus influenzae,Fluoroquinolones (J01M),ciprofloxacin;levofloxacin;moxifloxacin;ofloxacin,12.955,12.5,12.955,12.5,ciprofloxacin;levofloxacin;moxifloxacin;ofloxacin,12.955,12.5,12.955
fff928228,Haemophilus influenzae,Macrolides (J01F),azithromycin;clarithromycin;erythromycin,15.270000000000001,28.333333333333332,15.270000000000001,28.333333333333332,azithromycin;clarithromycin;erythromycin,15.270000000000001,28.333333333333332,15.270000000000001
fff928228,Haemophilus influenzae,Monobactams,aztreonam,13.62,15.0,13.62,15.0,aztreonam,13.62,15.0,13.62
fff928228,Haemophilus influenzae,Novel BL/BLI,aztreonam_avibactam;ceftazidime_avibactam;meropenem_vaborbactam,13.953333333333333,5.0,13.953333333333333,5.0,aztreonam_avibactam;ceftazidime_avibactam;meropenem_vaborbactam,13.953333333333333,5.0,13.953333333333333
fff928228,Haemophilus influenzae,Penicillins (J01C),amoxicillin;ampicillin;penicillin_g;piperacillin;ticarcillin,47.62,34.0,47.62,34.0,amoxicillin;ampicillin;penicillin_g;piperacillin;ticarcillin,47.62,34.0,47.62
fff928228,Haemophilus influenzae,Siderophore Cephalosporins,cefiderocol,0.0,1.0,0.0,1.0,cefiderocol,0.0,1.0,0.0
fff928228,Haemophilus influenzae,Sulfonamides (J01E),trim_sulf,7.15,20.0,7.15,20.0,trim_sulf,7.15,20.0,7.15
fff928228,Haemophilus influenzae,Tetracyclines (J01A),doxycycline;minocycline;tetracycline;tigecycline,9.5825,13.75,9.5825,13.75,doxycycline;minocycline;tetracycline;tigecycline,9.5825,13.75,9.5825
fff928228,Helicobacter pylori,Aminoglycosides (J01G),,,,,,,,,
fff928228,Helicobacter pylori,Beta-lactamase combinations (J01CR),amoxicillin_clavulanate;ampicillin_sulbactam,6.57,10.0,6.57,10.0,amoxicillin_clavulanate;ampicillin_sulbactam,6.57,10.0,6.57
fff928228,Helicobacter pylori,Carbapenems (J01DH),,,,,,,,,
fff928228,Helicobacter pylori,Cephalosporins 1-2G,,,,,,,,,
fff928228,Helicobacter pylori,Cephalosporins 3G,,,,,,,,,
fff928228,Helicobacter pylori,Chloramphenicol (J01BA),chloramphenicol,9.42,20.0,9.42,20.0,chloramphenicol,9.42,20.0,9.42
fff928228,Helicobacter pylori,Fluoroquinolones (J01M),ciprofloxacin;levofloxacin;moxifloxacin;ofloxacin,7.4750000000000005,12.0,7.4750000000000005,12.0,ciprofloxacin;levofloxacin;moxifloxacin;ofloxacin,7.4750000000000005,12.0,7.4750000000000005
fff928228,Helicobacter pylori,Fosfomycin (J01XX01),,,,,,,,,
fff928228,Helicobacter pylori,Macrolides (J01F),azithromycin;clarithromycin;erythromycin,3.31,7.0,3.31,7.0,azithromycin;clarithromycin;erythromycin,3.31,7.000000000000001,3.31
fff928228,Helicobacter pylori,Nitrofurans (J01XE),,,,,,,,,
fff928228,Helicobacter pylori,Nitroimidazoles,metronidazole,2.01,50.0,2.01,50.0,metronidazole,2.01,50.0,2.01
fff928228,Helicobacter pylori,Novel BL/BLI,,,,,,,,,
fff928228,Helicobacter pylori,Oxazolidinones (J01XX),,,,,,,,,
fff928228,Helicobacter pylori,Penicillins (J01C),amoxicillin;ampicillin,6.57,4.0,6.57,4.0,amoxicillin;ampicillin,6.57,4.0,6.57
fff928228,Helicobacter pylori,Tetracyclines (J01A),doxycycline;minocycline;tetracycline,14.11,8.0,14.11,8.0,doxycycline;minocycline;tetracycline,14.11,8.0,14.11
fff928228,Invasive non-typhoidal Salmonella spp.,Aminoglycosides (J01G),amikacin;gentamicin;tobramycin,23.36,30.0,23.36,30.0,amikacin;gentamicin;tobramycin,23.36,30.0,23.36
fff928228,Invasive non-typhoidal Salmonella spp.,Beta-lactamase combinations (J01CR),amoxicillin_clavulanate;ampicillin_sulbactam;piperacillin_tazobactam;ticarcillin_clavulanate,6.79,22.5,6.79,22.5,amoxicillin_clavulanate;ampicillin_sulbactam;piperacillin_tazobactam;ticarcillin_clavulanate,6.79,22.5,6.79
fff928228,Invasive non-typhoidal Salmonella spp.,Carbapenems (J01DH),ertapenem;imipenem_c;meropenem,2.77,10.0,2.77,10.0,ertapenem;imipenem_c;meropenem,2.77,10.0,2.77
fff928228,Invasive non-typhoidal Salmonella spp.,Cephalosporins 1-2G,cefazolin;cefuroxime;cephalexin,31.179999999999996,38.333333333333336,31.179999999999996,38.333333333333336,cefazolin;cefuroxime;cephalexin,31.179999999999996,38.333333333333336,31.179999999999996
fff928228,Invasive non-typhoidal Salmonella spp.,Cephalosporins 3G,cefixime;ceftazidime;ceftriaxone,31.179999999999996,21.666666666666668,31.179999999999996,21.666666666666668,cefixime;ceftazidime;ceftriaxone,31.179999999999996,21.666666666666668,31.179999999999996
fff928228,Invasive non-typhoidal Salmonella spp.,Cephalosporins 3G/BLI,ceftolozane_tazobactam,6.72,4.0,6.72,4.0,ceftolozane_tazobactam,6.72,4.0,6.72
fff928228,Invasive non-typhoidal Salmonella spp.,Cephalosporins 4G,cefepime,31.18,30.0,31.18,30.0,cefepime,31.18,30.0,31.18
fff928228,Invasive non-typhoidal Salmonella spp.,Chloramphenicol (J01BA),chloramphenicol,16.23,35.0,16.23,35.0,chloramphenicol,16.23,35.0,16.23
fff928228,Invasive non-typhoidal Salmonella spp.,Fluoroquinolones (J01M),ciprofloxacin;levofloxacin;moxifloxacin;ofloxacin,24.365000000000002,38.75,24.365000000000002,38.75,ciprofloxacin;levofloxacin;moxifloxacin;ofloxacin,24.365000000000002,38.75,24.365000000000002
fff928228,Invasive non-typhoidal Salmonella spp.,Macrolides (J01F),,,,0.03,,,,,0.03
fff928228,Invasive non-typhoidal Salmonella spp.,Monobactams,aztreonam,30.9,25.0,30.9,25.0,aztreonam,30.9,25.0,30.9
fff928228,Invasive non-typhoidal Salmonella spp.,Nitrofurans (J01XE),,,,0.0,,,,,0.0
fff928228,Invasive non-typhoidal Salmonella spp.,Novel BL/BLI,aztreonam_avibactam;ceftazidime_avibactam;meropenem_vaborbactam,2.21,10.0,2.21,10.0,aztreonam_avibactam;ceftazidime_avibactam;meropenem_vaborbactam,2.21,10.0,2.21
fff928228,Invasive non-typhoidal Salmonella spp.,Penicillins (J01C),amoxicillin;ampicillin;piperacillin;ticarcillin,31.29,43.75,31.29,43.75,amoxicillin;ampicillin;piperacillin;ticarcillin,31.29,43.75,31.29
fff928228,Invasive non-typhoidal Salmonella spp.,Polymyxins (J01XB),colistin,0.19,20.0,0.19,20.0,colistin,0.19,20.0,0.19
fff928228,Invasive non-typhoidal Salmonella spp.,Siderophore Cephalosporins,cefiderocol,0.0,1.0,0.0,1.0,cefiderocol,0.0,1.0,0.0
fff928228,Invasive non-typhoidal Salmonella spp.,Sulfonamides (J01E),trim_sulf,21.96,40.0,21.96,40.0,trim_sulf,21.96,40.0,21.96
fff928228,Invasive non-typhoidal Salmonella spp.,Tetracyclines (J01A),doxycycline;minocycline;tetracycline;tigecycline,22.277500000000003,18.75,22.277500000000003,18.75,doxycycline;minocycline;tetracycline;tigecycline,22.277500000000003,18.75,22.277500000000003
fff928228,Klebsiella pneumoniae,Aminoglycosides (J01G),amikacin;gentamicin;tobramycin,45.24,16.0,45.24,16.0,amikacin;gentamicin;tobramycin,45.24,16.0,45.24
fff928228,Klebsiella pneumoniae,Anti-MRSA Cephalosporins (5G),ceftaroline,51.86,25.0,51.86,25.0,ceftaroline,51.86,25.0,51.86
fff928228,Klebsiella pneumoniae,Beta-lactamase combinations (J01CR),amoxicillin_clavulanate;ampicillin_sulbactam;piperacillin_tazobactam;ticarcillin_clavulanate,51.67,29.0,51.67,29.0,amoxicillin_clavulanate;ampicillin_sulbactam;piperacillin_tazobactam;ticarcillin_clavulanate,51.67,29.0,51.67
fff928228,Klebsiella pneumoniae,Carbapenems (J01DH),ertapenem;imipenem_c;meropenem,51.54999999999999,13.0,51.54999999999999,13.0,ertapenem;imipenem_c;meropenem,51.54999999999999,13.0,51.54999999999999
fff928228,Klebsiella pneumoniae,Cephalosporins 1-2G,cefazolin;cefuroxime;cephalexin,51.85999999999999,65.0,51.85999999999999,65.0,cefazolin;cefuroxime;cephalexin,51.85999999999999,65.0,51.85999999999999
fff928228,Klebsiella pneumoniae,Cephalosporins 3G,cefixime;ceftazidime;ceftriaxone,51.85999999999999,34.0,51.85999999999999,34.0,cefixime;ceftazidime;ceftriaxone,51.85999999999999,34.0,51.85999999999999
fff928228,Klebsiella pneumoniae,Cephalosporins 3G/BLI,ceftolozane_tazobactam,51.67,4.0,51.67,4.0,ceftolozane_tazobactam,51.67,4.0,51.67
fff928228,Klebsiella pneumoniae,Cephalosporins 4G,cefepime,51.86,28.0,51.86,28.0,cefepime,51.86,28.000000000000004,51.86
fff928228,Klebsiella pneumoniae,Chloramphenicol (J01BA),chloramphenicol,40.79,18.0,40.79,18.0,chloramphenicol,40.79,18.0,40.79
fff928228,Klebsiella pneumoniae,Fluoroquinolones (J01M),ciprofloxacin;levofloxacin;moxifloxacin;ofloxacin,47.614999999999995,36.5,47.614999999999995,36.5,ciprofloxacin;levofloxacin;moxifloxacin;ofloxacin,47.614999999999995,36.5,47.614999999999995
fff928228,Klebsiella pneumoniae,Fosfomycin (J01XX01),fosfomycin,20.01,30.0,20.01,30.0,fosfomycin,20.01,30.0,20.01
fff928228,Klebsiella pneumoniae,Monobactams,aztreonam,49.92,32.0,49.92,32.0,aztreonam,49.92,32.0,49.92
fff928228,Klebsiella pneumoniae,Nitrofurans (J01XE),,,,41.27,,,,,41.27
fff928228,Klebsiella pneumoniae,Novel BL/BLI,aztreonam_avibactam;ceftazidime_avibactam;meropenem_vaborbactam,50.77333333333333,7.0,50.77333333333333,7.0,aztreonam_avibactam;ceftazidime_avibactam;meropenem_vaborbactam,50.77333333333333,7.0,50.77333333333333
fff928228,Klebsiella pneumoniae,Penicillins (J01C),piperacillin,51.87,35.0,51.87,35.0,piperacillin,51.87,35.0,51.87
fff928228,Klebsiella pneumoniae,Polymyxins (J01XB),colistin,26.18,8.0,26.18,8.0,colistin,26.18,8.0,26.18
fff928228,Klebsiella pneumoniae,Siderophore Cephalosporins,cefiderocol,0.0,1.0,0.0,1.0,cefiderocol,0.0,1.0,0.0
fff928228,Klebsiella pneumoniae,Sulfonamides (J01E),sulfanilamide;trim_sulf,56.07,47.5,56.07,47.5,sulfanilamide;trim_sulf,56.07,47.5,56.07
fff928228,Klebsiella pneumoniae,Tetracyclines (J01A),doxycycline;minocycline;tetracycline;tigecycline,44.292500000000004,28.75,44.292500000000004,28.75,doxycycline;minocycline;tetracycline;tigecycline,44.292500000000004,28.75,44.292500000000004
fff928228,Legionella pneumophila,Aminoglycosides (J01G),,,,0.02,,,,,0.02
fff928228,Legionella pneumophila,Carbapenems (J01DH),,,,0.23,,,,,0.23
fff928228,Legionella pneumophila,Cephalosporins 3G,,,,0.31,,,,,0.31
fff928228,Legionella pneumophila,Chloramphenicol (J01BA),,,,0.0,,,,,0.0
fff928228,Legionella pneumophila,Fluoroquinolones (J01M),ciprofloxacin;levofloxacin;moxifloxacin,0.0,1.0,0.0,1.0,ciprofloxacin;levofloxacin;moxifloxacin,0.0,1.0,0.0
fff928228,Legionella pneumophila,Fusidic acid (J01XC),,,,0.0,,,,,0.0
fff928228,Legionella pneumophila,Macrolides (J01F),azithromycin;clarithromycin;erythromycin,0.04,1.0,0.04,1.0,azithromycin;clarithromycin;erythromycin,0.04,1.0,0.04
fff928228,Legionella pneumophila,Novel BL/BLI,,,,0.23,,,,,0.23
fff928228,Legionella pneumophila,Sulfonamides (J01E),,,,0.0,,,,,0.0
fff928228,Legionella pneumophila,Tetracyclines (J01A),,,,0.052500000000000005,,,,,0.052500000000000005
fff928228,Listeria monocytogenes,Aminoglycosides (J01G),,,,,,,,,
fff928228,Listeria monocytogenes,Beta-lactamase combinations (J01CR),amoxicillin_clavulanate;ampicillin_sulbactam;piperacillin_tazobactam,0.0,8.333333333333334,0.0,8.333333333333334,,,,0.0
fff928228,Listeria monocytogenes,Carbapenems (J01DH),,,,0.0,,,,,0.0
fff928228,Listeria monocytogenes,Chloramphenicol (J01BA),chloramphenicol,5.23,10.0,5.23,10.0,,,,5.23
fff928228,Listeria monocytogenes,Fluoroquinolones (J01M),ciprofloxacin;levofloxacin;moxifloxacin;ofloxacin,7.795,7.5,7.795,7.5,,,,7.795
fff928228,Listeria monocytogenes,Fosfomycin (J01XX01),,,,,,,,,
fff928228,Listeria monocytogenes,Glycopeptides (J01XA),,,,,,,,,
fff928228,Listeria monocytogenes,Lincosamides (J01FF),,,,,,,,,
fff928228,Listeria monocytogenes,Lipoglycopeptides,,,,,,,,,
fff928228,Listeria monocytogenes,Macrolides (J01F),azithromycin;clarithromycin;erythromycin,6.580000000000001,13.333333333333334,6.580000000000001,13.333333333333334,,,,6.580000000000001
fff928228,Listeria monocytogenes,Novel BL/BLI,ceftazidime_avibactam,0.0,10.0,0.0,10.0,,,,
fff928228,Listeria monocytogenes,Oxazolidinones (J01XX),,,,,,,,,
fff928228,Listeria monocytogenes,Penicillins (J01C),amoxicillin;ampicillin;penicillin_g;piperacillin;ticarcillin,0.0,9.0,0.0,9.0,,,,0.0
fff928228,Listeria monocytogenes,Streptogramins (J01FG),,,,,,,,,
fff928228,Listeria monocytogenes,Sulfonamides (J01E),trim_sulf,6.15,5.0,6.15,5.0,,,,6.15
fff928228,Listeria monocytogenes,Tetracyclines (J01A),doxycycline;minocycline;tetracycline,5.23,10.0,5.23,10.0,,,,5.23
fff928228,Moraxella catarrhalis,Aminoglycosides (J01G),,,,,,,,,
fff928228,Moraxella catarrhalis,Anti-MRSA Cephalosporins (5G),,,,,,,,,
fff928228,Moraxella catarrhalis,Beta-lactamase combinations (J01CR),amoxicillin_clavulanate;ampicillin_sulbactam;piperacillin_tazobactam;ticarcillin_clavulanate,7.77,10.0,7.77,10.0,amoxicillin_clavulanate;ampicillin_sulbactam;piperacillin_tazobactam;ticarcillin_clavulanate,7.77,10.0,7.77
fff928228,Moraxella catarrhalis,Carbapenems (J01DH),ertapenem;imipenem_c;meropenem,7.64,5.0,7.64,5.0,ertapenem;imipenem_c;meropenem,7.64,5.0,7.64
fff928228,Moraxella catarrhalis,Cephalosporins 1-2G,cefazolin;cefuroxime;cephalexin,7.95,15.0,7.95,15.0,cefazolin;cefuroxime;cephalexin,7.95,15.0,7.95
fff928228,Moraxella catarrhalis,Cephalosporins 3G,cefixime;ceftazidime;ceftriaxone,7.95,5.0,7.95,5.0,cefixime;ceftazidime;ceftriaxone,7.95,5.0,7.95
fff928228,Moraxella catarrhalis,Cephalosporins 3G/BLI,ceftolozane_tazobactam,7.77,4.0,7.77,4.0,ceftolozane_tazobactam,7.77,4.0,7.77
fff928228,Moraxella catarrhalis,Cephalosporins 4G,cefepime,7.95,5.0,7.95,5.0,cefepime,7.95,5.0,7.95
fff928228,Moraxella catarrhalis,Chloramphenicol (J01BA),chloramphenicol,1.23,5.0,1.23,5.0,chloramphenicol,1.23,5.0,1.23
fff928228,Moraxella catarrhalis,Fluoroquinolones (J01M),ciprofloxacin;levofloxacin;moxifloxacin;ofloxacin,2.2475,5.0,2.2475,5.0,ciprofloxacin;levofloxacin;moxifloxacin;ofloxacin,2.2475,5.0,2.2475
fff928228,Moraxella catarrhalis,Fusidic acid (J01XC),,,,,,,,,
fff928228,Moraxella catarrhalis,Macrolides (J01F),azithromycin;clarithromycin;erythromycin,6.14,18.333333333333332,6.14,18.333333333333332,azithromycin;clarithromycin;erythromycin,6.14,18.333333333333332,6.14
fff928228,Moraxella catarrhalis,Monobactams,aztreonam,2.43,5.0,2.43,5.0,aztreonam,2.43,5.0,2.43
fff928228,Moraxella catarrhalis,Novel BL/BLI,aztreonam_avibactam;ceftazidime_avibactam;meropenem_vaborbactam,5.336666666666666,5.0,5.336666666666666,5.0,aztreonam_avibactam;ceftazidime_avibactam;meropenem_vaborbactam,5.336666666666666,5.0,5.336666666666666
fff928228,Moraxella catarrhalis,Penicillins (J01C),amoxicillin;ampicillin;penicillin_g;piperacillin;ticarcillin,24.06,59.0,24.06,59.0,amoxicillin;ampicillin;penicillin_g;piperacillin;ticarcillin,24.06,59.0,24.06
fff928228,Moraxella catarrhalis,Pleuromutilins,,,,,,,,,
fff928228,Moraxella catarrhalis,Siderophore Cephalosporins,cefiderocol,0.0,1.0,0.0,1.0,cefiderocol,0.0,1.0,0.0
fff928228,Moraxella catarrhalis,Sulfonamides (J01E),trim_sulf,1.15,10.0,1.15,10.0,trim_sulf,1.15,10.0,1.15
fff928228,Moraxella catarrhalis,Tetracyclines (J01A),doxycycline;minocycline;tetracycline;tigecycline,2.5125,10.0,2.5125,10.0,doxycycline;minocycline;tetracycline;tigecycline,2.5125,10.0,2.5125
fff928228,Morganella spp.,Aminoglycosides (J01G),amikacin;gentamicin;tobramycin,29.64,30.0,29.64,30.0,amikacin;gentamicin;tobramycin,29.64,30.0,29.64
fff928228,Morganella spp.,Anti-MRSA Cephalosporins (5G),,,,,,,,,
fff928228,Morganella spp.,Beta-lactamase combinations (J01CR),piperacillin_tazobactam;ticarcillin_clavulanate,30.05,30.0,30.05,30.0,piperacillin_tazobactam;ticarcillin_clavulanate,30.05,30.0,30.05
fff928228,Morganella spp.,Carbapenems (J01DH),ertapenem;imipenem_c;meropenem,29.69,11.666666666666666,29.69,11.666666666666666,ertapenem;imipenem_c;meropenem,29.69,11.666666666666666,29.69
fff928228,Morganella spp.,Cephalosporins 3G,cefixime;ceftazidime;ceftriaxone,30.570000000000004,36.666666666666664,30.570000000000004,36.666666666666664,cefixime;ceftazidime;ceftriaxone,30.570000000000004,36.666666666666664,30.570000000000004
fff928228,Morganella spp.,Cephalosporins 3G/BLI,ceftolozane_tazobactam,30.05,4.0,30.05,4.0,ceftolozane_tazobactam,30.05,4.0,30.05
fff928228,Morganella spp.,Cephalosporins 4G,cefepime,30.57,35.0,30.57,35.0,cefepime,30.57,35.0,30.57
fff928228,Morganella spp.,Chloramphenicol (J01BA),chloramphenicol,36.47,30.0,36.47,30.0,chloramphenicol,36.47,30.0,36.47
fff928228,Morganella spp.,Fluoroquinolones (J01M),ciprofloxacin;levofloxacin;moxifloxacin;ofloxacin,34.7825,33.75,34.7825,33.75,ciprofloxacin;levofloxacin;moxifloxacin;ofloxacin,34.7825,33.75,34.7825
fff928228,Morganella spp.,Monobactams,aztreonam,27.93,30.0,27.93,30.0,aztreonam,27.93,30.0,27.93
fff928228,Morganella spp.,Novel BL/BLI,aztreonam_avibactam;ceftazidime_avibactam;meropenem_vaborbactam,28.75333333333333,10.0,28.75333333333333,10.0,aztreonam_avibactam;ceftazidime_avibactam;meropenem_vaborbactam,28.75333333333333,10.0,28.75333333333333
fff928228,Morganella spp.,Penicillins (J01C),piperacillin;ticarcillin,30.6,37.5,30.6,37.5,piperacillin;ticarcillin,30.6,37.5,30.6
fff928228,Morganella spp.,Siderophore Cephalosporins,cefiderocol,0.0,1.0,0.0,1.0,cefiderocol,0.0,1.0,0.0
fff928228,Morganella spp.,Sulfonamides (J01E),trim_sulf,19.89,35.0,19.89,35.0,trim_sulf,19.89,35.0,19.89
fff928228,Mycoplasma genitalium,Chloramphenicol (J01BA),,,,35.7,,,,,35.7
fff928228,Mycoplasma genitalium,Fluoroquinolones (J01M),ciprofloxacin;levofloxacin;moxifloxacin;ofloxacin,44.5275,45.0,44.5275,45.0,ciprofloxacin;levofloxacin;moxifloxacin;ofloxacin,44.5275,45.0,44.5275
fff928228,Mycoplasma genitalium,Fusidic acid (J01XC),,,,,,,,,
fff928228,Mycoplasma genitalium,Macrolides (J01F),azithromycin;clarithromycin;erythromycin,47.34,55.0,47.34,55.0,azithromycin;clarithromycin;erythromycin,47.34,55.00000000000001,47.34
fff928228,Mycoplasma genitalium,Nitroimidazoles,,,,,,,,,
fff928228,Mycoplasma genitalium,Tetracyclines (J01A),doxycycline;minocycline;tetracycline;tigecycline,44.21249999999999,32.5,44.21249999999999,32.5,doxycycline;minocycline;tetracycline;tigecycline,44.21249999999999,32.5,44.21249999999999
fff928228,Mycoplasma pneumoniae,Chloramphenicol (J01BA),,,,,,,,,
fff928228,Mycoplasma pneumoniae,Fluoroquinolones (J01M),ciprofloxacin;levofloxacin;moxifloxacin,0.04,2.0,0.04,2.0,ciprofloxacin;levofloxacin;moxifloxacin,0.04,2.0,0.04
fff928228,Mycoplasma pneumoniae,Macrolides (J01F),azithromycin;clarithromycin;erythromycin,17.58,20.0,17.58,20.0,azithromycin;clarithromycin;erythromycin,17.58,20.0,17.58
fff928228,Mycoplasma pneumoniae,Streptogramins (J01FG),,,,,,,,,
fff928228,Mycoplasma pneumoniae,Tetracyclines (J01A),doxycycline;tetracycline,17.57,1.0,13.1775,1.0,doxycycline;tetracycline,17.57,1.0,13.1775
fff928228,Neisseria gonorrhoeae,Aminoglycosides (J01G),amikacin;gentamicin;tobramycin,4.34,5.0,4.34,5.0,amikacin;gentamicin;tobramycin,4.34,5.0,4.34
fff928228,Neisseria gonorrhoeae,Anti-MRSA Cephalosporins (5G),,,,,,,,,
fff928228,Neisseria gonorrhoeae,Beta-lactamase combinations (J01CR),amoxicillin_clavulanate;ampicillin_sulbactam;piperacillin_tazobactam;ticarcillin_clavulanate,3.07,45.0,3.07,45.0,amoxicillin_clavulanate;ampicillin_sulbactam;piperacillin_tazobactam;ticarcillin_clavulanate,3.07,45.0,3.07
fff928228,Neisseria gonorrhoeae,Carbapenems (J01DH),,,,0.0,,,,,0.0
fff928228,Neisseria gonorrhoeae,Cephalosporins 1-2G,cefazolin;cefuroxime;cephalexin,3.07,53.333333333333336,3.07,53.333333333333336,cefazolin;cefuroxime;cephalexin,3.07,53.333333333333336,3.07
fff928228,Neisseria gonorrhoeae,Cephalosporins 3G,cefixime;ceftazidime;ceftriaxone,3.07,9.666666666666666,3.07,9.666666666666666,cefixime;ceftazidime;ceftriaxone,3.07,9.666666666666666,3.07
fff928228,Neisseria gonorrhoeae,Cephalosporins 3G/BLI,ceftolozane_tazobactam,3.07,4.0,3.07,4.0,ceftolozane_tazobactam,3.07,4.0,3.07
fff928228,Neisseria gonorrhoeae,Cephalosporins 4G,cefepime,3.07,20.0,3.07,20.0,cefepime,3.07,20.0,3.07
fff928228,Neisseria gonorrhoeae,Chloramphenicol (J01BA),chloramphenicol,69.49,60.0,69.49,60.0,chloramphenicol,69.49,60.0,69.49
fff928228,Neisseria gonorrhoeae,Fluoroquinolones (J01M),ciprofloxacin;levofloxacin;moxifloxacin;ofloxacin,85.83,80.0,85.83,80.0,ciprofloxacin;levofloxacin;moxifloxacin;ofloxacin,85.83,80.0,85.83
fff928228,Neisseria gonorrhoeae,Macrolides (J01F),azithromycin;clarithromycin;erythromycin,13.18,31.666666666666668,13.18,31.666666666666668,azithromycin;clarithromycin;erythromycin,13.18,31.666666666666668,13.18
fff928228,Neisseria gonorrhoeae,Monobactams,aztreonam,3.07,25.0,3.07,25.0,aztreonam,3.07,25.0,3.07
fff928228,Neisseria gonorrhoeae,Novel BL/BLI,aztreonam_avibactam;ceftazidime_avibactam;meropenem_vaborbactam,2.0466666666666664,30.0,2.0466666666666664,30.0,aztreonam_avibactam;ceftazidime_avibactam;meropenem_vaborbactam,2.0466666666666664,30.0,2.0466666666666664
fff928228,Neisseria gonorrhoeae,Penicillins (J01C),amoxicillin;ampicillin;penicillin_g;piperacillin;ticarcillin,8.02,46.0,8.02,46.0,amoxicillin;ampicillin;penicillin_g;piperacillin;ticarcillin,8.02,46.0,8.02
fff928228,Neisseria gonorrhoeae,Siderophore Cephalosporins,cefiderocol,0.0,1.0,0.0,1.0,cefiderocol,0.0,1.0,0.0
fff928228,Neisseria gonorrhoeae,Sulfonamides (J01E),trim_sulf,58.13,70.0,58.13,70.0,trim_sulf,58.13,70.0,58.13
fff928228,Neisseria gonorrhoeae,Tetracyclines (J01A),doxycycline;minocycline;tetracycline,69.51,65.0,69.51,65.0,doxycycline;minocycline;tetracycline,69.51,65.0,69.51
fff928228,Neisseria meningitidis,Aminoglycosides (J01G),amikacin;gentamicin;tobramycin,0.11,4.333333333333333,0.11,4.333333333333333,amikacin;gentamicin;tobramycin,0.11,4.333333333333333,0.11
fff928228,Neisseria meningitidis,Anti-MRSA Cephalosporins (5G),,,,,,,,,
fff928228,Neisseria meningitidis,Beta-lactamase combinations (J01CR),amoxicillin_clavulanate;ampicillin_sulbactam;piperacillin_tazobactam;ticarcillin_clavulanate,0.36,12.0,0.36,12.0,amoxicillin_clavulanate;ampicillin_sulbactam;piperacillin_tazobactam;ticarcillin_clavulanate,0.36,12.0,0.36
fff928228,Neisseria meningitidis,Carbapenems (J01DH),ertapenem;imipenem_c;meropenem,0.34,0.10000000000000002,0.34,0.10000000000000002,ertapenem;imipenem_c;meropenem,0.34,0.10000000000000002,0.34
fff928228,Neisseria meningitidis,Cephalosporins 1-2G,cefazolin;cefuroxime;cephalexin,0.4000000000000001,11.333333333333334,0.4000000000000001,11.333333333333334,cefazolin;cefuroxime;cephalexin,0.4000000000000001,11.333333333333334,0.4000000000000001
fff928228,Neisseria meningitidis,Cephalosporins 3G,cefixime;ceftazidime;ceftriaxone,0.4000000000000001,2.0,0.4000000000000001,2.0,cefixime;ceftazidime;ceftriaxone,0.4000000000000001,2.0,0.4000000000000001
fff928228,Neisseria meningitidis,Cephalosporins 3G/BLI,ceftolozane_tazobactam,0.34,4.0,0.34,4.0,ceftolozane_tazobactam,0.34,4.0,0.34
fff928228,Neisseria meningitidis,Cephalosporins 4G,cefepime,0.4,2.0,0.4,2.0,cefepime,0.4,2.0,0.4
fff928228,Neisseria meningitidis,Chloramphenicol (J01BA),chloramphenicol,0.0,8.0,0.0,8.0,chloramphenicol,0.0,8.0,0.0
fff928228,Neisseria meningitidis,Fluoroquinolones (J01M),ciprofloxacin;levofloxacin;moxifloxacin;ofloxacin,8.29,4.0,8.29,4.0,ciprofloxacin;levofloxacin;moxifloxacin;ofloxacin,8.29,4.0,8.29
fff928228,Neisseria meningitidis,Fosfomycin (J01XX01),,,,,,,,,
fff928228,Neisseria meningitidis,Macrolides (J01F),azithromycin;clarithromycin;erythromycin,0.19000000000000003,7.333333333333333,0.19000000000000003,7.333333333333333,azithromycin;clarithromycin;erythromycin,0.19000000000000003,7.333333333333333,0.19000000000000003
fff928228,Neisseria meningitidis,Monobactams,aztreonam,0.13,2.0,0.13,2.0,aztreonam,0.13,2.0,0.13
fff928228,Neisseria meningitidis,Nitrofurans (J01XE),,,,,,,,,
fff928228,Neisseria meningitidis,Novel BL/BLI,aztreonam_avibactam;ceftazidime_avibactam;meropenem_vaborbactam,0.2633333333333333,0.10000000000000002,0.2633333333333333,0.10000000000000002,aztreonam_avibactam;ceftazidime_avibactam;meropenem_vaborbactam,0.2633333333333333,0.10000000000000002,0.2633333333333333
fff928228,Neisseria meningitidis,Penicillins (J01C),amoxicillin;ampicillin;penicillin_g;piperacillin;ticarcillin,0.4,16.8,0.4,16.8,amoxicillin;ampicillin;penicillin_g;piperacillin;ticarcillin,0.4,16.8,0.4
fff928228,Neisseria meningitidis,Siderophore Cephalosporins,cefiderocol,0.0,1.0,0.0,1.0,cefiderocol,0.0,1.0,0.0
fff928228,Neisseria meningitidis,Sulfonamides (J01E),trim_sulf,13.05,10.0,13.05,10.0,trim_sulf,13.05,10.0,13.05
fff928228,Neisseria meningitidis,Tetracyclines (J01A),doxycycline;minocycline;tetracycline,0.0,6.333333333333333,0.0,6.333333333333333,doxycycline;minocycline;tetracycline,0.0,6.333333333333333,0.0
fff928228,Proteus spp.,Aminoglycosides (J01G),amikacin;gentamicin;tobramycin,32.39,30.0,32.39,30.0,amikacin;gentamicin;tobramycin,32.39,30.0,32.39
fff928228,Proteus spp.,Anti-MRSA Cephalosporins (5G),,,,32.79,,,,,32.79
fff928228,Proteus spp.,Beta-lactamase combinations (J01CR),amoxicillin_clavulanate;ampicillin_sulbactam;piperacillin_tazobactam;ticarcillin_clavulanate,32.29,21.25,32.29,21.25,amoxicillin_clavulanate;ampicillin_sulbactam;piperacillin_tazobactam;ticarcillin_clavulanate,32.29,21.25,32.29
fff928228,Proteus spp.,Carbapenems (J01DH),ertapenem;imipenem_c;meropenem,31.679999999999996,10.0,31.679999999999996,10.0,ertapenem;imipenem_c;meropenem,31.679999999999996,10.0,31.679999999999996
fff928228,Proteus spp.,Cephalosporins 1-2G,cefazolin;cefuroxime;cephalexin,32.79,28.333333333333332,32.79,28.333333333333332,cefazolin;cefuroxime;cephalexin,32.79,28.333333333333332,32.79
fff928228,Proteus spp.,Cephalosporins 3G,cefixime;ceftazidime;ceftriaxone,32.79,21.666666666666668,32.79,21.666666666666668,cefixime;ceftazidime;ceftriaxone,32.79,21.666666666666668,32.79
fff928228,Proteus spp.,Cephalosporins 3G/BLI,ceftolozane_tazobactam,32.29,4.0,32.29,4.0,ceftolozane_tazobactam,32.29,4.0,32.29
fff928228,Proteus spp.,Cephalosporins 4G,cefepime,32.79,20.0,32.79,20.0,cefepime,32.79,20.0,32.79
fff928228,Proteus spp.,Chloramphenicol (J01BA),chloramphenicol,30.11,25.0,30.11,25.0,chloramphenicol,30.11,25.0,30.11
fff928228,Proteus spp.,Fluoroquinolones (J01M),ciprofloxacin;levofloxacin;moxifloxacin;ofloxacin,32.739999999999995,28.75,32.739999999999995,28.75,ciprofloxacin;levofloxacin;moxifloxacin;ofloxacin,32.739999999999995,28.75,32.739999999999995
fff928228,Proteus spp.,Fosfomycin (J01XX01),fosfomycin,20.77,10.0,20.77,10.0,fosfomycin,20.77,10.0,20.77
fff928228,Proteus spp.,Monobactams,aztreonam,32.25,25.0,32.25,25.0,aztreonam,32.25,25.0,32.25
fff928228,Proteus spp.,Novel BL/BLI,aztreonam_avibactam;ceftazidime_avibactam;meropenem_vaborbactam,30.076666666666668,10.0,30.076666666666668,10.0,aztreonam_avibactam;ceftazidime_avibactam;meropenem_vaborbactam,30.076666666666668,10.0,30.076666666666668
fff928228,Proteus spp.,Penicillins (J01C),amoxicillin;ampicillin;piperacillin;ticarcillin,33.57,28.75,33.57,28.75,amoxicillin;ampicillin;piperacillin;ticarcillin,33.57,28.75,33.57
fff928228,Proteus spp.,Siderophore Cephalosporins,cefiderocol,0.0,1.0,0.0,1.0,cefiderocol,0.0,1.0,0.0
fff928228,Proteus spp.,Sulfonamides (J01E),sulfanilamide;trim_sulf,36.32,25.0,36.32,25.0,sulfanilamide;trim_sulf,36.32,25.0,36.32
fff928228,Providencia stuartii,Aminoglycosides (J01G),amikacin,61.2,45.0,61.2,45.0,amikacin,61.2,45.0,61.2
fff928228,Providencia stuartii,Beta-lactamase combinations (J01CR),piperacillin_tazobactam;ticarcillin_clavulanate,62.56,40.0,62.56,40.0,piperacillin_tazobactam;ticarcillin_clavulanate,62.56,40.0,62.56
fff928228,Providencia stuartii,Carbapenems (J01DH),ertapenem;imipenem_c;meropenem,46.85,21.666666666666668,46.85,21.666666666666668,ertapenem;imipenem_c;meropenem,46.85,21.666666666666668,46.85
fff928228,Providencia stuartii,Cephalosporins 1-2G,cefuroxime,63.76,55.0,63.76,55.0,cefuroxime,63.76,55.00000000000001,63.76
fff928228,Providencia stuartii,Cephalosporins 3G,cefixime;ceftazidime;ceftriaxone,63.76,51.666666666666664,63.76,51.666666666666664,cefixime;ceftazidime;ceftriaxone,63.76,51.666666666666664,63.76
fff928228,Providencia stuartii,Cephalosporins 3G/BLI,ceftolozane_tazobactam,62.56,4.0,62.56,4.0,ceftolozane_tazobactam,62.56,4.0,62.56
fff928228,Providencia stuartii,Cephalosporins 4G,cefepime,63.76,50.0,63.76,50.0,cefepime,63.76,50.0,63.76
fff928228,Providencia stuartii,Chloramphenicol (J01BA),chloramphenicol,22.43,45.0,22.43,45.0,chloramphenicol,22.43,45.0,22.43
fff928228,Providencia stuartii,Fluoroquinolones (J01M),ciprofloxacin;levofloxacin;moxifloxacin;ofloxacin,62.795,52.5,62.795,52.5,ciprofloxacin;levofloxacin;moxifloxacin;ofloxacin,62.795,52.5,62.795
fff928228,Providencia stuartii,Monobactams,aztreonam,63.58,50.0,63.58,50.0,aztreonam,63.58,50.0,63.58
fff928228,Providencia stuartii,Novel BL/BLI,aztreonam_avibactam;ceftazidime_avibactam;meropenem_vaborbactam,32.63,18.333333333333332,32.63,18.333333333333332,aztreonam_avibactam;ceftazidime_avibactam;meropenem_vaborbactam,32.63,18.333333333333332,32.63
fff928228,Providencia stuartii,Penicillins (J01C),piperacillin;ticarcillin,63.76,55.0,63.76,55.0,piperacillin;ticarcillin,63.76,55.00000000000001,63.76
fff928228,Providencia stuartii,Siderophore Cephalosporins,cefiderocol,0.0,1.0,0.0,1.0,cefiderocol,0.0,1.0,0.0
fff928228,Providencia stuartii,Sulfonamides (J01E),trim_sulf,58.57,55.0,58.57,55.0,trim_sulf,58.57,55.00000000000001,58.57
fff928228,Pseudomonas aeruginosa,Aminoglycosides (J01G),amikacin;gentamicin;tobramycin,14.08,13.666666666666666,14.08,13.666666666666666,amikacin;gentamicin;tobramycin,14.08,13.666666666666666,14.08
fff928228,Pseudomonas aeruginosa,Beta-lactamase combinations (J01CR),piperacillin_tazobactam;ticarcillin_clavulanate,7.73,18.5,7.73,18.5,piperacillin_tazobactam;ticarcillin_clavulanate,7.73,18.5,7.73
fff928228,Pseudomonas aeruginosa,Carbapenems (J01DH),imipenem_c;meropenem,7.25,26.5,7.25,26.5,imipenem_c;meropenem,7.25,26.5,7.25
fff928228,Pseudomonas aeruginosa,Cephalosporins 3G,ceftazidime,7.82,22.0,7.82,22.0,ceftazidime,7.82,22.0,7.82
fff928228,Pseudomonas aeruginosa,Cephalosporins 3G/BLI,ceftolozane_tazobactam,7.35,8.0,7.35,8.0,ceftolozane_tazobactam,7.35,8.0,7.35
fff928228,Pseudomonas aeruginosa,Cephalosporins 4G,cefepime,7.82,18.0,7.82,18.0,cefepime,7.82,18.0,7.82
fff928228,Pseudomonas aeruginosa,Fluoroquinolones (J01M),ciprofloxacin;levofloxacin;moxifloxacin;ofloxacin,18.5775,26.5,18.5775,26.5,ciprofloxacin;levofloxacin;moxifloxacin;ofloxacin,18.5775,26.5,18.5775
fff928228,Pseudomonas aeruginosa,Fosfomycin (J01XX01),,,,0.16,,,,,0.16
fff928228,Pseudomonas aeruginosa,Monobactams,aztreonam,6.12,22.0,6.12,22.0,aztreonam,6.12,22.0,6.12
fff928228,Pseudomonas aeruginosa,Novel BL/BLI,aztreonam_avibactam;ceftazidime_avibactam;meropenem_vaborbactam,6.6499999999999995,8.666666666666666,6.6499999999999995,8.666666666666666,aztreonam_avibactam;ceftazidime_avibactam;meropenem_vaborbactam,6.6499999999999995,8.666666666666666,6.6499999999999995
fff928228,Pseudomonas aeruginosa,Penicillins (J01C),piperacillin;ticarcillin,7.82,27.5,7.82,27.5,piperacillin;ticarcillin,7.82,27.5,7.82
fff928228,Pseudomonas aeruginosa,Polymyxins (J01XB),colistin,2.52,3.0,2.52,3.0,colistin,2.52,3.0,2.52
fff928228,Pseudomonas aeruginosa,Siderophore Cephalosporins,cefiderocol,0.0,5.0,0.0,5.0,cefiderocol,0.0,5.0,0.0
fff928228,Salmonella enterica serovar paratyphi a,Aminoglycosides (J01G),amikacin;gentamicin;tobramycin,32.34,30.0,32.34,30.0,amikacin;gentamicin;tobramycin,32.34,30.0,32.34
fff928228,Salmonella enterica serovar paratyphi a,Beta-lactamase combinations (J01CR),amoxicillin_clavulanate;ampicillin_sulbactam;piperacillin_tazobactam;ticarcillin_clavulanate,12.89,22.5,12.89,22.5,amoxicillin_clavulanate;ampicillin_sulbactam;piperacillin_tazobactam;ticarcillin_clavulanate,12.89,22.5,12.89
fff928228,Salmonella enterica serovar paratyphi a,Carbapenems (J01DH),ertapenem;imipenem_c;meropenem,2.68,10.0,2.68,10.0,ertapenem;imipenem_c;meropenem,2.68,10.0,2.68
fff928228,Salmonella enterica serovar paratyphi a,Cephalosporins 1-2G,cefazolin;cefuroxime;cephalexin,57.45000000000001,38.333333333333336,57.45000000000001,38.333333333333336,cefazolin;cefuroxime;cephalexin,57.45000000000001,38.333333333333336,57.45000000000001
fff928228,Salmonella enterica serovar paratyphi a,Cephalosporins 3G,cefixime;ceftazidime;ceftriaxone,57.45000000000001,16.666666666666668,57.45000000000001,16.666666666666668,cefixime;ceftazidime;ceftriaxone,57.45000000000001,16.666666666666668,57.45000000000001
fff928228,Salmonella enterica serovar paratyphi a,Cephalosporins 3G/BLI,ceftolozane_tazobactam,12.51,4.0,12.51,4.0,ceftolozane_tazobactam,12.51,4.0,12.51
fff928228,Salmonella enterica serovar paratyphi a,Cephalosporins 4G,cefepime,57.45,25.0,57.45,25.0,cefepime,57.45,25.0,57.45
fff928228,Salmonella enterica serovar paratyphi a,Chloramphenicol (J01BA),chloramphenicol,30.16,35.0,30.16,35.0,chloramphenicol,30.16,35.0,30.16
fff928228,Salmonella enterica serovar paratyphi a,Fluoroquinolones (J01M),ciprofloxacin;levofloxacin;moxifloxacin;ofloxacin,16.045,33.75,16.045,33.75,ciprofloxacin;levofloxacin;moxifloxacin;ofloxacin,16.045,33.75,16.045
fff928228,Salmonella enterica serovar paratyphi a,Macrolides (J01F),,,,0.0,,,,,0.0
fff928228,Salmonella enterica serovar paratyphi a,Monobactams,aztreonam,56.56,25.0,56.56,25.0,aztreonam,56.56,25.0,56.56
fff928228,Salmonella enterica serovar paratyphi a,Nitrofurans (J01XE),,,,0.0,,,,,0.0
fff928228,Salmonella enterica serovar paratyphi a,Novel BL/BLI,aztreonam_avibactam;ceftazidime_avibactam;meropenem_vaborbactam,2.36,10.0,2.36,10.0,aztreonam_avibactam;ceftazidime_avibactam;meropenem_vaborbactam,2.36,10.0,2.36
fff928228,Salmonella enterica serovar paratyphi a,Penicillins (J01C),amoxicillin;ampicillin;piperacillin;ticarcillin,57.45,40.0,57.45,40.0,amoxicillin;ampicillin;piperacillin;ticarcillin,57.45,40.0,57.45
fff928228,Salmonella enterica serovar paratyphi a,Polymyxins (J01XB),colistin,0.06,20.0,0.06,20.0,colistin,0.06,20.0,0.06
fff928228,Salmonella enterica serovar paratyphi a,Siderophore Cephalosporins,cefiderocol,0.0,1.0,0.0,1.0,cefiderocol,0.0,1.0,0.0
fff928228,Salmonella enterica serovar paratyphi a,Sulfonamides (J01E),trim_sulf,0.86,40.0,0.86,40.0,trim_sulf,0.86,40.0,0.86
fff928228,Salmonella enterica serovar paratyphi a,Tetracyclines (J01A),doxycycline;minocycline;tetracycline;tigecycline,35.1725,18.75,35.1725,18.75,doxycycline;minocycline;tetracycline;tigecycline,35.1725,18.75,35.1725
fff928228,Salmonella enterica serovar typhi,Aminoglycosides (J01G),amikacin;gentamicin;tobramycin,18.07,30.0,18.07,30.0,amikacin;gentamicin;tobramycin,18.07,30.0,18.07
fff928228,Salmonella enterica serovar typhi,Beta-lactamase combinations (J01CR),amoxicillin_clavulanate;ampicillin_sulbactam;piperacillin_tazobactam;ticarcillin_clavulanate,7.51,22.5,7.51,22.5,amoxicillin_clavulanate;ampicillin_sulbactam;piperacillin_tazobactam;ticarcillin_clavulanate,7.51,22.5,7.51
fff928228,Salmonella enterica serovar typhi,Carbapenems (J01DH),ertapenem;imipenem_c;meropenem,1.7299999999999998,10.0,1.7299999999999998,10.0,ertapenem;imipenem_c;meropenem,1.7299999999999998,10.0,1.7299999999999998
fff928228,Salmonella enterica serovar typhi,Cephalosporins 1-2G,cefazolin;cefuroxime;cephalexin,30.0,38.333333333333336,30.0,38.333333333333336,cefazolin;cefuroxime;cephalexin,30.0,38.333333333333336,30.0
fff928228,Salmonella enterica serovar typhi,Cephalosporins 3G,cefixime;ceftazidime;ceftriaxone,30.0,16.666666666666668,30.0,16.666666666666668,cefixime;ceftazidime;ceftriaxone,30.0,16.666666666666668,30.0
fff928228,Salmonella enterica serovar typhi,Cephalosporins 3G/BLI,ceftolozane_tazobactam,7.51,4.0,7.51,4.0,ceftolozane_tazobactam,7.51,4.0,7.51
fff928228,Salmonella enterica serovar typhi,Cephalosporins 4G,cefepime,30.0,25.0,30.0,25.0,cefepime,30.0,25.0,30.0
fff928228,Salmonella enterica serovar typhi,Chloramphenicol (J01BA),chloramphenicol,24.7,35.0,24.7,35.0,chloramphenicol,24.7,35.0,24.7
fff928228,Salmonella enterica serovar typhi,Fluoroquinolones (J01M),ciprofloxacin;levofloxacin;moxifloxacin;ofloxacin,16.612499999999997,33.75,16.612499999999997,33.75,ciprofloxacin;levofloxacin;moxifloxacin;ofloxacin,16.612499999999997,33.75,16.612499999999997
fff928228,Salmonella enterica serovar typhi,Macrolides (J01F),,,,0.04,,,,,0.04
fff928228,Salmonella enterica serovar typhi,Monobactams,aztreonam,29.39,25.0,29.39,25.0,aztreonam,29.39,25.0,29.39
fff928228,Salmonella enterica serovar typhi,Nitrofurans (J01XE),,,,0.0,,,,,0.0
fff928228,Salmonella enterica serovar typhi,Novel BL/BLI,aztreonam_avibactam;ceftazidime_avibactam;meropenem_vaborbactam,1.4666666666666668,10.0,1.4666666666666668,10.0,aztreonam_avibactam;ceftazidime_avibactam;meropenem_vaborbactam,1.4666666666666668,10.0,1.4666666666666668
fff928228,Salmonella enterica serovar typhi,Penicillins (J01C),amoxicillin;ampicillin;piperacillin;ticarcillin,30.04,40.0,30.04,40.0,amoxicillin;ampicillin;piperacillin;ticarcillin,30.04,40.0,30.04
fff928228,Salmonella enterica serovar typhi,Polymyxins (J01XB),colistin,0.15,20.0,0.15,20.0,colistin,0.15,20.0,0.15
fff928228,Salmonella enterica serovar typhi,Siderophore Cephalosporins,cefiderocol,0.0,1.0,0.0,1.0,cefiderocol,0.0,1.0,0.0
fff928228,Salmonella enterica serovar typhi,Sulfonamides (J01E),trim_sulf,1.47,40.0,1.47,40.0,trim_sulf,1.47,40.0,1.47
fff928228,Salmonella enterica serovar typhi,Tetracyclines (J01A),doxycycline;minocycline;tetracycline;tigecycline,28.52,18.75,28.52,18.75,doxycycline;minocycline;tetracycline;tigecycline,28.52,18.75,28.52
fff928228,Serratia spp.,Aminoglycosides (J01G),amikacin;gentamicin;tobramycin,18.35,35.0,18.35,35.0,amikacin;gentamicin;tobramycin,18.35,35.0,18.35
fff928228,Serratia spp.,Beta-lactamase combinations (J01CR),piperacillin_tazobactam;ticarcillin_clavulanate,23.27,30.0,23.27,30.0,piperacillin_tazobactam;ticarcillin_clavulanate,23.27,30.0,23.27
fff928228,Serratia spp.,Carbapenems (J01DH),ertapenem;imipenem_c;meropenem,20.18,11.666666666666666,20.18,11.666666666666666,ertapenem;imipenem_c;meropenem,20.18,11.666666666666666,20.18
fff928228,Serratia spp.,Cephalosporins 3G,cefixime;ceftazidime;ceftriaxone,25.06,33.333333333333336,25.06,33.333333333333336,cefixime;ceftazidime;ceftriaxone,25.06,33.333333333333336,25.06
fff928228,Serratia spp.,Cephalosporins 3G/BLI,ceftolozane_tazobactam,23.27,4.0,23.27,4.0,ceftolozane_tazobactam,23.27,4.0,23.27
fff928228,Serratia spp.,Cephalosporins 4G,cefepime,25.06,35.0,25.06,35.0,cefepime,25.06,35.0,25.06
fff928228,Serratia spp.,Chloramphenicol (J01BA),chloramphenicol,19.28,30.0,19.28,30.0,chloramphenicol,19.28,30.0,19.28
fff928228,Serratia spp.,Fluoroquinolones (J01M),ciprofloxacin;levofloxacin;moxifloxacin;ofloxacin,24.295,28.75,24.295,28.75,ciprofloxacin;levofloxacin;moxifloxacin;ofloxacin,24.295,28.75,24.295
fff928228,Serratia spp.,Fosfomycin (J01XX01),fosfomycin,9.53,20.0,9.53,20.0,fosfomycin,9.53,20.0,9.53
fff928228,Serratia spp.,Monobactams,aztreonam,20.01,30.0,20.01,30.0,aztreonam,20.01,30.0,20.01
fff928228,Serratia spp.,Novel BL/BLI,aztreonam_avibactam;ceftazidime_avibactam;meropenem_vaborbactam,18.063333333333333,10.0,18.063333333333333,10.0,aztreonam_avibactam;ceftazidime_avibactam;meropenem_vaborbactam,18.063333333333333,10.0,18.063333333333333
fff928228,Serratia spp.,Penicillins (J01C),piperacillin;ticarcillin,25.18,42.5,25.18,42.5,piperacillin;ticarcillin,25.18,42.5,25.18
fff928228,Serratia spp.,Siderophore Cephalosporins,cefiderocol,0.0,1.0,0.0,1.0,cefiderocol,0.0,1.0,0.0
fff928228,Serratia spp.,Sulfonamides (J01E),sulfanilamide;trim_sulf,17.5,27.5,17.5,27.5,sulfanilamide;trim_sulf,17.5,27.5,17.5
fff928228,Serratia spp.,Tetracyclines (J01A),minocycline,19.14,10.0,19.005000000000003,10.0,minocycline,19.14,10.0,19.005000000000003
fff928228,Shigella spp.,Aminoglycosides (J01G),amikacin;gentamicin;tobramycin,27.59,28.333333333333332,27.59,28.333333333333332,amikacin;gentamicin;tobramycin,27.59,28.333333333333332,27.59
fff928228,Shigella spp.,Anti-MRSA Cephalosporins (5G),,,,20.51,,,,,20.51
fff928228,Shigella spp.,Beta-lactamase combinations (J01CR),amoxicillin_clavulanate;ampicillin_sulbactam;piperacillin_tazobactam;ticarcillin_clavulanate,16.99,33.75,16.99,33.75,amoxicillin_clavulanate;ampicillin_sulbactam;piperacillin_tazobactam;ticarcillin_clavulanate,16.99,33.75,16.99
fff928228,Shigella spp.,Carbapenems (J01DH),ertapenem;imipenem_c;meropenem,9.69,15.0,9.69,15.0,ertapenem;imipenem_c;meropenem,9.69,15.0,9.69
fff928228,Shigella spp.,Cephalosporins 1-2G,cefazolin;cefuroxime;cephalexin,20.51,43.333333333333336,20.51,43.333333333333336,cefazolin;cefuroxime;cephalexin,20.51,43.333333333333336,20.51
fff928228,Shigella spp.,Cephalosporins 3G,cefixime;ceftazidime;ceftriaxone,20.51,31.666666666666668,20.51,31.666666666666668,cefixime;ceftazidime;ceftriaxone,20.51,31.666666666666668,20.51
fff928228,Shigella spp.,Cephalosporins 3G/BLI,ceftolozane_tazobactam,16.87,4.0,16.87,4.0,ceftolozane_tazobactam,16.87,4.0,16.87
fff928228,Shigella spp.,Cephalosporins 4G,cefepime,20.51,30.0,20.51,30.0,cefepime,20.51,30.0,20.51
fff928228,Shigella spp.,Chloramphenicol (J01BA),chloramphenicol,46.43,35.0,46.43,35.0,chloramphenicol,46.43,35.0,46.43
fff928228,Shigella spp.,Fluoroquinolones (J01M),ciprofloxacin;levofloxacin;moxifloxacin;ofloxacin,42.035,58.75,42.035,58.75,ciprofloxacin;levofloxacin;moxifloxacin;ofloxacin,42.035,58.75,42.035
fff928228,Shigella spp.,Fosfomycin (J01XX01),,,,0.16,,,,,0.16
fff928228,Shigella spp.,Macrolides (J01F),azithromycin,36.43,25.0,36.43,25.0,azithromycin,36.43,25.0,36.43
fff928228,Shigella spp.,Monobactams,aztreonam,19.29,35.0,19.29,35.0,aztreonam,19.29,35.0,19.29
fff928228,Shigella spp.,Nitrofurans (J01XE),,,,0.97,,,,,0.97
fff928228,Shigella spp.,Novel BL/BLI,aztreonam_avibactam;ceftazidime_avibactam;meropenem_vaborbactam,9.196666666666667,10.0,9.196666666666667,10.0,aztreonam_avibactam;ceftazidime_avibactam;meropenem_vaborbactam,9.196666666666667,10.0,9.196666666666667
fff928228,Shigella spp.,Penicillins (J01C),amoxicillin;ampicillin;piperacillin;ticarcillin,69.75,50.0,69.75,50.0,amoxicillin;ampicillin;piperacillin;ticarcillin,69.75,50.0,69.75
fff928228,Shigella spp.,Polymyxins (J01XB),colistin,11.34,20.0,11.34,20.0,colistin,11.34,20.0,11.34
fff928228,Shigella spp.,Siderophore Cephalosporins,cefiderocol,0.0,1.0,0.0,1.0,cefiderocol,0.0,1.0,0.0
fff928228,Shigella spp.,Sulfonamides (J01E),sulfanilamide;trim_sulf,46.84,30.0,46.84,30.0,sulfanilamide;trim_sulf,46.84,30.0,46.84
fff928228,Shigella spp.,Tetracyclines (J01A),doxycycline;minocycline;tetracycline;tigecycline,38.015,28.75,38.015,28.75,doxycycline;minocycline;tetracycline;tigecycline,38.015,28.75,38.015
fff928228,Staphylococcus aureus,Aminoglycosides (J01G),amikacin;gentamicin;tobramycin,52.07,40.0,52.07,40.0,amikacin;gentamicin;tobramycin,52.07,40.0,52.07
fff928228,Staphylococcus aureus,Anti-MRSA Cephalosporins (5G),ceftaroline,0.0,2.0,0.0,2.0,ceftaroline,0.0,2.0,0.0
fff928228,Staphylococcus aureus,Beta-lactamase combinations (J01CR),amoxicillin_clavulanate;ampicillin_sulbactam;piperacillin_tazobactam;ticarcillin_clavulanate,43.06,37.5,43.06,37.5,amoxicillin_clavulanate;ampicillin_sulbactam;piperacillin_tazobactam;ticarcillin_clavulanate,43.06,37.5,43.06
fff928228,Staphylococcus aureus,Carbapenems (J01DH),ertapenem;imipenem_c;meropenem,43.06,40.0,43.06,40.0,ertapenem;imipenem_c;meropenem,43.06,40.0,43.06
fff928228,Staphylococcus aureus,Cephalosporins 1-2G,cefazolin;cefuroxime;cephalexin,43.06,40.0,43.06,40.0,cefazolin;cefuroxime;cephalexin,43.06,40.0,43.06
fff928228,Staphylococcus aureus,Cephalosporins 3G,ceftriaxone,43.06,45.0,21.53,45.0,ceftriaxone,43.06,45.0,21.53
fff928228,Staphylococcus aureus,Cephalosporins 4G,cefepime,43.06,40.0,43.06,40.0,cefepime,43.06,40.0,43.06
fff928228,Staphylococcus aureus,Chloramphenicol (J01BA),chloramphenicol,43.46,30.0,43.46,30.0,chloramphenicol,43.46,30.0,43.46
fff928228,Staphylococcus aureus,Fluoroquinolones (J01M),ciprofloxacin;levofloxacin;moxifloxacin;ofloxacin,33.3425,38.75,33.3425,38.75,ciprofloxacin;levofloxacin;moxifloxacin;ofloxacin,33.3425,38.75,33.3425
fff928228,Staphylococcus aureus,Fosfomycin (J01XX01),,,,0.15,,,,,0.15
fff928228,Staphylococcus aureus,Fusidic acid (J01XC),fusidic_a,22.47,20.0,22.47,20.0,fusidic_a,22.47,20.0,22.47
fff928228,Staphylococcus aureus,Glycopeptides (J01XA),teicoplanin;vancomycin,41.585,5.0,41.585,5.0,teicoplanin;vancomycin,41.585,5.0,41.585
fff928228,Staphylococcus aureus,Lincosamides (J01FF),clindamycin,43.6,45.0,43.6,45.0,clindamycin,43.6,45.0,43.6
fff928228,Staphylococcus aureus,Lipoglycopeptides,dalbavancin,41.58,10.0,41.58,10.0,dalbavancin,41.58,10.0,41.58
fff928228,Staphylococcus aureus,Lipopeptides (J01XX09),daptomycin,0.23,1.0,0.23,1.0,daptomycin,0.23,1.0,0.23
fff928228,Staphylococcus aureus,Macrolides (J01F),azithromycin;clarithromycin;erythromycin,41.01,38.333333333333336,41.01,38.333333333333336,azithromycin;clarithromycin;erythromycin,41.01,38.333333333333336,41.01
fff928228,Staphylococcus aureus,Nitrofurans (J01XE),,,,0.0,,,,,0.0
fff928228,Staphylococcus aureus,Novel BL/BLI,meropenem_vaborbactam,43.06,40.0,21.53,40.0,meropenem_vaborbactam,43.06,40.0,21.53
fff928228,Staphylococcus aureus,Oxazolidinones (J01XX),linezolid;tedizolid,34.8,1.0,34.8,1.0,linezolid;tedizolid,34.8,1.0,34.8
fff928228,Staphylococcus aureus,Penicillins (J01C),flucloxacillin;penicillin_g;piperacillin;ticarcillin,64.5625,61.25,43.041666666666664,61.25,flucloxacillin;penicillin_g;piperacillin;ticarcillin,64.5625,61.25,43.041666666666664
fff928228,Staphylococcus aureus,Pleuromutilins,retapamulin,34.79,15.0,34.79,15.0,retapamulin,34.79,15.0,34.79
fff928228,Staphylococcus aureus,Streptogramins (J01FG),quinu_dalfo,0.0,10.0,0.0,10.0,quinu_dalfo,0.0,10.0,0.0
fff928228,Staphylococcus aureus,Sulfonamides (J01E),trim_sulf,22.39,35.0,22.39,35.0,trim_sulf,22.39,35.0,22.39
fff928228,Staphylococcus aureus,Tetracyclines (J01A),doxycycline;minocycline;tetracycline;tigecycline,44.475,23.75,44.475,23.75,doxycycline;minocycline;tetracycline;tigecycline,44.475,23.75,44.475
fff928228,Staphylococcus epidermidis,Aminoglycosides (J01G),amikacin;gentamicin;tobramycin,5.11,31.666666666666668,5.11,31.666666666666668,amikacin;gentamicin;tobramycin,5.11,31.666666666666668,5.11
fff928228,Staphylococcus epidermidis,Anti-MRSA Cephalosporins (5G),ceftaroline,0.0,5.0,0.0,5.0,ceftaroline,0.0,5.0,0.0
fff928228,Staphylococcus epidermidis,Beta-lactamase combinations (J01CR),amoxicillin_clavulanate;ampicillin_sulbactam;piperacillin_tazobactam;ticarcillin_clavulanate,67.36,43.75,67.36,43.75,amoxicillin_clavulanate;ampicillin_sulbactam;piperacillin_tazobactam;ticarcillin_clavulanate,67.36,43.75,67.36
fff928228,Staphylococcus epidermidis,Carbapenems (J01DH),ertapenem;imipenem_c;meropenem,67.36,60.0,67.36,60.0,ertapenem;imipenem_c;meropenem,67.36,60.0,67.36
fff928228,Staphylococcus epidermidis,Cephalosporins 1-2G,cefazolin;cefuroxime;cephalexin,67.36,71.66666666666667,67.36,71.66666666666667,cefazolin;cefuroxime;cephalexin,67.36,71.66666666666667,67.36
fff928228,Staphylococcus epidermidis,Cephalosporins 3G,,,,0.0,,,,,0.0
fff928228,Staphylococcus epidermidis,Cephalosporins 4G,cefepime,67.36,60.0,67.36,60.0,cefepime,67.36,60.0,67.36
fff928228,Staphylococcus epidermidis,Chloramphenicol (J01BA),chloramphenicol,21.16,20.0,21.16,20.0,chloramphenicol,21.16,20.0,21.16
fff928228,Staphylococcus epidermidis,Fluoroquinolones (J01M),ciprofloxacin;levofloxacin;moxifloxacin;ofloxacin,57.015,47.5,57.015,47.5,ciprofloxacin;levofloxacin;moxifloxacin;ofloxacin,57.015,47.5,57.015
fff928228,Staphylococcus epidermidis,Fosfomycin (J01XX01),fosfomycin,0.0,15.0,0.0,15.0,fosfomycin,0.0,15.0,0.0
fff928228,Staphylococcus epidermidis,Fusidic acid (J01XC),fusidic_a,1.89,20.0,1.89,20.0,fusidic_a,1.89,20.0,1.89
fff928228,Staphylococcus epidermidis,Glycopeptides (J01XA),teicoplanin;vancomycin,51.43,0.5,51.43,0.5,teicoplanin;vancomycin,51.43,0.5,51.43
fff928228,Staphylococcus epidermidis,Lincosamides (J01FF),clindamycin,37.97,55.0,37.97,55.0,clindamycin,37.97,55.00000000000001,37.97
fff928228,Staphylococcus epidermidis,Lipoglycopeptides,dalbavancin,51.43,1.0,51.43,1.0,dalbavancin,51.43,1.0,51.43
fff928228,Staphylococcus epidermidis,Lipopeptides (J01XX09),daptomycin,0.0,1.0,0.0,1.0,daptomycin,0.0,1.0,0.0
fff928228,Staphylococcus epidermidis,Macrolides (J01F),azithromycin;clarithromycin;erythromycin,37.75,58.333333333333336,37.75,58.333333333333336,azithromycin;clarithromycin;erythromycin,37.75,58.333333333333336,37.75
fff928228,Staphylococcus epidermidis,Nitrofurans (J01XE),,,,0.0,,,,,0.0
fff928228,Staphylococcus epidermidis,Novel BL/BLI,meropenem_vaborbactam,67.36,45.0,33.68,45.0,meropenem_vaborbactam,67.36,45.0,33.68
fff928228,Staphylococcus epidermidis,Oxazolidinones (J01XX),linezolid;tedizolid,0.41,1.0,0.41,1.0,linezolid;tedizolid,0.41,1.0,0.41
fff928228,Staphylococcus epidermidis,Penicillins (J01C),flucloxacillin;piperacillin;ticarcillin,67.70666666666666,75.0,33.85333333333333,75.0,flucloxacillin;piperacillin;ticarcillin,67.70666666666666,75.0,33.85333333333333
fff928228,Staphylococcus epidermidis,Pleuromutilins,retapamulin,0.41,10.0,0.41,10.0,retapamulin,0.41,10.0,0.41
fff928228,Staphylococcus epidermidis,Streptogramins (J01FG),quinu_dalfo,0.0,5.0,0.0,5.0,quinu_dalfo,0.0,5.0,0.0
fff928228,Staphylococcus epidermidis,Sulfonamides (J01E),trim_sulf,40.06,35.0,40.06,35.0,trim_sulf,40.06,35.0,40.06
fff928228,Staphylococcus epidermidis,Tetracyclines (J01A),doxycycline;minocycline;tetracycline,57.04999999999999,21.666666666666668,42.787499999999994,21.666666666666668,doxycycline;minocycline;tetracycline,57.04999999999999,21.666666666666668,42.787499999999994
fff928228,Stenotrophomonas maltophilia,Beta-lactamase combinations (J01CR),,,,29.57,,,,,29.57
fff928228,Stenotrophomonas maltophilia,Chloramphenicol (J01BA),chloramphenicol,32.62,50.0,32.62,50.0,chloramphenicol,32.62,50.0,32.62
fff928228,Stenotrophomonas maltophilia,Fluoroquinolones (J01M),ciprofloxacin;levofloxacin;moxifloxacin;ofloxacin,33.5175,47.5,33.5175,47.5,ciprofloxacin;levofloxacin;moxifloxacin;ofloxacin,33.5175,47.5,33.5175
fff928228,Stenotrophomonas maltophilia,Novel BL/BLI,,,,25.88,,,,,25.88
fff928228,Stenotrophomonas maltophilia,Siderophore Cephalosporins,cefiderocol,0.0,5.0,0.0,5.0,cefiderocol,0.0,5.0,0.0
fff928228,Stenotrophomonas maltophilia,Sulfonamides (J01E),trim_sulf,24.01,15.0,24.01,15.0,trim_sulf,24.01,15.0,24.01
fff928228,Stenotrophomonas maltophilia,Tetracyclines (J01A),doxycycline;minocycline;tetracycline,66.29333333333334,41.666666666666664,51.9675,41.666666666666664,doxycycline;minocycline;tetracycline,66.29333333333334,41.666666666666664,51.9675
fff928228,Streptococcus agalactiae,Anti-MRSA Cephalosporins (5G),ceftaroline,0.21,0.1,0.21,0.1,ceftaroline,0.21,0.1,0.21
fff928228,Streptococcus agalactiae,Beta-lactamase combinations (J01CR),amoxicillin_clavulanate;ampicillin_sulbactam;piperacillin_tazobactam;ticarcillin_clavulanate,0.21,0.1,0.21,0.1,amoxicillin_clavulanate;ampicillin_sulbactam;piperacillin_tazobactam;ticarcillin_clavulanate,0.21,0.1,0.21
fff928228,Streptococcus agalactiae,Carbapenems (J01DH),ertapenem;imipenem_c;meropenem,0.0,0.10000000000000002,0.0,0.10000000000000002,ertapenem;imipenem_c;meropenem,0.0,0.10000000000000002,0.0
fff928228,Streptococcus agalactiae,Cephalosporins 1-2G,cefazolin;cefuroxime;cephalexin,0.21,0.10000000000000002,0.21,0.10000000000000002,cefazolin;cefuroxime;cephalexin,0.21,0.10000000000000002,0.21
fff928228,Streptococcus agalactiae,Cephalosporins 3G,cefixime;ceftazidime;ceftriaxone,0.21,0.10000000000000002,0.21,0.10000000000000002,cefixime;ceftazidime;ceftriaxone,0.21,0.10000000000000002,0.21
fff928228,Streptococcus agalactiae,Cephalosporins 3G/BLI,,,,0.21,,,,,0.21
fff928228,Streptococcus agalactiae,Cephalosporins 4G,cefepime,0.21,0.1,0.21,0.1,cefepime,0.21,0.1,0.21
fff928228,Streptococcus agalactiae,Chloramphenicol (J01BA),chloramphenicol,14.11,5.0,14.11,5.0,chloramphenicol,14.11,5.0,14.11
fff928228,Streptococcus agalactiae,Fluoroquinolones (J01M),ciprofloxacin;levofloxacin;moxifloxacin;ofloxacin,8.515,2.0,8.515,2.0,ciprofloxacin;levofloxacin;moxifloxacin;ofloxacin,8.515,2.0,8.515
fff928228,Streptococcus agalactiae,Fosfomycin (J01XX01),,,,0.0,,,,,0.0
fff928228,Streptococcus agalactiae,Glycopeptides (J01XA),teicoplanin;vancomycin,3.625,0.1,3.625,0.1,teicoplanin;vancomycin,3.625,0.1,3.625
fff928228,Streptococcus agalactiae,Lincosamides (J01FF),clindamycin,14.25,32.0,14.25,32.0,clindamycin,14.25,32.0,14.25
fff928228,Streptococcus agalactiae,Lipoglycopeptides,dalbavancin,2.75,0.1,2.75,0.1,dalbavancin,2.75,0.1,2.75
fff928228,Streptococcus agalactiae,Lipopeptides (J01XX09),daptomycin,0.0,0.1,0.0,0.1,daptomycin,0.0,0.1,0.0
fff928228,Streptococcus agalactiae,Macrolides (J01F),azithromycin;clarithromycin;erythromycin,13.37,23.333333333333332,13.37,23.333333333333332,azithromycin;clarithromycin;erythromycin,13.37,23.333333333333332,13.37
fff928228,Streptococcus agalactiae,Nitrofurans (J01XE),,,,0.0,,,,,0.0
fff928228,Streptococcus agalactiae,Novel BL/BLI,ceftazidime_avibactam;meropenem_vaborbactam,0.105,0.1,0.105,0.1,ceftazidime_avibactam;meropenem_vaborbactam,0.105,0.1,0.105
fff928228,Streptococcus agalactiae,Oxazolidinones (J01XX),linezolid;tedizolid,3.14,0.1,3.14,0.1,linezolid;tedizolid,3.14,0.1,3.14
fff928228,Streptococcus agalactiae,Penicillins (J01C),amoxicillin;ampicillin;flucloxacillin;penicillin_g;piperacillin;ticarcillin,0.21,0.09999999999999999,0.21,0.09999999999999999,amoxicillin;ampicillin;flucloxacillin;penicillin_g;piperacillin;ticarcillin,0.21,0.09999999999999999,0.21
fff928228,Streptococcus agalactiae,Pleuromutilins,,,,0.0,,,,,0.0
fff928228,Streptococcus agalactiae,Streptogramins (J01FG),quinu_dalfo,0.0,2.0,0.0,2.0,quinu_dalfo,0.0,2.0,0.0
fff928228,Streptococcus agalactiae,Sulfonamides (J01E),trim_sulf,3.96,12.0,3.96,12.0,trim_sulf,3.96,12.0,3.96
fff928228,Streptococcus agalactiae,Tetracyclines (J01A),doxycycline;minocycline;tetracycline;tigecycline,12.715,28.75,12.715,28.75,doxycycline;minocycline;tetracycline;tigecycline,12.715,28.75,12.715
fff928228,Streptococcus pneumoniae,Anti-MRSA Cephalosporins (5G),ceftaroline,88.02,2.0,88.02,2.0,ceftaroline,88.02,2.0,88.02
fff928228,Streptococcus pneumoniae,Beta-lactamase combinations (J01CR),amoxicillin_clavulanate;ampicillin_sulbactam;piperacillin_tazobactam;ticarcillin_clavulanate,88.02,25.0,88.02,25.0,amoxicillin_clavulanate;ampicillin_sulbactam;piperacillin_tazobactam;ticarcillin_clavulanate,88.02,25.0,88.02
fff928228,Streptococcus pneumoniae,Carbapenems (J01DH),ertapenem;imipenem_c;meropenem,0.0,5.0,0.0,5.0,ertapenem;imipenem_c;meropenem,0.0,5.0,0.0
fff928228,Streptococcus pneumoniae,Cephalosporins 1-2G,cefazolin;cefuroxime;cephalexin,88.02,25.0,88.02,25.0,cefazolin;cefuroxime;cephalexin,88.02,25.0,88.02
fff928228,Streptococcus pneumoniae,Cephalosporins 3G,cefixime;ceftazidime;ceftriaxone,88.02,16.666666666666668,88.02,16.666666666666668,cefixime;ceftazidime;ceftriaxone,88.02,16.666666666666668,88.02
fff928228,Streptococcus pneumoniae,Cephalosporins 3G/BLI,,,,88.02,,,,,88.02
fff928228,Streptococcus pneumoniae,Cephalosporins 4G,cefepime,88.02,25.0,88.02,25.0,cefepime,88.02,25.0,88.02
fff928228,Streptococcus pneumoniae,Chloramphenicol (J01BA),chloramphenicol,57.19,25.0,57.19,25.0,chloramphenicol,57.19,25.0,57.19
fff928228,Streptococcus pneumoniae,Fluoroquinolones (J01M),ciprofloxacin;levofloxacin;moxifloxacin;ofloxacin,17.435,12.5,17.435,12.5,ciprofloxacin;levofloxacin;moxifloxacin;ofloxacin,17.435,12.5,17.435
fff928228,Streptococcus pneumoniae,Fosfomycin (J01XX01),,,,0.0,,,,,0.0
fff928228,Streptococcus pneumoniae,Glycopeptides (J01XA),teicoplanin;vancomycin,1.18,2.5,1.18,2.5,teicoplanin;vancomycin,1.18,2.5,1.18
fff928228,Streptococcus pneumoniae,Lincosamides (J01FF),clindamycin,21.84,45.0,21.84,45.0,clindamycin,21.84,45.0,21.84
fff928228,Streptococcus pneumoniae,Lipoglycopeptides,dalbavancin,1.18,5.0,1.18,5.0,dalbavancin,1.18,5.0,1.18
fff928228,Streptococcus pneumoniae,Lipopeptides (J01XX09),daptomycin,0.0,0.0,0.0,0.0,daptomycin,0.0,0.0,0.0
fff928228,Streptococcus pneumoniae,Macrolides (J01F),azithromycin;clarithromycin;erythromycin,29.83,38.333333333333336,29.83,38.333333333333336,azithromycin;clarithromycin;erythromycin,29.83,38.333333333333336,29.83
fff928228,Streptococcus pneumoniae,Novel BL/BLI,ceftazidime_avibactam;meropenem_vaborbactam,44.01,5.0,44.01,5.0,ceftazidime_avibactam;meropenem_vaborbactam,44.01,5.0,44.01
fff928228,Streptococcus pneumoniae,Oxazolidinones (J01XX),linezolid;tedizolid,0.01,2.5,0.01,2.5,linezolid;tedizolid,0.01,2.5,0.01
fff928228,Streptococcus pneumoniae,Penicillins (J01C),amoxicillin;ampicillin;flucloxacillin;penicillin_g;piperacillin;ticarcillin,88.02,27.5,88.02,27.5,amoxicillin;ampicillin;flucloxacillin;penicillin_g;piperacillin;ticarcillin,88.02,27.5,88.02
fff928228,Streptococcus pneumoniae,Streptogramins (J01FG),quinu_dalfo,0.0,10.0,0.0,10.0,quinu_dalfo,0.0,10.0,0.0
fff928228,Streptococcus pneumoniae,Sulfonamides (J01E),trim_sulf,34.07,35.0,34.07,35.0,trim_sulf,34.07,35.0,34.07
fff928228,Streptococcus pneumoniae,Tetracyclines (J01A),doxycycline;minocycline;tetracycline;tigecycline,69.62,13.75,69.62,13.75,doxycycline;minocycline;tetracycline;tigecycline,69.62,13.75,69.62
fff928228,Streptococcus pyogenes,Anti-MRSA Cephalosporins (5G),ceftaroline,0.0,0.1,0.0,0.1,ceftaroline,0.0,0.1,0.0
fff928228,Streptococcus pyogenes,Beta-lactamase combinations (J01CR),amoxicillin_clavulanate;ampicillin_sulbactam;piperacillin_tazobactam;ticarcillin_clavulanate,0.0,0.1,0.0,0.1,amoxicillin_clavulanate;ampicillin_sulbactam;piperacillin_tazobactam;ticarcillin_clavulanate,0.0,0.1,0.0
fff928228,Streptococcus pyogenes,Carbapenems (J01DH),ertapenem;imipenem_c;meropenem,0.0,0.10000000000000002,0.0,0.10000000000000002,ertapenem;imipenem_c;meropenem,0.0,0.10000000000000002,0.0
fff928228,Streptococcus pyogenes,Cephalosporins 1-2G,cefazolin;cefuroxime;cephalexin,0.0,0.10000000000000002,0.0,0.10000000000000002,cefazolin;cefuroxime;cephalexin,0.0,0.10000000000000002,0.0
fff928228,Streptococcus pyogenes,Cephalosporins 3G,cefixime;ceftazidime;ceftriaxone,0.0,0.10000000000000002,0.0,0.10000000000000002,cefixime;ceftazidime;ceftriaxone,0.0,0.10000000000000002,0.0
fff928228,Streptococcus pyogenes,Cephalosporins 3G/BLI,,,,0.0,,,,,0.0
fff928228,Streptococcus pyogenes,Cephalosporins 4G,cefepime,0.0,0.1,0.0,0.1,cefepime,0.0,0.1,0.0
fff928228,Streptococcus pyogenes,Chloramphenicol (J01BA),chloramphenicol,10.8,8.0,10.8,8.0,chloramphenicol,10.8,8.0,10.8
fff928228,Streptococcus pyogenes,Fluoroquinolones (J01M),ciprofloxacin;levofloxacin;moxifloxacin;ofloxacin,3.1400000000000006,2.0,3.1400000000000006,2.0,ciprofloxacin;levofloxacin;moxifloxacin;ofloxacin,3.1400000000000006,2.0,3.1400000000000006
fff928228,Streptococcus pyogenes,Fosfomycin (J01XX01),,,,0.0,,,,,0.0
fff928228,Streptococcus pyogenes,Glycopeptides (J01XA),teicoplanin;vancomycin,0.01,0.1,0.01,0.1,teicoplanin;vancomycin,0.01,0.1,0.01
fff928228,Streptococcus pyogenes,Lincosamides (J01FF),clindamycin,4.9,20.0,4.9,20.0,clindamycin,4.9,20.0,4.9
fff928228,Streptococcus pyogenes,Lipoglycopeptides,dalbavancin,0.01,0.1,0.01,0.1,dalbavancin,0.01,0.1,0.01
fff928228,Streptococcus pyogenes,Lipopeptides (J01XX09),daptomycin,0.0,0.1,0.0,0.1,daptomycin,0.0,0.1,0.0
fff928228,Streptococcus pyogenes,Macrolides (J01F),azithromycin;clarithromycin;erythromycin,4.3,14.0,4.3,14.0,azithromycin;clarithromycin;erythromycin,4.3,14.0,4.3
fff928228,Streptococcus pyogenes,Novel BL/BLI,ceftazidime_avibactam;meropenem_vaborbactam,0.0,0.1,0.0,0.1,ceftazidime_avibactam;meropenem_vaborbactam,0.0,0.1,0.0
fff928228,Streptococcus pyogenes,Oxazolidinones (J01XX),linezolid;tedizolid,2.15,0.1,2.15,0.1,linezolid;tedizolid,2.15,0.1,2.15
fff928228,Streptococcus pyogenes,Penicillins (J01C),amoxicillin;ampicillin;flucloxacillin;penicillin_g;piperacillin;ticarcillin,0.0,0.09999999999999999,0.0,0.09999999999999999,amoxicillin;ampicillin;flucloxacillin;penicillin_g;piperacillin;ticarcillin,0.0,0.09999999999999999,0.0
fff928228,Streptococcus pyogenes,Pleuromutilins,,,,0.0,,,,,0.0
fff928228,Streptococcus pyogenes,Streptogramins (J01FG),quinu_dalfo,0.0,2.0,0.0,2.0,quinu_dalfo,0.0,2.0,0.0
fff928228,Streptococcus pyogenes,Sulfonamides (J01E),trim_sulf,1.14,15.0,0.57,15.0,trim_sulf,1.14,15.0,0.57
fff928228,Streptococcus pyogenes,Tetracyclines (J01A),doxycycline;minocycline;tetracycline;tigecycline,9.9,11.75,9.9,11.75,doxycycline;minocycline;tetracycline;tigecycline,9.9,11.75,9.9
fff928228,Treponema pallidum,Anti-MRSA Cephalosporins (5G),ceftaroline,0.0,0.1,0.0,0.1,ceftaroline,0.0,0.1,0.0
fff928228,Treponema pallidum,Beta-lactamase combinations (J01CR),amoxicillin_clavulanate;ampicillin_sulbactam;piperacillin_tazobactam;ticarcillin_clavulanate,0.0,0.1,0.0,0.1,amoxicillin_clavulanate;ampicillin_sulbactam;piperacillin_tazobactam;ticarcillin_clavulanate,0.0,0.1,0.0
fff928228,Treponema pallidum,Carbapenems (J01DH),ertapenem;imipenem_c;meropenem,0.0,0.10000000000000002,0.0,0.10000000000000002,ertapenem;imipenem_c;meropenem,0.0,0.10000000000000002,0.0
fff928228,Treponema pallidum,Cephalosporins 1-2G,cefazolin;cefuroxime;cephalexin,0.0,0.10000000000000002,0.0,0.10000000000000002,cefazolin;cefuroxime;cephalexin,0.0,0.10000000000000002,0.0
fff928228,Treponema pallidum,Cephalosporins 3G,ceftazidime;ceftriaxone,0.0,0.1,0.0,0.1,ceftazidime;ceftriaxone,0.0,0.1,0.0
fff928228,Treponema pallidum,Cephalosporins 4G,cefepime,0.0,0.1,0.0,0.1,cefepime,0.0,0.1,0.0
fff928228,Treponema pallidum,Chloramphenicol (J01BA),chloramphenicol,14.22,5.0,14.22,5.0,chloramphenicol,14.22,5.0,14.22
fff928228,Treponema pallidum,Lipoglycopeptides,,,,,,,,,
fff928228,Treponema pallidum,Macrolides (J01F),azithromycin;clarithromycin;erythromycin,0.0,19.333333333333332,0.0,19.333333333333332,azithromycin;clarithromycin;erythromycin,0.0,19.333333333333332,0.0
fff928228,Treponema pallidum,Monobactams,aztreonam,0.0,0.1,0.0,0.1,aztreonam,0.0,0.1,0.0
fff928228,Treponema pallidum,Novel BL/BLI,aztreonam_avibactam;ceftazidime_avibactam;meropenem_vaborbactam,0.0,0.10000000000000002,0.0,0.10000000000000002,aztreonam_avibactam;ceftazidime_avibactam;meropenem_vaborbactam,0.0,0.10000000000000002,0.0
fff928228,Treponema pallidum,Oxazolidinones (J01XX),,,,,,,,,
fff928228,Treponema pallidum,Penicillins (J01C),amoxicillin;ampicillin;penicillin_g;piperacillin;ticarcillin,0.0,0.1,0.0,0.1,amoxicillin;ampicillin;penicillin_g;piperacillin;ticarcillin,0.0,0.1,0.0
fff928228,Treponema pallidum,Tetracyclines (J01A),doxycycline;minocycline;tetracycline,18.52,6.333333333333333,18.52,6.333333333333333,doxycycline;minocycline;tetracycline,18.52,0.0,18.52
fff928228,Vibrio cholerae,Aminoglycosides (J01G),amikacin;gentamicin;tobramycin,5.21,10.0,5.21,10.0,amikacin;gentamicin;tobramycin,5.21,10.0,5.21
fff928228,Vibrio cholerae,Beta-lactamase combinations (J01CR),amoxicillin_clavulanate;ampicillin_sulbactam;piperacillin_tazobactam;ticarcillin_clavulanate,7.45,12.5,7.45,12.5,amoxicillin_clavulanate;ampicillin_sulbactam;piperacillin_tazobactam;ticarcillin_clavulanate,7.45,12.5,7.45
fff928228,Vibrio cholerae,Carbapenems (J01DH),ertapenem;imipenem_c;meropenem,4.13,5.0,4.13,5.0,ertapenem;imipenem_c;meropenem,4.13,5.0,4.13
fff928228,Vibrio cholerae,Cephalosporins 1-2G,cefazolin;cefuroxime;cephalexin,9.98,18.333333333333332,9.98,18.333333333333332,cefazolin;cefuroxime;cephalexin,9.98,18.333333333333332,9.98
fff928228,Vibrio cholerae,Cephalosporins 3G,cefixime;ceftazidime;ceftriaxone,9.98,10.0,9.98,10.0,cefixime;ceftazidime;ceftriaxone,9.98,10.0,9.98
fff928228,Vibrio cholerae,Cephalosporins 3G/BLI,ceftolozane_tazobactam,6.9,4.0,6.9,4.0,ceftolozane_tazobactam,6.9,4.0,6.9
fff928228,Vibrio cholerae,Cephalosporins 4G,cefepime,9.98,10.0,9.98,10.0,cefepime,9.98,10.0,9.98
fff928228,Vibrio cholerae,Chloramphenicol (J01BA),chloramphenicol,5.36,10.0,5.36,10.0,chloramphenicol,5.36,10.0,5.36
fff928228,Vibrio cholerae,Fluoroquinolones (J01M),ciprofloxacin;levofloxacin;moxifloxacin;ofloxacin,5.625,12.5,5.625,12.5,ciprofloxacin;levofloxacin;moxifloxacin;ofloxacin,5.625,12.5,5.625
fff928228,Vibrio cholerae,Macrolides (J01F),azithromycin;clarithromycin;erythromycin,5.23,18.333333333333332,5.23,18.333333333333332,azithromycin;clarithromycin;erythromycin,5.23,18.333333333333332,5.23
fff928228,Vibrio cholerae,Monobactams,aztreonam,8.0,10.0,8.0,10.0,aztreonam,8.0,10.0,8.0
fff928228,Vibrio cholerae,Nitrofurans (J01XE),,,,0.08,,,,,0.08
fff928228,Vibrio cholerae,Novel BL/BLI,aztreonam_avibactam;ceftazidime_avibactam;meropenem_vaborbactam,3.276666666666667,5.0,3.276666666666667,5.0,aztreonam_avibactam;ceftazidime_avibactam;meropenem_vaborbactam,3.276666666666667,5.0,3.276666666666667
fff928228,Vibrio cholerae,Penicillins (J01C),amoxicillin;ampicillin;penicillin_g;piperacillin;ticarcillin,10.01,16.0,10.01,16.0,amoxicillin;ampicillin;penicillin_g;piperacillin;ticarcillin,10.01,16.0,10.01
fff928228,Vibrio cholerae,Polymyxins (J01XB),colistin,0.01,10.0,0.01,10.0,colistin,0.01,10.0,0.01
fff928228,Vibrio cholerae,Siderophore Cephalosporins,cefiderocol,0.0,1.0,0.0,1.0,cefiderocol,0.0,1.0,0.0
fff928228,Vibrio cholerae,Sulfonamides (J01E),sulfanilamide;trim_sulf,23.44,10.0,23.44,10.0,sulfanilamide;trim_sulf,23.44,10.0,23.44
fff928228,Vibrio cholerae,Tetracyclines (J01A),doxycycline;minocycline;tetracycline;tigecycline,4.7225,5.0,4.7225,5.0,doxycycline;minocycline;tetracycline;tigecycline,4.7225,5.0,4.7225
fff928228,Yersinia enterocolitica,Aminoglycosides (J01G),amikacin;gentamicin;tobramycin,7.900000000000001,10.0,7.900000000000001,10.0,amikacin;gentamicin;tobramycin,7.900000000000001,10.0,7.900000000000001
fff928228,Yersinia enterocolitica,Beta-lactamase combinations (J01CR),piperacillin_tazobactam;ticarcillin_clavulanate,27.41,7.5,27.41,7.5,piperacillin_tazobactam;ticarcillin_clavulanate,27.41,7.5,27.41
fff928228,Yersinia enterocolitica,Carbapenems (J01DH),ertapenem;imipenem_c;meropenem,1.88,5.0,1.88,5.0,ertapenem;imipenem_c;meropenem,1.88,5.0,1.88
fff928228,Yersinia enterocolitica,Cephalosporins 1-2G,cefuroxime,30.08,30.0,30.08,30.0,cefuroxime,30.08,30.0,30.08
fff928228,Yersinia enterocolitica,Cephalosporins 3G,cefixime;ceftazidime;ceftriaxone,30.08,11.666666666666666,30.08,11.666666666666666,cefixime;ceftazidime;ceftriaxone,30.08,11.666666666666666,30.08
fff928228,Yersinia enterocolitica,Cephalosporins 3G/BLI,ceftolozane_tazobactam,27.41,4.0,27.41,4.0,ceftolozane_tazobactam,27.41,4.0,27.41
fff928228,Yersinia enterocolitica,Cephalosporins 4G,cefepime,30.08,10.0,30.08,10.0,cefepime,30.08,10.0,30.08
fff928228,Yersinia enterocolitica,Chloramphenicol (J01BA),chloramphenicol,14.36,10.0,14.36,10.0,chloramphenicol,14.36,10.0,14.36
fff928228,Yersinia enterocolitica,Fluoroquinolones (J01M),ciprofloxacin;levofloxacin;moxifloxacin;ofloxacin,14.3725,7.5,14.3725,7.5,ciprofloxacin;levofloxacin;moxifloxacin;ofloxacin,14.3725,7.5,14.3725
fff928228,Yersinia enterocolitica,Fosfomycin (J01XX01),,,,0.14,,,,,0.14
fff928228,Yersinia enterocolitica,Macrolides (J01F),,,,0.0,,,,,0.0
fff928228,Yersinia enterocolitica,Monobactams,aztreonam,29.95,15.0,29.95,15.0,aztreonam,29.95,15.0,29.95
fff928228,Yersinia enterocolitica,Nitrofurans (J01XE),,,,0.0,,,,,0.0
fff928228,Yersinia enterocolitica,Novel BL/BLI,aztreonam_avibactam;ceftazidime_avibactam;meropenem_vaborbactam,1.6433333333333333,5.0,1.6433333333333333,5.0,aztreonam_avibactam;ceftazidime_avibactam;meropenem_vaborbactam,1.6433333333333333,5.0,1.6433333333333333
fff928228,Yersinia enterocolitica,Penicillins (J01C),piperacillin,30.09,25.0,30.09,25.0,piperacillin,30.09,25.0,30.09
fff928228,Yersinia enterocolitica,Polymyxins (J01XB),colistin,0.06,10.0,0.06,10.0,colistin,0.06,10.0,0.06
fff928228,Yersinia enterocolitica,Siderophore Cephalosporins,cefiderocol,0.0,1.0,0.0,1.0,cefiderocol,0.0,1.0,0.0
fff928228,Yersinia enterocolitica,Sulfonamides (J01E),sulfanilamide;trim_sulf,20.97,12.5,20.97,12.5,sulfanilamide;trim_sulf,20.97,12.5,20.97
fff928228,Yersinia enterocolitica,Tetracyclines (J01A),doxycycline;minocycline;tetracycline;tigecycline,14.700000000000001,6.25,14.700000000000001,6.25,doxycycline;minocycline;tetracycline;tigecycline,14.700000000000001,6.25,14.700000000000001
